Año,ID_ESTADO,NOMBRE_ESTADO,ID_MUNICIPIO,MUNICIPIO,Partido,Votos,NUM_VOTOS_VALIDOS,NUM_VOTOS_CAN_NREG,NUM_VOTOS_NULOS,TOTAL_VOTOS,LISTA_NOMINAL,votos_coalicion,Coalición
2017,5,COAHUILA,1,ABASOLO,PAN,281,779,0,11,790,1096,281,No
2017,5,COAHUILA,1,ABASOLO,PRI,433,779,0,11,790,1096,433,No
2017,5,COAHUILA,1,ABASOLO,PRD,0,779,0,11,790,1096,0,No
2017,5,COAHUILA,1,ABASOLO,PT,0,779,0,11,790,1096,0,No
2017,5,COAHUILA,1,ABASOLO,PVEM,1,779,0,11,790,1096,1,No
2017,5,COAHUILA,1,ABASOLO,UDC,0,779,0,11,790,1096,0,No
2017,5,COAHUILA,1,ABASOLO,MC,0,779,0,11,790,1096,0,No
2017,5,COAHUILA,1,ABASOLO,NUAL,0,779,0,11,790,1096,0,No
2017,5,COAHUILA,1,ABASOLO,SI,0,779,0,11,790,1096,0,No
2017,5,COAHUILA,1,ABASOLO,PPC,1,779,0,11,790,1096,1,No
2017,5,COAHUILA,1,ABASOLO,PJ,1,779,0,11,790,1096,1,No
2017,5,COAHUILA,1,ABASOLO,PRC,1,779,0,11,790,1096,1,No
2017,5,COAHUILA,1,ABASOLO,PCP,1,779,0,11,790,1096,1,No
2017,5,COAHUILA,1,ABASOLO,MORENA,23,779,0,11,790,1096,23,No
2017,5,COAHUILA,1,ABASOLO,ES,37,779,0,11,790,1096,37,No
2017,5,COAHUILA,1,ABASOLO,PAN_UDC_PPC_ES,0,779,0,11,790,1096,319,Sí
2017,5,COAHUILA,1,ABASOLO,PAN_UDC_PPC,0,779,0,11,790,1096,282,Sí
2017,5,COAHUILA,1,ABASOLO,PAN_UDC_ES,0,779,0,11,790,1096,318,Sí
2017,5,COAHUILA,1,ABASOLO,PAN_PPC_ES,0,779,0,11,790,1096,319,Sí
2017,5,COAHUILA,1,ABASOLO,UDC_PPC_ES,0,779,0,11,790,1096,38,Sí
2017,5,COAHUILA,1,ABASOLO,PAN_UDC,0,779,0,11,790,1096,281,Sí
2017,5,COAHUILA,1,ABASOLO,PAN_PPC,0,779,0,11,790,1096,282,Sí
2017,5,COAHUILA,1,ABASOLO,PAN_ES,0,779,0,11,790,1096,318,Sí
2017,5,COAHUILA,1,ABASOLO,UDC_PPC,0,779,0,11,790,1096,1,Sí
2017,5,COAHUILA,1,ABASOLO,UDC_ES,0,779,0,11,790,1096,37,Sí
2017,5,COAHUILA,1,ABASOLO,PPC_ES,0,779,0,11,790,1096,38,Sí
2017,5,COAHUILA,1,ABASOLO,PRI_PVEM_NUAL_SI_PJ_PRC_PCP,0,779,0,11,790,1096,437,Sí
2017,5,COAHUILA,1,ABASOLO,PRI_PVEM_NUAL_SI_PJ_PRC,0,779,0,11,790,1096,436,Sí
2017,5,COAHUILA,1,ABASOLO,PRI_PVEM_NUAL_SI_PJ_PCP,0,779,0,11,790,1096,436,Sí
2017,5,COAHUILA,1,ABASOLO,PRI_PVEM_NUAL_SI_PRC_PCP,0,779,0,11,790,1096,436,Sí
2017,5,COAHUILA,1,ABASOLO,PRI_PVEM_NUAL_PJ_PRC_PCP,0,779,0,11,790,1096,437,Sí
2017,5,COAHUILA,1,ABASOLO,PRI_PVEM_SI_PJ_PRC_PCP,0,779,0,11,790,1096,437,Sí
2017,5,COAHUILA,1,ABASOLO,PRI_NUAL_SI_PJ_PRC_PCP,0,779,0,11,790,1096,436,Sí
2017,5,COAHUILA,1,ABASOLO,PVEM_NUAL_SI_PJ_PRC_PCP,0,779,0,11,790,1096,4,Sí
2017,5,COAHUILA,1,ABASOLO,PRI_PVEM_NUAL_SI_PJ,0,779,0,11,790,1096,435,Sí
2017,5,COAHUILA,1,ABASOLO,PRI_PVEM_NUAL_SI_PRC,0,779,0,11,790,1096,435,Sí
2017,5,COAHUILA,1,ABASOLO,PRI_PVEM_NUAL_SI_PCP,0,779,0,11,790,1096,435,Sí
2017,5,COAHUILA,1,ABASOLO,PRI_PVEM_NUAL_PJ_PRC,0,779,0,11,790,1096,436,Sí
2017,5,COAHUILA,1,ABASOLO,PRI_PVEM_NUAL_PJ_PCP,0,779,0,11,790,1096,436,Sí
2017,5,COAHUILA,1,ABASOLO,PRI_PVEM_NUAL_PRC_PCP,0,779,0,11,790,1096,436,Sí
2017,5,COAHUILA,1,ABASOLO,PRI_PVEM_SI_PJ_PRC,0,779,0,11,790,1096,436,Sí
2017,5,COAHUILA,1,ABASOLO,PRI_PVEM_SI_PJ_PCP,0,779,0,11,790,1096,436,Sí
2017,5,COAHUILA,1,ABASOLO,PRI_PVEM_SI_PRC_PCP,0,779,0,11,790,1096,436,Sí
2017,5,COAHUILA,1,ABASOLO,PRI_PVEM_PJ_PRC_PCP,0,779,0,11,790,1096,437,Sí
2017,5,COAHUILA,1,ABASOLO,PRI_NUAL_SI_PJ_PRC,0,779,0,11,790,1096,435,Sí
2017,5,COAHUILA,1,ABASOLO,PRI_NUAL_SI_PJ_PCP,0,779,0,11,790,1096,435,Sí
2017,5,COAHUILA,1,ABASOLO,PRI_NUAL_SI_PRC_PCP,0,779,0,11,790,1096,435,Sí
2017,5,COAHUILA,1,ABASOLO,PRI_NUAL_PJ_PRC_PCP,0,779,0,11,790,1096,436,Sí
2017,5,COAHUILA,1,ABASOLO,PRI_SI_PJ_PRC_PCP,0,779,0,11,790,1096,436,Sí
2017,5,COAHUILA,1,ABASOLO,PVEM_NUAL_SI_PJ_PRC,0,779,0,11,790,1096,3,Sí
2017,5,COAHUILA,1,ABASOLO,PVEM_NUAL_SI_PJ_PCP,0,779,0,11,790,1096,3,Sí
2017,5,COAHUILA,1,ABASOLO,PVEM_NUAL_SI_PRC_PCP,0,779,0,11,790,1096,3,Sí
2017,5,COAHUILA,1,ABASOLO,PVEM_NUAL_PJ_PRC_PCP,0,779,0,11,790,1096,4,Sí
2017,5,COAHUILA,1,ABASOLO,PVEM_SI_PJ_PRC_PCP,0,779,0,11,790,1096,4,Sí
2017,5,COAHUILA,1,ABASOLO,NUAL_SI_PJ_PRC_PCP,0,779,0,11,790,1096,3,Sí
2017,5,COAHUILA,1,ABASOLO,PRI_PVEM_NUAL_SI,0,779,0,11,790,1096,434,Sí
2017,5,COAHUILA,1,ABASOLO,PRI_PVEM_NUAL_PJ,0,779,0,11,790,1096,435,Sí
2017,5,COAHUILA,1,ABASOLO,PRI_PVEM_NUAL_PRC,0,779,0,11,790,1096,435,Sí
2017,5,COAHUILA,1,ABASOLO,PRI_PVEM_NUAL_PCP,0,779,0,11,790,1096,435,Sí
2017,5,COAHUILA,1,ABASOLO,PRI_PVEM_SI_PJ,0,779,0,11,790,1096,435,Sí
2017,5,COAHUILA,1,ABASOLO,PRI_PVEM_SI_PRC,0,779,0,11,790,1096,435,Sí
2017,5,COAHUILA,1,ABASOLO,PRI_PVEM_SI_PCP,0,779,0,11,790,1096,435,Sí
2017,5,COAHUILA,1,ABASOLO,PRI_PVEM_PJ_PRC,0,779,0,11,790,1096,436,Sí
2017,5,COAHUILA,1,ABASOLO,PRI_PVEM_PJ_PCP,0,779,0,11,790,1096,436,Sí
2017,5,COAHUILA,1,ABASOLO,PRI_PVEM_PRC_PCP,0,779,0,11,790,1096,436,Sí
2017,5,COAHUILA,1,ABASOLO,PRI_NUAL_SI_PJ,0,779,0,11,790,1096,434,Sí
2017,5,COAHUILA,1,ABASOLO,PRI_NUAL_SI_PRC,0,779,0,11,790,1096,434,Sí
2017,5,COAHUILA,1,ABASOLO,PRI_NUAL_SI_PCP,0,779,0,11,790,1096,434,Sí
2017,5,COAHUILA,1,ABASOLO,PRI_NUAL_PJ_PRC,0,779,0,11,790,1096,435,Sí
2017,5,COAHUILA,1,ABASOLO,PRI_NUAL_PJ_PCP,0,779,0,11,790,1096,435,Sí
2017,5,COAHUILA,1,ABASOLO,PRI_NUAL_PRC_PCP,0,779,0,11,790,1096,435,Sí
2017,5,COAHUILA,1,ABASOLO,PRI_SI_PJ_PRC,0,779,0,11,790,1096,435,Sí
2017,5,COAHUILA,1,ABASOLO,PRI_SI_PJ_PCP,0,779,0,11,790,1096,435,Sí
2017,5,COAHUILA,1,ABASOLO,PRI_SI_PRC_PCP,0,779,0,11,790,1096,435,Sí
2017,5,COAHUILA,1,ABASOLO,PRI_PJ_PRC_PCP,0,779,0,11,790,1096,436,Sí
2017,5,COAHUILA,1,ABASOLO,PVEM_NUAL_SI_PJ,0,779,0,11,790,1096,2,Sí
2017,5,COAHUILA,1,ABASOLO,PVEM_NUAL_SI_PRC,0,779,0,11,790,1096,2,Sí
2017,5,COAHUILA,1,ABASOLO,PVEM_NUAL_SI_PCP,0,779,0,11,790,1096,2,Sí
2017,5,COAHUILA,1,ABASOLO,PVEM_NUAL_PJ_PRC,0,779,0,11,790,1096,3,Sí
2017,5,COAHUILA,1,ABASOLO,PVEM_NUAL_PJ_PCP,0,779,0,11,790,1096,3,Sí
2017,5,COAHUILA,1,ABASOLO,PVEM_NUAL_PRC_PCP,0,779,0,11,790,1096,3,Sí
2017,5,COAHUILA,1,ABASOLO,PVEM_SI_PJ_PRC,0,779,0,11,790,1096,3,Sí
2017,5,COAHUILA,1,ABASOLO,PVEM_SI_PJ_PCP,0,779,0,11,790,1096,3,Sí
2017,5,COAHUILA,1,ABASOLO,PVEM_SI_PRC_PCP,0,779,0,11,790,1096,3,Sí
2017,5,COAHUILA,1,ABASOLO,PVEM_PJ_PRC_PCP,0,779,0,11,790,1096,4,Sí
2017,5,COAHUILA,1,ABASOLO,NUAL_SI_PJ_PRC,0,779,0,11,790,1096,2,Sí
2017,5,COAHUILA,1,ABASOLO,NUAL_SI_PJ_PCP,0,779,0,11,790,1096,2,Sí
2017,5,COAHUILA,1,ABASOLO,NUAL_SI_PRC_PCP,0,779,0,11,790,1096,2,Sí
2017,5,COAHUILA,1,ABASOLO,NUAL_PJ_PRC_PCP,0,779,0,11,790,1096,3,Sí
2017,5,COAHUILA,1,ABASOLO,SI_PJ_PRC_PCP,0,779,0,11,790,1096,3,Sí
2017,5,COAHUILA,1,ABASOLO,PRI_PVEM_NUAL,0,779,0,11,790,1096,434,Sí
2017,5,COAHUILA,1,ABASOLO,PRI_PVEM_SI,0,779,0,11,790,1096,434,Sí
2017,5,COAHUILA,1,ABASOLO,PRI_PVEM_PJ,0,779,0,11,790,1096,435,Sí
2017,5,COAHUILA,1,ABASOLO,PRI_PVEM_PRC,0,779,0,11,790,1096,435,Sí
2017,5,COAHUILA,1,ABASOLO,PRI_PVEM_PCP,0,779,0,11,790,1096,435,Sí
2017,5,COAHUILA,1,ABASOLO,PRI_NUAL_SI,0,779,0,11,790,1096,433,Sí
2017,5,COAHUILA,1,ABASOLO,PRI_NUAL_PJ,0,779,0,11,790,1096,434,Sí
2017,5,COAHUILA,1,ABASOLO,PRI_NUAL_PRC,0,779,0,11,790,1096,434,Sí
2017,5,COAHUILA,1,ABASOLO,PRI_NUAL_PCP,0,779,0,11,790,1096,434,Sí
2017,5,COAHUILA,1,ABASOLO,PRI_SI_PJ,0,779,0,11,790,1096,434,Sí
2017,5,COAHUILA,1,ABASOLO,PRI_SI_PRC,0,779,0,11,790,1096,434,Sí
2017,5,COAHUILA,1,ABASOLO,PRI_SI_PCP,0,779,0,11,790,1096,434,Sí
2017,5,COAHUILA,1,ABASOLO,PRI_PJ_PRC,0,779,0,11,790,1096,435,Sí
2017,5,COAHUILA,1,ABASOLO,PRI_PJ_PCP,0,779,0,11,790,1096,435,Sí
2017,5,COAHUILA,1,ABASOLO,PRI_PRC_PCP,0,779,0,11,790,1096,435,Sí
2017,5,COAHUILA,1,ABASOLO,PVEM_NUAL_SI,0,779,0,11,790,1096,1,Sí
2017,5,COAHUILA,1,ABASOLO,PVEM_NUAL_PJ,0,779,0,11,790,1096,2,Sí
2017,5,COAHUILA,1,ABASOLO,PVEM_NUAL_PRC,0,779,0,11,790,1096,2,Sí
2017,5,COAHUILA,1,ABASOLO,PVEM_NUAL_PCP,0,779,0,11,790,1096,2,Sí
2017,5,COAHUILA,1,ABASOLO,PVEM_SI_PJ,0,779,0,11,790,1096,2,Sí
2017,5,COAHUILA,1,ABASOLO,PVEM_SI_PRC,0,779,0,11,790,1096,2,Sí
2017,5,COAHUILA,1,ABASOLO,PVEM_SI_PCP,0,779,0,11,790,1096,2,Sí
2017,5,COAHUILA,1,ABASOLO,PVEM_PJ_PRC,0,779,0,11,790,1096,3,Sí
2017,5,COAHUILA,1,ABASOLO,PVEM_PJ_PCP,0,779,0,11,790,1096,3,Sí
2017,5,COAHUILA,1,ABASOLO,PVEM_PRC_PCP,0,779,0,11,790,1096,3,Sí
2017,5,COAHUILA,1,ABASOLO,NUAL_SI_PJ,0,779,0,11,790,1096,1,Sí
2017,5,COAHUILA,1,ABASOLO,NUAL_SI_PRC,0,779,0,11,790,1096,1,Sí
2017,5,COAHUILA,1,ABASOLO,NUAL_SI_PCP,0,779,0,11,790,1096,1,Sí
2017,5,COAHUILA,1,ABASOLO,NUAL_PJ_PRC,0,779,0,11,790,1096,2,Sí
2017,5,COAHUILA,1,ABASOLO,NUAL_PJ_PCP,0,779,0,11,790,1096,2,Sí
2017,5,COAHUILA,1,ABASOLO,NUAL_PRC_PCP,0,779,0,11,790,1096,2,Sí
2017,5,COAHUILA,1,ABASOLO,SI_PJ_PRC,0,779,0,11,790,1096,2,Sí
2017,5,COAHUILA,1,ABASOLO,SI_PJ_PCP,0,779,0,11,790,1096,2,Sí
2017,5,COAHUILA,1,ABASOLO,SI_PRC_PCP,0,779,0,11,790,1096,2,Sí
2017,5,COAHUILA,1,ABASOLO,PJ_PRC_PCP,0,779,0,11,790,1096,3,Sí
2017,5,COAHUILA,1,ABASOLO,PRI_PVEM,0,779,0,11,790,1096,434,Sí
2017,5,COAHUILA,1,ABASOLO,PRI_NUAL,0,779,0,11,790,1096,433,Sí
2017,5,COAHUILA,1,ABASOLO,PRI_SI,0,779,0,11,790,1096,433,Sí
2017,5,COAHUILA,1,ABASOLO,PRI_PJ,0,779,0,11,790,1096,434,Sí
2017,5,COAHUILA,1,ABASOLO,PRI_PRC,0,779,0,11,790,1096,434,Sí
2017,5,COAHUILA,1,ABASOLO,PRI_PCP,0,779,0,11,790,1096,434,Sí
2017,5,COAHUILA,1,ABASOLO,PVEM_NUAL,0,779,0,11,790,1096,1,Sí
2017,5,COAHUILA,1,ABASOLO,PVEM_SI,0,779,0,11,790,1096,1,Sí
2017,5,COAHUILA,1,ABASOLO,PVEM_PJ,0,779,0,11,790,1096,2,Sí
2017,5,COAHUILA,1,ABASOLO,PVEM_PRC,0,779,0,11,790,1096,2,Sí
2017,5,COAHUILA,1,ABASOLO,PVEM_PCP,0,779,0,11,790,1096,2,Sí
2017,5,COAHUILA,1,ABASOLO,NUAL_SI,0,779,0,11,790,1096,0,Sí
2017,5,COAHUILA,1,ABASOLO,NUAL_PJ,0,779,0,11,790,1096,1,Sí
2017,5,COAHUILA,1,ABASOLO,NUAL_PRC,0,779,0,11,790,1096,1,Sí
2017,5,COAHUILA,1,ABASOLO,NUAL_PCP,0,779,0,11,790,1096,1,Sí
2017,5,COAHUILA,1,ABASOLO,SI_PJ,0,779,0,11,790,1096,1,Sí
2017,5,COAHUILA,1,ABASOLO,SI_PRC,0,779,0,11,790,1096,1,Sí
2017,5,COAHUILA,1,ABASOLO,SI_PCP,0,779,0,11,790,1096,1,Sí
2017,5,COAHUILA,1,ABASOLO,PJ_PRC,0,779,0,11,790,1096,2,Sí
2017,5,COAHUILA,1,ABASOLO,PJ_PCP,0,779,0,11,790,1096,2,Sí
2017,5,COAHUILA,1,ABASOLO,PRC_PCP,0,779,0,11,790,1096,2,Sí
2017,5,COAHUILA,2,ACUÑA,PAN,7044,57837,15,1009,58861,112033,7044,No
2017,5,COAHUILA,2,ACUÑA,PRI,16088,57837,15,1009,58861,112033,16088,No
2017,5,COAHUILA,2,ACUÑA,PRD,3095,57837,15,1009,58861,112033,3095,No
2017,5,COAHUILA,2,ACUÑA,PT,501,57837,15,1009,58861,112033,501,No
2017,5,COAHUILA,2,ACUÑA,PVEM,650,57837,15,1009,58861,112033,650,No
2017,5,COAHUILA,2,ACUÑA,UDC,24686,57837,15,1009,58861,112033,24686,No
2017,5,COAHUILA,2,ACUÑA,MC,0,57837,15,1009,58861,112033,0,No
2017,5,COAHUILA,2,ACUÑA,NUAL,416,57837,15,1009,58861,112033,416,No
2017,5,COAHUILA,2,ACUÑA,SI,192,57837,15,1009,58861,112033,192,No
2017,5,COAHUILA,2,ACUÑA,PPC,187,57837,15,1009,58861,112033,187,No
2017,5,COAHUILA,2,ACUÑA,PJ,1660,57837,15,1009,58861,112033,1660,No
2017,5,COAHUILA,2,ACUÑA,PRC,111,57837,15,1009,58861,112033,111,No
2017,5,COAHUILA,2,ACUÑA,PCP,39,57837,15,1009,58861,112033,39,No
2017,5,COAHUILA,2,ACUÑA,MORENA,1915,57837,15,1009,58861,112033,1915,No
2017,5,COAHUILA,2,ACUÑA,ES,435,57837,15,1009,58861,112033,435,No
2017,5,COAHUILA,2,ACUÑA,PAN_UDC_PPC_ES,81,57837,15,1009,58861,112033,32433,Sí
2017,5,COAHUILA,2,ACUÑA,PAN_UDC_PPC,30,57837,15,1009,58861,112033,31947,Sí
2017,5,COAHUILA,2,ACUÑA,PAN_UDC_ES,26,57837,15,1009,58861,112033,32191,Sí
2017,5,COAHUILA,2,ACUÑA,PAN_PPC_ES,4,57837,15,1009,58861,112033,7670,Sí
2017,5,COAHUILA,2,ACUÑA,UDC_PPC_ES,1,57837,15,1009,58861,112033,25309,Sí
2017,5,COAHUILA,2,ACUÑA,PAN_UDC,506,57837,15,1009,58861,112033,32236,Sí
2017,5,COAHUILA,2,ACUÑA,PAN_PPC,4,57837,15,1009,58861,112033,7235,Sí
2017,5,COAHUILA,2,ACUÑA,PAN_ES,5,57837,15,1009,58861,112033,7484,Sí
2017,5,COAHUILA,2,ACUÑA,UDC_PPC,4,57837,15,1009,58861,112033,24877,Sí
2017,5,COAHUILA,2,ACUÑA,UDC_ES,6,57837,15,1009,58861,112033,25127,Sí
2017,5,COAHUILA,2,ACUÑA,PPC_ES,1,57837,15,1009,58861,112033,623,Sí
2017,5,COAHUILA,2,ACUÑA,PRI_PVEM_NUAL_SI_PJ_PRC_PCP,21,57837,15,1009,58861,112033,19177,Sí
2017,5,COAHUILA,2,ACUÑA,PRI_PVEM_NUAL_SI_PJ_PRC,0,57837,15,1009,58861,112033,19117,Sí
2017,5,COAHUILA,2,ACUÑA,PRI_PVEM_NUAL_SI_PJ_PCP,0,57837,15,1009,58861,112033,19045,Sí
2017,5,COAHUILA,2,ACUÑA,PRI_PVEM_NUAL_SI_PRC_PCP,0,57837,15,1009,58861,112033,17496,Sí
2017,5,COAHUILA,2,ACUÑA,PRI_PVEM_NUAL_PJ_PRC_PCP,2,57837,15,1009,58861,112033,18966,Sí
2017,5,COAHUILA,2,ACUÑA,PRI_PVEM_SI_PJ_PRC_PCP,0,57837,15,1009,58861,112033,18740,Sí
2017,5,COAHUILA,2,ACUÑA,PRI_NUAL_SI_PJ_PRC_PCP,1,57837,15,1009,58861,112033,18507,Sí
2017,5,COAHUILA,2,ACUÑA,PVEM_NUAL_SI_PJ_PRC_PCP,0,57837,15,1009,58861,112033,3068,Sí
2017,5,COAHUILA,2,ACUÑA,PRI_PVEM_NUAL_SI_PJ,1,57837,15,1009,58861,112033,19007,Sí
2017,5,COAHUILA,2,ACUÑA,PRI_PVEM_NUAL_SI_PRC,0,57837,15,1009,58861,112033,17457,Sí
2017,5,COAHUILA,2,ACUÑA,PRI_PVEM_NUAL_SI_PCP,0,57837,15,1009,58861,112033,17385,Sí
2017,5,COAHUILA,2,ACUÑA,PRI_PVEM_NUAL_PJ_PRC,0,57837,15,1009,58861,112033,18925,Sí
2017,5,COAHUILA,2,ACUÑA,PRI_PVEM_NUAL_PJ_PCP,0,57837,15,1009,58861,112033,18853,Sí
2017,5,COAHUILA,2,ACUÑA,PRI_PVEM_NUAL_PRC_PCP,1,57837,15,1009,58861,112033,17305,Sí
2017,5,COAHUILA,2,ACUÑA,PRI_PVEM_SI_PJ_PRC,0,57837,15,1009,58861,112033,18701,Sí
2017,5,COAHUILA,2,ACUÑA,PRI_PVEM_SI_PJ_PCP,0,57837,15,1009,58861,112033,18629,Sí
2017,5,COAHUILA,2,ACUÑA,PRI_PVEM_SI_PRC_PCP,0,57837,15,1009,58861,112033,17080,Sí
2017,5,COAHUILA,2,ACUÑA,PRI_PVEM_PJ_PRC_PCP,0,57837,15,1009,58861,112033,18548,Sí
2017,5,COAHUILA,2,ACUÑA,PRI_NUAL_SI_PJ_PRC,0,57837,15,1009,58861,112033,18467,Sí
2017,5,COAHUILA,2,ACUÑA,PRI_NUAL_SI_PJ_PCP,0,57837,15,1009,58861,112033,18395,Sí
2017,5,COAHUILA,2,ACUÑA,PRI_NUAL_SI_PRC_PCP,2,57837,15,1009,58861,112033,16848,Sí
2017,5,COAHUILA,2,ACUÑA,PRI_NUAL_PJ_PRC_PCP,0,57837,15,1009,58861,112033,18314,Sí
2017,5,COAHUILA,2,ACUÑA,PRI_SI_PJ_PRC_PCP,0,57837,15,1009,58861,112033,18090,Sí
2017,5,COAHUILA,2,ACUÑA,PVEM_NUAL_SI_PJ_PRC,0,57837,15,1009,58861,112033,3029,Sí
2017,5,COAHUILA,2,ACUÑA,PVEM_NUAL_SI_PJ_PCP,0,57837,15,1009,58861,112033,2957,Sí
2017,5,COAHUILA,2,ACUÑA,PVEM_NUAL_SI_PRC_PCP,0,57837,15,1009,58861,112033,1408,Sí
2017,5,COAHUILA,2,ACUÑA,PVEM_NUAL_PJ_PRC_PCP,0,57837,15,1009,58861,112033,2876,Sí
2017,5,COAHUILA,2,ACUÑA,PVEM_SI_PJ_PRC_PCP,0,57837,15,1009,58861,112033,2652,Sí
2017,5,COAHUILA,2,ACUÑA,NUAL_SI_PJ_PRC_PCP,0,57837,15,1009,58861,112033,2418,Sí
2017,5,COAHUILA,2,ACUÑA,PRI_PVEM_NUAL_SI,1,57837,15,1009,58861,112033,17347,Sí
2017,5,COAHUILA,2,ACUÑA,PRI_PVEM_NUAL_PJ,0,57837,15,1009,58861,112033,18814,Sí
2017,5,COAHUILA,2,ACUÑA,PRI_PVEM_NUAL_PRC,1,57837,15,1009,58861,112033,17266,Sí
2017,5,COAHUILA,2,ACUÑA,PRI_PVEM_NUAL_PCP,0,57837,15,1009,58861,112033,17193,Sí
2017,5,COAHUILA,2,ACUÑA,PRI_PVEM_SI_PJ,0,57837,15,1009,58861,112033,18590,Sí
2017,5,COAHUILA,2,ACUÑA,PRI_PVEM_SI_PRC,0,57837,15,1009,58861,112033,17041,Sí
2017,5,COAHUILA,2,ACUÑA,PRI_PVEM_SI_PCP,0,57837,15,1009,58861,112033,16969,Sí
2017,5,COAHUILA,2,ACUÑA,PRI_PVEM_PJ_PRC,0,57837,15,1009,58861,112033,18509,Sí
2017,5,COAHUILA,2,ACUÑA,PRI_PVEM_PJ_PCP,0,57837,15,1009,58861,112033,18437,Sí
2017,5,COAHUILA,2,ACUÑA,PRI_PVEM_PRC_PCP,0,57837,15,1009,58861,112033,16888,Sí
2017,5,COAHUILA,2,ACUÑA,PRI_NUAL_SI_PJ,1,57837,15,1009,58861,112033,18357,Sí
2017,5,COAHUILA,2,ACUÑA,PRI_NUAL_SI_PRC,0,57837,15,1009,58861,112033,16807,Sí
2017,5,COAHUILA,2,ACUÑA,PRI_NUAL_SI_PCP,0,57837,15,1009,58861,112033,16735,Sí
2017,5,COAHUILA,2,ACUÑA,PRI_NUAL_PJ_PRC,0,57837,15,1009,58861,112033,18275,Sí
2017,5,COAHUILA,2,ACUÑA,PRI_NUAL_PJ_PCP,0,57837,15,1009,58861,112033,18203,Sí
2017,5,COAHUILA,2,ACUÑA,PRI_NUAL_PRC_PCP,0,57837,15,1009,58861,112033,16654,Sí
2017,5,COAHUILA,2,ACUÑA,PRI_SI_PJ_PRC,1,57837,15,1009,58861,112033,18052,Sí
2017,5,COAHUILA,2,ACUÑA,PRI_SI_PJ_PCP,1,57837,15,1009,58861,112033,17980,Sí
2017,5,COAHUILA,2,ACUÑA,PRI_SI_PRC_PCP,0,57837,15,1009,58861,112033,16430,Sí
2017,5,COAHUILA,2,ACUÑA,PRI_PJ_PRC_PCP,0,57837,15,1009,58861,112033,17898,Sí
2017,5,COAHUILA,2,ACUÑA,PVEM_NUAL_SI_PJ,0,57837,15,1009,58861,112033,2918,Sí
2017,5,COAHUILA,2,ACUÑA,PVEM_NUAL_SI_PRC,0,57837,15,1009,58861,112033,1369,Sí
2017,5,COAHUILA,2,ACUÑA,PVEM_NUAL_SI_PCP,0,57837,15,1009,58861,112033,1297,Sí
2017,5,COAHUILA,2,ACUÑA,PVEM_NUAL_PJ_PRC,0,57837,15,1009,58861,112033,2837,Sí
2017,5,COAHUILA,2,ACUÑA,PVEM_NUAL_PJ_PCP,0,57837,15,1009,58861,112033,2765,Sí
2017,5,COAHUILA,2,ACUÑA,PVEM_NUAL_PRC_PCP,0,57837,15,1009,58861,112033,1216,Sí
2017,5,COAHUILA,2,ACUÑA,PVEM_SI_PJ_PRC,0,57837,15,1009,58861,112033,2613,Sí
2017,5,COAHUILA,2,ACUÑA,PVEM_SI_PJ_PCP,0,57837,15,1009,58861,112033,2541,Sí
2017,5,COAHUILA,2,ACUÑA,PVEM_SI_PRC_PCP,0,57837,15,1009,58861,112033,992,Sí
2017,5,COAHUILA,2,ACUÑA,PVEM_PJ_PRC_PCP,0,57837,15,1009,58861,112033,2460,Sí
2017,5,COAHUILA,2,ACUÑA,NUAL_SI_PJ_PRC,0,57837,15,1009,58861,112033,2379,Sí
2017,5,COAHUILA,2,ACUÑA,NUAL_SI_PJ_PCP,0,57837,15,1009,58861,112033,2307,Sí
2017,5,COAHUILA,2,ACUÑA,NUAL_SI_PRC_PCP,0,57837,15,1009,58861,112033,758,Sí
2017,5,COAHUILA,2,ACUÑA,NUAL_PJ_PRC_PCP,0,57837,15,1009,58861,112033,2226,Sí
2017,5,COAHUILA,2,ACUÑA,SI_PJ_PRC_PCP,0,57837,15,1009,58861,112033,2002,Sí
2017,5,COAHUILA,2,ACUÑA,PRI_PVEM_NUAL,2,57837,15,1009,58861,112033,17156,Sí
2017,5,COAHUILA,2,ACUÑA,PRI_PVEM_SI,4,57837,15,1009,58861,112033,16934,Sí
2017,5,COAHUILA,2,ACUÑA,PRI_PVEM_PJ,3,57837,15,1009,58861,112033,18401,Sí
2017,5,COAHUILA,2,ACUÑA,PRI_PVEM_PRC,2,57837,15,1009,58861,112033,16851,Sí
2017,5,COAHUILA,2,ACUÑA,PRI_PVEM_PCP,0,57837,15,1009,58861,112033,16777,Sí
2017,5,COAHUILA,2,ACUÑA,PRI_NUAL_SI,0,57837,15,1009,58861,112033,16696,Sí
2017,5,COAHUILA,2,ACUÑA,PRI_NUAL_PJ,0,57837,15,1009,58861,112033,18164,Sí
2017,5,COAHUILA,2,ACUÑA,PRI_NUAL_PRC,2,57837,15,1009,58861,112033,16617,Sí
2017,5,COAHUILA,2,ACUÑA,PRI_NUAL_PCP,0,57837,15,1009,58861,112033,16543,Sí
2017,5,COAHUILA,2,ACUÑA,PRI_SI_PJ,0,57837,15,1009,58861,112033,17940,Sí
2017,5,COAHUILA,2,ACUÑA,PRI_SI_PRC,1,57837,15,1009,58861,112033,16392,Sí
2017,5,COAHUILA,2,ACUÑA,PRI_SI_PCP,0,57837,15,1009,58861,112033,16319,Sí
2017,5,COAHUILA,2,ACUÑA,PRI_PJ_PRC,0,57837,15,1009,58861,112033,17859,Sí
2017,5,COAHUILA,2,ACUÑA,PRI_PJ_PCP,1,57837,15,1009,58861,112033,17788,Sí
2017,5,COAHUILA,2,ACUÑA,PRI_PRC_PCP,1,57837,15,1009,58861,112033,16239,Sí
2017,5,COAHUILA,2,ACUÑA,PVEM_NUAL_SI,0,57837,15,1009,58861,112033,1258,Sí
2017,5,COAHUILA,2,ACUÑA,PVEM_NUAL_PJ,0,57837,15,1009,58861,112033,2726,Sí
2017,5,COAHUILA,2,ACUÑA,PVEM_NUAL_PRC,0,57837,15,1009,58861,112033,1177,Sí
2017,5,COAHUILA,2,ACUÑA,PVEM_NUAL_PCP,0,57837,15,1009,58861,112033,1105,Sí
2017,5,COAHUILA,2,ACUÑA,PVEM_SI_PJ,0,57837,15,1009,58861,112033,2502,Sí
2017,5,COAHUILA,2,ACUÑA,PVEM_SI_PRC,0,57837,15,1009,58861,112033,953,Sí
2017,5,COAHUILA,2,ACUÑA,PVEM_SI_PCP,0,57837,15,1009,58861,112033,881,Sí
2017,5,COAHUILA,2,ACUÑA,PVEM_PJ_PRC,0,57837,15,1009,58861,112033,2421,Sí
2017,5,COAHUILA,2,ACUÑA,PVEM_PJ_PCP,0,57837,15,1009,58861,112033,2349,Sí
2017,5,COAHUILA,2,ACUÑA,PVEM_PRC_PCP,2,57837,15,1009,58861,112033,802,Sí
2017,5,COAHUILA,2,ACUÑA,NUAL_SI_PJ,0,57837,15,1009,58861,112033,2268,Sí
2017,5,COAHUILA,2,ACUÑA,NUAL_SI_PRC,0,57837,15,1009,58861,112033,719,Sí
2017,5,COAHUILA,2,ACUÑA,NUAL_SI_PCP,0,57837,15,1009,58861,112033,647,Sí
2017,5,COAHUILA,2,ACUÑA,NUAL_PJ_PRC,0,57837,15,1009,58861,112033,2187,Sí
2017,5,COAHUILA,2,ACUÑA,NUAL_PJ_PCP,1,57837,15,1009,58861,112033,2116,Sí
2017,5,COAHUILA,2,ACUÑA,NUAL_PRC_PCP,0,57837,15,1009,58861,112033,566,Sí
2017,5,COAHUILA,2,ACUÑA,SI_PJ_PRC,0,57837,15,1009,58861,112033,1963,Sí
2017,5,COAHUILA,2,ACUÑA,SI_PJ_PCP,0,57837,15,1009,58861,112033,1891,Sí
2017,5,COAHUILA,2,ACUÑA,SI_PRC_PCP,0,57837,15,1009,58861,112033,342,Sí
2017,5,COAHUILA,2,ACUÑA,PJ_PRC_PCP,0,57837,15,1009,58861,112033,1810,Sí
2017,5,COAHUILA,2,ACUÑA,PRI_PVEM,35,57837,15,1009,58861,112033,16773,Sí
2017,5,COAHUILA,2,ACUÑA,PRI_NUAL,14,57837,15,1009,58861,112033,16518,Sí
2017,5,COAHUILA,2,ACUÑA,PRI_SI,9,57837,15,1009,58861,112033,16289,Sí
2017,5,COAHUILA,2,ACUÑA,PRI_PJ,21,57837,15,1009,58861,112033,17769,Sí
2017,5,COAHUILA,2,ACUÑA,PRI_PRC,2,57837,15,1009,58861,112033,16201,Sí
2017,5,COAHUILA,2,ACUÑA,PRI_PCP,1,57837,15,1009,58861,112033,16128,Sí
2017,5,COAHUILA,2,ACUÑA,PVEM_NUAL,1,57837,15,1009,58861,112033,1067,Sí
2017,5,COAHUILA,2,ACUÑA,PVEM_SI,0,57837,15,1009,58861,112033,842,Sí
2017,5,COAHUILA,2,ACUÑA,PVEM_PJ,1,57837,15,1009,58861,112033,2311,Sí
2017,5,COAHUILA,2,ACUÑA,PVEM_PRC,0,57837,15,1009,58861,112033,761,Sí
2017,5,COAHUILA,2,ACUÑA,PVEM_PCP,1,57837,15,1009,58861,112033,690,Sí
2017,5,COAHUILA,2,ACUÑA,NUAL_SI,0,57837,15,1009,58861,112033,608,Sí
2017,5,COAHUILA,2,ACUÑA,NUAL_PJ,0,57837,15,1009,58861,112033,2076,Sí
2017,5,COAHUILA,2,ACUÑA,NUAL_PRC,1,57837,15,1009,58861,112033,528,Sí
2017,5,COAHUILA,2,ACUÑA,NUAL_PCP,0,57837,15,1009,58861,112033,455,Sí
2017,5,COAHUILA,2,ACUÑA,SI_PJ,7,57837,15,1009,58861,112033,1859,Sí
2017,5,COAHUILA,2,ACUÑA,SI_PRC,0,57837,15,1009,58861,112033,303,Sí
2017,5,COAHUILA,2,ACUÑA,SI_PCP,0,57837,15,1009,58861,112033,231,Sí
2017,5,COAHUILA,2,ACUÑA,PJ_PRC,1,57837,15,1009,58861,112033,1772,Sí
2017,5,COAHUILA,2,ACUÑA,PJ_PCP,1,57837,15,1009,58861,112033,1700,Sí
2017,5,COAHUILA,2,ACUÑA,PRC_PCP,3,57837,15,1009,58861,112033,153,Sí
2017,5,COAHUILA,3,ALLENDE,PAN,2197,10690,0,179,10869,19054,2197,No
2017,5,COAHUILA,3,ALLENDE,PRI,3860,10690,0,179,10869,19054,3860,No
2017,5,COAHUILA,3,ALLENDE,PRD,37,10690,0,179,10869,19054,37,No
2017,5,COAHUILA,3,ALLENDE,PT,289,10690,0,179,10869,19054,289,No
2017,5,COAHUILA,3,ALLENDE,PVEM,0,10690,0,179,10869,19054,0,No
2017,5,COAHUILA,3,ALLENDE,UDC,3259,10690,0,179,10869,19054,3259,No
2017,5,COAHUILA,3,ALLENDE,MC,0,10690,0,179,10869,19054,0,No
2017,5,COAHUILA,3,ALLENDE,NUAL,567,10690,0,179,10869,19054,567,No
2017,5,COAHUILA,3,ALLENDE,SI,16,10690,0,179,10869,19054,16,No
2017,5,COAHUILA,3,ALLENDE,PPC,39,10690,0,179,10869,19054,39,No
2017,5,COAHUILA,3,ALLENDE,PJ,0,10690,0,179,10869,19054,0,No
2017,5,COAHUILA,3,ALLENDE,PRC,0,10690,0,179,10869,19054,0,No
2017,5,COAHUILA,3,ALLENDE,PCP,0,10690,0,179,10869,19054,0,No
2017,5,COAHUILA,3,ALLENDE,MORENA,206,10690,0,179,10869,19054,206,No
2017,5,COAHUILA,3,ALLENDE,ES,19,10690,0,179,10869,19054,19,No
2017,5,COAHUILA,3,ALLENDE,PAN_UDC_PPC_ES,26,10690,0,179,10869,19054,5540,Sí
2017,5,COAHUILA,3,ALLENDE,PAN_UDC_PPC,13,10690,0,179,10869,19054,5508,Sí
2017,5,COAHUILA,3,ALLENDE,PAN_UDC_ES,7,10690,0,179,10869,19054,5482,Sí
2017,5,COAHUILA,3,ALLENDE,PAN_PPC_ES,1,10690,0,179,10869,19054,2256,Sí
2017,5,COAHUILA,3,ALLENDE,UDC_PPC_ES,2,10690,0,179,10869,19054,3319,Sí
2017,5,COAHUILA,3,ALLENDE,PAN_UDC,138,10690,0,179,10869,19054,5594,Sí
2017,5,COAHUILA,3,ALLENDE,PAN_PPC,5,10690,0,179,10869,19054,2241,Sí
2017,5,COAHUILA,3,ALLENDE,PAN_ES,2,10690,0,179,10869,19054,2218,Sí
2017,5,COAHUILA,3,ALLENDE,UDC_PPC,4,10690,0,179,10869,19054,3302,Sí
2017,5,COAHUILA,3,ALLENDE,UDC_ES,3,10690,0,179,10869,19054,3281,Sí
2017,5,COAHUILA,3,ALLENDE,PPC_ES,0,10690,0,179,10869,19054,58,Sí
2017,5,COAHUILA,3,ALLENDE,PRI_PVEM_NUAL_SI_PJ_PRC_PCP,0,10690,0,179,10869,19054,4443,Sí
2017,5,COAHUILA,3,ALLENDE,PRI_PVEM_NUAL_SI_PJ_PRC,0,10690,0,179,10869,19054,4443,Sí
2017,5,COAHUILA,3,ALLENDE,PRI_PVEM_NUAL_SI_PJ_PCP,0,10690,0,179,10869,19054,4443,Sí
2017,5,COAHUILA,3,ALLENDE,PRI_PVEM_NUAL_SI_PRC_PCP,0,10690,0,179,10869,19054,4443,Sí
2017,5,COAHUILA,3,ALLENDE,PRI_PVEM_NUAL_PJ_PRC_PCP,0,10690,0,179,10869,19054,4427,Sí
2017,5,COAHUILA,3,ALLENDE,PRI_PVEM_SI_PJ_PRC_PCP,0,10690,0,179,10869,19054,3876,Sí
2017,5,COAHUILA,3,ALLENDE,PRI_NUAL_SI_PJ_PRC_PCP,0,10690,0,179,10869,19054,4443,Sí
2017,5,COAHUILA,3,ALLENDE,PVEM_NUAL_SI_PJ_PRC_PCP,0,10690,0,179,10869,19054,583,Sí
2017,5,COAHUILA,3,ALLENDE,PRI_PVEM_NUAL_SI_PJ,0,10690,0,179,10869,19054,4443,Sí
2017,5,COAHUILA,3,ALLENDE,PRI_PVEM_NUAL_SI_PRC,0,10690,0,179,10869,19054,4443,Sí
2017,5,COAHUILA,3,ALLENDE,PRI_PVEM_NUAL_SI_PCP,0,10690,0,179,10869,19054,4443,Sí
2017,5,COAHUILA,3,ALLENDE,PRI_PVEM_NUAL_PJ_PRC,0,10690,0,179,10869,19054,4427,Sí
2017,5,COAHUILA,3,ALLENDE,PRI_PVEM_NUAL_PJ_PCP,0,10690,0,179,10869,19054,4427,Sí
2017,5,COAHUILA,3,ALLENDE,PRI_PVEM_NUAL_PRC_PCP,0,10690,0,179,10869,19054,4427,Sí
2017,5,COAHUILA,3,ALLENDE,PRI_PVEM_SI_PJ_PRC,0,10690,0,179,10869,19054,3876,Sí
2017,5,COAHUILA,3,ALLENDE,PRI_PVEM_SI_PJ_PCP,0,10690,0,179,10869,19054,3876,Sí
2017,5,COAHUILA,3,ALLENDE,PRI_PVEM_SI_PRC_PCP,0,10690,0,179,10869,19054,3876,Sí
2017,5,COAHUILA,3,ALLENDE,PRI_PVEM_PJ_PRC_PCP,0,10690,0,179,10869,19054,3860,Sí
2017,5,COAHUILA,3,ALLENDE,PRI_NUAL_SI_PJ_PRC,0,10690,0,179,10869,19054,4443,Sí
2017,5,COAHUILA,3,ALLENDE,PRI_NUAL_SI_PJ_PCP,0,10690,0,179,10869,19054,4443,Sí
2017,5,COAHUILA,3,ALLENDE,PRI_NUAL_SI_PRC_PCP,0,10690,0,179,10869,19054,4443,Sí
2017,5,COAHUILA,3,ALLENDE,PRI_NUAL_PJ_PRC_PCP,0,10690,0,179,10869,19054,4427,Sí
2017,5,COAHUILA,3,ALLENDE,PRI_SI_PJ_PRC_PCP,0,10690,0,179,10869,19054,3876,Sí
2017,5,COAHUILA,3,ALLENDE,PVEM_NUAL_SI_PJ_PRC,0,10690,0,179,10869,19054,583,Sí
2017,5,COAHUILA,3,ALLENDE,PVEM_NUAL_SI_PJ_PCP,0,10690,0,179,10869,19054,583,Sí
2017,5,COAHUILA,3,ALLENDE,PVEM_NUAL_SI_PRC_PCP,0,10690,0,179,10869,19054,583,Sí
2017,5,COAHUILA,3,ALLENDE,PVEM_NUAL_PJ_PRC_PCP,0,10690,0,179,10869,19054,567,Sí
2017,5,COAHUILA,3,ALLENDE,PVEM_SI_PJ_PRC_PCP,0,10690,0,179,10869,19054,16,Sí
2017,5,COAHUILA,3,ALLENDE,NUAL_SI_PJ_PRC_PCP,0,10690,0,179,10869,19054,583,Sí
2017,5,COAHUILA,3,ALLENDE,PRI_PVEM_NUAL_SI,0,10690,0,179,10869,19054,4443,Sí
2017,5,COAHUILA,3,ALLENDE,PRI_PVEM_NUAL_PJ,0,10690,0,179,10869,19054,4427,Sí
2017,5,COAHUILA,3,ALLENDE,PRI_PVEM_NUAL_PRC,0,10690,0,179,10869,19054,4427,Sí
2017,5,COAHUILA,3,ALLENDE,PRI_PVEM_NUAL_PCP,0,10690,0,179,10869,19054,4427,Sí
2017,5,COAHUILA,3,ALLENDE,PRI_PVEM_SI_PJ,0,10690,0,179,10869,19054,3876,Sí
2017,5,COAHUILA,3,ALLENDE,PRI_PVEM_SI_PRC,0,10690,0,179,10869,19054,3876,Sí
2017,5,COAHUILA,3,ALLENDE,PRI_PVEM_SI_PCP,0,10690,0,179,10869,19054,3876,Sí
2017,5,COAHUILA,3,ALLENDE,PRI_PVEM_PJ_PRC,0,10690,0,179,10869,19054,3860,Sí
2017,5,COAHUILA,3,ALLENDE,PRI_PVEM_PJ_PCP,0,10690,0,179,10869,19054,3860,Sí
2017,5,COAHUILA,3,ALLENDE,PRI_PVEM_PRC_PCP,0,10690,0,179,10869,19054,3860,Sí
2017,5,COAHUILA,3,ALLENDE,PRI_NUAL_SI_PJ,0,10690,0,179,10869,19054,4443,Sí
2017,5,COAHUILA,3,ALLENDE,PRI_NUAL_SI_PRC,0,10690,0,179,10869,19054,4443,Sí
2017,5,COAHUILA,3,ALLENDE,PRI_NUAL_SI_PCP,0,10690,0,179,10869,19054,4443,Sí
2017,5,COAHUILA,3,ALLENDE,PRI_NUAL_PJ_PRC,0,10690,0,179,10869,19054,4427,Sí
2017,5,COAHUILA,3,ALLENDE,PRI_NUAL_PJ_PCP,0,10690,0,179,10869,19054,4427,Sí
2017,5,COAHUILA,3,ALLENDE,PRI_NUAL_PRC_PCP,0,10690,0,179,10869,19054,4427,Sí
2017,5,COAHUILA,3,ALLENDE,PRI_SI_PJ_PRC,0,10690,0,179,10869,19054,3876,Sí
2017,5,COAHUILA,3,ALLENDE,PRI_SI_PJ_PCP,0,10690,0,179,10869,19054,3876,Sí
2017,5,COAHUILA,3,ALLENDE,PRI_SI_PRC_PCP,0,10690,0,179,10869,19054,3876,Sí
2017,5,COAHUILA,3,ALLENDE,PRI_PJ_PRC_PCP,0,10690,0,179,10869,19054,3860,Sí
2017,5,COAHUILA,3,ALLENDE,PVEM_NUAL_SI_PJ,0,10690,0,179,10869,19054,583,Sí
2017,5,COAHUILA,3,ALLENDE,PVEM_NUAL_SI_PRC,0,10690,0,179,10869,19054,583,Sí
2017,5,COAHUILA,3,ALLENDE,PVEM_NUAL_SI_PCP,0,10690,0,179,10869,19054,583,Sí
2017,5,COAHUILA,3,ALLENDE,PVEM_NUAL_PJ_PRC,0,10690,0,179,10869,19054,567,Sí
2017,5,COAHUILA,3,ALLENDE,PVEM_NUAL_PJ_PCP,0,10690,0,179,10869,19054,567,Sí
2017,5,COAHUILA,3,ALLENDE,PVEM_NUAL_PRC_PCP,0,10690,0,179,10869,19054,567,Sí
2017,5,COAHUILA,3,ALLENDE,PVEM_SI_PJ_PRC,0,10690,0,179,10869,19054,16,Sí
2017,5,COAHUILA,3,ALLENDE,PVEM_SI_PJ_PCP,0,10690,0,179,10869,19054,16,Sí
2017,5,COAHUILA,3,ALLENDE,PVEM_SI_PRC_PCP,0,10690,0,179,10869,19054,16,Sí
2017,5,COAHUILA,3,ALLENDE,PVEM_PJ_PRC_PCP,0,10690,0,179,10869,19054,0,Sí
2017,5,COAHUILA,3,ALLENDE,NUAL_SI_PJ_PRC,0,10690,0,179,10869,19054,583,Sí
2017,5,COAHUILA,3,ALLENDE,NUAL_SI_PJ_PCP,0,10690,0,179,10869,19054,583,Sí
2017,5,COAHUILA,3,ALLENDE,NUAL_SI_PRC_PCP,0,10690,0,179,10869,19054,583,Sí
2017,5,COAHUILA,3,ALLENDE,NUAL_PJ_PRC_PCP,0,10690,0,179,10869,19054,567,Sí
2017,5,COAHUILA,3,ALLENDE,SI_PJ_PRC_PCP,0,10690,0,179,10869,19054,16,Sí
2017,5,COAHUILA,3,ALLENDE,PRI_PVEM_NUAL,0,10690,0,179,10869,19054,4427,Sí
2017,5,COAHUILA,3,ALLENDE,PRI_PVEM_SI,0,10690,0,179,10869,19054,3876,Sí
2017,5,COAHUILA,3,ALLENDE,PRI_PVEM_PJ,0,10690,0,179,10869,19054,3860,Sí
2017,5,COAHUILA,3,ALLENDE,PRI_PVEM_PRC,0,10690,0,179,10869,19054,3860,Sí
2017,5,COAHUILA,3,ALLENDE,PRI_PVEM_PCP,0,10690,0,179,10869,19054,3860,Sí
2017,5,COAHUILA,3,ALLENDE,PRI_NUAL_SI,0,10690,0,179,10869,19054,4443,Sí
2017,5,COAHUILA,3,ALLENDE,PRI_NUAL_PJ,0,10690,0,179,10869,19054,4427,Sí
2017,5,COAHUILA,3,ALLENDE,PRI_NUAL_PRC,0,10690,0,179,10869,19054,4427,Sí
2017,5,COAHUILA,3,ALLENDE,PRI_NUAL_PCP,0,10690,0,179,10869,19054,4427,Sí
2017,5,COAHUILA,3,ALLENDE,PRI_SI_PJ,0,10690,0,179,10869,19054,3876,Sí
2017,5,COAHUILA,3,ALLENDE,PRI_SI_PRC,0,10690,0,179,10869,19054,3876,Sí
2017,5,COAHUILA,3,ALLENDE,PRI_SI_PCP,0,10690,0,179,10869,19054,3876,Sí
2017,5,COAHUILA,3,ALLENDE,PRI_PJ_PRC,0,10690,0,179,10869,19054,3860,Sí
2017,5,COAHUILA,3,ALLENDE,PRI_PJ_PCP,0,10690,0,179,10869,19054,3860,Sí
2017,5,COAHUILA,3,ALLENDE,PRI_PRC_PCP,0,10690,0,179,10869,19054,3860,Sí
2017,5,COAHUILA,3,ALLENDE,PVEM_NUAL_SI,0,10690,0,179,10869,19054,583,Sí
2017,5,COAHUILA,3,ALLENDE,PVEM_NUAL_PJ,0,10690,0,179,10869,19054,567,Sí
2017,5,COAHUILA,3,ALLENDE,PVEM_NUAL_PRC,0,10690,0,179,10869,19054,567,Sí
2017,5,COAHUILA,3,ALLENDE,PVEM_NUAL_PCP,0,10690,0,179,10869,19054,567,Sí
2017,5,COAHUILA,3,ALLENDE,PVEM_SI_PJ,0,10690,0,179,10869,19054,16,Sí
2017,5,COAHUILA,3,ALLENDE,PVEM_SI_PRC,0,10690,0,179,10869,19054,16,Sí
2017,5,COAHUILA,3,ALLENDE,PVEM_SI_PCP,0,10690,0,179,10869,19054,16,Sí
2017,5,COAHUILA,3,ALLENDE,PVEM_PJ_PRC,0,10690,0,179,10869,19054,0,Sí
2017,5,COAHUILA,3,ALLENDE,PVEM_PJ_PCP,0,10690,0,179,10869,19054,0,Sí
2017,5,COAHUILA,3,ALLENDE,PVEM_PRC_PCP,0,10690,0,179,10869,19054,0,Sí
2017,5,COAHUILA,3,ALLENDE,NUAL_SI_PJ,0,10690,0,179,10869,19054,583,Sí
2017,5,COAHUILA,3,ALLENDE,NUAL_SI_PRC,0,10690,0,179,10869,19054,583,Sí
2017,5,COAHUILA,3,ALLENDE,NUAL_SI_PCP,0,10690,0,179,10869,19054,583,Sí
2017,5,COAHUILA,3,ALLENDE,NUAL_PJ_PRC,0,10690,0,179,10869,19054,567,Sí
2017,5,COAHUILA,3,ALLENDE,NUAL_PJ_PCP,0,10690,0,179,10869,19054,567,Sí
2017,5,COAHUILA,3,ALLENDE,NUAL_PRC_PCP,0,10690,0,179,10869,19054,567,Sí
2017,5,COAHUILA,3,ALLENDE,SI_PJ_PRC,0,10690,0,179,10869,19054,16,Sí
2017,5,COAHUILA,3,ALLENDE,SI_PJ_PCP,0,10690,0,179,10869,19054,16,Sí
2017,5,COAHUILA,3,ALLENDE,SI_PRC_PCP,0,10690,0,179,10869,19054,16,Sí
2017,5,COAHUILA,3,ALLENDE,PJ_PRC_PCP,0,10690,0,179,10869,19054,0,Sí
2017,5,COAHUILA,3,ALLENDE,PRI_PVEM,0,10690,0,179,10869,19054,3860,Sí
2017,5,COAHUILA,3,ALLENDE,PRI_NUAL,0,10690,0,179,10869,19054,4427,Sí
2017,5,COAHUILA,3,ALLENDE,PRI_SI,0,10690,0,179,10869,19054,3876,Sí
2017,5,COAHUILA,3,ALLENDE,PRI_PJ,0,10690,0,179,10869,19054,3860,Sí
2017,5,COAHUILA,3,ALLENDE,PRI_PRC,0,10690,0,179,10869,19054,3860,Sí
2017,5,COAHUILA,3,ALLENDE,PRI_PCP,0,10690,0,179,10869,19054,3860,Sí
2017,5,COAHUILA,3,ALLENDE,PVEM_NUAL,0,10690,0,179,10869,19054,567,Sí
2017,5,COAHUILA,3,ALLENDE,PVEM_SI,0,10690,0,179,10869,19054,16,Sí
2017,5,COAHUILA,3,ALLENDE,PVEM_PJ,0,10690,0,179,10869,19054,0,Sí
2017,5,COAHUILA,3,ALLENDE,PVEM_PRC,0,10690,0,179,10869,19054,0,Sí
2017,5,COAHUILA,3,ALLENDE,PVEM_PCP,0,10690,0,179,10869,19054,0,Sí
2017,5,COAHUILA,3,ALLENDE,NUAL_SI,0,10690,0,179,10869,19054,583,Sí
2017,5,COAHUILA,3,ALLENDE,NUAL_PJ,0,10690,0,179,10869,19054,567,Sí
2017,5,COAHUILA,3,ALLENDE,NUAL_PRC,0,10690,0,179,10869,19054,567,Sí
2017,5,COAHUILA,3,ALLENDE,NUAL_PCP,0,10690,0,179,10869,19054,567,Sí
2017,5,COAHUILA,3,ALLENDE,SI_PJ,0,10690,0,179,10869,19054,16,Sí
2017,5,COAHUILA,3,ALLENDE,SI_PRC,0,10690,0,179,10869,19054,16,Sí
2017,5,COAHUILA,3,ALLENDE,SI_PCP,0,10690,0,179,10869,19054,16,Sí
2017,5,COAHUILA,3,ALLENDE,PJ_PRC,0,10690,0,179,10869,19054,0,Sí
2017,5,COAHUILA,3,ALLENDE,PJ_PCP,0,10690,0,179,10869,19054,0,Sí
2017,5,COAHUILA,3,ALLENDE,PRC_PCP,0,10690,0,179,10869,19054,0,Sí
2017,5,COAHUILA,4,ARTEAGA,PAN,1437,12110,4,361,12475,18604,1437,No
2017,5,COAHUILA,4,ARTEAGA,PRI,6056,12110,4,361,12475,18604,6056,No
2017,5,COAHUILA,4,ARTEAGA,PRD,335,12110,4,361,12475,18604,335,No
2017,5,COAHUILA,4,ARTEAGA,PT,247,12110,4,361,12475,18604,247,No
2017,5,COAHUILA,4,ARTEAGA,PVEM,47,12110,4,361,12475,18604,47,No
2017,5,COAHUILA,4,ARTEAGA,UDC,49,12110,4,361,12475,18604,49,No
2017,5,COAHUILA,4,ARTEAGA,MC,55,12110,4,361,12475,18604,55,No
2017,5,COAHUILA,4,ARTEAGA,NUAL,68,12110,4,361,12475,18604,68,No
2017,5,COAHUILA,4,ARTEAGA,SI,53,12110,4,361,12475,18604,53,No
2017,5,COAHUILA,4,ARTEAGA,PPC,13,12110,4,361,12475,18604,13,No
2017,5,COAHUILA,4,ARTEAGA,PJ,165,12110,4,361,12475,18604,165,No
2017,5,COAHUILA,4,ARTEAGA,PRC,28,12110,4,361,12475,18604,28,No
2017,5,COAHUILA,4,ARTEAGA,PCP,58,12110,4,361,12475,18604,58,No
2017,5,COAHUILA,4,ARTEAGA,MORENA,245,12110,4,361,12475,18604,245,No
2017,5,COAHUILA,4,ARTEAGA,ES,85,12110,4,361,12475,18604,85,No
2017,5,COAHUILA,4,ARTEAGA,PAN_UDC_PPC_ES,7,12110,4,361,12475,18604,1591,Sí
2017,5,COAHUILA,4,ARTEAGA,PAN_UDC_PPC,0,12110,4,361,12475,18604,1499,Sí
2017,5,COAHUILA,4,ARTEAGA,PAN_UDC_ES,2,12110,4,361,12475,18604,1573,Sí
2017,5,COAHUILA,4,ARTEAGA,PAN_PPC_ES,2,12110,4,361,12475,18604,1537,Sí
2017,5,COAHUILA,4,ARTEAGA,UDC_PPC_ES,0,12110,4,361,12475,18604,147,Sí
2017,5,COAHUILA,4,ARTEAGA,PAN_UDC,6,12110,4,361,12475,18604,1492,Sí
2017,5,COAHUILA,4,ARTEAGA,PAN_PPC,2,12110,4,361,12475,18604,1452,Sí
2017,5,COAHUILA,4,ARTEAGA,PAN_ES,7,12110,4,361,12475,18604,1529,Sí
2017,5,COAHUILA,4,ARTEAGA,UDC_PPC,0,12110,4,361,12475,18604,62,Sí
2017,5,COAHUILA,4,ARTEAGA,UDC_ES,1,12110,4,361,12475,18604,135,Sí
2017,5,COAHUILA,4,ARTEAGA,PPC_ES,1,12110,4,361,12475,18604,99,Sí
2017,5,COAHUILA,4,ARTEAGA,PRI_PVEM_NUAL_SI_PJ_PRC_PCP,3,12110,4,361,12475,18604,6478,Sí
2017,5,COAHUILA,4,ARTEAGA,PRI_PVEM_NUAL_SI_PJ_PRC,0,12110,4,361,12475,18604,6417,Sí
2017,5,COAHUILA,4,ARTEAGA,PRI_PVEM_NUAL_SI_PJ_PCP,0,12110,4,361,12475,18604,6447,Sí
2017,5,COAHUILA,4,ARTEAGA,PRI_PVEM_NUAL_SI_PRC_PCP,0,12110,4,361,12475,18604,6310,Sí
2017,5,COAHUILA,4,ARTEAGA,PRI_PVEM_NUAL_PJ_PRC_PCP,1,12110,4,361,12475,18604,6423,Sí
2017,5,COAHUILA,4,ARTEAGA,PRI_PVEM_SI_PJ_PRC_PCP,0,12110,4,361,12475,18604,6407,Sí
2017,5,COAHUILA,4,ARTEAGA,PRI_NUAL_SI_PJ_PRC_PCP,0,12110,4,361,12475,18604,6428,Sí
2017,5,COAHUILA,4,ARTEAGA,PVEM_NUAL_SI_PJ_PRC_PCP,0,12110,4,361,12475,18604,419,Sí
2017,5,COAHUILA,4,ARTEAGA,PRI_PVEM_NUAL_SI_PJ,0,12110,4,361,12475,18604,6389,Sí
2017,5,COAHUILA,4,ARTEAGA,PRI_PVEM_NUAL_SI_PRC,0,12110,4,361,12475,18604,6252,Sí
2017,5,COAHUILA,4,ARTEAGA,PRI_PVEM_NUAL_SI_PCP,0,12110,4,361,12475,18604,6282,Sí
2017,5,COAHUILA,4,ARTEAGA,PRI_PVEM_NUAL_PJ_PRC,0,12110,4,361,12475,18604,6364,Sí
2017,5,COAHUILA,4,ARTEAGA,PRI_PVEM_NUAL_PJ_PCP,0,12110,4,361,12475,18604,6394,Sí
2017,5,COAHUILA,4,ARTEAGA,PRI_PVEM_NUAL_PRC_PCP,0,12110,4,361,12475,18604,6257,Sí
2017,5,COAHUILA,4,ARTEAGA,PRI_PVEM_SI_PJ_PRC,0,12110,4,361,12475,18604,6349,Sí
2017,5,COAHUILA,4,ARTEAGA,PRI_PVEM_SI_PJ_PCP,0,12110,4,361,12475,18604,6379,Sí
2017,5,COAHUILA,4,ARTEAGA,PRI_PVEM_SI_PRC_PCP,1,12110,4,361,12475,18604,6243,Sí
2017,5,COAHUILA,4,ARTEAGA,PRI_PVEM_PJ_PRC_PCP,0,12110,4,361,12475,18604,6354,Sí
2017,5,COAHUILA,4,ARTEAGA,PRI_NUAL_SI_PJ_PRC,0,12110,4,361,12475,18604,6370,Sí
2017,5,COAHUILA,4,ARTEAGA,PRI_NUAL_SI_PJ_PCP,0,12110,4,361,12475,18604,6400,Sí
2017,5,COAHUILA,4,ARTEAGA,PRI_NUAL_SI_PRC_PCP,0,12110,4,361,12475,18604,6263,Sí
2017,5,COAHUILA,4,ARTEAGA,PRI_NUAL_PJ_PRC_PCP,0,12110,4,361,12475,18604,6375,Sí
2017,5,COAHUILA,4,ARTEAGA,PRI_SI_PJ_PRC_PCP,0,12110,4,361,12475,18604,6360,Sí
2017,5,COAHUILA,4,ARTEAGA,PVEM_NUAL_SI_PJ_PRC,1,12110,4,361,12475,18604,362,Sí
2017,5,COAHUILA,4,ARTEAGA,PVEM_NUAL_SI_PJ_PCP,0,12110,4,361,12475,18604,391,Sí
2017,5,COAHUILA,4,ARTEAGA,PVEM_NUAL_SI_PRC_PCP,0,12110,4,361,12475,18604,254,Sí
2017,5,COAHUILA,4,ARTEAGA,PVEM_NUAL_PJ_PRC_PCP,0,12110,4,361,12475,18604,366,Sí
2017,5,COAHUILA,4,ARTEAGA,PVEM_SI_PJ_PRC_PCP,0,12110,4,361,12475,18604,351,Sí
2017,5,COAHUILA,4,ARTEAGA,NUAL_SI_PJ_PRC_PCP,0,12110,4,361,12475,18604,372,Sí
2017,5,COAHUILA,4,ARTEAGA,PRI_PVEM_NUAL_SI,1,12110,4,361,12475,18604,6225,Sí
2017,5,COAHUILA,4,ARTEAGA,PRI_PVEM_NUAL_PJ,1,12110,4,361,12475,18604,6337,Sí
2017,5,COAHUILA,4,ARTEAGA,PRI_PVEM_NUAL_PRC,0,12110,4,361,12475,18604,6199,Sí
2017,5,COAHUILA,4,ARTEAGA,PRI_PVEM_NUAL_PCP,0,12110,4,361,12475,18604,6229,Sí
2017,5,COAHUILA,4,ARTEAGA,PRI_PVEM_SI_PJ,0,12110,4,361,12475,18604,6321,Sí
2017,5,COAHUILA,4,ARTEAGA,PRI_PVEM_SI_PRC,0,12110,4,361,12475,18604,6184,Sí
2017,5,COAHUILA,4,ARTEAGA,PRI_PVEM_SI_PCP,0,12110,4,361,12475,18604,6214,Sí
2017,5,COAHUILA,4,ARTEAGA,PRI_PVEM_PJ_PRC,0,12110,4,361,12475,18604,6296,Sí
2017,5,COAHUILA,4,ARTEAGA,PRI_PVEM_PJ_PCP,0,12110,4,361,12475,18604,6326,Sí
2017,5,COAHUILA,4,ARTEAGA,PRI_PVEM_PRC_PCP,1,12110,4,361,12475,18604,6190,Sí
2017,5,COAHUILA,4,ARTEAGA,PRI_NUAL_SI_PJ,0,12110,4,361,12475,18604,6342,Sí
2017,5,COAHUILA,4,ARTEAGA,PRI_NUAL_SI_PRC,0,12110,4,361,12475,18604,6205,Sí
2017,5,COAHUILA,4,ARTEAGA,PRI_NUAL_SI_PCP,0,12110,4,361,12475,18604,6235,Sí
2017,5,COAHUILA,4,ARTEAGA,PRI_NUAL_PJ_PRC,0,12110,4,361,12475,18604,6317,Sí
2017,5,COAHUILA,4,ARTEAGA,PRI_NUAL_PJ_PCP,0,12110,4,361,12475,18604,6347,Sí
2017,5,COAHUILA,4,ARTEAGA,PRI_NUAL_PRC_PCP,0,12110,4,361,12475,18604,6210,Sí
2017,5,COAHUILA,4,ARTEAGA,PRI_SI_PJ_PRC,0,12110,4,361,12475,18604,6302,Sí
2017,5,COAHUILA,4,ARTEAGA,PRI_SI_PJ_PCP,0,12110,4,361,12475,18604,6332,Sí
2017,5,COAHUILA,4,ARTEAGA,PRI_SI_PRC_PCP,0,12110,4,361,12475,18604,6195,Sí
2017,5,COAHUILA,4,ARTEAGA,PRI_PJ_PRC_PCP,0,12110,4,361,12475,18604,6307,Sí
2017,5,COAHUILA,4,ARTEAGA,PVEM_NUAL_SI_PJ,0,12110,4,361,12475,18604,333,Sí
2017,5,COAHUILA,4,ARTEAGA,PVEM_NUAL_SI_PRC,0,12110,4,361,12475,18604,196,Sí
2017,5,COAHUILA,4,ARTEAGA,PVEM_NUAL_SI_PCP,0,12110,4,361,12475,18604,226,Sí
2017,5,COAHUILA,4,ARTEAGA,PVEM_NUAL_PJ_PRC,0,12110,4,361,12475,18604,308,Sí
2017,5,COAHUILA,4,ARTEAGA,PVEM_NUAL_PJ_PCP,0,12110,4,361,12475,18604,338,Sí
2017,5,COAHUILA,4,ARTEAGA,PVEM_NUAL_PRC_PCP,0,12110,4,361,12475,18604,201,Sí
2017,5,COAHUILA,4,ARTEAGA,PVEM_SI_PJ_PRC,0,12110,4,361,12475,18604,293,Sí
2017,5,COAHUILA,4,ARTEAGA,PVEM_SI_PJ_PCP,0,12110,4,361,12475,18604,323,Sí
2017,5,COAHUILA,4,ARTEAGA,PVEM_SI_PRC_PCP,0,12110,4,361,12475,18604,186,Sí
2017,5,COAHUILA,4,ARTEAGA,PVEM_PJ_PRC_PCP,0,12110,4,361,12475,18604,298,Sí
2017,5,COAHUILA,4,ARTEAGA,NUAL_SI_PJ_PRC,0,12110,4,361,12475,18604,314,Sí
2017,5,COAHUILA,4,ARTEAGA,NUAL_SI_PJ_PCP,0,12110,4,361,12475,18604,344,Sí
2017,5,COAHUILA,4,ARTEAGA,NUAL_SI_PRC_PCP,0,12110,4,361,12475,18604,207,Sí
2017,5,COAHUILA,4,ARTEAGA,NUAL_PJ_PRC_PCP,0,12110,4,361,12475,18604,319,Sí
2017,5,COAHUILA,4,ARTEAGA,SI_PJ_PRC_PCP,0,12110,4,361,12475,18604,304,Sí
2017,5,COAHUILA,4,ARTEAGA,PRI_PVEM_NUAL,2,12110,4,361,12475,18604,6173,Sí
2017,5,COAHUILA,4,ARTEAGA,PRI_PVEM_SI,1,12110,4,361,12475,18604,6157,Sí
2017,5,COAHUILA,4,ARTEAGA,PRI_PVEM_PJ,0,12110,4,361,12475,18604,6268,Sí
2017,5,COAHUILA,4,ARTEAGA,PRI_PVEM_PRC,0,12110,4,361,12475,18604,6131,Sí
2017,5,COAHUILA,4,ARTEAGA,PRI_PVEM_PCP,0,12110,4,361,12475,18604,6161,Sí
2017,5,COAHUILA,4,ARTEAGA,PRI_NUAL_SI,1,12110,4,361,12475,18604,6178,Sí
2017,5,COAHUILA,4,ARTEAGA,PRI_NUAL_PJ,0,12110,4,361,12475,18604,6289,Sí
2017,5,COAHUILA,4,ARTEAGA,PRI_NUAL_PRC,3,12110,4,361,12475,18604,6155,Sí
2017,5,COAHUILA,4,ARTEAGA,PRI_NUAL_PCP,0,12110,4,361,12475,18604,6182,Sí
2017,5,COAHUILA,4,ARTEAGA,PRI_SI_PJ,0,12110,4,361,12475,18604,6274,Sí
2017,5,COAHUILA,4,ARTEAGA,PRI_SI_PRC,2,12110,4,361,12475,18604,6139,Sí
2017,5,COAHUILA,4,ARTEAGA,PRI_SI_PCP,0,12110,4,361,12475,18604,6167,Sí
2017,5,COAHUILA,4,ARTEAGA,PRI_PJ_PRC,0,12110,4,361,12475,18604,6249,Sí
2017,5,COAHUILA,4,ARTEAGA,PRI_PJ_PCP,0,12110,4,361,12475,18604,6279,Sí
2017,5,COAHUILA,4,ARTEAGA,PRI_PRC_PCP,0,12110,4,361,12475,18604,6142,Sí
2017,5,COAHUILA,4,ARTEAGA,PVEM_NUAL_SI,0,12110,4,361,12475,18604,168,Sí
2017,5,COAHUILA,4,ARTEAGA,PVEM_NUAL_PJ,0,12110,4,361,12475,18604,280,Sí
2017,5,COAHUILA,4,ARTEAGA,PVEM_NUAL_PRC,0,12110,4,361,12475,18604,143,Sí
2017,5,COAHUILA,4,ARTEAGA,PVEM_NUAL_PCP,0,12110,4,361,12475,18604,173,Sí
2017,5,COAHUILA,4,ARTEAGA,PVEM_SI_PJ,1,12110,4,361,12475,18604,266,Sí
2017,5,COAHUILA,4,ARTEAGA,PVEM_SI_PRC,0,12110,4,361,12475,18604,128,Sí
2017,5,COAHUILA,4,ARTEAGA,PVEM_SI_PCP,0,12110,4,361,12475,18604,158,Sí
2017,5,COAHUILA,4,ARTEAGA,PVEM_PJ_PRC,0,12110,4,361,12475,18604,240,Sí
2017,5,COAHUILA,4,ARTEAGA,PVEM_PJ_PCP,0,12110,4,361,12475,18604,270,Sí
2017,5,COAHUILA,4,ARTEAGA,PVEM_PRC_PCP,0,12110,4,361,12475,18604,133,Sí
2017,5,COAHUILA,4,ARTEAGA,NUAL_SI_PJ,0,12110,4,361,12475,18604,286,Sí
2017,5,COAHUILA,4,ARTEAGA,NUAL_SI_PRC,0,12110,4,361,12475,18604,149,Sí
2017,5,COAHUILA,4,ARTEAGA,NUAL_SI_PCP,0,12110,4,361,12475,18604,179,Sí
2017,5,COAHUILA,4,ARTEAGA,NUAL_PJ_PRC,0,12110,4,361,12475,18604,261,Sí
2017,5,COAHUILA,4,ARTEAGA,NUAL_PJ_PCP,0,12110,4,361,12475,18604,291,Sí
2017,5,COAHUILA,4,ARTEAGA,NUAL_PRC_PCP,0,12110,4,361,12475,18604,154,Sí
2017,5,COAHUILA,4,ARTEAGA,SI_PJ_PRC,0,12110,4,361,12475,18604,246,Sí
2017,5,COAHUILA,4,ARTEAGA,SI_PJ_PCP,0,12110,4,361,12475,18604,276,Sí
2017,5,COAHUILA,4,ARTEAGA,SI_PRC_PCP,0,12110,4,361,12475,18604,139,Sí
2017,5,COAHUILA,4,ARTEAGA,PJ_PRC_PCP,0,12110,4,361,12475,18604,251,Sí
2017,5,COAHUILA,4,ARTEAGA,PRI_PVEM,13,12110,4,361,12475,18604,6116,Sí
2017,5,COAHUILA,4,ARTEAGA,PRI_NUAL,15,12110,4,361,12475,18604,6139,Sí
2017,5,COAHUILA,4,ARTEAGA,PRI_SI,5,12110,4,361,12475,18604,6114,Sí
2017,5,COAHUILA,4,ARTEAGA,PRI_PJ,9,12110,4,361,12475,18604,6230,Sí
2017,5,COAHUILA,4,ARTEAGA,PRI_PRC,6,12110,4,361,12475,18604,6090,Sí
2017,5,COAHUILA,4,ARTEAGA,PRI_PCP,4,12110,4,361,12475,18604,6118,Sí
2017,5,COAHUILA,4,ARTEAGA,PVEM_NUAL,2,12110,4,361,12475,18604,117,Sí
2017,5,COAHUILA,4,ARTEAGA,PVEM_SI,0,12110,4,361,12475,18604,100,Sí
2017,5,COAHUILA,4,ARTEAGA,PVEM_PJ,0,12110,4,361,12475,18604,212,Sí
2017,5,COAHUILA,4,ARTEAGA,PVEM_PRC,0,12110,4,361,12475,18604,75,Sí
2017,5,COAHUILA,4,ARTEAGA,PVEM_PCP,0,12110,4,361,12475,18604,105,Sí
2017,5,COAHUILA,4,ARTEAGA,NUAL_SI,0,12110,4,361,12475,18604,121,Sí
2017,5,COAHUILA,4,ARTEAGA,NUAL_PJ,0,12110,4,361,12475,18604,233,Sí
2017,5,COAHUILA,4,ARTEAGA,NUAL_PRC,0,12110,4,361,12475,18604,96,Sí
2017,5,COAHUILA,4,ARTEAGA,NUAL_PCP,0,12110,4,361,12475,18604,126,Sí
2017,5,COAHUILA,4,ARTEAGA,SI_PJ,0,12110,4,361,12475,18604,218,Sí
2017,5,COAHUILA,4,ARTEAGA,SI_PRC,2,12110,4,361,12475,18604,83,Sí
2017,5,COAHUILA,4,ARTEAGA,SI_PCP,0,12110,4,361,12475,18604,111,Sí
2017,5,COAHUILA,4,ARTEAGA,PJ_PRC,0,12110,4,361,12475,18604,193,Sí
2017,5,COAHUILA,4,ARTEAGA,PJ_PCP,0,12110,4,361,12475,18604,223,Sí
2017,5,COAHUILA,4,ARTEAGA,PRC_PCP,0,12110,4,361,12475,18604,86,Sí
2017,5,COAHUILA,4,ARTEAGA,Candidatura Independiente,3066,12110,4,361,12475,18604,3066,No
2017,5,COAHUILA,5,CANDELA,PAN,561,1283,0,11,1294,1681,561,No
2017,5,COAHUILA,5,CANDELA,PRI,647,1283,0,11,1294,1681,647,No
2017,5,COAHUILA,5,CANDELA,PRD,0,1283,0,11,1294,1681,0,No
2017,5,COAHUILA,5,CANDELA,PT,0,1283,0,11,1294,1681,0,No
2017,5,COAHUILA,5,CANDELA,PVEM,1,1283,0,11,1294,1681,1,No
2017,5,COAHUILA,5,CANDELA,UDC,16,1283,0,11,1294,1681,16,No
2017,5,COAHUILA,5,CANDELA,MC,0,1283,0,11,1294,1681,0,No
2017,5,COAHUILA,5,CANDELA,NUAL,11,1283,0,11,1294,1681,11,No
2017,5,COAHUILA,5,CANDELA,SI,0,1283,0,11,1294,1681,0,No
2017,5,COAHUILA,5,CANDELA,PPC,1,1283,0,11,1294,1681,1,No
2017,5,COAHUILA,5,CANDELA,PJ,1,1283,0,11,1294,1681,1,No
2017,5,COAHUILA,5,CANDELA,PRC,0,1283,0,11,1294,1681,0,No
2017,5,COAHUILA,5,CANDELA,PCP,0,1283,0,11,1294,1681,0,No
2017,5,COAHUILA,5,CANDELA,MORENA,2,1283,0,11,1294,1681,2,No
2017,5,COAHUILA,5,CANDELA,ES,23,1283,0,11,1294,1681,23,No
2017,5,COAHUILA,5,CANDELA,PAN_UDC_PPC_ES,0,1283,0,11,1294,1681,601,Sí
2017,5,COAHUILA,5,CANDELA,PAN_UDC_PPC,1,1283,0,11,1294,1681,579,Sí
2017,5,COAHUILA,5,CANDELA,PAN_UDC_ES,1,1283,0,11,1294,1681,601,Sí
2017,5,COAHUILA,5,CANDELA,PAN_PPC_ES,1,1283,0,11,1294,1681,586,Sí
2017,5,COAHUILA,5,CANDELA,UDC_PPC_ES,0,1283,0,11,1294,1681,40,Sí
2017,5,COAHUILA,5,CANDELA,PAN_UDC,9,1283,0,11,1294,1681,586,Sí
2017,5,COAHUILA,5,CANDELA,PAN_PPC,0,1283,0,11,1294,1681,562,Sí
2017,5,COAHUILA,5,CANDELA,PAN_ES,1,1283,0,11,1294,1681,585,Sí
2017,5,COAHUILA,5,CANDELA,UDC_PPC,0,1283,0,11,1294,1681,17,Sí
2017,5,COAHUILA,5,CANDELA,UDC_ES,0,1283,0,11,1294,1681,39,Sí
2017,5,COAHUILA,5,CANDELA,PPC_ES,0,1283,0,11,1294,1681,24,Sí
2017,5,COAHUILA,5,CANDELA,PRI_PVEM_NUAL_SI_PJ_PRC_PCP,1,1283,0,11,1294,1681,661,Sí
2017,5,COAHUILA,5,CANDELA,PRI_PVEM_NUAL_SI_PJ_PRC,0,1283,0,11,1294,1681,660,Sí
2017,5,COAHUILA,5,CANDELA,PRI_PVEM_NUAL_SI_PJ_PCP,0,1283,0,11,1294,1681,660,Sí
2017,5,COAHUILA,5,CANDELA,PRI_PVEM_NUAL_SI_PRC_PCP,0,1283,0,11,1294,1681,659,Sí
2017,5,COAHUILA,5,CANDELA,PRI_PVEM_NUAL_PJ_PRC_PCP,0,1283,0,11,1294,1681,660,Sí
2017,5,COAHUILA,5,CANDELA,PRI_PVEM_SI_PJ_PRC_PCP,0,1283,0,11,1294,1681,649,Sí
2017,5,COAHUILA,5,CANDELA,PRI_NUAL_SI_PJ_PRC_PCP,0,1283,0,11,1294,1681,659,Sí
2017,5,COAHUILA,5,CANDELA,PVEM_NUAL_SI_PJ_PRC_PCP,0,1283,0,11,1294,1681,13,Sí
2017,5,COAHUILA,5,CANDELA,PRI_PVEM_NUAL_SI_PJ,0,1283,0,11,1294,1681,660,Sí
2017,5,COAHUILA,5,CANDELA,PRI_PVEM_NUAL_SI_PRC,0,1283,0,11,1294,1681,659,Sí
2017,5,COAHUILA,5,CANDELA,PRI_PVEM_NUAL_SI_PCP,0,1283,0,11,1294,1681,659,Sí
2017,5,COAHUILA,5,CANDELA,PRI_PVEM_NUAL_PJ_PRC,0,1283,0,11,1294,1681,660,Sí
2017,5,COAHUILA,5,CANDELA,PRI_PVEM_NUAL_PJ_PCP,0,1283,0,11,1294,1681,660,Sí
2017,5,COAHUILA,5,CANDELA,PRI_PVEM_NUAL_PRC_PCP,0,1283,0,11,1294,1681,659,Sí
2017,5,COAHUILA,5,CANDELA,PRI_PVEM_SI_PJ_PRC,0,1283,0,11,1294,1681,649,Sí
2017,5,COAHUILA,5,CANDELA,PRI_PVEM_SI_PJ_PCP,0,1283,0,11,1294,1681,649,Sí
2017,5,COAHUILA,5,CANDELA,PRI_PVEM_SI_PRC_PCP,0,1283,0,11,1294,1681,648,Sí
2017,5,COAHUILA,5,CANDELA,PRI_PVEM_PJ_PRC_PCP,0,1283,0,11,1294,1681,649,Sí
2017,5,COAHUILA,5,CANDELA,PRI_NUAL_SI_PJ_PRC,0,1283,0,11,1294,1681,659,Sí
2017,5,COAHUILA,5,CANDELA,PRI_NUAL_SI_PJ_PCP,1,1283,0,11,1294,1681,660,Sí
2017,5,COAHUILA,5,CANDELA,PRI_NUAL_SI_PRC_PCP,0,1283,0,11,1294,1681,658,Sí
2017,5,COAHUILA,5,CANDELA,PRI_NUAL_PJ_PRC_PCP,0,1283,0,11,1294,1681,659,Sí
2017,5,COAHUILA,5,CANDELA,PRI_SI_PJ_PRC_PCP,0,1283,0,11,1294,1681,648,Sí
2017,5,COAHUILA,5,CANDELA,PVEM_NUAL_SI_PJ_PRC,0,1283,0,11,1294,1681,13,Sí
2017,5,COAHUILA,5,CANDELA,PVEM_NUAL_SI_PJ_PCP,0,1283,0,11,1294,1681,13,Sí
2017,5,COAHUILA,5,CANDELA,PVEM_NUAL_SI_PRC_PCP,0,1283,0,11,1294,1681,12,Sí
2017,5,COAHUILA,5,CANDELA,PVEM_NUAL_PJ_PRC_PCP,0,1283,0,11,1294,1681,13,Sí
2017,5,COAHUILA,5,CANDELA,PVEM_SI_PJ_PRC_PCP,0,1283,0,11,1294,1681,2,Sí
2017,5,COAHUILA,5,CANDELA,NUAL_SI_PJ_PRC_PCP,0,1283,0,11,1294,1681,12,Sí
2017,5,COAHUILA,5,CANDELA,PRI_PVEM_NUAL_SI,0,1283,0,11,1294,1681,659,Sí
2017,5,COAHUILA,5,CANDELA,PRI_PVEM_NUAL_PJ,0,1283,0,11,1294,1681,660,Sí
2017,5,COAHUILA,5,CANDELA,PRI_PVEM_NUAL_PRC,0,1283,0,11,1294,1681,659,Sí
2017,5,COAHUILA,5,CANDELA,PRI_PVEM_NUAL_PCP,0,1283,0,11,1294,1681,659,Sí
2017,5,COAHUILA,5,CANDELA,PRI_PVEM_SI_PJ,0,1283,0,11,1294,1681,649,Sí
2017,5,COAHUILA,5,CANDELA,PRI_PVEM_SI_PRC,0,1283,0,11,1294,1681,648,Sí
2017,5,COAHUILA,5,CANDELA,PRI_PVEM_SI_PCP,0,1283,0,11,1294,1681,648,Sí
2017,5,COAHUILA,5,CANDELA,PRI_PVEM_PJ_PRC,0,1283,0,11,1294,1681,649,Sí
2017,5,COAHUILA,5,CANDELA,PRI_PVEM_PJ_PCP,0,1283,0,11,1294,1681,649,Sí
2017,5,COAHUILA,5,CANDELA,PRI_PVEM_PRC_PCP,0,1283,0,11,1294,1681,648,Sí
2017,5,COAHUILA,5,CANDELA,PRI_NUAL_SI_PJ,1,1283,0,11,1294,1681,660,Sí
2017,5,COAHUILA,5,CANDELA,PRI_NUAL_SI_PRC,0,1283,0,11,1294,1681,658,Sí
2017,5,COAHUILA,5,CANDELA,PRI_NUAL_SI_PCP,0,1283,0,11,1294,1681,658,Sí
2017,5,COAHUILA,5,CANDELA,PRI_NUAL_PJ_PRC,0,1283,0,11,1294,1681,659,Sí
2017,5,COAHUILA,5,CANDELA,PRI_NUAL_PJ_PCP,0,1283,0,11,1294,1681,659,Sí
2017,5,COAHUILA,5,CANDELA,PRI_NUAL_PRC_PCP,0,1283,0,11,1294,1681,658,Sí
2017,5,COAHUILA,5,CANDELA,PRI_SI_PJ_PRC,0,1283,0,11,1294,1681,648,Sí
2017,5,COAHUILA,5,CANDELA,PRI_SI_PJ_PCP,0,1283,0,11,1294,1681,648,Sí
2017,5,COAHUILA,5,CANDELA,PRI_SI_PRC_PCP,0,1283,0,11,1294,1681,647,Sí
2017,5,COAHUILA,5,CANDELA,PRI_PJ_PRC_PCP,0,1283,0,11,1294,1681,648,Sí
2017,5,COAHUILA,5,CANDELA,PVEM_NUAL_SI_PJ,0,1283,0,11,1294,1681,13,Sí
2017,5,COAHUILA,5,CANDELA,PVEM_NUAL_SI_PRC,0,1283,0,11,1294,1681,12,Sí
2017,5,COAHUILA,5,CANDELA,PVEM_NUAL_SI_PCP,0,1283,0,11,1294,1681,12,Sí
2017,5,COAHUILA,5,CANDELA,PVEM_NUAL_PJ_PRC,0,1283,0,11,1294,1681,13,Sí
2017,5,COAHUILA,5,CANDELA,PVEM_NUAL_PJ_PCP,0,1283,0,11,1294,1681,13,Sí
2017,5,COAHUILA,5,CANDELA,PVEM_NUAL_PRC_PCP,0,1283,0,11,1294,1681,12,Sí
2017,5,COAHUILA,5,CANDELA,PVEM_SI_PJ_PRC,0,1283,0,11,1294,1681,2,Sí
2017,5,COAHUILA,5,CANDELA,PVEM_SI_PJ_PCP,0,1283,0,11,1294,1681,2,Sí
2017,5,COAHUILA,5,CANDELA,PVEM_SI_PRC_PCP,0,1283,0,11,1294,1681,1,Sí
2017,5,COAHUILA,5,CANDELA,PVEM_PJ_PRC_PCP,0,1283,0,11,1294,1681,2,Sí
2017,5,COAHUILA,5,CANDELA,NUAL_SI_PJ_PRC,0,1283,0,11,1294,1681,12,Sí
2017,5,COAHUILA,5,CANDELA,NUAL_SI_PJ_PCP,0,1283,0,11,1294,1681,12,Sí
2017,5,COAHUILA,5,CANDELA,NUAL_SI_PRC_PCP,0,1283,0,11,1294,1681,11,Sí
2017,5,COAHUILA,5,CANDELA,NUAL_PJ_PRC_PCP,0,1283,0,11,1294,1681,12,Sí
2017,5,COAHUILA,5,CANDELA,SI_PJ_PRC_PCP,0,1283,0,11,1294,1681,1,Sí
2017,5,COAHUILA,5,CANDELA,PRI_PVEM_NUAL,0,1283,0,11,1294,1681,659,Sí
2017,5,COAHUILA,5,CANDELA,PRI_PVEM_SI,0,1283,0,11,1294,1681,648,Sí
2017,5,COAHUILA,5,CANDELA,PRI_PVEM_PJ,0,1283,0,11,1294,1681,649,Sí
2017,5,COAHUILA,5,CANDELA,PRI_PVEM_PRC,1,1283,0,11,1294,1681,649,Sí
2017,5,COAHUILA,5,CANDELA,PRI_PVEM_PCP,0,1283,0,11,1294,1681,648,Sí
2017,5,COAHUILA,5,CANDELA,PRI_NUAL_SI,0,1283,0,11,1294,1681,658,Sí
2017,5,COAHUILA,5,CANDELA,PRI_NUAL_PJ,0,1283,0,11,1294,1681,659,Sí
2017,5,COAHUILA,5,CANDELA,PRI_NUAL_PRC,0,1283,0,11,1294,1681,658,Sí
2017,5,COAHUILA,5,CANDELA,PRI_NUAL_PCP,0,1283,0,11,1294,1681,658,Sí
2017,5,COAHUILA,5,CANDELA,PRI_SI_PJ,0,1283,0,11,1294,1681,648,Sí
2017,5,COAHUILA,5,CANDELA,PRI_SI_PRC,0,1283,0,11,1294,1681,647,Sí
2017,5,COAHUILA,5,CANDELA,PRI_SI_PCP,0,1283,0,11,1294,1681,647,Sí
2017,5,COAHUILA,5,CANDELA,PRI_PJ_PRC,0,1283,0,11,1294,1681,648,Sí
2017,5,COAHUILA,5,CANDELA,PRI_PJ_PCP,0,1283,0,11,1294,1681,648,Sí
2017,5,COAHUILA,5,CANDELA,PRI_PRC_PCP,0,1283,0,11,1294,1681,647,Sí
2017,5,COAHUILA,5,CANDELA,PVEM_NUAL_SI,0,1283,0,11,1294,1681,12,Sí
2017,5,COAHUILA,5,CANDELA,PVEM_NUAL_PJ,0,1283,0,11,1294,1681,13,Sí
2017,5,COAHUILA,5,CANDELA,PVEM_NUAL_PRC,0,1283,0,11,1294,1681,12,Sí
2017,5,COAHUILA,5,CANDELA,PVEM_NUAL_PCP,0,1283,0,11,1294,1681,12,Sí
2017,5,COAHUILA,5,CANDELA,PVEM_SI_PJ,0,1283,0,11,1294,1681,2,Sí
2017,5,COAHUILA,5,CANDELA,PVEM_SI_PRC,0,1283,0,11,1294,1681,1,Sí
2017,5,COAHUILA,5,CANDELA,PVEM_SI_PCP,0,1283,0,11,1294,1681,1,Sí
2017,5,COAHUILA,5,CANDELA,PVEM_PJ_PRC,0,1283,0,11,1294,1681,2,Sí
2017,5,COAHUILA,5,CANDELA,PVEM_PJ_PCP,0,1283,0,11,1294,1681,2,Sí
2017,5,COAHUILA,5,CANDELA,PVEM_PRC_PCP,0,1283,0,11,1294,1681,1,Sí
2017,5,COAHUILA,5,CANDELA,NUAL_SI_PJ,0,1283,0,11,1294,1681,12,Sí
2017,5,COAHUILA,5,CANDELA,NUAL_SI_PRC,0,1283,0,11,1294,1681,11,Sí
2017,5,COAHUILA,5,CANDELA,NUAL_SI_PCP,0,1283,0,11,1294,1681,11,Sí
2017,5,COAHUILA,5,CANDELA,NUAL_PJ_PRC,0,1283,0,11,1294,1681,12,Sí
2017,5,COAHUILA,5,CANDELA,NUAL_PJ_PCP,0,1283,0,11,1294,1681,12,Sí
2017,5,COAHUILA,5,CANDELA,NUAL_PRC_PCP,0,1283,0,11,1294,1681,11,Sí
2017,5,COAHUILA,5,CANDELA,SI_PJ_PRC,0,1283,0,11,1294,1681,1,Sí
2017,5,COAHUILA,5,CANDELA,SI_PJ_PCP,0,1283,0,11,1294,1681,1,Sí
2017,5,COAHUILA,5,CANDELA,SI_PRC_PCP,0,1283,0,11,1294,1681,0,Sí
2017,5,COAHUILA,5,CANDELA,PJ_PRC_PCP,0,1283,0,11,1294,1681,1,Sí
2017,5,COAHUILA,5,CANDELA,PRI_PVEM,1,1283,0,11,1294,1681,649,Sí
2017,5,COAHUILA,5,CANDELA,PRI_NUAL,1,1283,0,11,1294,1681,659,Sí
2017,5,COAHUILA,5,CANDELA,PRI_SI,0,1283,0,11,1294,1681,647,Sí
2017,5,COAHUILA,5,CANDELA,PRI_PJ,0,1283,0,11,1294,1681,648,Sí
2017,5,COAHUILA,5,CANDELA,PRI_PRC,0,1283,0,11,1294,1681,647,Sí
2017,5,COAHUILA,5,CANDELA,PRI_PCP,0,1283,0,11,1294,1681,647,Sí
2017,5,COAHUILA,5,CANDELA,PVEM_NUAL,0,1283,0,11,1294,1681,12,Sí
2017,5,COAHUILA,5,CANDELA,PVEM_SI,0,1283,0,11,1294,1681,1,Sí
2017,5,COAHUILA,5,CANDELA,PVEM_PJ,0,1283,0,11,1294,1681,2,Sí
2017,5,COAHUILA,5,CANDELA,PVEM_PRC,0,1283,0,11,1294,1681,1,Sí
2017,5,COAHUILA,5,CANDELA,PVEM_PCP,0,1283,0,11,1294,1681,1,Sí
2017,5,COAHUILA,5,CANDELA,NUAL_SI,1,1283,0,11,1294,1681,12,Sí
2017,5,COAHUILA,5,CANDELA,NUAL_PJ,0,1283,0,11,1294,1681,12,Sí
2017,5,COAHUILA,5,CANDELA,NUAL_PRC,0,1283,0,11,1294,1681,11,Sí
2017,5,COAHUILA,5,CANDELA,NUAL_PCP,0,1283,0,11,1294,1681,11,Sí
2017,5,COAHUILA,5,CANDELA,SI_PJ,0,1283,0,11,1294,1681,1,Sí
2017,5,COAHUILA,5,CANDELA,SI_PRC,0,1283,0,11,1294,1681,0,Sí
2017,5,COAHUILA,5,CANDELA,SI_PCP,0,1283,0,11,1294,1681,0,Sí
2017,5,COAHUILA,5,CANDELA,PJ_PRC,0,1283,0,11,1294,1681,1,Sí
2017,5,COAHUILA,5,CANDELA,PJ_PCP,0,1283,0,11,1294,1681,1,Sí
2017,5,COAHUILA,5,CANDELA,PRC_PCP,0,1283,0,11,1294,1681,0,Sí
2017,5,COAHUILA,6,CASTAÑOS,PAN,1811,12617,2,202,12821,21467,1811,No
2017,5,COAHUILA,6,CASTAÑOS,PRI,5257,12617,2,202,12821,21467,5257,No
2017,5,COAHUILA,6,CASTAÑOS,PRD,3413,12617,2,202,12821,21467,3413,No
2017,5,COAHUILA,6,CASTAÑOS,PT,238,12617,2,202,12821,21467,238,No
2017,5,COAHUILA,6,CASTAÑOS,PVEM,173,12617,2,202,12821,21467,173,No
2017,5,COAHUILA,6,CASTAÑOS,UDC,151,12617,2,202,12821,21467,151,No
2017,5,COAHUILA,6,CASTAÑOS,MC,32,12617,2,202,12821,21467,32,No
2017,5,COAHUILA,6,CASTAÑOS,NUAL,120,12617,2,202,12821,21467,120,No
2017,5,COAHUILA,6,CASTAÑOS,SI,19,12617,2,202,12821,21467,19,No
2017,5,COAHUILA,6,CASTAÑOS,PPC,47,12617,2,202,12821,21467,47,No
2017,5,COAHUILA,6,CASTAÑOS,PJ,29,12617,2,202,12821,21467,29,No
2017,5,COAHUILA,6,CASTAÑOS,PRC,10,12617,2,202,12821,21467,10,No
2017,5,COAHUILA,6,CASTAÑOS,PCP,8,12617,2,202,12821,21467,8,No
2017,5,COAHUILA,6,CASTAÑOS,MORENA,616,12617,2,202,12821,21467,616,No
2017,5,COAHUILA,6,CASTAÑOS,ES,603,12617,2,202,12821,21467,603,No
2017,5,COAHUILA,6,CASTAÑOS,PAN_UDC_PPC_ES,6,12617,2,202,12821,21467,2618,Sí
2017,5,COAHUILA,6,CASTAÑOS,PAN_UDC_PPC,3,12617,2,202,12821,21467,2012,Sí
2017,5,COAHUILA,6,CASTAÑOS,PAN_UDC_ES,3,12617,2,202,12821,21467,2568,Sí
2017,5,COAHUILA,6,CASTAÑOS,PAN_PPC_ES,3,12617,2,202,12821,21467,2464,Sí
2017,5,COAHUILA,6,CASTAÑOS,UDC_PPC_ES,0,12617,2,202,12821,21467,801,Sí
2017,5,COAHUILA,6,CASTAÑOS,PAN_UDC,6,12617,2,202,12821,21467,1968,Sí
2017,5,COAHUILA,6,CASTAÑOS,PAN_PPC,3,12617,2,202,12821,21467,1861,Sí
2017,5,COAHUILA,6,CASTAÑOS,PAN_ES,9,12617,2,202,12821,21467,2423,Sí
2017,5,COAHUILA,6,CASTAÑOS,UDC_PPC,2,12617,2,202,12821,21467,200,Sí
2017,5,COAHUILA,6,CASTAÑOS,UDC_ES,2,12617,2,202,12821,21467,756,Sí
2017,5,COAHUILA,6,CASTAÑOS,PPC_ES,1,12617,2,202,12821,21467,651,Sí
2017,5,COAHUILA,6,CASTAÑOS,PRI_PVEM_NUAL_SI_PJ_PRC_PCP,9,12617,2,202,12821,21467,5625,Sí
2017,5,COAHUILA,6,CASTAÑOS,PRI_PVEM_NUAL_SI_PJ_PRC,2,12617,2,202,12821,21467,5610,Sí
2017,5,COAHUILA,6,CASTAÑOS,PRI_PVEM_NUAL_SI_PJ_PCP,0,12617,2,202,12821,21467,5606,Sí
2017,5,COAHUILA,6,CASTAÑOS,PRI_PVEM_NUAL_SI_PRC_PCP,1,12617,2,202,12821,21467,5588,Sí
2017,5,COAHUILA,6,CASTAÑOS,PRI_PVEM_NUAL_PJ_PRC_PCP,0,12617,2,202,12821,21467,5597,Sí
2017,5,COAHUILA,6,CASTAÑOS,PRI_PVEM_SI_PJ_PRC_PCP,0,12617,2,202,12821,21467,5496,Sí
2017,5,COAHUILA,6,CASTAÑOS,PRI_NUAL_SI_PJ_PRC_PCP,1,12617,2,202,12821,21467,5444,Sí
2017,5,COAHUILA,6,CASTAÑOS,PVEM_NUAL_SI_PJ_PRC_PCP,0,12617,2,202,12821,21467,359,Sí
2017,5,COAHUILA,6,CASTAÑOS,PRI_PVEM_NUAL_SI_PJ,0,12617,2,202,12821,21467,5598,Sí
2017,5,COAHUILA,6,CASTAÑOS,PRI_PVEM_NUAL_SI_PRC,0,12617,2,202,12821,21467,5579,Sí
2017,5,COAHUILA,6,CASTAÑOS,PRI_PVEM_NUAL_SI_PCP,0,12617,2,202,12821,21467,5577,Sí
2017,5,COAHUILA,6,CASTAÑOS,PRI_PVEM_NUAL_PJ_PRC,0,12617,2,202,12821,21467,5589,Sí
2017,5,COAHUILA,6,CASTAÑOS,PRI_PVEM_NUAL_PJ_PCP,0,12617,2,202,12821,21467,5587,Sí
2017,5,COAHUILA,6,CASTAÑOS,PRI_PVEM_NUAL_PRC_PCP,0,12617,2,202,12821,21467,5568,Sí
2017,5,COAHUILA,6,CASTAÑOS,PRI_PVEM_SI_PJ_PRC,0,12617,2,202,12821,21467,5488,Sí
2017,5,COAHUILA,6,CASTAÑOS,PRI_PVEM_SI_PJ_PCP,0,12617,2,202,12821,21467,5486,Sí
2017,5,COAHUILA,6,CASTAÑOS,PRI_PVEM_SI_PRC_PCP,0,12617,2,202,12821,21467,5467,Sí
2017,5,COAHUILA,6,CASTAÑOS,PRI_PVEM_PJ_PRC_PCP,0,12617,2,202,12821,21467,5477,Sí
2017,5,COAHUILA,6,CASTAÑOS,PRI_NUAL_SI_PJ_PRC,0,12617,2,202,12821,21467,5435,Sí
2017,5,COAHUILA,6,CASTAÑOS,PRI_NUAL_SI_PJ_PCP,0,12617,2,202,12821,21467,5433,Sí
2017,5,COAHUILA,6,CASTAÑOS,PRI_NUAL_SI_PRC_PCP,0,12617,2,202,12821,21467,5414,Sí
2017,5,COAHUILA,6,CASTAÑOS,PRI_NUAL_PJ_PRC_PCP,0,12617,2,202,12821,21467,5424,Sí
2017,5,COAHUILA,6,CASTAÑOS,PRI_SI_PJ_PRC_PCP,0,12617,2,202,12821,21467,5323,Sí
2017,5,COAHUILA,6,CASTAÑOS,PVEM_NUAL_SI_PJ_PRC,0,12617,2,202,12821,21467,351,Sí
2017,5,COAHUILA,6,CASTAÑOS,PVEM_NUAL_SI_PJ_PCP,1,12617,2,202,12821,21467,350,Sí
2017,5,COAHUILA,6,CASTAÑOS,PVEM_NUAL_SI_PRC_PCP,0,12617,2,202,12821,21467,330,Sí
2017,5,COAHUILA,6,CASTAÑOS,PVEM_NUAL_PJ_PRC_PCP,0,12617,2,202,12821,21467,340,Sí
2017,5,COAHUILA,6,CASTAÑOS,PVEM_SI_PJ_PRC_PCP,0,12617,2,202,12821,21467,239,Sí
2017,5,COAHUILA,6,CASTAÑOS,NUAL_SI_PJ_PRC_PCP,0,12617,2,202,12821,21467,186,Sí
2017,5,COAHUILA,6,CASTAÑOS,PRI_PVEM_NUAL_SI,0,12617,2,202,12821,21467,5569,Sí
2017,5,COAHUILA,6,CASTAÑOS,PRI_PVEM_NUAL_PJ,0,12617,2,202,12821,21467,5579,Sí
2017,5,COAHUILA,6,CASTAÑOS,PRI_PVEM_NUAL_PRC,0,12617,2,202,12821,21467,5560,Sí
2017,5,COAHUILA,6,CASTAÑOS,PRI_PVEM_NUAL_PCP,0,12617,2,202,12821,21467,5558,Sí
2017,5,COAHUILA,6,CASTAÑOS,PRI_PVEM_SI_PJ,0,12617,2,202,12821,21467,5478,Sí
2017,5,COAHUILA,6,CASTAÑOS,PRI_PVEM_SI_PRC,0,12617,2,202,12821,21467,5459,Sí
2017,5,COAHUILA,6,CASTAÑOS,PRI_PVEM_SI_PCP,0,12617,2,202,12821,21467,5457,Sí
2017,5,COAHUILA,6,CASTAÑOS,PRI_PVEM_PJ_PRC,0,12617,2,202,12821,21467,5469,Sí
2017,5,COAHUILA,6,CASTAÑOS,PRI_PVEM_PJ_PCP,0,12617,2,202,12821,21467,5467,Sí
2017,5,COAHUILA,6,CASTAÑOS,PRI_PVEM_PRC_PCP,0,12617,2,202,12821,21467,5448,Sí
2017,5,COAHUILA,6,CASTAÑOS,PRI_NUAL_SI_PJ,1,12617,2,202,12821,21467,5426,Sí
2017,5,COAHUILA,6,CASTAÑOS,PRI_NUAL_SI_PRC,0,12617,2,202,12821,21467,5406,Sí
2017,5,COAHUILA,6,CASTAÑOS,PRI_NUAL_SI_PCP,0,12617,2,202,12821,21467,5404,Sí
2017,5,COAHUILA,6,CASTAÑOS,PRI_NUAL_PJ_PRC,0,12617,2,202,12821,21467,5416,Sí
2017,5,COAHUILA,6,CASTAÑOS,PRI_NUAL_PJ_PCP,0,12617,2,202,12821,21467,5414,Sí
2017,5,COAHUILA,6,CASTAÑOS,PRI_NUAL_PRC_PCP,1,12617,2,202,12821,21467,5396,Sí
2017,5,COAHUILA,6,CASTAÑOS,PRI_SI_PJ_PRC,0,12617,2,202,12821,21467,5315,Sí
2017,5,COAHUILA,6,CASTAÑOS,PRI_SI_PJ_PCP,0,12617,2,202,12821,21467,5313,Sí
2017,5,COAHUILA,6,CASTAÑOS,PRI_SI_PRC_PCP,0,12617,2,202,12821,21467,5294,Sí
2017,5,COAHUILA,6,CASTAÑOS,PRI_PJ_PRC_PCP,0,12617,2,202,12821,21467,5304,Sí
2017,5,COAHUILA,6,CASTAÑOS,PVEM_NUAL_SI_PJ,0,12617,2,202,12821,21467,341,Sí
2017,5,COAHUILA,6,CASTAÑOS,PVEM_NUAL_SI_PRC,0,12617,2,202,12821,21467,322,Sí
2017,5,COAHUILA,6,CASTAÑOS,PVEM_NUAL_SI_PCP,0,12617,2,202,12821,21467,320,Sí
2017,5,COAHUILA,6,CASTAÑOS,PVEM_NUAL_PJ_PRC,0,12617,2,202,12821,21467,332,Sí
2017,5,COAHUILA,6,CASTAÑOS,PVEM_NUAL_PJ_PCP,0,12617,2,202,12821,21467,330,Sí
2017,5,COAHUILA,6,CASTAÑOS,PVEM_NUAL_PRC_PCP,0,12617,2,202,12821,21467,311,Sí
2017,5,COAHUILA,6,CASTAÑOS,PVEM_SI_PJ_PRC,0,12617,2,202,12821,21467,231,Sí
2017,5,COAHUILA,6,CASTAÑOS,PVEM_SI_PJ_PCP,0,12617,2,202,12821,21467,229,Sí
2017,5,COAHUILA,6,CASTAÑOS,PVEM_SI_PRC_PCP,0,12617,2,202,12821,21467,210,Sí
2017,5,COAHUILA,6,CASTAÑOS,PVEM_PJ_PRC_PCP,0,12617,2,202,12821,21467,220,Sí
2017,5,COAHUILA,6,CASTAÑOS,NUAL_SI_PJ_PRC,0,12617,2,202,12821,21467,178,Sí
2017,5,COAHUILA,6,CASTAÑOS,NUAL_SI_PJ_PCP,0,12617,2,202,12821,21467,176,Sí
2017,5,COAHUILA,6,CASTAÑOS,NUAL_SI_PRC_PCP,0,12617,2,202,12821,21467,157,Sí
2017,5,COAHUILA,6,CASTAÑOS,NUAL_PJ_PRC_PCP,0,12617,2,202,12821,21467,167,Sí
2017,5,COAHUILA,6,CASTAÑOS,SI_PJ_PRC_PCP,0,12617,2,202,12821,21467,66,Sí
2017,5,COAHUILA,6,CASTAÑOS,PRI_PVEM_NUAL,2,12617,2,202,12821,21467,5552,Sí
2017,5,COAHUILA,6,CASTAÑOS,PRI_PVEM_SI,2,12617,2,202,12821,21467,5451,Sí
2017,5,COAHUILA,6,CASTAÑOS,PRI_PVEM_PJ,1,12617,2,202,12821,21467,5460,Sí
2017,5,COAHUILA,6,CASTAÑOS,PRI_PVEM_PRC,0,12617,2,202,12821,21467,5440,Sí
2017,5,COAHUILA,6,CASTAÑOS,PRI_PVEM_PCP,0,12617,2,202,12821,21467,5438,Sí
2017,5,COAHUILA,6,CASTAÑOS,PRI_NUAL_SI,0,12617,2,202,12821,21467,5396,Sí
2017,5,COAHUILA,6,CASTAÑOS,PRI_NUAL_PJ,0,12617,2,202,12821,21467,5406,Sí
2017,5,COAHUILA,6,CASTAÑOS,PRI_NUAL_PRC,0,12617,2,202,12821,21467,5387,Sí
2017,5,COAHUILA,6,CASTAÑOS,PRI_NUAL_PCP,3,12617,2,202,12821,21467,5388,Sí
2017,5,COAHUILA,6,CASTAÑOS,PRI_SI_PJ,0,12617,2,202,12821,21467,5305,Sí
2017,5,COAHUILA,6,CASTAÑOS,PRI_SI_PRC,1,12617,2,202,12821,21467,5287,Sí
2017,5,COAHUILA,6,CASTAÑOS,PRI_SI_PCP,0,12617,2,202,12821,21467,5284,Sí
2017,5,COAHUILA,6,CASTAÑOS,PRI_PJ_PRC,1,12617,2,202,12821,21467,5297,Sí
2017,5,COAHUILA,6,CASTAÑOS,PRI_PJ_PCP,0,12617,2,202,12821,21467,5294,Sí
2017,5,COAHUILA,6,CASTAÑOS,PRI_PRC_PCP,0,12617,2,202,12821,21467,5275,Sí
2017,5,COAHUILA,6,CASTAÑOS,PVEM_NUAL_SI,0,12617,2,202,12821,21467,312,Sí
2017,5,COAHUILA,6,CASTAÑOS,PVEM_NUAL_PJ,0,12617,2,202,12821,21467,322,Sí
2017,5,COAHUILA,6,CASTAÑOS,PVEM_NUAL_PRC,0,12617,2,202,12821,21467,303,Sí
2017,5,COAHUILA,6,CASTAÑOS,PVEM_NUAL_PCP,0,12617,2,202,12821,21467,301,Sí
2017,5,COAHUILA,6,CASTAÑOS,PVEM_SI_PJ,1,12617,2,202,12821,21467,222,Sí
2017,5,COAHUILA,6,CASTAÑOS,PVEM_SI_PRC,0,12617,2,202,12821,21467,202,Sí
2017,5,COAHUILA,6,CASTAÑOS,PVEM_SI_PCP,0,12617,2,202,12821,21467,200,Sí
2017,5,COAHUILA,6,CASTAÑOS,PVEM_PJ_PRC,0,12617,2,202,12821,21467,212,Sí
2017,5,COAHUILA,6,CASTAÑOS,PVEM_PJ_PCP,0,12617,2,202,12821,21467,210,Sí
2017,5,COAHUILA,6,CASTAÑOS,PVEM_PRC_PCP,0,12617,2,202,12821,21467,191,Sí
2017,5,COAHUILA,6,CASTAÑOS,NUAL_SI_PJ,0,12617,2,202,12821,21467,168,Sí
2017,5,COAHUILA,6,CASTAÑOS,NUAL_SI_PRC,0,12617,2,202,12821,21467,149,Sí
2017,5,COAHUILA,6,CASTAÑOS,NUAL_SI_PCP,0,12617,2,202,12821,21467,147,Sí
2017,5,COAHUILA,6,CASTAÑOS,NUAL_PJ_PRC,0,12617,2,202,12821,21467,159,Sí
2017,5,COAHUILA,6,CASTAÑOS,NUAL_PJ_PCP,0,12617,2,202,12821,21467,157,Sí
2017,5,COAHUILA,6,CASTAÑOS,NUAL_PRC_PCP,0,12617,2,202,12821,21467,138,Sí
2017,5,COAHUILA,6,CASTAÑOS,SI_PJ_PRC,0,12617,2,202,12821,21467,58,Sí
2017,5,COAHUILA,6,CASTAÑOS,SI_PJ_PCP,0,12617,2,202,12821,21467,56,Sí
2017,5,COAHUILA,6,CASTAÑOS,SI_PRC_PCP,0,12617,2,202,12821,21467,37,Sí
2017,5,COAHUILA,6,CASTAÑOS,PJ_PRC_PCP,0,12617,2,202,12821,21467,47,Sí
2017,5,COAHUILA,6,CASTAÑOS,PRI_PVEM,14,12617,2,202,12821,21467,5444,Sí
2017,5,COAHUILA,6,CASTAÑOS,PRI_NUAL,5,12617,2,202,12821,21467,5382,Sí
2017,5,COAHUILA,6,CASTAÑOS,PRI_SI,0,12617,2,202,12821,21467,5276,Sí
2017,5,COAHUILA,6,CASTAÑOS,PRI_PJ,3,12617,2,202,12821,21467,5289,Sí
2017,5,COAHUILA,6,CASTAÑOS,PRI_PRC,0,12617,2,202,12821,21467,5267,Sí
2017,5,COAHUILA,6,CASTAÑOS,PRI_PCP,2,12617,2,202,12821,21467,5267,Sí
2017,5,COAHUILA,6,CASTAÑOS,PVEM_NUAL,0,12617,2,202,12821,21467,293,Sí
2017,5,COAHUILA,6,CASTAÑOS,PVEM_SI,0,12617,2,202,12821,21467,192,Sí
2017,5,COAHUILA,6,CASTAÑOS,PVEM_PJ,0,12617,2,202,12821,21467,202,Sí
2017,5,COAHUILA,6,CASTAÑOS,PVEM_PRC,0,12617,2,202,12821,21467,183,Sí
2017,5,COAHUILA,6,CASTAÑOS,PVEM_PCP,0,12617,2,202,12821,21467,181,Sí
2017,5,COAHUILA,6,CASTAÑOS,NUAL_SI,0,12617,2,202,12821,21467,139,Sí
2017,5,COAHUILA,6,CASTAÑOS,NUAL_PJ,0,12617,2,202,12821,21467,149,Sí
2017,5,COAHUILA,6,CASTAÑOS,NUAL_PRC,1,12617,2,202,12821,21467,131,Sí
2017,5,COAHUILA,6,CASTAÑOS,NUAL_PCP,0,12617,2,202,12821,21467,128,Sí
2017,5,COAHUILA,6,CASTAÑOS,SI_PJ,0,12617,2,202,12821,21467,48,Sí
2017,5,COAHUILA,6,CASTAÑOS,SI_PRC,0,12617,2,202,12821,21467,29,Sí
2017,5,COAHUILA,6,CASTAÑOS,SI_PCP,0,12617,2,202,12821,21467,27,Sí
2017,5,COAHUILA,6,CASTAÑOS,PJ_PRC,0,12617,2,202,12821,21467,39,Sí
2017,5,COAHUILA,6,CASTAÑOS,PJ_PCP,0,12617,2,202,12821,21467,37,Sí
2017,5,COAHUILA,6,CASTAÑOS,PRC_PCP,0,12617,2,202,12821,21467,18,Sí
2017,5,COAHUILA,7,CUATROCIENEGAS,PAN,1938,6139,1,91,6231,10008,1938,No
2017,5,COAHUILA,7,CUATROCIENEGAS,PRI,2750,6139,1,91,6231,10008,2750,No
2017,5,COAHUILA,7,CUATROCIENEGAS,PRD,291,6139,1,91,6231,10008,291,No
2017,5,COAHUILA,7,CUATROCIENEGAS,PT,103,6139,1,91,6231,10008,103,No
2017,5,COAHUILA,7,CUATROCIENEGAS,PVEM,20,6139,1,91,6231,10008,20,No
2017,5,COAHUILA,7,CUATROCIENEGAS,UDC,23,6139,1,91,6231,10008,23,No
2017,5,COAHUILA,7,CUATROCIENEGAS,MC,686,6139,1,91,6231,10008,686,No
2017,5,COAHUILA,7,CUATROCIENEGAS,NUAL,31,6139,1,91,6231,10008,31,No
2017,5,COAHUILA,7,CUATROCIENEGAS,SI,11,6139,1,91,6231,10008,11,No
2017,5,COAHUILA,7,CUATROCIENEGAS,PPC,14,6139,1,91,6231,10008,14,No
2017,5,COAHUILA,7,CUATROCIENEGAS,PJ,12,6139,1,91,6231,10008,12,No
2017,5,COAHUILA,7,CUATROCIENEGAS,PRC,3,6139,1,91,6231,10008,3,No
2017,5,COAHUILA,7,CUATROCIENEGAS,PCP,7,6139,1,91,6231,10008,7,No
2017,5,COAHUILA,7,CUATROCIENEGAS,MORENA,126,6139,1,91,6231,10008,126,No
2017,5,COAHUILA,7,CUATROCIENEGAS,ES,12,6139,1,91,6231,10008,12,No
2017,5,COAHUILA,7,CUATROCIENEGAS,PAN_UDC_PPC_ES,3,6139,1,91,6231,10008,1990,Sí
2017,5,COAHUILA,7,CUATROCIENEGAS,PAN_UDC_PPC,2,6139,1,91,6231,10008,1977,Sí
2017,5,COAHUILA,7,CUATROCIENEGAS,PAN_UDC_ES,1,6139,1,91,6231,10008,1974,Sí
2017,5,COAHUILA,7,CUATROCIENEGAS,PAN_PPC_ES,0,6139,1,91,6231,10008,1964,Sí
2017,5,COAHUILA,7,CUATROCIENEGAS,UDC_PPC_ES,0,6139,1,91,6231,10008,49,Sí
2017,5,COAHUILA,7,CUATROCIENEGAS,PAN_UDC,8,6139,1,91,6231,10008,1969,Sí
2017,5,COAHUILA,7,CUATROCIENEGAS,PAN_PPC,1,6139,1,91,6231,10008,1953,Sí
2017,5,COAHUILA,7,CUATROCIENEGAS,PAN_ES,3,6139,1,91,6231,10008,1953,Sí
2017,5,COAHUILA,7,CUATROCIENEGAS,UDC_PPC,0,6139,1,91,6231,10008,37,Sí
2017,5,COAHUILA,7,CUATROCIENEGAS,UDC_ES,0,6139,1,91,6231,10008,35,Sí
2017,5,COAHUILA,7,CUATROCIENEGAS,PPC_ES,0,6139,1,91,6231,10008,26,Sí
2017,5,COAHUILA,7,CUATROCIENEGAS,PRI_PVEM_NUAL_SI_PJ_PRC_PCP,1,6139,1,91,6231,10008,2835,Sí
2017,5,COAHUILA,7,CUATROCIENEGAS,PRI_PVEM_NUAL_SI_PJ_PRC,0,6139,1,91,6231,10008,2827,Sí
2017,5,COAHUILA,7,CUATROCIENEGAS,PRI_PVEM_NUAL_SI_PJ_PCP,0,6139,1,91,6231,10008,2831,Sí
2017,5,COAHUILA,7,CUATROCIENEGAS,PRI_PVEM_NUAL_SI_PRC_PCP,0,6139,1,91,6231,10008,2822,Sí
2017,5,COAHUILA,7,CUATROCIENEGAS,PRI_PVEM_NUAL_PJ_PRC_PCP,0,6139,1,91,6231,10008,2823,Sí
2017,5,COAHUILA,7,CUATROCIENEGAS,PRI_PVEM_SI_PJ_PRC_PCP,0,6139,1,91,6231,10008,2803,Sí
2017,5,COAHUILA,7,CUATROCIENEGAS,PRI_NUAL_SI_PJ_PRC_PCP,0,6139,1,91,6231,10008,2814,Sí
2017,5,COAHUILA,7,CUATROCIENEGAS,PVEM_NUAL_SI_PJ_PRC_PCP,0,6139,1,91,6231,10008,84,Sí
2017,5,COAHUILA,7,CUATROCIENEGAS,PRI_PVEM_NUAL_SI_PJ,0,6139,1,91,6231,10008,2824,Sí
2017,5,COAHUILA,7,CUATROCIENEGAS,PRI_PVEM_NUAL_SI_PRC,0,6139,1,91,6231,10008,2815,Sí
2017,5,COAHUILA,7,CUATROCIENEGAS,PRI_PVEM_NUAL_SI_PCP,0,6139,1,91,6231,10008,2819,Sí
2017,5,COAHUILA,7,CUATROCIENEGAS,PRI_PVEM_NUAL_PJ_PRC,0,6139,1,91,6231,10008,2816,Sí
2017,5,COAHUILA,7,CUATROCIENEGAS,PRI_PVEM_NUAL_PJ_PCP,0,6139,1,91,6231,10008,2820,Sí
2017,5,COAHUILA,7,CUATROCIENEGAS,PRI_PVEM_NUAL_PRC_PCP,0,6139,1,91,6231,10008,2811,Sí
2017,5,COAHUILA,7,CUATROCIENEGAS,PRI_PVEM_SI_PJ_PRC,0,6139,1,91,6231,10008,2796,Sí
2017,5,COAHUILA,7,CUATROCIENEGAS,PRI_PVEM_SI_PJ_PCP,0,6139,1,91,6231,10008,2800,Sí
2017,5,COAHUILA,7,CUATROCIENEGAS,PRI_PVEM_SI_PRC_PCP,0,6139,1,91,6231,10008,2791,Sí
2017,5,COAHUILA,7,CUATROCIENEGAS,PRI_PVEM_PJ_PRC_PCP,0,6139,1,91,6231,10008,2792,Sí
2017,5,COAHUILA,7,CUATROCIENEGAS,PRI_NUAL_SI_PJ_PRC,0,6139,1,91,6231,10008,2807,Sí
2017,5,COAHUILA,7,CUATROCIENEGAS,PRI_NUAL_SI_PJ_PCP,0,6139,1,91,6231,10008,2811,Sí
2017,5,COAHUILA,7,CUATROCIENEGAS,PRI_NUAL_SI_PRC_PCP,0,6139,1,91,6231,10008,2802,Sí
2017,5,COAHUILA,7,CUATROCIENEGAS,PRI_NUAL_PJ_PRC_PCP,0,6139,1,91,6231,10008,2803,Sí
2017,5,COAHUILA,7,CUATROCIENEGAS,PRI_SI_PJ_PRC_PCP,0,6139,1,91,6231,10008,2783,Sí
2017,5,COAHUILA,7,CUATROCIENEGAS,PVEM_NUAL_SI_PJ_PRC,0,6139,1,91,6231,10008,77,Sí
2017,5,COAHUILA,7,CUATROCIENEGAS,PVEM_NUAL_SI_PJ_PCP,0,6139,1,91,6231,10008,81,Sí
2017,5,COAHUILA,7,CUATROCIENEGAS,PVEM_NUAL_SI_PRC_PCP,0,6139,1,91,6231,10008,72,Sí
2017,5,COAHUILA,7,CUATROCIENEGAS,PVEM_NUAL_PJ_PRC_PCP,0,6139,1,91,6231,10008,73,Sí
2017,5,COAHUILA,7,CUATROCIENEGAS,PVEM_SI_PJ_PRC_PCP,0,6139,1,91,6231,10008,53,Sí
2017,5,COAHUILA,7,CUATROCIENEGAS,NUAL_SI_PJ_PRC_PCP,0,6139,1,91,6231,10008,64,Sí
2017,5,COAHUILA,7,CUATROCIENEGAS,PRI_PVEM_NUAL_SI,0,6139,1,91,6231,10008,2812,Sí
2017,5,COAHUILA,7,CUATROCIENEGAS,PRI_PVEM_NUAL_PJ,0,6139,1,91,6231,10008,2813,Sí
2017,5,COAHUILA,7,CUATROCIENEGAS,PRI_PVEM_NUAL_PRC,0,6139,1,91,6231,10008,2804,Sí
2017,5,COAHUILA,7,CUATROCIENEGAS,PRI_PVEM_NUAL_PCP,0,6139,1,91,6231,10008,2808,Sí
2017,5,COAHUILA,7,CUATROCIENEGAS,PRI_PVEM_SI_PJ,0,6139,1,91,6231,10008,2793,Sí
2017,5,COAHUILA,7,CUATROCIENEGAS,PRI_PVEM_SI_PRC,0,6139,1,91,6231,10008,2784,Sí
2017,5,COAHUILA,7,CUATROCIENEGAS,PRI_PVEM_SI_PCP,0,6139,1,91,6231,10008,2788,Sí
2017,5,COAHUILA,7,CUATROCIENEGAS,PRI_PVEM_PJ_PRC,0,6139,1,91,6231,10008,2785,Sí
2017,5,COAHUILA,7,CUATROCIENEGAS,PRI_PVEM_PJ_PCP,0,6139,1,91,6231,10008,2789,Sí
2017,5,COAHUILA,7,CUATROCIENEGAS,PRI_PVEM_PRC_PCP,0,6139,1,91,6231,10008,2780,Sí
2017,5,COAHUILA,7,CUATROCIENEGAS,PRI_NUAL_SI_PJ,0,6139,1,91,6231,10008,2804,Sí
2017,5,COAHUILA,7,CUATROCIENEGAS,PRI_NUAL_SI_PRC,0,6139,1,91,6231,10008,2795,Sí
2017,5,COAHUILA,7,CUATROCIENEGAS,PRI_NUAL_SI_PCP,0,6139,1,91,6231,10008,2799,Sí
2017,5,COAHUILA,7,CUATROCIENEGAS,PRI_NUAL_PJ_PRC,0,6139,1,91,6231,10008,2796,Sí
2017,5,COAHUILA,7,CUATROCIENEGAS,PRI_NUAL_PJ_PCP,0,6139,1,91,6231,10008,2800,Sí
2017,5,COAHUILA,7,CUATROCIENEGAS,PRI_NUAL_PRC_PCP,0,6139,1,91,6231,10008,2791,Sí
2017,5,COAHUILA,7,CUATROCIENEGAS,PRI_SI_PJ_PRC,0,6139,1,91,6231,10008,2776,Sí
2017,5,COAHUILA,7,CUATROCIENEGAS,PRI_SI_PJ_PCP,0,6139,1,91,6231,10008,2780,Sí
2017,5,COAHUILA,7,CUATROCIENEGAS,PRI_SI_PRC_PCP,0,6139,1,91,6231,10008,2771,Sí
2017,5,COAHUILA,7,CUATROCIENEGAS,PRI_PJ_PRC_PCP,0,6139,1,91,6231,10008,2772,Sí
2017,5,COAHUILA,7,CUATROCIENEGAS,PVEM_NUAL_SI_PJ,0,6139,1,91,6231,10008,74,Sí
2017,5,COAHUILA,7,CUATROCIENEGAS,PVEM_NUAL_SI_PRC,0,6139,1,91,6231,10008,65,Sí
2017,5,COAHUILA,7,CUATROCIENEGAS,PVEM_NUAL_SI_PCP,0,6139,1,91,6231,10008,69,Sí
2017,5,COAHUILA,7,CUATROCIENEGAS,PVEM_NUAL_PJ_PRC,0,6139,1,91,6231,10008,66,Sí
2017,5,COAHUILA,7,CUATROCIENEGAS,PVEM_NUAL_PJ_PCP,0,6139,1,91,6231,10008,70,Sí
2017,5,COAHUILA,7,CUATROCIENEGAS,PVEM_NUAL_PRC_PCP,0,6139,1,91,6231,10008,61,Sí
2017,5,COAHUILA,7,CUATROCIENEGAS,PVEM_SI_PJ_PRC,0,6139,1,91,6231,10008,46,Sí
2017,5,COAHUILA,7,CUATROCIENEGAS,PVEM_SI_PJ_PCP,0,6139,1,91,6231,10008,50,Sí
2017,5,COAHUILA,7,CUATROCIENEGAS,PVEM_SI_PRC_PCP,0,6139,1,91,6231,10008,41,Sí
2017,5,COAHUILA,7,CUATROCIENEGAS,PVEM_PJ_PRC_PCP,0,6139,1,91,6231,10008,42,Sí
2017,5,COAHUILA,7,CUATROCIENEGAS,NUAL_SI_PJ_PRC,0,6139,1,91,6231,10008,57,Sí
2017,5,COAHUILA,7,CUATROCIENEGAS,NUAL_SI_PJ_PCP,0,6139,1,91,6231,10008,61,Sí
2017,5,COAHUILA,7,CUATROCIENEGAS,NUAL_SI_PRC_PCP,0,6139,1,91,6231,10008,52,Sí
2017,5,COAHUILA,7,CUATROCIENEGAS,NUAL_PJ_PRC_PCP,0,6139,1,91,6231,10008,53,Sí
2017,5,COAHUILA,7,CUATROCIENEGAS,SI_PJ_PRC_PCP,0,6139,1,91,6231,10008,33,Sí
2017,5,COAHUILA,7,CUATROCIENEGAS,PRI_PVEM_NUAL,1,6139,1,91,6231,10008,2802,Sí
2017,5,COAHUILA,7,CUATROCIENEGAS,PRI_PVEM_SI,0,6139,1,91,6231,10008,2781,Sí
2017,5,COAHUILA,7,CUATROCIENEGAS,PRI_PVEM_PJ,0,6139,1,91,6231,10008,2782,Sí
2017,5,COAHUILA,7,CUATROCIENEGAS,PRI_PVEM_PRC,0,6139,1,91,6231,10008,2773,Sí
2017,5,COAHUILA,7,CUATROCIENEGAS,PRI_PVEM_PCP,0,6139,1,91,6231,10008,2777,Sí
2017,5,COAHUILA,7,CUATROCIENEGAS,PRI_NUAL_SI,0,6139,1,91,6231,10008,2792,Sí
2017,5,COAHUILA,7,CUATROCIENEGAS,PRI_NUAL_PJ,0,6139,1,91,6231,10008,2793,Sí
2017,5,COAHUILA,7,CUATROCIENEGAS,PRI_NUAL_PRC,1,6139,1,91,6231,10008,2785,Sí
2017,5,COAHUILA,7,CUATROCIENEGAS,PRI_NUAL_PCP,0,6139,1,91,6231,10008,2788,Sí
2017,5,COAHUILA,7,CUATROCIENEGAS,PRI_SI_PJ,1,6139,1,91,6231,10008,2774,Sí
2017,5,COAHUILA,7,CUATROCIENEGAS,PRI_SI_PRC,0,6139,1,91,6231,10008,2764,Sí
2017,5,COAHUILA,7,CUATROCIENEGAS,PRI_SI_PCP,0,6139,1,91,6231,10008,2768,Sí
2017,5,COAHUILA,7,CUATROCIENEGAS,PRI_PJ_PRC,0,6139,1,91,6231,10008,2765,Sí
2017,5,COAHUILA,7,CUATROCIENEGAS,PRI_PJ_PCP,0,6139,1,91,6231,10008,2769,Sí
2017,5,COAHUILA,7,CUATROCIENEGAS,PRI_PRC_PCP,0,6139,1,91,6231,10008,2760,Sí
2017,5,COAHUILA,7,CUATROCIENEGAS,PVEM_NUAL_SI,0,6139,1,91,6231,10008,62,Sí
2017,5,COAHUILA,7,CUATROCIENEGAS,PVEM_NUAL_PJ,0,6139,1,91,6231,10008,63,Sí
2017,5,COAHUILA,7,CUATROCIENEGAS,PVEM_NUAL_PRC,0,6139,1,91,6231,10008,54,Sí
2017,5,COAHUILA,7,CUATROCIENEGAS,PVEM_NUAL_PCP,0,6139,1,91,6231,10008,58,Sí
2017,5,COAHUILA,7,CUATROCIENEGAS,PVEM_SI_PJ,0,6139,1,91,6231,10008,43,Sí
2017,5,COAHUILA,7,CUATROCIENEGAS,PVEM_SI_PRC,0,6139,1,91,6231,10008,34,Sí
2017,5,COAHUILA,7,CUATROCIENEGAS,PVEM_SI_PCP,0,6139,1,91,6231,10008,38,Sí
2017,5,COAHUILA,7,CUATROCIENEGAS,PVEM_PJ_PRC,0,6139,1,91,6231,10008,35,Sí
2017,5,COAHUILA,7,CUATROCIENEGAS,PVEM_PJ_PCP,0,6139,1,91,6231,10008,39,Sí
2017,5,COAHUILA,7,CUATROCIENEGAS,PVEM_PRC_PCP,0,6139,1,91,6231,10008,30,Sí
2017,5,COAHUILA,7,CUATROCIENEGAS,NUAL_SI_PJ,0,6139,1,91,6231,10008,54,Sí
2017,5,COAHUILA,7,CUATROCIENEGAS,NUAL_SI_PRC,0,6139,1,91,6231,10008,45,Sí
2017,5,COAHUILA,7,CUATROCIENEGAS,NUAL_SI_PCP,0,6139,1,91,6231,10008,49,Sí
2017,5,COAHUILA,7,CUATROCIENEGAS,NUAL_PJ_PRC,0,6139,1,91,6231,10008,46,Sí
2017,5,COAHUILA,7,CUATROCIENEGAS,NUAL_PJ_PCP,0,6139,1,91,6231,10008,50,Sí
2017,5,COAHUILA,7,CUATROCIENEGAS,NUAL_PRC_PCP,0,6139,1,91,6231,10008,41,Sí
2017,5,COAHUILA,7,CUATROCIENEGAS,SI_PJ_PRC,0,6139,1,91,6231,10008,26,Sí
2017,5,COAHUILA,7,CUATROCIENEGAS,SI_PJ_PCP,0,6139,1,91,6231,10008,30,Sí
2017,5,COAHUILA,7,CUATROCIENEGAS,SI_PRC_PCP,0,6139,1,91,6231,10008,21,Sí
2017,5,COAHUILA,7,CUATROCIENEGAS,PJ_PRC_PCP,0,6139,1,91,6231,10008,22,Sí
2017,5,COAHUILA,7,CUATROCIENEGAS,PRI_PVEM,8,6139,1,91,6231,10008,2778,Sí
2017,5,COAHUILA,7,CUATROCIENEGAS,PRI_NUAL,3,6139,1,91,6231,10008,2784,Sí
2017,5,COAHUILA,7,CUATROCIENEGAS,PRI_SI,0,6139,1,91,6231,10008,2761,Sí
2017,5,COAHUILA,7,CUATROCIENEGAS,PRI_PJ,1,6139,1,91,6231,10008,2763,Sí
2017,5,COAHUILA,7,CUATROCIENEGAS,PRI_PRC,0,6139,1,91,6231,10008,2753,Sí
2017,5,COAHUILA,7,CUATROCIENEGAS,PRI_PCP,1,6139,1,91,6231,10008,2758,Sí
2017,5,COAHUILA,7,CUATROCIENEGAS,PVEM_NUAL,0,6139,1,91,6231,10008,51,Sí
2017,5,COAHUILA,7,CUATROCIENEGAS,PVEM_SI,0,6139,1,91,6231,10008,31,Sí
2017,5,COAHUILA,7,CUATROCIENEGAS,PVEM_PJ,0,6139,1,91,6231,10008,32,Sí
2017,5,COAHUILA,7,CUATROCIENEGAS,PVEM_PRC,0,6139,1,91,6231,10008,23,Sí
2017,5,COAHUILA,7,CUATROCIENEGAS,PVEM_PCP,0,6139,1,91,6231,10008,27,Sí
2017,5,COAHUILA,7,CUATROCIENEGAS,NUAL_SI,0,6139,1,91,6231,10008,42,Sí
2017,5,COAHUILA,7,CUATROCIENEGAS,NUAL_PJ,0,6139,1,91,6231,10008,43,Sí
2017,5,COAHUILA,7,CUATROCIENEGAS,NUAL_PRC,0,6139,1,91,6231,10008,34,Sí
2017,5,COAHUILA,7,CUATROCIENEGAS,NUAL_PCP,0,6139,1,91,6231,10008,38,Sí
2017,5,COAHUILA,7,CUATROCIENEGAS,SI_PJ,0,6139,1,91,6231,10008,23,Sí
2017,5,COAHUILA,7,CUATROCIENEGAS,SI_PRC,0,6139,1,91,6231,10008,14,Sí
2017,5,COAHUILA,7,CUATROCIENEGAS,SI_PCP,0,6139,1,91,6231,10008,18,Sí
2017,5,COAHUILA,7,CUATROCIENEGAS,PJ_PRC,0,6139,1,91,6231,10008,15,Sí
2017,5,COAHUILA,7,CUATROCIENEGAS,PJ_PCP,0,6139,1,91,6231,10008,19,Sí
2017,5,COAHUILA,7,CUATROCIENEGAS,PRC_PCP,0,6139,1,91,6231,10008,10,Sí
2017,5,COAHUILA,7,CUATROCIENEGAS,Candidatura Independiente,77,6139,1,91,6231,10008,77,No
2017,5,COAHUILA,8,ESCOBEDO,PAN,18,1691,0,27,1718,2479,18,No
2017,5,COAHUILA,8,ESCOBEDO,PRI,849,1691,0,27,1718,2479,849,No
2017,5,COAHUILA,8,ESCOBEDO,PRD,593,1691,0,27,1718,2479,593,No
2017,5,COAHUILA,8,ESCOBEDO,PT,0,1691,0,27,1718,2479,0,No
2017,5,COAHUILA,8,ESCOBEDO,PVEM,2,1691,0,27,1718,2479,2,No
2017,5,COAHUILA,8,ESCOBEDO,UDC,1,1691,0,27,1718,2479,1,No
2017,5,COAHUILA,8,ESCOBEDO,MC,0,1691,0,27,1718,2479,0,No
2017,5,COAHUILA,8,ESCOBEDO,NUAL,3,1691,0,27,1718,2479,3,No
2017,5,COAHUILA,8,ESCOBEDO,SI,0,1691,0,27,1718,2479,0,No
2017,5,COAHUILA,8,ESCOBEDO,PPC,3,1691,0,27,1718,2479,3,No
2017,5,COAHUILA,8,ESCOBEDO,PJ,2,1691,0,27,1718,2479,2,No
2017,5,COAHUILA,8,ESCOBEDO,PRC,5,1691,0,27,1718,2479,5,No
2017,5,COAHUILA,8,ESCOBEDO,PCP,0,1691,0,27,1718,2479,0,No
2017,5,COAHUILA,8,ESCOBEDO,MORENA,199,1691,0,27,1718,2479,199,No
2017,5,COAHUILA,8,ESCOBEDO,ES,10,1691,0,27,1718,2479,10,No
2017,5,COAHUILA,8,ESCOBEDO,PAN_UDC_PPC_ES,0,1691,0,27,1718,2479,32,Sí
2017,5,COAHUILA,8,ESCOBEDO,PAN_UDC_PPC,0,1691,0,27,1718,2479,22,Sí
2017,5,COAHUILA,8,ESCOBEDO,PAN_UDC_ES,0,1691,0,27,1718,2479,29,Sí
2017,5,COAHUILA,8,ESCOBEDO,PAN_PPC_ES,0,1691,0,27,1718,2479,31,Sí
2017,5,COAHUILA,8,ESCOBEDO,UDC_PPC_ES,0,1691,0,27,1718,2479,14,Sí
2017,5,COAHUILA,8,ESCOBEDO,PAN_UDC,0,1691,0,27,1718,2479,19,Sí
2017,5,COAHUILA,8,ESCOBEDO,PAN_PPC,0,1691,0,27,1718,2479,21,Sí
2017,5,COAHUILA,8,ESCOBEDO,PAN_ES,0,1691,0,27,1718,2479,28,Sí
2017,5,COAHUILA,8,ESCOBEDO,UDC_PPC,0,1691,0,27,1718,2479,4,Sí
2017,5,COAHUILA,8,ESCOBEDO,UDC_ES,0,1691,0,27,1718,2479,11,Sí
2017,5,COAHUILA,8,ESCOBEDO,PPC_ES,1,1691,0,27,1718,2479,14,Sí
2017,5,COAHUILA,8,ESCOBEDO,PRI_PVEM_NUAL_SI_PJ_PRC_PCP,0,1691,0,27,1718,2479,861,Sí
2017,5,COAHUILA,8,ESCOBEDO,PRI_PVEM_NUAL_SI_PJ_PRC,0,1691,0,27,1718,2479,861,Sí
2017,5,COAHUILA,8,ESCOBEDO,PRI_PVEM_NUAL_SI_PJ_PCP,0,1691,0,27,1718,2479,856,Sí
2017,5,COAHUILA,8,ESCOBEDO,PRI_PVEM_NUAL_SI_PRC_PCP,0,1691,0,27,1718,2479,859,Sí
2017,5,COAHUILA,8,ESCOBEDO,PRI_PVEM_NUAL_PJ_PRC_PCP,0,1691,0,27,1718,2479,861,Sí
2017,5,COAHUILA,8,ESCOBEDO,PRI_PVEM_SI_PJ_PRC_PCP,0,1691,0,27,1718,2479,858,Sí
2017,5,COAHUILA,8,ESCOBEDO,PRI_NUAL_SI_PJ_PRC_PCP,0,1691,0,27,1718,2479,859,Sí
2017,5,COAHUILA,8,ESCOBEDO,PVEM_NUAL_SI_PJ_PRC_PCP,0,1691,0,27,1718,2479,12,Sí
2017,5,COAHUILA,8,ESCOBEDO,PRI_PVEM_NUAL_SI_PJ,0,1691,0,27,1718,2479,856,Sí
2017,5,COAHUILA,8,ESCOBEDO,PRI_PVEM_NUAL_SI_PRC,0,1691,0,27,1718,2479,859,Sí
2017,5,COAHUILA,8,ESCOBEDO,PRI_PVEM_NUAL_SI_PCP,0,1691,0,27,1718,2479,854,Sí
2017,5,COAHUILA,8,ESCOBEDO,PRI_PVEM_NUAL_PJ_PRC,0,1691,0,27,1718,2479,861,Sí
2017,5,COAHUILA,8,ESCOBEDO,PRI_PVEM_NUAL_PJ_PCP,0,1691,0,27,1718,2479,856,Sí
2017,5,COAHUILA,8,ESCOBEDO,PRI_PVEM_NUAL_PRC_PCP,0,1691,0,27,1718,2479,859,Sí
2017,5,COAHUILA,8,ESCOBEDO,PRI_PVEM_SI_PJ_PRC,0,1691,0,27,1718,2479,858,Sí
2017,5,COAHUILA,8,ESCOBEDO,PRI_PVEM_SI_PJ_PCP,0,1691,0,27,1718,2479,853,Sí
2017,5,COAHUILA,8,ESCOBEDO,PRI_PVEM_SI_PRC_PCP,0,1691,0,27,1718,2479,856,Sí
2017,5,COAHUILA,8,ESCOBEDO,PRI_PVEM_PJ_PRC_PCP,0,1691,0,27,1718,2479,858,Sí
2017,5,COAHUILA,8,ESCOBEDO,PRI_NUAL_SI_PJ_PRC,0,1691,0,27,1718,2479,859,Sí
2017,5,COAHUILA,8,ESCOBEDO,PRI_NUAL_SI_PJ_PCP,0,1691,0,27,1718,2479,854,Sí
2017,5,COAHUILA,8,ESCOBEDO,PRI_NUAL_SI_PRC_PCP,0,1691,0,27,1718,2479,857,Sí
2017,5,COAHUILA,8,ESCOBEDO,PRI_NUAL_PJ_PRC_PCP,0,1691,0,27,1718,2479,859,Sí
2017,5,COAHUILA,8,ESCOBEDO,PRI_SI_PJ_PRC_PCP,0,1691,0,27,1718,2479,856,Sí
2017,5,COAHUILA,8,ESCOBEDO,PVEM_NUAL_SI_PJ_PRC,0,1691,0,27,1718,2479,12,Sí
2017,5,COAHUILA,8,ESCOBEDO,PVEM_NUAL_SI_PJ_PCP,0,1691,0,27,1718,2479,7,Sí
2017,5,COAHUILA,8,ESCOBEDO,PVEM_NUAL_SI_PRC_PCP,0,1691,0,27,1718,2479,10,Sí
2017,5,COAHUILA,8,ESCOBEDO,PVEM_NUAL_PJ_PRC_PCP,0,1691,0,27,1718,2479,12,Sí
2017,5,COAHUILA,8,ESCOBEDO,PVEM_SI_PJ_PRC_PCP,0,1691,0,27,1718,2479,9,Sí
2017,5,COAHUILA,8,ESCOBEDO,NUAL_SI_PJ_PRC_PCP,0,1691,0,27,1718,2479,10,Sí
2017,5,COAHUILA,8,ESCOBEDO,PRI_PVEM_NUAL_SI,0,1691,0,27,1718,2479,854,Sí
2017,5,COAHUILA,8,ESCOBEDO,PRI_PVEM_NUAL_PJ,0,1691,0,27,1718,2479,856,Sí
2017,5,COAHUILA,8,ESCOBEDO,PRI_PVEM_NUAL_PRC,0,1691,0,27,1718,2479,859,Sí
2017,5,COAHUILA,8,ESCOBEDO,PRI_PVEM_NUAL_PCP,0,1691,0,27,1718,2479,854,Sí
2017,5,COAHUILA,8,ESCOBEDO,PRI_PVEM_SI_PJ,0,1691,0,27,1718,2479,853,Sí
2017,5,COAHUILA,8,ESCOBEDO,PRI_PVEM_SI_PRC,0,1691,0,27,1718,2479,856,Sí
2017,5,COAHUILA,8,ESCOBEDO,PRI_PVEM_SI_PCP,0,1691,0,27,1718,2479,851,Sí
2017,5,COAHUILA,8,ESCOBEDO,PRI_PVEM_PJ_PRC,0,1691,0,27,1718,2479,858,Sí
2017,5,COAHUILA,8,ESCOBEDO,PRI_PVEM_PJ_PCP,0,1691,0,27,1718,2479,853,Sí
2017,5,COAHUILA,8,ESCOBEDO,PRI_PVEM_PRC_PCP,0,1691,0,27,1718,2479,856,Sí
2017,5,COAHUILA,8,ESCOBEDO,PRI_NUAL_SI_PJ,0,1691,0,27,1718,2479,854,Sí
2017,5,COAHUILA,8,ESCOBEDO,PRI_NUAL_SI_PRC,0,1691,0,27,1718,2479,857,Sí
2017,5,COAHUILA,8,ESCOBEDO,PRI_NUAL_SI_PCP,0,1691,0,27,1718,2479,852,Sí
2017,5,COAHUILA,8,ESCOBEDO,PRI_NUAL_PJ_PRC,0,1691,0,27,1718,2479,859,Sí
2017,5,COAHUILA,8,ESCOBEDO,PRI_NUAL_PJ_PCP,0,1691,0,27,1718,2479,854,Sí
2017,5,COAHUILA,8,ESCOBEDO,PRI_NUAL_PRC_PCP,0,1691,0,27,1718,2479,857,Sí
2017,5,COAHUILA,8,ESCOBEDO,PRI_SI_PJ_PRC,0,1691,0,27,1718,2479,856,Sí
2017,5,COAHUILA,8,ESCOBEDO,PRI_SI_PJ_PCP,0,1691,0,27,1718,2479,851,Sí
2017,5,COAHUILA,8,ESCOBEDO,PRI_SI_PRC_PCP,0,1691,0,27,1718,2479,854,Sí
2017,5,COAHUILA,8,ESCOBEDO,PRI_PJ_PRC_PCP,0,1691,0,27,1718,2479,856,Sí
2017,5,COAHUILA,8,ESCOBEDO,PVEM_NUAL_SI_PJ,0,1691,0,27,1718,2479,7,Sí
2017,5,COAHUILA,8,ESCOBEDO,PVEM_NUAL_SI_PRC,0,1691,0,27,1718,2479,10,Sí
2017,5,COAHUILA,8,ESCOBEDO,PVEM_NUAL_SI_PCP,0,1691,0,27,1718,2479,5,Sí
2017,5,COAHUILA,8,ESCOBEDO,PVEM_NUAL_PJ_PRC,0,1691,0,27,1718,2479,12,Sí
2017,5,COAHUILA,8,ESCOBEDO,PVEM_NUAL_PJ_PCP,0,1691,0,27,1718,2479,7,Sí
2017,5,COAHUILA,8,ESCOBEDO,PVEM_NUAL_PRC_PCP,0,1691,0,27,1718,2479,10,Sí
2017,5,COAHUILA,8,ESCOBEDO,PVEM_SI_PJ_PRC,0,1691,0,27,1718,2479,9,Sí
2017,5,COAHUILA,8,ESCOBEDO,PVEM_SI_PJ_PCP,0,1691,0,27,1718,2479,4,Sí
2017,5,COAHUILA,8,ESCOBEDO,PVEM_SI_PRC_PCP,0,1691,0,27,1718,2479,7,Sí
2017,5,COAHUILA,8,ESCOBEDO,PVEM_PJ_PRC_PCP,0,1691,0,27,1718,2479,9,Sí
2017,5,COAHUILA,8,ESCOBEDO,NUAL_SI_PJ_PRC,0,1691,0,27,1718,2479,10,Sí
2017,5,COAHUILA,8,ESCOBEDO,NUAL_SI_PJ_PCP,0,1691,0,27,1718,2479,5,Sí
2017,5,COAHUILA,8,ESCOBEDO,NUAL_SI_PRC_PCP,0,1691,0,27,1718,2479,8,Sí
2017,5,COAHUILA,8,ESCOBEDO,NUAL_PJ_PRC_PCP,0,1691,0,27,1718,2479,10,Sí
2017,5,COAHUILA,8,ESCOBEDO,SI_PJ_PRC_PCP,0,1691,0,27,1718,2479,7,Sí
2017,5,COAHUILA,8,ESCOBEDO,PRI_PVEM_NUAL,2,1691,0,27,1718,2479,856,Sí
2017,5,COAHUILA,8,ESCOBEDO,PRI_PVEM_SI,0,1691,0,27,1718,2479,851,Sí
2017,5,COAHUILA,8,ESCOBEDO,PRI_PVEM_PJ,0,1691,0,27,1718,2479,853,Sí
2017,5,COAHUILA,8,ESCOBEDO,PRI_PVEM_PRC,0,1691,0,27,1718,2479,856,Sí
2017,5,COAHUILA,8,ESCOBEDO,PRI_PVEM_PCP,0,1691,0,27,1718,2479,851,Sí
2017,5,COAHUILA,8,ESCOBEDO,PRI_NUAL_SI,0,1691,0,27,1718,2479,852,Sí
2017,5,COAHUILA,8,ESCOBEDO,PRI_NUAL_PJ,0,1691,0,27,1718,2479,854,Sí
2017,5,COAHUILA,8,ESCOBEDO,PRI_NUAL_PRC,0,1691,0,27,1718,2479,857,Sí
2017,5,COAHUILA,8,ESCOBEDO,PRI_NUAL_PCP,0,1691,0,27,1718,2479,852,Sí
2017,5,COAHUILA,8,ESCOBEDO,PRI_SI_PJ,0,1691,0,27,1718,2479,851,Sí
2017,5,COAHUILA,8,ESCOBEDO,PRI_SI_PRC,0,1691,0,27,1718,2479,854,Sí
2017,5,COAHUILA,8,ESCOBEDO,PRI_SI_PCP,0,1691,0,27,1718,2479,849,Sí
2017,5,COAHUILA,8,ESCOBEDO,PRI_PJ_PRC,0,1691,0,27,1718,2479,856,Sí
2017,5,COAHUILA,8,ESCOBEDO,PRI_PJ_PCP,0,1691,0,27,1718,2479,851,Sí
2017,5,COAHUILA,8,ESCOBEDO,PRI_PRC_PCP,0,1691,0,27,1718,2479,854,Sí
2017,5,COAHUILA,8,ESCOBEDO,PVEM_NUAL_SI,0,1691,0,27,1718,2479,5,Sí
2017,5,COAHUILA,8,ESCOBEDO,PVEM_NUAL_PJ,0,1691,0,27,1718,2479,7,Sí
2017,5,COAHUILA,8,ESCOBEDO,PVEM_NUAL_PRC,0,1691,0,27,1718,2479,10,Sí
2017,5,COAHUILA,8,ESCOBEDO,PVEM_NUAL_PCP,0,1691,0,27,1718,2479,5,Sí
2017,5,COAHUILA,8,ESCOBEDO,PVEM_SI_PJ,0,1691,0,27,1718,2479,4,Sí
2017,5,COAHUILA,8,ESCOBEDO,PVEM_SI_PRC,0,1691,0,27,1718,2479,7,Sí
2017,5,COAHUILA,8,ESCOBEDO,PVEM_SI_PCP,0,1691,0,27,1718,2479,2,Sí
2017,5,COAHUILA,8,ESCOBEDO,PVEM_PJ_PRC,0,1691,0,27,1718,2479,9,Sí
2017,5,COAHUILA,8,ESCOBEDO,PVEM_PJ_PCP,0,1691,0,27,1718,2479,4,Sí
2017,5,COAHUILA,8,ESCOBEDO,PVEM_PRC_PCP,0,1691,0,27,1718,2479,7,Sí
2017,5,COAHUILA,8,ESCOBEDO,NUAL_SI_PJ,0,1691,0,27,1718,2479,5,Sí
2017,5,COAHUILA,8,ESCOBEDO,NUAL_SI_PRC,0,1691,0,27,1718,2479,8,Sí
2017,5,COAHUILA,8,ESCOBEDO,NUAL_SI_PCP,0,1691,0,27,1718,2479,3,Sí
2017,5,COAHUILA,8,ESCOBEDO,NUAL_PJ_PRC,0,1691,0,27,1718,2479,10,Sí
2017,5,COAHUILA,8,ESCOBEDO,NUAL_PJ_PCP,0,1691,0,27,1718,2479,5,Sí
2017,5,COAHUILA,8,ESCOBEDO,NUAL_PRC_PCP,0,1691,0,27,1718,2479,8,Sí
2017,5,COAHUILA,8,ESCOBEDO,SI_PJ_PRC,0,1691,0,27,1718,2479,7,Sí
2017,5,COAHUILA,8,ESCOBEDO,SI_PJ_PCP,0,1691,0,27,1718,2479,2,Sí
2017,5,COAHUILA,8,ESCOBEDO,SI_PRC_PCP,0,1691,0,27,1718,2479,5,Sí
2017,5,COAHUILA,8,ESCOBEDO,PJ_PRC_PCP,0,1691,0,27,1718,2479,7,Sí
2017,5,COAHUILA,8,ESCOBEDO,PRI_PVEM,2,1691,0,27,1718,2479,853,Sí
2017,5,COAHUILA,8,ESCOBEDO,PRI_NUAL,0,1691,0,27,1718,2479,852,Sí
2017,5,COAHUILA,8,ESCOBEDO,PRI_SI,1,1691,0,27,1718,2479,850,Sí
2017,5,COAHUILA,8,ESCOBEDO,PRI_PJ,0,1691,0,27,1718,2479,851,Sí
2017,5,COAHUILA,8,ESCOBEDO,PRI_PRC,0,1691,0,27,1718,2479,854,Sí
2017,5,COAHUILA,8,ESCOBEDO,PRI_PCP,0,1691,0,27,1718,2479,849,Sí
2017,5,COAHUILA,8,ESCOBEDO,PVEM_NUAL,0,1691,0,27,1718,2479,5,Sí
2017,5,COAHUILA,8,ESCOBEDO,PVEM_SI,0,1691,0,27,1718,2479,2,Sí
2017,5,COAHUILA,8,ESCOBEDO,PVEM_PJ,0,1691,0,27,1718,2479,4,Sí
2017,5,COAHUILA,8,ESCOBEDO,PVEM_PRC,0,1691,0,27,1718,2479,7,Sí
2017,5,COAHUILA,8,ESCOBEDO,PVEM_PCP,0,1691,0,27,1718,2479,2,Sí
2017,5,COAHUILA,8,ESCOBEDO,NUAL_SI,0,1691,0,27,1718,2479,3,Sí
2017,5,COAHUILA,8,ESCOBEDO,NUAL_PJ,0,1691,0,27,1718,2479,5,Sí
2017,5,COAHUILA,8,ESCOBEDO,NUAL_PRC,0,1691,0,27,1718,2479,8,Sí
2017,5,COAHUILA,8,ESCOBEDO,NUAL_PCP,0,1691,0,27,1718,2479,3,Sí
2017,5,COAHUILA,8,ESCOBEDO,SI_PJ,0,1691,0,27,1718,2479,2,Sí
2017,5,COAHUILA,8,ESCOBEDO,SI_PRC,0,1691,0,27,1718,2479,5,Sí
2017,5,COAHUILA,8,ESCOBEDO,SI_PCP,0,1691,0,27,1718,2479,0,Sí
2017,5,COAHUILA,8,ESCOBEDO,PJ_PRC,0,1691,0,27,1718,2479,7,Sí
2017,5,COAHUILA,8,ESCOBEDO,PJ_PCP,0,1691,0,27,1718,2479,2,Sí
2017,5,COAHUILA,8,ESCOBEDO,PRC_PCP,0,1691,0,27,1718,2479,5,Sí
2017,5,COAHUILA,9,FRANCISCO I.MADERO,PAN,4646,27424,4,557,27985,43557,4646,No
2017,5,COAHUILA,9,FRANCISCO I.MADERO,PRI,9202,27424,4,557,27985,43557,9202,No
2017,5,COAHUILA,9,FRANCISCO I.MADERO,PRD,452,27424,4,557,27985,43557,452,No
2017,5,COAHUILA,9,FRANCISCO I.MADERO,PT,140,27424,4,557,27985,43557,140,No
2017,5,COAHUILA,9,FRANCISCO I.MADERO,PVEM,1142,27424,4,557,27985,43557,1142,No
2017,5,COAHUILA,9,FRANCISCO I.MADERO,UDC,1376,27424,4,557,27985,43557,1376,No
2017,5,COAHUILA,9,FRANCISCO I.MADERO,MC,102,27424,4,557,27985,43557,102,No
2017,5,COAHUILA,9,FRANCISCO I.MADERO,NUAL,396,27424,4,557,27985,43557,396,No
2017,5,COAHUILA,9,FRANCISCO I.MADERO,SI,265,27424,4,557,27985,43557,265,No
2017,5,COAHUILA,9,FRANCISCO I.MADERO,PPC,552,27424,4,557,27985,43557,552,No
2017,5,COAHUILA,9,FRANCISCO I.MADERO,PJ,6614,27424,4,557,27985,43557,6614,No
2017,5,COAHUILA,9,FRANCISCO I.MADERO,PRC,344,27424,4,557,27985,43557,344,No
2017,5,COAHUILA,9,FRANCISCO I.MADERO,PCP,52,27424,4,557,27985,43557,52,No
2017,5,COAHUILA,9,FRANCISCO I.MADERO,MORENA,1865,27424,4,557,27985,43557,1865,No
2017,5,COAHUILA,9,FRANCISCO I.MADERO,ES,147,27424,4,557,27985,43557,147,No
2017,5,COAHUILA,9,FRANCISCO I.MADERO,PAN_UDC_PPC_ES,20,27424,4,557,27985,43557,6741,Sí
2017,5,COAHUILA,9,FRANCISCO I.MADERO,PAN_UDC_PPC,23,27424,4,557,27985,43557,6597,Sí
2017,5,COAHUILA,9,FRANCISCO I.MADERO,PAN_UDC_ES,4,27424,4,557,27985,43557,6173,Sí
2017,5,COAHUILA,9,FRANCISCO I.MADERO,PAN_PPC_ES,1,27424,4,557,27985,43557,5346,Sí
2017,5,COAHUILA,9,FRANCISCO I.MADERO,UDC_PPC_ES,0,27424,4,557,27985,43557,2075,Sí
2017,5,COAHUILA,9,FRANCISCO I.MADERO,PAN_UDC,53,27424,4,557,27985,43557,6075,Sí
2017,5,COAHUILA,9,FRANCISCO I.MADERO,PAN_PPC,19,27424,4,557,27985,43557,5217,Sí
2017,5,COAHUILA,9,FRANCISCO I.MADERO,PAN_ES,6,27424,4,557,27985,43557,4799,Sí
2017,5,COAHUILA,9,FRANCISCO I.MADERO,UDC_PPC,3,27424,4,557,27985,43557,1931,Sí
2017,5,COAHUILA,9,FRANCISCO I.MADERO,UDC_ES,0,27424,4,557,27985,43557,1523,Sí
2017,5,COAHUILA,9,FRANCISCO I.MADERO,PPC_ES,0,27424,4,557,27985,43557,699,Sí
2017,5,COAHUILA,9,FRANCISCO I.MADERO,PRI_PVEM_NUAL_SI_PJ_PRC_PCP,0,27424,4,557,27985,43557,18015,Sí
2017,5,COAHUILA,9,FRANCISCO I.MADERO,PRI_PVEM_NUAL_SI_PJ_PRC,0,27424,4,557,27985,43557,17963,Sí
2017,5,COAHUILA,9,FRANCISCO I.MADERO,PRI_PVEM_NUAL_SI_PJ_PCP,0,27424,4,557,27985,43557,17671,Sí
2017,5,COAHUILA,9,FRANCISCO I.MADERO,PRI_PVEM_NUAL_SI_PRC_PCP,0,27424,4,557,27985,43557,11401,Sí
2017,5,COAHUILA,9,FRANCISCO I.MADERO,PRI_PVEM_NUAL_PJ_PRC_PCP,0,27424,4,557,27985,43557,17750,Sí
2017,5,COAHUILA,9,FRANCISCO I.MADERO,PRI_PVEM_SI_PJ_PRC_PCP,0,27424,4,557,27985,43557,17619,Sí
2017,5,COAHUILA,9,FRANCISCO I.MADERO,PRI_NUAL_SI_PJ_PRC_PCP,0,27424,4,557,27985,43557,16873,Sí
2017,5,COAHUILA,9,FRANCISCO I.MADERO,PVEM_NUAL_SI_PJ_PRC_PCP,0,27424,4,557,27985,43557,8813,Sí
2017,5,COAHUILA,9,FRANCISCO I.MADERO,PRI_PVEM_NUAL_SI_PJ,0,27424,4,557,27985,43557,17619,Sí
2017,5,COAHUILA,9,FRANCISCO I.MADERO,PRI_PVEM_NUAL_SI_PRC,0,27424,4,557,27985,43557,11349,Sí
2017,5,COAHUILA,9,FRANCISCO I.MADERO,PRI_PVEM_NUAL_SI_PCP,0,27424,4,557,27985,43557,11057,Sí
2017,5,COAHUILA,9,FRANCISCO I.MADERO,PRI_PVEM_NUAL_PJ_PRC,0,27424,4,557,27985,43557,17698,Sí
2017,5,COAHUILA,9,FRANCISCO I.MADERO,PRI_PVEM_NUAL_PJ_PCP,0,27424,4,557,27985,43557,17406,Sí
2017,5,COAHUILA,9,FRANCISCO I.MADERO,PRI_PVEM_NUAL_PRC_PCP,0,27424,4,557,27985,43557,11136,Sí
2017,5,COAHUILA,9,FRANCISCO I.MADERO,PRI_PVEM_SI_PJ_PRC,0,27424,4,557,27985,43557,17567,Sí
2017,5,COAHUILA,9,FRANCISCO I.MADERO,PRI_PVEM_SI_PJ_PCP,0,27424,4,557,27985,43557,17275,Sí
2017,5,COAHUILA,9,FRANCISCO I.MADERO,PRI_PVEM_SI_PRC_PCP,0,27424,4,557,27985,43557,11005,Sí
2017,5,COAHUILA,9,FRANCISCO I.MADERO,PRI_PVEM_PJ_PRC_PCP,0,27424,4,557,27985,43557,17354,Sí
2017,5,COAHUILA,9,FRANCISCO I.MADERO,PRI_NUAL_SI_PJ_PRC,0,27424,4,557,27985,43557,16821,Sí
2017,5,COAHUILA,9,FRANCISCO I.MADERO,PRI_NUAL_SI_PJ_PCP,0,27424,4,557,27985,43557,16529,Sí
2017,5,COAHUILA,9,FRANCISCO I.MADERO,PRI_NUAL_SI_PRC_PCP,0,27424,4,557,27985,43557,10259,Sí
2017,5,COAHUILA,9,FRANCISCO I.MADERO,PRI_NUAL_PJ_PRC_PCP,0,27424,4,557,27985,43557,16608,Sí
2017,5,COAHUILA,9,FRANCISCO I.MADERO,PRI_SI_PJ_PRC_PCP,0,27424,4,557,27985,43557,16477,Sí
2017,5,COAHUILA,9,FRANCISCO I.MADERO,PVEM_NUAL_SI_PJ_PRC,0,27424,4,557,27985,43557,8761,Sí
2017,5,COAHUILA,9,FRANCISCO I.MADERO,PVEM_NUAL_SI_PJ_PCP,0,27424,4,557,27985,43557,8469,Sí
2017,5,COAHUILA,9,FRANCISCO I.MADERO,PVEM_NUAL_SI_PRC_PCP,0,27424,4,557,27985,43557,2199,Sí
2017,5,COAHUILA,9,FRANCISCO I.MADERO,PVEM_NUAL_PJ_PRC_PCP,0,27424,4,557,27985,43557,8548,Sí
2017,5,COAHUILA,9,FRANCISCO I.MADERO,PVEM_SI_PJ_PRC_PCP,0,27424,4,557,27985,43557,8417,Sí
2017,5,COAHUILA,9,FRANCISCO I.MADERO,NUAL_SI_PJ_PRC_PCP,0,27424,4,557,27985,43557,7671,Sí
2017,5,COAHUILA,9,FRANCISCO I.MADERO,PRI_PVEM_NUAL_SI,0,27424,4,557,27985,43557,11005,Sí
2017,5,COAHUILA,9,FRANCISCO I.MADERO,PRI_PVEM_NUAL_PJ,0,27424,4,557,27985,43557,17354,Sí
2017,5,COAHUILA,9,FRANCISCO I.MADERO,PRI_PVEM_NUAL_PRC,0,27424,4,557,27985,43557,11084,Sí
2017,5,COAHUILA,9,FRANCISCO I.MADERO,PRI_PVEM_NUAL_PCP,0,27424,4,557,27985,43557,10792,Sí
2017,5,COAHUILA,9,FRANCISCO I.MADERO,PRI_PVEM_SI_PJ,0,27424,4,557,27985,43557,17223,Sí
2017,5,COAHUILA,9,FRANCISCO I.MADERO,PRI_PVEM_SI_PRC,0,27424,4,557,27985,43557,10953,Sí
2017,5,COAHUILA,9,FRANCISCO I.MADERO,PRI_PVEM_SI_PCP,0,27424,4,557,27985,43557,10661,Sí
2017,5,COAHUILA,9,FRANCISCO I.MADERO,PRI_PVEM_PJ_PRC,0,27424,4,557,27985,43557,17302,Sí
2017,5,COAHUILA,9,FRANCISCO I.MADERO,PRI_PVEM_PJ_PCP,0,27424,4,557,27985,43557,17010,Sí
2017,5,COAHUILA,9,FRANCISCO I.MADERO,PRI_PVEM_PRC_PCP,0,27424,4,557,27985,43557,10740,Sí
2017,5,COAHUILA,9,FRANCISCO I.MADERO,PRI_NUAL_SI_PJ,0,27424,4,557,27985,43557,16477,Sí
2017,5,COAHUILA,9,FRANCISCO I.MADERO,PRI_NUAL_SI_PRC,0,27424,4,557,27985,43557,10207,Sí
2017,5,COAHUILA,9,FRANCISCO I.MADERO,PRI_NUAL_SI_PCP,0,27424,4,557,27985,43557,9915,Sí
2017,5,COAHUILA,9,FRANCISCO I.MADERO,PRI_NUAL_PJ_PRC,0,27424,4,557,27985,43557,16556,Sí
2017,5,COAHUILA,9,FRANCISCO I.MADERO,PRI_NUAL_PJ_PCP,0,27424,4,557,27985,43557,16264,Sí
2017,5,COAHUILA,9,FRANCISCO I.MADERO,PRI_NUAL_PRC_PCP,0,27424,4,557,27985,43557,9994,Sí
2017,5,COAHUILA,9,FRANCISCO I.MADERO,PRI_SI_PJ_PRC,0,27424,4,557,27985,43557,16425,Sí
2017,5,COAHUILA,9,FRANCISCO I.MADERO,PRI_SI_PJ_PCP,0,27424,4,557,27985,43557,16133,Sí
2017,5,COAHUILA,9,FRANCISCO I.MADERO,PRI_SI_PRC_PCP,0,27424,4,557,27985,43557,9863,Sí
2017,5,COAHUILA,9,FRANCISCO I.MADERO,PRI_PJ_PRC_PCP,0,27424,4,557,27985,43557,16212,Sí
2017,5,COAHUILA,9,FRANCISCO I.MADERO,PVEM_NUAL_SI_PJ,0,27424,4,557,27985,43557,8417,Sí
2017,5,COAHUILA,9,FRANCISCO I.MADERO,PVEM_NUAL_SI_PRC,0,27424,4,557,27985,43557,2147,Sí
2017,5,COAHUILA,9,FRANCISCO I.MADERO,PVEM_NUAL_SI_PCP,0,27424,4,557,27985,43557,1855,Sí
2017,5,COAHUILA,9,FRANCISCO I.MADERO,PVEM_NUAL_PJ_PRC,0,27424,4,557,27985,43557,8496,Sí
2017,5,COAHUILA,9,FRANCISCO I.MADERO,PVEM_NUAL_PJ_PCP,0,27424,4,557,27985,43557,8204,Sí
2017,5,COAHUILA,9,FRANCISCO I.MADERO,PVEM_NUAL_PRC_PCP,0,27424,4,557,27985,43557,1934,Sí
2017,5,COAHUILA,9,FRANCISCO I.MADERO,PVEM_SI_PJ_PRC,0,27424,4,557,27985,43557,8365,Sí
2017,5,COAHUILA,9,FRANCISCO I.MADERO,PVEM_SI_PJ_PCP,0,27424,4,557,27985,43557,8073,Sí
2017,5,COAHUILA,9,FRANCISCO I.MADERO,PVEM_SI_PRC_PCP,0,27424,4,557,27985,43557,1803,Sí
2017,5,COAHUILA,9,FRANCISCO I.MADERO,PVEM_PJ_PRC_PCP,0,27424,4,557,27985,43557,8152,Sí
2017,5,COAHUILA,9,FRANCISCO I.MADERO,NUAL_SI_PJ_PRC,0,27424,4,557,27985,43557,7619,Sí
2017,5,COAHUILA,9,FRANCISCO I.MADERO,NUAL_SI_PJ_PCP,0,27424,4,557,27985,43557,7327,Sí
2017,5,COAHUILA,9,FRANCISCO I.MADERO,NUAL_SI_PRC_PCP,0,27424,4,557,27985,43557,1057,Sí
2017,5,COAHUILA,9,FRANCISCO I.MADERO,NUAL_PJ_PRC_PCP,0,27424,4,557,27985,43557,7406,Sí
2017,5,COAHUILA,9,FRANCISCO I.MADERO,SI_PJ_PRC_PCP,0,27424,4,557,27985,43557,7275,Sí
2017,5,COAHUILA,9,FRANCISCO I.MADERO,PRI_PVEM_NUAL,0,27424,4,557,27985,43557,10740,Sí
2017,5,COAHUILA,9,FRANCISCO I.MADERO,PRI_PVEM_SI,0,27424,4,557,27985,43557,10609,Sí
2017,5,COAHUILA,9,FRANCISCO I.MADERO,PRI_PVEM_PJ,0,27424,4,557,27985,43557,16958,Sí
2017,5,COAHUILA,9,FRANCISCO I.MADERO,PRI_PVEM_PRC,0,27424,4,557,27985,43557,10688,Sí
2017,5,COAHUILA,9,FRANCISCO I.MADERO,PRI_PVEM_PCP,0,27424,4,557,27985,43557,10396,Sí
2017,5,COAHUILA,9,FRANCISCO I.MADERO,PRI_NUAL_SI,0,27424,4,557,27985,43557,9863,Sí
2017,5,COAHUILA,9,FRANCISCO I.MADERO,PRI_NUAL_PJ,0,27424,4,557,27985,43557,16212,Sí
2017,5,COAHUILA,9,FRANCISCO I.MADERO,PRI_NUAL_PRC,0,27424,4,557,27985,43557,9942,Sí
2017,5,COAHUILA,9,FRANCISCO I.MADERO,PRI_NUAL_PCP,0,27424,4,557,27985,43557,9650,Sí
2017,5,COAHUILA,9,FRANCISCO I.MADERO,PRI_SI_PJ,0,27424,4,557,27985,43557,16081,Sí
2017,5,COAHUILA,9,FRANCISCO I.MADERO,PRI_SI_PRC,0,27424,4,557,27985,43557,9811,Sí
2017,5,COAHUILA,9,FRANCISCO I.MADERO,PRI_SI_PCP,0,27424,4,557,27985,43557,9519,Sí
2017,5,COAHUILA,9,FRANCISCO I.MADERO,PRI_PJ_PRC,0,27424,4,557,27985,43557,16160,Sí
2017,5,COAHUILA,9,FRANCISCO I.MADERO,PRI_PJ_PCP,0,27424,4,557,27985,43557,15868,Sí
2017,5,COAHUILA,9,FRANCISCO I.MADERO,PRI_PRC_PCP,0,27424,4,557,27985,43557,9598,Sí
2017,5,COAHUILA,9,FRANCISCO I.MADERO,PVEM_NUAL_SI,0,27424,4,557,27985,43557,1803,Sí
2017,5,COAHUILA,9,FRANCISCO I.MADERO,PVEM_NUAL_PJ,0,27424,4,557,27985,43557,8152,Sí
2017,5,COAHUILA,9,FRANCISCO I.MADERO,PVEM_NUAL_PRC,0,27424,4,557,27985,43557,1882,Sí
2017,5,COAHUILA,9,FRANCISCO I.MADERO,PVEM_NUAL_PCP,0,27424,4,557,27985,43557,1590,Sí
2017,5,COAHUILA,9,FRANCISCO I.MADERO,PVEM_SI_PJ,0,27424,4,557,27985,43557,8021,Sí
2017,5,COAHUILA,9,FRANCISCO I.MADERO,PVEM_SI_PRC,0,27424,4,557,27985,43557,1751,Sí
2017,5,COAHUILA,9,FRANCISCO I.MADERO,PVEM_SI_PCP,0,27424,4,557,27985,43557,1459,Sí
2017,5,COAHUILA,9,FRANCISCO I.MADERO,PVEM_PJ_PRC,0,27424,4,557,27985,43557,8100,Sí
2017,5,COAHUILA,9,FRANCISCO I.MADERO,PVEM_PJ_PCP,0,27424,4,557,27985,43557,7808,Sí
2017,5,COAHUILA,9,FRANCISCO I.MADERO,PVEM_PRC_PCP,0,27424,4,557,27985,43557,1538,Sí
2017,5,COAHUILA,9,FRANCISCO I.MADERO,NUAL_SI_PJ,0,27424,4,557,27985,43557,7275,Sí
2017,5,COAHUILA,9,FRANCISCO I.MADERO,NUAL_SI_PRC,0,27424,4,557,27985,43557,1005,Sí
2017,5,COAHUILA,9,FRANCISCO I.MADERO,NUAL_SI_PCP,0,27424,4,557,27985,43557,713,Sí
2017,5,COAHUILA,9,FRANCISCO I.MADERO,NUAL_PJ_PRC,0,27424,4,557,27985,43557,7354,Sí
2017,5,COAHUILA,9,FRANCISCO I.MADERO,NUAL_PJ_PCP,0,27424,4,557,27985,43557,7062,Sí
2017,5,COAHUILA,9,FRANCISCO I.MADERO,NUAL_PRC_PCP,0,27424,4,557,27985,43557,792,Sí
2017,5,COAHUILA,9,FRANCISCO I.MADERO,SI_PJ_PRC,0,27424,4,557,27985,43557,7223,Sí
2017,5,COAHUILA,9,FRANCISCO I.MADERO,SI_PJ_PCP,0,27424,4,557,27985,43557,6931,Sí
2017,5,COAHUILA,9,FRANCISCO I.MADERO,SI_PRC_PCP,0,27424,4,557,27985,43557,661,Sí
2017,5,COAHUILA,9,FRANCISCO I.MADERO,PJ_PRC_PCP,0,27424,4,557,27985,43557,7010,Sí
2017,5,COAHUILA,9,FRANCISCO I.MADERO,PRI_PVEM,0,27424,4,557,27985,43557,10344,Sí
2017,5,COAHUILA,9,FRANCISCO I.MADERO,PRI_NUAL,0,27424,4,557,27985,43557,9598,Sí
2017,5,COAHUILA,9,FRANCISCO I.MADERO,PRI_SI,0,27424,4,557,27985,43557,9467,Sí
2017,5,COAHUILA,9,FRANCISCO I.MADERO,PRI_PJ,0,27424,4,557,27985,43557,15816,Sí
2017,5,COAHUILA,9,FRANCISCO I.MADERO,PRI_PRC,0,27424,4,557,27985,43557,9546,Sí
2017,5,COAHUILA,9,FRANCISCO I.MADERO,PRI_PCP,0,27424,4,557,27985,43557,9254,Sí
2017,5,COAHUILA,9,FRANCISCO I.MADERO,PVEM_NUAL,0,27424,4,557,27985,43557,1538,Sí
2017,5,COAHUILA,9,FRANCISCO I.MADERO,PVEM_SI,0,27424,4,557,27985,43557,1407,Sí
2017,5,COAHUILA,9,FRANCISCO I.MADERO,PVEM_PJ,0,27424,4,557,27985,43557,7756,Sí
2017,5,COAHUILA,9,FRANCISCO I.MADERO,PVEM_PRC,0,27424,4,557,27985,43557,1486,Sí
2017,5,COAHUILA,9,FRANCISCO I.MADERO,PVEM_PCP,0,27424,4,557,27985,43557,1194,Sí
2017,5,COAHUILA,9,FRANCISCO I.MADERO,NUAL_SI,0,27424,4,557,27985,43557,661,Sí
2017,5,COAHUILA,9,FRANCISCO I.MADERO,NUAL_PJ,0,27424,4,557,27985,43557,7010,Sí
2017,5,COAHUILA,9,FRANCISCO I.MADERO,NUAL_PRC,0,27424,4,557,27985,43557,740,Sí
2017,5,COAHUILA,9,FRANCISCO I.MADERO,NUAL_PCP,0,27424,4,557,27985,43557,448,Sí
2017,5,COAHUILA,9,FRANCISCO I.MADERO,SI_PJ,0,27424,4,557,27985,43557,6879,Sí
2017,5,COAHUILA,9,FRANCISCO I.MADERO,SI_PRC,0,27424,4,557,27985,43557,609,Sí
2017,5,COAHUILA,9,FRANCISCO I.MADERO,SI_PCP,0,27424,4,557,27985,43557,317,Sí
2017,5,COAHUILA,9,FRANCISCO I.MADERO,PJ_PRC,0,27424,4,557,27985,43557,6958,Sí
2017,5,COAHUILA,9,FRANCISCO I.MADERO,PJ_PCP,0,27424,4,557,27985,43557,6666,Sí
2017,5,COAHUILA,9,FRANCISCO I.MADERO,PRC_PCP,0,27424,4,557,27985,43557,396,Sí
2017,5,COAHUILA,10,FRONTERA,PAN,9442,32916,13,468,33397,60794,9442,No
2017,5,COAHUILA,10,FRONTERA,PRI,12446,32916,13,468,33397,60794,12446,No
2017,5,COAHUILA,10,FRONTERA,PRD,422,32916,13,468,33397,60794,422,No
2017,5,COAHUILA,10,FRONTERA,PT,2698,32916,13,468,33397,60794,2698,No
2017,5,COAHUILA,10,FRONTERA,PVEM,571,32916,13,468,33397,60794,571,No
2017,5,COAHUILA,10,FRONTERA,UDC,52,32916,13,468,33397,60794,52,No
2017,5,COAHUILA,10,FRONTERA,MC,192,32916,13,468,33397,60794,192,No
2017,5,COAHUILA,10,FRONTERA,NUAL,603,32916,13,468,33397,60794,603,No
2017,5,COAHUILA,10,FRONTERA,SI,242,32916,13,468,33397,60794,242,No
2017,5,COAHUILA,10,FRONTERA,PPC,42,32916,13,468,33397,60794,42,No
2017,5,COAHUILA,10,FRONTERA,PJ,453,32916,13,468,33397,60794,453,No
2017,5,COAHUILA,10,FRONTERA,PRC,0,32916,13,468,33397,60794,0,No
2017,5,COAHUILA,10,FRONTERA,PCP,0,32916,13,468,33397,60794,0,No
2017,5,COAHUILA,10,FRONTERA,MORENA,3229,32916,13,468,33397,60794,3229,No
2017,5,COAHUILA,10,FRONTERA,ES,131,32916,13,468,33397,60794,131,No
2017,5,COAHUILA,10,FRONTERA,PAN_UDC_PPC_ES,8,32916,13,468,33397,60794,9675,Sí
2017,5,COAHUILA,10,FRONTERA,PAN_UDC_PPC,3,32916,13,468,33397,60794,9539,Sí
2017,5,COAHUILA,10,FRONTERA,PAN_UDC_ES,4,32916,13,468,33397,60794,9629,Sí
2017,5,COAHUILA,10,FRONTERA,PAN_PPC_ES,0,32916,13,468,33397,60794,9615,Sí
2017,5,COAHUILA,10,FRONTERA,UDC_PPC_ES,0,32916,13,468,33397,60794,225,Sí
2017,5,COAHUILA,10,FRONTERA,PAN_UDC,8,32916,13,468,33397,60794,9502,Sí
2017,5,COAHUILA,10,FRONTERA,PAN_PPC,4,32916,13,468,33397,60794,9488,Sí
2017,5,COAHUILA,10,FRONTERA,PAN_ES,8,32916,13,468,33397,60794,9581,Sí
2017,5,COAHUILA,10,FRONTERA,UDC_PPC,0,32916,13,468,33397,60794,94,Sí
2017,5,COAHUILA,10,FRONTERA,UDC_ES,0,32916,13,468,33397,60794,183,Sí
2017,5,COAHUILA,10,FRONTERA,PPC_ES,0,32916,13,468,33397,60794,173,Sí
2017,5,COAHUILA,10,FRONTERA,PRI_PVEM_NUAL_SI_PJ_PRC_PCP,0,32916,13,468,33397,60794,14315,Sí
2017,5,COAHUILA,10,FRONTERA,PRI_PVEM_NUAL_SI_PJ_PRC,0,32916,13,468,33397,60794,14315,Sí
2017,5,COAHUILA,10,FRONTERA,PRI_PVEM_NUAL_SI_PJ_PCP,0,32916,13,468,33397,60794,14315,Sí
2017,5,COAHUILA,10,FRONTERA,PRI_PVEM_NUAL_SI_PRC_PCP,0,32916,13,468,33397,60794,13862,Sí
2017,5,COAHUILA,10,FRONTERA,PRI_PVEM_NUAL_PJ_PRC_PCP,0,32916,13,468,33397,60794,14073,Sí
2017,5,COAHUILA,10,FRONTERA,PRI_PVEM_SI_PJ_PRC_PCP,0,32916,13,468,33397,60794,13712,Sí
2017,5,COAHUILA,10,FRONTERA,PRI_NUAL_SI_PJ_PRC_PCP,0,32916,13,468,33397,60794,13744,Sí
2017,5,COAHUILA,10,FRONTERA,PVEM_NUAL_SI_PJ_PRC_PCP,0,32916,13,468,33397,60794,1869,Sí
2017,5,COAHUILA,10,FRONTERA,PRI_PVEM_NUAL_SI_PJ,0,32916,13,468,33397,60794,14315,Sí
2017,5,COAHUILA,10,FRONTERA,PRI_PVEM_NUAL_SI_PRC,0,32916,13,468,33397,60794,13862,Sí
2017,5,COAHUILA,10,FRONTERA,PRI_PVEM_NUAL_SI_PCP,0,32916,13,468,33397,60794,13862,Sí
2017,5,COAHUILA,10,FRONTERA,PRI_PVEM_NUAL_PJ_PRC,0,32916,13,468,33397,60794,14073,Sí
2017,5,COAHUILA,10,FRONTERA,PRI_PVEM_NUAL_PJ_PCP,0,32916,13,468,33397,60794,14073,Sí
2017,5,COAHUILA,10,FRONTERA,PRI_PVEM_NUAL_PRC_PCP,0,32916,13,468,33397,60794,13620,Sí
2017,5,COAHUILA,10,FRONTERA,PRI_PVEM_SI_PJ_PRC,0,32916,13,468,33397,60794,13712,Sí
2017,5,COAHUILA,10,FRONTERA,PRI_PVEM_SI_PJ_PCP,0,32916,13,468,33397,60794,13712,Sí
2017,5,COAHUILA,10,FRONTERA,PRI_PVEM_SI_PRC_PCP,0,32916,13,468,33397,60794,13259,Sí
2017,5,COAHUILA,10,FRONTERA,PRI_PVEM_PJ_PRC_PCP,0,32916,13,468,33397,60794,13470,Sí
2017,5,COAHUILA,10,FRONTERA,PRI_NUAL_SI_PJ_PRC,0,32916,13,468,33397,60794,13744,Sí
2017,5,COAHUILA,10,FRONTERA,PRI_NUAL_SI_PJ_PCP,0,32916,13,468,33397,60794,13744,Sí
2017,5,COAHUILA,10,FRONTERA,PRI_NUAL_SI_PRC_PCP,0,32916,13,468,33397,60794,13291,Sí
2017,5,COAHUILA,10,FRONTERA,PRI_NUAL_PJ_PRC_PCP,0,32916,13,468,33397,60794,13502,Sí
2017,5,COAHUILA,10,FRONTERA,PRI_SI_PJ_PRC_PCP,0,32916,13,468,33397,60794,13141,Sí
2017,5,COAHUILA,10,FRONTERA,PVEM_NUAL_SI_PJ_PRC,0,32916,13,468,33397,60794,1869,Sí
2017,5,COAHUILA,10,FRONTERA,PVEM_NUAL_SI_PJ_PCP,0,32916,13,468,33397,60794,1869,Sí
2017,5,COAHUILA,10,FRONTERA,PVEM_NUAL_SI_PRC_PCP,0,32916,13,468,33397,60794,1416,Sí
2017,5,COAHUILA,10,FRONTERA,PVEM_NUAL_PJ_PRC_PCP,0,32916,13,468,33397,60794,1627,Sí
2017,5,COAHUILA,10,FRONTERA,PVEM_SI_PJ_PRC_PCP,0,32916,13,468,33397,60794,1266,Sí
2017,5,COAHUILA,10,FRONTERA,NUAL_SI_PJ_PRC_PCP,0,32916,13,468,33397,60794,1298,Sí
2017,5,COAHUILA,10,FRONTERA,PRI_PVEM_NUAL_SI,0,32916,13,468,33397,60794,13862,Sí
2017,5,COAHUILA,10,FRONTERA,PRI_PVEM_NUAL_PJ,0,32916,13,468,33397,60794,14073,Sí
2017,5,COAHUILA,10,FRONTERA,PRI_PVEM_NUAL_PRC,0,32916,13,468,33397,60794,13620,Sí
2017,5,COAHUILA,10,FRONTERA,PRI_PVEM_NUAL_PCP,0,32916,13,468,33397,60794,13620,Sí
2017,5,COAHUILA,10,FRONTERA,PRI_PVEM_SI_PJ,0,32916,13,468,33397,60794,13712,Sí
2017,5,COAHUILA,10,FRONTERA,PRI_PVEM_SI_PRC,0,32916,13,468,33397,60794,13259,Sí
2017,5,COAHUILA,10,FRONTERA,PRI_PVEM_SI_PCP,0,32916,13,468,33397,60794,13259,Sí
2017,5,COAHUILA,10,FRONTERA,PRI_PVEM_PJ_PRC,0,32916,13,468,33397,60794,13470,Sí
2017,5,COAHUILA,10,FRONTERA,PRI_PVEM_PJ_PCP,0,32916,13,468,33397,60794,13470,Sí
2017,5,COAHUILA,10,FRONTERA,PRI_PVEM_PRC_PCP,0,32916,13,468,33397,60794,13017,Sí
2017,5,COAHUILA,10,FRONTERA,PRI_NUAL_SI_PJ,0,32916,13,468,33397,60794,13744,Sí
2017,5,COAHUILA,10,FRONTERA,PRI_NUAL_SI_PRC,0,32916,13,468,33397,60794,13291,Sí
2017,5,COAHUILA,10,FRONTERA,PRI_NUAL_SI_PCP,0,32916,13,468,33397,60794,13291,Sí
2017,5,COAHUILA,10,FRONTERA,PRI_NUAL_PJ_PRC,0,32916,13,468,33397,60794,13502,Sí
2017,5,COAHUILA,10,FRONTERA,PRI_NUAL_PJ_PCP,0,32916,13,468,33397,60794,13502,Sí
2017,5,COAHUILA,10,FRONTERA,PRI_NUAL_PRC_PCP,0,32916,13,468,33397,60794,13049,Sí
2017,5,COAHUILA,10,FRONTERA,PRI_SI_PJ_PRC,0,32916,13,468,33397,60794,13141,Sí
2017,5,COAHUILA,10,FRONTERA,PRI_SI_PJ_PCP,0,32916,13,468,33397,60794,13141,Sí
2017,5,COAHUILA,10,FRONTERA,PRI_SI_PRC_PCP,0,32916,13,468,33397,60794,12688,Sí
2017,5,COAHUILA,10,FRONTERA,PRI_PJ_PRC_PCP,0,32916,13,468,33397,60794,12899,Sí
2017,5,COAHUILA,10,FRONTERA,PVEM_NUAL_SI_PJ,0,32916,13,468,33397,60794,1869,Sí
2017,5,COAHUILA,10,FRONTERA,PVEM_NUAL_SI_PRC,0,32916,13,468,33397,60794,1416,Sí
2017,5,COAHUILA,10,FRONTERA,PVEM_NUAL_SI_PCP,0,32916,13,468,33397,60794,1416,Sí
2017,5,COAHUILA,10,FRONTERA,PVEM_NUAL_PJ_PRC,0,32916,13,468,33397,60794,1627,Sí
2017,5,COAHUILA,10,FRONTERA,PVEM_NUAL_PJ_PCP,0,32916,13,468,33397,60794,1627,Sí
2017,5,COAHUILA,10,FRONTERA,PVEM_NUAL_PRC_PCP,0,32916,13,468,33397,60794,1174,Sí
2017,5,COAHUILA,10,FRONTERA,PVEM_SI_PJ_PRC,0,32916,13,468,33397,60794,1266,Sí
2017,5,COAHUILA,10,FRONTERA,PVEM_SI_PJ_PCP,0,32916,13,468,33397,60794,1266,Sí
2017,5,COAHUILA,10,FRONTERA,PVEM_SI_PRC_PCP,0,32916,13,468,33397,60794,813,Sí
2017,5,COAHUILA,10,FRONTERA,PVEM_PJ_PRC_PCP,0,32916,13,468,33397,60794,1024,Sí
2017,5,COAHUILA,10,FRONTERA,NUAL_SI_PJ_PRC,0,32916,13,468,33397,60794,1298,Sí
2017,5,COAHUILA,10,FRONTERA,NUAL_SI_PJ_PCP,0,32916,13,468,33397,60794,1298,Sí
2017,5,COAHUILA,10,FRONTERA,NUAL_SI_PRC_PCP,0,32916,13,468,33397,60794,845,Sí
2017,5,COAHUILA,10,FRONTERA,NUAL_PJ_PRC_PCP,0,32916,13,468,33397,60794,1056,Sí
2017,5,COAHUILA,10,FRONTERA,SI_PJ_PRC_PCP,0,32916,13,468,33397,60794,695,Sí
2017,5,COAHUILA,10,FRONTERA,PRI_PVEM_NUAL,0,32916,13,468,33397,60794,13620,Sí
2017,5,COAHUILA,10,FRONTERA,PRI_PVEM_SI,0,32916,13,468,33397,60794,13259,Sí
2017,5,COAHUILA,10,FRONTERA,PRI_PVEM_PJ,0,32916,13,468,33397,60794,13470,Sí
2017,5,COAHUILA,10,FRONTERA,PRI_PVEM_PRC,0,32916,13,468,33397,60794,13017,Sí
2017,5,COAHUILA,10,FRONTERA,PRI_PVEM_PCP,0,32916,13,468,33397,60794,13017,Sí
2017,5,COAHUILA,10,FRONTERA,PRI_NUAL_SI,0,32916,13,468,33397,60794,13291,Sí
2017,5,COAHUILA,10,FRONTERA,PRI_NUAL_PJ,0,32916,13,468,33397,60794,13502,Sí
2017,5,COAHUILA,10,FRONTERA,PRI_NUAL_PRC,0,32916,13,468,33397,60794,13049,Sí
2017,5,COAHUILA,10,FRONTERA,PRI_NUAL_PCP,0,32916,13,468,33397,60794,13049,Sí
2017,5,COAHUILA,10,FRONTERA,PRI_SI_PJ,0,32916,13,468,33397,60794,13141,Sí
2017,5,COAHUILA,10,FRONTERA,PRI_SI_PRC,0,32916,13,468,33397,60794,12688,Sí
2017,5,COAHUILA,10,FRONTERA,PRI_SI_PCP,0,32916,13,468,33397,60794,12688,Sí
2017,5,COAHUILA,10,FRONTERA,PRI_PJ_PRC,0,32916,13,468,33397,60794,12899,Sí
2017,5,COAHUILA,10,FRONTERA,PRI_PJ_PCP,0,32916,13,468,33397,60794,12899,Sí
2017,5,COAHUILA,10,FRONTERA,PRI_PRC_PCP,0,32916,13,468,33397,60794,12446,Sí
2017,5,COAHUILA,10,FRONTERA,PVEM_NUAL_SI,0,32916,13,468,33397,60794,1416,Sí
2017,5,COAHUILA,10,FRONTERA,PVEM_NUAL_PJ,0,32916,13,468,33397,60794,1627,Sí
2017,5,COAHUILA,10,FRONTERA,PVEM_NUAL_PRC,0,32916,13,468,33397,60794,1174,Sí
2017,5,COAHUILA,10,FRONTERA,PVEM_NUAL_PCP,0,32916,13,468,33397,60794,1174,Sí
2017,5,COAHUILA,10,FRONTERA,PVEM_SI_PJ,0,32916,13,468,33397,60794,1266,Sí
2017,5,COAHUILA,10,FRONTERA,PVEM_SI_PRC,0,32916,13,468,33397,60794,813,Sí
2017,5,COAHUILA,10,FRONTERA,PVEM_SI_PCP,0,32916,13,468,33397,60794,813,Sí
2017,5,COAHUILA,10,FRONTERA,PVEM_PJ_PRC,0,32916,13,468,33397,60794,1024,Sí
2017,5,COAHUILA,10,FRONTERA,PVEM_PJ_PCP,0,32916,13,468,33397,60794,1024,Sí
2017,5,COAHUILA,10,FRONTERA,PVEM_PRC_PCP,0,32916,13,468,33397,60794,571,Sí
2017,5,COAHUILA,10,FRONTERA,NUAL_SI_PJ,0,32916,13,468,33397,60794,1298,Sí
2017,5,COAHUILA,10,FRONTERA,NUAL_SI_PRC,0,32916,13,468,33397,60794,845,Sí
2017,5,COAHUILA,10,FRONTERA,NUAL_SI_PCP,0,32916,13,468,33397,60794,845,Sí
2017,5,COAHUILA,10,FRONTERA,NUAL_PJ_PRC,0,32916,13,468,33397,60794,1056,Sí
2017,5,COAHUILA,10,FRONTERA,NUAL_PJ_PCP,0,32916,13,468,33397,60794,1056,Sí
2017,5,COAHUILA,10,FRONTERA,NUAL_PRC_PCP,0,32916,13,468,33397,60794,603,Sí
2017,5,COAHUILA,10,FRONTERA,SI_PJ_PRC,0,32916,13,468,33397,60794,695,Sí
2017,5,COAHUILA,10,FRONTERA,SI_PJ_PCP,0,32916,13,468,33397,60794,695,Sí
2017,5,COAHUILA,10,FRONTERA,SI_PRC_PCP,0,32916,13,468,33397,60794,242,Sí
2017,5,COAHUILA,10,FRONTERA,PJ_PRC_PCP,0,32916,13,468,33397,60794,453,Sí
2017,5,COAHUILA,10,FRONTERA,PRI_PVEM,0,32916,13,468,33397,60794,13017,Sí
2017,5,COAHUILA,10,FRONTERA,PRI_NUAL,0,32916,13,468,33397,60794,13049,Sí
2017,5,COAHUILA,10,FRONTERA,PRI_SI,0,32916,13,468,33397,60794,12688,Sí
2017,5,COAHUILA,10,FRONTERA,PRI_PJ,0,32916,13,468,33397,60794,12899,Sí
2017,5,COAHUILA,10,FRONTERA,PRI_PRC,0,32916,13,468,33397,60794,12446,Sí
2017,5,COAHUILA,10,FRONTERA,PRI_PCP,0,32916,13,468,33397,60794,12446,Sí
2017,5,COAHUILA,10,FRONTERA,PVEM_NUAL,0,32916,13,468,33397,60794,1174,Sí
2017,5,COAHUILA,10,FRONTERA,PVEM_SI,0,32916,13,468,33397,60794,813,Sí
2017,5,COAHUILA,10,FRONTERA,PVEM_PJ,0,32916,13,468,33397,60794,1024,Sí
2017,5,COAHUILA,10,FRONTERA,PVEM_PRC,0,32916,13,468,33397,60794,571,Sí
2017,5,COAHUILA,10,FRONTERA,PVEM_PCP,0,32916,13,468,33397,60794,571,Sí
2017,5,COAHUILA,10,FRONTERA,NUAL_SI,0,32916,13,468,33397,60794,845,Sí
2017,5,COAHUILA,10,FRONTERA,NUAL_PJ,0,32916,13,468,33397,60794,1056,Sí
2017,5,COAHUILA,10,FRONTERA,NUAL_PRC,0,32916,13,468,33397,60794,603,Sí
2017,5,COAHUILA,10,FRONTERA,NUAL_PCP,0,32916,13,468,33397,60794,603,Sí
2017,5,COAHUILA,10,FRONTERA,SI_PJ,0,32916,13,468,33397,60794,695,Sí
2017,5,COAHUILA,10,FRONTERA,SI_PRC,0,32916,13,468,33397,60794,242,Sí
2017,5,COAHUILA,10,FRONTERA,SI_PCP,0,32916,13,468,33397,60794,242,Sí
2017,5,COAHUILA,10,FRONTERA,PJ_PRC,0,32916,13,468,33397,60794,453,Sí
2017,5,COAHUILA,10,FRONTERA,PJ_PCP,0,32916,13,468,33397,60794,453,Sí
2017,5,COAHUILA,10,FRONTERA,PRC_PCP,0,32916,13,468,33397,60794,0,Sí
2017,5,COAHUILA,10,FRONTERA,Candidatura Independiente,183,32916,13,468,33397,60794,183,No
2017,5,COAHUILA,10,FRONTERA,Candidatura Independiente,188,32916,13,468,33397,60794,188,No
2017,5,COAHUILA,10,FRONTERA,Candidatura Independiente,1987,32916,13,468,33397,60794,1987,No
2017,5,COAHUILA,11,GRAL. CEPEDA,PAN,2546,6243,1,162,6406,9565,2546,No
2017,5,COAHUILA,11,GRAL. CEPEDA,PRI,2089,6243,1,162,6406,9565,2089,No
2017,5,COAHUILA,11,GRAL. CEPEDA,PRD,53,6243,1,162,6406,9565,53,No
2017,5,COAHUILA,11,GRAL. CEPEDA,PT,0,6243,1,162,6406,9565,0,No
2017,5,COAHUILA,11,GRAL. CEPEDA,PVEM,0,6243,1,162,6406,9565,0,No
2017,5,COAHUILA,11,GRAL. CEPEDA,UDC,17,6243,1,162,6406,9565,17,No
2017,5,COAHUILA,11,GRAL. CEPEDA,MC,22,6243,1,162,6406,9565,22,No
2017,5,COAHUILA,11,GRAL. CEPEDA,NUAL,111,6243,1,162,6406,9565,111,No
2017,5,COAHUILA,11,GRAL. CEPEDA,SI,0,6243,1,162,6406,9565,0,No
2017,5,COAHUILA,11,GRAL. CEPEDA,PPC,10,6243,1,162,6406,9565,10,No
2017,5,COAHUILA,11,GRAL. CEPEDA,PJ,72,6243,1,162,6406,9565,72,No
2017,5,COAHUILA,11,GRAL. CEPEDA,PRC,15,6243,1,162,6406,9565,15,No
2017,5,COAHUILA,11,GRAL. CEPEDA,PCP,835,6243,1,162,6406,9565,835,No
2017,5,COAHUILA,11,GRAL. CEPEDA,MORENA,452,6243,1,162,6406,9565,452,No
2017,5,COAHUILA,11,GRAL. CEPEDA,ES,11,6243,1,162,6406,9565,11,No
2017,5,COAHUILA,11,GRAL. CEPEDA,PAN_UDC_PPC_ES,3,6243,1,162,6406,9565,2587,Sí
2017,5,COAHUILA,11,GRAL. CEPEDA,PAN_UDC_PPC,0,6243,1,162,6406,9565,2573,Sí
2017,5,COAHUILA,11,GRAL. CEPEDA,PAN_UDC_ES,0,6243,1,162,6406,9565,2574,Sí
2017,5,COAHUILA,11,GRAL. CEPEDA,PAN_PPC_ES,0,6243,1,162,6406,9565,2567,Sí
2017,5,COAHUILA,11,GRAL. CEPEDA,UDC_PPC_ES,0,6243,1,162,6406,9565,38,Sí
2017,5,COAHUILA,11,GRAL. CEPEDA,PAN_UDC,4,6243,1,162,6406,9565,2567,Sí
2017,5,COAHUILA,11,GRAL. CEPEDA,PAN_PPC,0,6243,1,162,6406,9565,2556,Sí
2017,5,COAHUILA,11,GRAL. CEPEDA,PAN_ES,3,6243,1,162,6406,9565,2560,Sí
2017,5,COAHUILA,11,GRAL. CEPEDA,UDC_PPC,0,6243,1,162,6406,9565,27,Sí
2017,5,COAHUILA,11,GRAL. CEPEDA,UDC_ES,0,6243,1,162,6406,9565,28,Sí
2017,5,COAHUILA,11,GRAL. CEPEDA,PPC_ES,0,6243,1,162,6406,9565,21,Sí
2017,5,COAHUILA,11,GRAL. CEPEDA,PRI_PVEM_NUAL_SI_PJ_PRC_PCP,0,6243,1,162,6406,9565,3122,Sí
2017,5,COAHUILA,11,GRAL. CEPEDA,PRI_PVEM_NUAL_SI_PJ_PRC,0,6243,1,162,6406,9565,2287,Sí
2017,5,COAHUILA,11,GRAL. CEPEDA,PRI_PVEM_NUAL_SI_PJ_PCP,0,6243,1,162,6406,9565,3107,Sí
2017,5,COAHUILA,11,GRAL. CEPEDA,PRI_PVEM_NUAL_SI_PRC_PCP,0,6243,1,162,6406,9565,3050,Sí
2017,5,COAHUILA,11,GRAL. CEPEDA,PRI_PVEM_NUAL_PJ_PRC_PCP,0,6243,1,162,6406,9565,3122,Sí
2017,5,COAHUILA,11,GRAL. CEPEDA,PRI_PVEM_SI_PJ_PRC_PCP,0,6243,1,162,6406,9565,3011,Sí
2017,5,COAHUILA,11,GRAL. CEPEDA,PRI_NUAL_SI_PJ_PRC_PCP,0,6243,1,162,6406,9565,3122,Sí
2017,5,COAHUILA,11,GRAL. CEPEDA,PVEM_NUAL_SI_PJ_PRC_PCP,0,6243,1,162,6406,9565,1033,Sí
2017,5,COAHUILA,11,GRAL. CEPEDA,PRI_PVEM_NUAL_SI_PJ,0,6243,1,162,6406,9565,2272,Sí
2017,5,COAHUILA,11,GRAL. CEPEDA,PRI_PVEM_NUAL_SI_PRC,0,6243,1,162,6406,9565,2215,Sí
2017,5,COAHUILA,11,GRAL. CEPEDA,PRI_PVEM_NUAL_SI_PCP,0,6243,1,162,6406,9565,3035,Sí
2017,5,COAHUILA,11,GRAL. CEPEDA,PRI_PVEM_NUAL_PJ_PRC,0,6243,1,162,6406,9565,2287,Sí
2017,5,COAHUILA,11,GRAL. CEPEDA,PRI_PVEM_NUAL_PJ_PCP,0,6243,1,162,6406,9565,3107,Sí
2017,5,COAHUILA,11,GRAL. CEPEDA,PRI_PVEM_NUAL_PRC_PCP,0,6243,1,162,6406,9565,3050,Sí
2017,5,COAHUILA,11,GRAL. CEPEDA,PRI_PVEM_SI_PJ_PRC,0,6243,1,162,6406,9565,2176,Sí
2017,5,COAHUILA,11,GRAL. CEPEDA,PRI_PVEM_SI_PJ_PCP,0,6243,1,162,6406,9565,2996,Sí
2017,5,COAHUILA,11,GRAL. CEPEDA,PRI_PVEM_SI_PRC_PCP,0,6243,1,162,6406,9565,2939,Sí
2017,5,COAHUILA,11,GRAL. CEPEDA,PRI_PVEM_PJ_PRC_PCP,0,6243,1,162,6406,9565,3011,Sí
2017,5,COAHUILA,11,GRAL. CEPEDA,PRI_NUAL_SI_PJ_PRC,0,6243,1,162,6406,9565,2287,Sí
2017,5,COAHUILA,11,GRAL. CEPEDA,PRI_NUAL_SI_PJ_PCP,0,6243,1,162,6406,9565,3107,Sí
2017,5,COAHUILA,11,GRAL. CEPEDA,PRI_NUAL_SI_PRC_PCP,0,6243,1,162,6406,9565,3050,Sí
2017,5,COAHUILA,11,GRAL. CEPEDA,PRI_NUAL_PJ_PRC_PCP,0,6243,1,162,6406,9565,3122,Sí
2017,5,COAHUILA,11,GRAL. CEPEDA,PRI_SI_PJ_PRC_PCP,0,6243,1,162,6406,9565,3011,Sí
2017,5,COAHUILA,11,GRAL. CEPEDA,PVEM_NUAL_SI_PJ_PRC,0,6243,1,162,6406,9565,198,Sí
2017,5,COAHUILA,11,GRAL. CEPEDA,PVEM_NUAL_SI_PJ_PCP,0,6243,1,162,6406,9565,1018,Sí
2017,5,COAHUILA,11,GRAL. CEPEDA,PVEM_NUAL_SI_PRC_PCP,0,6243,1,162,6406,9565,961,Sí
2017,5,COAHUILA,11,GRAL. CEPEDA,PVEM_NUAL_PJ_PRC_PCP,0,6243,1,162,6406,9565,1033,Sí
2017,5,COAHUILA,11,GRAL. CEPEDA,PVEM_SI_PJ_PRC_PCP,0,6243,1,162,6406,9565,922,Sí
2017,5,COAHUILA,11,GRAL. CEPEDA,NUAL_SI_PJ_PRC_PCP,0,6243,1,162,6406,9565,1033,Sí
2017,5,COAHUILA,11,GRAL. CEPEDA,PRI_PVEM_NUAL_SI,0,6243,1,162,6406,9565,2200,Sí
2017,5,COAHUILA,11,GRAL. CEPEDA,PRI_PVEM_NUAL_PJ,0,6243,1,162,6406,9565,2272,Sí
2017,5,COAHUILA,11,GRAL. CEPEDA,PRI_PVEM_NUAL_PRC,0,6243,1,162,6406,9565,2215,Sí
2017,5,COAHUILA,11,GRAL. CEPEDA,PRI_PVEM_NUAL_PCP,0,6243,1,162,6406,9565,3035,Sí
2017,5,COAHUILA,11,GRAL. CEPEDA,PRI_PVEM_SI_PJ,0,6243,1,162,6406,9565,2161,Sí
2017,5,COAHUILA,11,GRAL. CEPEDA,PRI_PVEM_SI_PRC,0,6243,1,162,6406,9565,2104,Sí
2017,5,COAHUILA,11,GRAL. CEPEDA,PRI_PVEM_SI_PCP,0,6243,1,162,6406,9565,2924,Sí
2017,5,COAHUILA,11,GRAL. CEPEDA,PRI_PVEM_PJ_PRC,0,6243,1,162,6406,9565,2176,Sí
2017,5,COAHUILA,11,GRAL. CEPEDA,PRI_PVEM_PJ_PCP,0,6243,1,162,6406,9565,2996,Sí
2017,5,COAHUILA,11,GRAL. CEPEDA,PRI_PVEM_PRC_PCP,0,6243,1,162,6406,9565,2939,Sí
2017,5,COAHUILA,11,GRAL. CEPEDA,PRI_NUAL_SI_PJ,0,6243,1,162,6406,9565,2272,Sí
2017,5,COAHUILA,11,GRAL. CEPEDA,PRI_NUAL_SI_PRC,0,6243,1,162,6406,9565,2215,Sí
2017,5,COAHUILA,11,GRAL. CEPEDA,PRI_NUAL_SI_PCP,0,6243,1,162,6406,9565,3035,Sí
2017,5,COAHUILA,11,GRAL. CEPEDA,PRI_NUAL_PJ_PRC,0,6243,1,162,6406,9565,2287,Sí
2017,5,COAHUILA,11,GRAL. CEPEDA,PRI_NUAL_PJ_PCP,0,6243,1,162,6406,9565,3107,Sí
2017,5,COAHUILA,11,GRAL. CEPEDA,PRI_NUAL_PRC_PCP,0,6243,1,162,6406,9565,3050,Sí
2017,5,COAHUILA,11,GRAL. CEPEDA,PRI_SI_PJ_PRC,0,6243,1,162,6406,9565,2176,Sí
2017,5,COAHUILA,11,GRAL. CEPEDA,PRI_SI_PJ_PCP,0,6243,1,162,6406,9565,2996,Sí
2017,5,COAHUILA,11,GRAL. CEPEDA,PRI_SI_PRC_PCP,0,6243,1,162,6406,9565,2939,Sí
2017,5,COAHUILA,11,GRAL. CEPEDA,PRI_PJ_PRC_PCP,0,6243,1,162,6406,9565,3011,Sí
2017,5,COAHUILA,11,GRAL. CEPEDA,PVEM_NUAL_SI_PJ,0,6243,1,162,6406,9565,183,Sí
2017,5,COAHUILA,11,GRAL. CEPEDA,PVEM_NUAL_SI_PRC,0,6243,1,162,6406,9565,126,Sí
2017,5,COAHUILA,11,GRAL. CEPEDA,PVEM_NUAL_SI_PCP,0,6243,1,162,6406,9565,946,Sí
2017,5,COAHUILA,11,GRAL. CEPEDA,PVEM_NUAL_PJ_PRC,0,6243,1,162,6406,9565,198,Sí
2017,5,COAHUILA,11,GRAL. CEPEDA,PVEM_NUAL_PJ_PCP,0,6243,1,162,6406,9565,1018,Sí
2017,5,COAHUILA,11,GRAL. CEPEDA,PVEM_NUAL_PRC_PCP,0,6243,1,162,6406,9565,961,Sí
2017,5,COAHUILA,11,GRAL. CEPEDA,PVEM_SI_PJ_PRC,0,6243,1,162,6406,9565,87,Sí
2017,5,COAHUILA,11,GRAL. CEPEDA,PVEM_SI_PJ_PCP,0,6243,1,162,6406,9565,907,Sí
2017,5,COAHUILA,11,GRAL. CEPEDA,PVEM_SI_PRC_PCP,0,6243,1,162,6406,9565,850,Sí
2017,5,COAHUILA,11,GRAL. CEPEDA,PVEM_PJ_PRC_PCP,0,6243,1,162,6406,9565,922,Sí
2017,5,COAHUILA,11,GRAL. CEPEDA,NUAL_SI_PJ_PRC,0,6243,1,162,6406,9565,198,Sí
2017,5,COAHUILA,11,GRAL. CEPEDA,NUAL_SI_PJ_PCP,0,6243,1,162,6406,9565,1018,Sí
2017,5,COAHUILA,11,GRAL. CEPEDA,NUAL_SI_PRC_PCP,0,6243,1,162,6406,9565,961,Sí
2017,5,COAHUILA,11,GRAL. CEPEDA,NUAL_PJ_PRC_PCP,0,6243,1,162,6406,9565,1033,Sí
2017,5,COAHUILA,11,GRAL. CEPEDA,SI_PJ_PRC_PCP,0,6243,1,162,6406,9565,922,Sí
2017,5,COAHUILA,11,GRAL. CEPEDA,PRI_PVEM_NUAL,0,6243,1,162,6406,9565,2200,Sí
2017,5,COAHUILA,11,GRAL. CEPEDA,PRI_PVEM_SI,0,6243,1,162,6406,9565,2089,Sí
2017,5,COAHUILA,11,GRAL. CEPEDA,PRI_PVEM_PJ,0,6243,1,162,6406,9565,2161,Sí
2017,5,COAHUILA,11,GRAL. CEPEDA,PRI_PVEM_PRC,0,6243,1,162,6406,9565,2104,Sí
2017,5,COAHUILA,11,GRAL. CEPEDA,PRI_PVEM_PCP,0,6243,1,162,6406,9565,2924,Sí
2017,5,COAHUILA,11,GRAL. CEPEDA,PRI_NUAL_SI,0,6243,1,162,6406,9565,2200,Sí
2017,5,COAHUILA,11,GRAL. CEPEDA,PRI_NUAL_PJ,0,6243,1,162,6406,9565,2272,Sí
2017,5,COAHUILA,11,GRAL. CEPEDA,PRI_NUAL_PRC,0,6243,1,162,6406,9565,2215,Sí
2017,5,COAHUILA,11,GRAL. CEPEDA,PRI_NUAL_PCP,0,6243,1,162,6406,9565,3035,Sí
2017,5,COAHUILA,11,GRAL. CEPEDA,PRI_SI_PJ,0,6243,1,162,6406,9565,2161,Sí
2017,5,COAHUILA,11,GRAL. CEPEDA,PRI_SI_PRC,0,6243,1,162,6406,9565,2104,Sí
2017,5,COAHUILA,11,GRAL. CEPEDA,PRI_SI_PCP,0,6243,1,162,6406,9565,2924,Sí
2017,5,COAHUILA,11,GRAL. CEPEDA,PRI_PJ_PRC,0,6243,1,162,6406,9565,2176,Sí
2017,5,COAHUILA,11,GRAL. CEPEDA,PRI_PJ_PCP,0,6243,1,162,6406,9565,2996,Sí
2017,5,COAHUILA,11,GRAL. CEPEDA,PRI_PRC_PCP,0,6243,1,162,6406,9565,2939,Sí
2017,5,COAHUILA,11,GRAL. CEPEDA,PVEM_NUAL_SI,0,6243,1,162,6406,9565,111,Sí
2017,5,COAHUILA,11,GRAL. CEPEDA,PVEM_NUAL_PJ,0,6243,1,162,6406,9565,183,Sí
2017,5,COAHUILA,11,GRAL. CEPEDA,PVEM_NUAL_PRC,0,6243,1,162,6406,9565,126,Sí
2017,5,COAHUILA,11,GRAL. CEPEDA,PVEM_NUAL_PCP,0,6243,1,162,6406,9565,946,Sí
2017,5,COAHUILA,11,GRAL. CEPEDA,PVEM_SI_PJ,0,6243,1,162,6406,9565,72,Sí
2017,5,COAHUILA,11,GRAL. CEPEDA,PVEM_SI_PRC,0,6243,1,162,6406,9565,15,Sí
2017,5,COAHUILA,11,GRAL. CEPEDA,PVEM_SI_PCP,0,6243,1,162,6406,9565,835,Sí
2017,5,COAHUILA,11,GRAL. CEPEDA,PVEM_PJ_PRC,0,6243,1,162,6406,9565,87,Sí
2017,5,COAHUILA,11,GRAL. CEPEDA,PVEM_PJ_PCP,0,6243,1,162,6406,9565,907,Sí
2017,5,COAHUILA,11,GRAL. CEPEDA,PVEM_PRC_PCP,0,6243,1,162,6406,9565,850,Sí
2017,5,COAHUILA,11,GRAL. CEPEDA,NUAL_SI_PJ,0,6243,1,162,6406,9565,183,Sí
2017,5,COAHUILA,11,GRAL. CEPEDA,NUAL_SI_PRC,0,6243,1,162,6406,9565,126,Sí
2017,5,COAHUILA,11,GRAL. CEPEDA,NUAL_SI_PCP,0,6243,1,162,6406,9565,946,Sí
2017,5,COAHUILA,11,GRAL. CEPEDA,NUAL_PJ_PRC,0,6243,1,162,6406,9565,198,Sí
2017,5,COAHUILA,11,GRAL. CEPEDA,NUAL_PJ_PCP,0,6243,1,162,6406,9565,1018,Sí
2017,5,COAHUILA,11,GRAL. CEPEDA,NUAL_PRC_PCP,0,6243,1,162,6406,9565,961,Sí
2017,5,COAHUILA,11,GRAL. CEPEDA,SI_PJ_PRC,0,6243,1,162,6406,9565,87,Sí
2017,5,COAHUILA,11,GRAL. CEPEDA,SI_PJ_PCP,0,6243,1,162,6406,9565,907,Sí
2017,5,COAHUILA,11,GRAL. CEPEDA,SI_PRC_PCP,0,6243,1,162,6406,9565,850,Sí
2017,5,COAHUILA,11,GRAL. CEPEDA,PJ_PRC_PCP,0,6243,1,162,6406,9565,922,Sí
2017,5,COAHUILA,11,GRAL. CEPEDA,PRI_PVEM,0,6243,1,162,6406,9565,2089,Sí
2017,5,COAHUILA,11,GRAL. CEPEDA,PRI_NUAL,0,6243,1,162,6406,9565,2200,Sí
2017,5,COAHUILA,11,GRAL. CEPEDA,PRI_SI,0,6243,1,162,6406,9565,2089,Sí
2017,5,COAHUILA,11,GRAL. CEPEDA,PRI_PJ,0,6243,1,162,6406,9565,2161,Sí
2017,5,COAHUILA,11,GRAL. CEPEDA,PRI_PRC,0,6243,1,162,6406,9565,2104,Sí
2017,5,COAHUILA,11,GRAL. CEPEDA,PRI_PCP,0,6243,1,162,6406,9565,2924,Sí
2017,5,COAHUILA,11,GRAL. CEPEDA,PVEM_NUAL,0,6243,1,162,6406,9565,111,Sí
2017,5,COAHUILA,11,GRAL. CEPEDA,PVEM_SI,0,6243,1,162,6406,9565,0,Sí
2017,5,COAHUILA,11,GRAL. CEPEDA,PVEM_PJ,0,6243,1,162,6406,9565,72,Sí
2017,5,COAHUILA,11,GRAL. CEPEDA,PVEM_PRC,0,6243,1,162,6406,9565,15,Sí
2017,5,COAHUILA,11,GRAL. CEPEDA,PVEM_PCP,0,6243,1,162,6406,9565,835,Sí
2017,5,COAHUILA,11,GRAL. CEPEDA,NUAL_SI,0,6243,1,162,6406,9565,111,Sí
2017,5,COAHUILA,11,GRAL. CEPEDA,NUAL_PJ,0,6243,1,162,6406,9565,183,Sí
2017,5,COAHUILA,11,GRAL. CEPEDA,NUAL_PRC,0,6243,1,162,6406,9565,126,Sí
2017,5,COAHUILA,11,GRAL. CEPEDA,NUAL_PCP,0,6243,1,162,6406,9565,946,Sí
2017,5,COAHUILA,11,GRAL. CEPEDA,SI_PJ,0,6243,1,162,6406,9565,72,Sí
2017,5,COAHUILA,11,GRAL. CEPEDA,SI_PRC,0,6243,1,162,6406,9565,15,Sí
2017,5,COAHUILA,11,GRAL. CEPEDA,SI_PCP,0,6243,1,162,6406,9565,835,Sí
2017,5,COAHUILA,11,GRAL. CEPEDA,PJ_PRC,0,6243,1,162,6406,9565,87,Sí
2017,5,COAHUILA,11,GRAL. CEPEDA,PJ_PCP,0,6243,1,162,6406,9565,907,Sí
2017,5,COAHUILA,11,GRAL. CEPEDA,PRC_PCP,0,6243,1,162,6406,9565,850,Sí
2017,5,COAHUILA,12,GUERRERO,PAN,575,1195,0,19,1214,1797,575,No
2017,5,COAHUILA,12,GUERRERO,PRI,549,1195,0,19,1214,1797,549,No
2017,5,COAHUILA,12,GUERRERO,PRD,0,1195,0,19,1214,1797,0,No
2017,5,COAHUILA,12,GUERRERO,PT,0,1195,0,19,1214,1797,0,No
2017,5,COAHUILA,12,GUERRERO,PVEM,1,1195,0,19,1214,1797,1,No
2017,5,COAHUILA,12,GUERRERO,UDC,3,1195,0,19,1214,1797,3,No
2017,5,COAHUILA,12,GUERRERO,MC,0,1195,0,19,1214,1797,0,No
2017,5,COAHUILA,12,GUERRERO,NUAL,13,1195,0,19,1214,1797,13,No
2017,5,COAHUILA,12,GUERRERO,SI,2,1195,0,19,1214,1797,2,No
2017,5,COAHUILA,12,GUERRERO,PPC,2,1195,0,19,1214,1797,2,No
2017,5,COAHUILA,12,GUERRERO,PJ,0,1195,0,19,1214,1797,0,No
2017,5,COAHUILA,12,GUERRERO,PRC,1,1195,0,19,1214,1797,1,No
2017,5,COAHUILA,12,GUERRERO,PCP,0,1195,0,19,1214,1797,0,No
2017,5,COAHUILA,12,GUERRERO,MORENA,26,1195,0,19,1214,1797,26,No
2017,5,COAHUILA,12,GUERRERO,ES,2,1195,0,19,1214,1797,2,No
2017,5,COAHUILA,12,GUERRERO,PAN_UDC_PPC_ES,6,1195,0,19,1214,1797,588,Sí
2017,5,COAHUILA,12,GUERRERO,PAN_UDC_PPC,1,1195,0,19,1214,1797,581,Sí
2017,5,COAHUILA,12,GUERRERO,PAN_UDC_ES,0,1195,0,19,1214,1797,580,Sí
2017,5,COAHUILA,12,GUERRERO,PAN_PPC_ES,0,1195,0,19,1214,1797,579,Sí
2017,5,COAHUILA,12,GUERRERO,UDC_PPC_ES,0,1195,0,19,1214,1797,7,Sí
2017,5,COAHUILA,12,GUERRERO,PAN_UDC,0,1195,0,19,1214,1797,578,Sí
2017,5,COAHUILA,12,GUERRERO,PAN_PPC,1,1195,0,19,1214,1797,578,Sí
2017,5,COAHUILA,12,GUERRERO,PAN_ES,1,1195,0,19,1214,1797,578,Sí
2017,5,COAHUILA,12,GUERRERO,UDC_PPC,0,1195,0,19,1214,1797,5,Sí
2017,5,COAHUILA,12,GUERRERO,UDC_ES,0,1195,0,19,1214,1797,5,Sí
2017,5,COAHUILA,12,GUERRERO,PPC_ES,0,1195,0,19,1214,1797,4,Sí
2017,5,COAHUILA,12,GUERRERO,PRI_PVEM_NUAL_SI_PJ_PRC_PCP,3,1195,0,19,1214,1797,569,Sí
2017,5,COAHUILA,12,GUERRERO,PRI_PVEM_NUAL_SI_PJ_PRC,0,1195,0,19,1214,1797,566,Sí
2017,5,COAHUILA,12,GUERRERO,PRI_PVEM_NUAL_SI_PJ_PCP,0,1195,0,19,1214,1797,565,Sí
2017,5,COAHUILA,12,GUERRERO,PRI_PVEM_NUAL_SI_PRC_PCP,0,1195,0,19,1214,1797,566,Sí
2017,5,COAHUILA,12,GUERRERO,PRI_PVEM_NUAL_PJ_PRC_PCP,0,1195,0,19,1214,1797,564,Sí
2017,5,COAHUILA,12,GUERRERO,PRI_PVEM_SI_PJ_PRC_PCP,0,1195,0,19,1214,1797,553,Sí
2017,5,COAHUILA,12,GUERRERO,PRI_NUAL_SI_PJ_PRC_PCP,0,1195,0,19,1214,1797,565,Sí
2017,5,COAHUILA,12,GUERRERO,PVEM_NUAL_SI_PJ_PRC_PCP,0,1195,0,19,1214,1797,17,Sí
2017,5,COAHUILA,12,GUERRERO,PRI_PVEM_NUAL_SI_PJ,0,1195,0,19,1214,1797,565,Sí
2017,5,COAHUILA,12,GUERRERO,PRI_PVEM_NUAL_SI_PRC,0,1195,0,19,1214,1797,566,Sí
2017,5,COAHUILA,12,GUERRERO,PRI_PVEM_NUAL_SI_PCP,0,1195,0,19,1214,1797,565,Sí
2017,5,COAHUILA,12,GUERRERO,PRI_PVEM_NUAL_PJ_PRC,0,1195,0,19,1214,1797,564,Sí
2017,5,COAHUILA,12,GUERRERO,PRI_PVEM_NUAL_PJ_PCP,0,1195,0,19,1214,1797,563,Sí
2017,5,COAHUILA,12,GUERRERO,PRI_PVEM_NUAL_PRC_PCP,0,1195,0,19,1214,1797,564,Sí
2017,5,COAHUILA,12,GUERRERO,PRI_PVEM_SI_PJ_PRC,0,1195,0,19,1214,1797,553,Sí
2017,5,COAHUILA,12,GUERRERO,PRI_PVEM_SI_PJ_PCP,0,1195,0,19,1214,1797,552,Sí
2017,5,COAHUILA,12,GUERRERO,PRI_PVEM_SI_PRC_PCP,0,1195,0,19,1214,1797,553,Sí
2017,5,COAHUILA,12,GUERRERO,PRI_PVEM_PJ_PRC_PCP,0,1195,0,19,1214,1797,551,Sí
2017,5,COAHUILA,12,GUERRERO,PRI_NUAL_SI_PJ_PRC,0,1195,0,19,1214,1797,565,Sí
2017,5,COAHUILA,12,GUERRERO,PRI_NUAL_SI_PJ_PCP,0,1195,0,19,1214,1797,564,Sí
2017,5,COAHUILA,12,GUERRERO,PRI_NUAL_SI_PRC_PCP,0,1195,0,19,1214,1797,565,Sí
2017,5,COAHUILA,12,GUERRERO,PRI_NUAL_PJ_PRC_PCP,0,1195,0,19,1214,1797,563,Sí
2017,5,COAHUILA,12,GUERRERO,PRI_SI_PJ_PRC_PCP,0,1195,0,19,1214,1797,552,Sí
2017,5,COAHUILA,12,GUERRERO,PVEM_NUAL_SI_PJ_PRC,0,1195,0,19,1214,1797,17,Sí
2017,5,COAHUILA,12,GUERRERO,PVEM_NUAL_SI_PJ_PCP,0,1195,0,19,1214,1797,16,Sí
2017,5,COAHUILA,12,GUERRERO,PVEM_NUAL_SI_PRC_PCP,0,1195,0,19,1214,1797,17,Sí
2017,5,COAHUILA,12,GUERRERO,PVEM_NUAL_PJ_PRC_PCP,0,1195,0,19,1214,1797,15,Sí
2017,5,COAHUILA,12,GUERRERO,PVEM_SI_PJ_PRC_PCP,0,1195,0,19,1214,1797,4,Sí
2017,5,COAHUILA,12,GUERRERO,NUAL_SI_PJ_PRC_PCP,0,1195,0,19,1214,1797,16,Sí
2017,5,COAHUILA,12,GUERRERO,PRI_PVEM_NUAL_SI,0,1195,0,19,1214,1797,565,Sí
2017,5,COAHUILA,12,GUERRERO,PRI_PVEM_NUAL_PJ,0,1195,0,19,1214,1797,563,Sí
2017,5,COAHUILA,12,GUERRERO,PRI_PVEM_NUAL_PRC,0,1195,0,19,1214,1797,564,Sí
2017,5,COAHUILA,12,GUERRERO,PRI_PVEM_NUAL_PCP,0,1195,0,19,1214,1797,563,Sí
2017,5,COAHUILA,12,GUERRERO,PRI_PVEM_SI_PJ,0,1195,0,19,1214,1797,552,Sí
2017,5,COAHUILA,12,GUERRERO,PRI_PVEM_SI_PRC,0,1195,0,19,1214,1797,553,Sí
2017,5,COAHUILA,12,GUERRERO,PRI_PVEM_SI_PCP,0,1195,0,19,1214,1797,552,Sí
2017,5,COAHUILA,12,GUERRERO,PRI_PVEM_PJ_PRC,0,1195,0,19,1214,1797,551,Sí
2017,5,COAHUILA,12,GUERRERO,PRI_PVEM_PJ_PCP,0,1195,0,19,1214,1797,550,Sí
2017,5,COAHUILA,12,GUERRERO,PRI_PVEM_PRC_PCP,0,1195,0,19,1214,1797,551,Sí
2017,5,COAHUILA,12,GUERRERO,PRI_NUAL_SI_PJ,0,1195,0,19,1214,1797,564,Sí
2017,5,COAHUILA,12,GUERRERO,PRI_NUAL_SI_PRC,0,1195,0,19,1214,1797,565,Sí
2017,5,COAHUILA,12,GUERRERO,PRI_NUAL_SI_PCP,0,1195,0,19,1214,1797,564,Sí
2017,5,COAHUILA,12,GUERRERO,PRI_NUAL_PJ_PRC,0,1195,0,19,1214,1797,563,Sí
2017,5,COAHUILA,12,GUERRERO,PRI_NUAL_PJ_PCP,0,1195,0,19,1214,1797,562,Sí
2017,5,COAHUILA,12,GUERRERO,PRI_NUAL_PRC_PCP,0,1195,0,19,1214,1797,563,Sí
2017,5,COAHUILA,12,GUERRERO,PRI_SI_PJ_PRC,0,1195,0,19,1214,1797,552,Sí
2017,5,COAHUILA,12,GUERRERO,PRI_SI_PJ_PCP,0,1195,0,19,1214,1797,551,Sí
2017,5,COAHUILA,12,GUERRERO,PRI_SI_PRC_PCP,0,1195,0,19,1214,1797,552,Sí
2017,5,COAHUILA,12,GUERRERO,PRI_PJ_PRC_PCP,0,1195,0,19,1214,1797,550,Sí
2017,5,COAHUILA,12,GUERRERO,PVEM_NUAL_SI_PJ,0,1195,0,19,1214,1797,16,Sí
2017,5,COAHUILA,12,GUERRERO,PVEM_NUAL_SI_PRC,0,1195,0,19,1214,1797,17,Sí
2017,5,COAHUILA,12,GUERRERO,PVEM_NUAL_SI_PCP,0,1195,0,19,1214,1797,16,Sí
2017,5,COAHUILA,12,GUERRERO,PVEM_NUAL_PJ_PRC,0,1195,0,19,1214,1797,15,Sí
2017,5,COAHUILA,12,GUERRERO,PVEM_NUAL_PJ_PCP,0,1195,0,19,1214,1797,14,Sí
2017,5,COAHUILA,12,GUERRERO,PVEM_NUAL_PRC_PCP,0,1195,0,19,1214,1797,15,Sí
2017,5,COAHUILA,12,GUERRERO,PVEM_SI_PJ_PRC,0,1195,0,19,1214,1797,4,Sí
2017,5,COAHUILA,12,GUERRERO,PVEM_SI_PJ_PCP,0,1195,0,19,1214,1797,3,Sí
2017,5,COAHUILA,12,GUERRERO,PVEM_SI_PRC_PCP,0,1195,0,19,1214,1797,4,Sí
2017,5,COAHUILA,12,GUERRERO,PVEM_PJ_PRC_PCP,0,1195,0,19,1214,1797,2,Sí
2017,5,COAHUILA,12,GUERRERO,NUAL_SI_PJ_PRC,0,1195,0,19,1214,1797,16,Sí
2017,5,COAHUILA,12,GUERRERO,NUAL_SI_PJ_PCP,0,1195,0,19,1214,1797,15,Sí
2017,5,COAHUILA,12,GUERRERO,NUAL_SI_PRC_PCP,0,1195,0,19,1214,1797,16,Sí
2017,5,COAHUILA,12,GUERRERO,NUAL_PJ_PRC_PCP,0,1195,0,19,1214,1797,14,Sí
2017,5,COAHUILA,12,GUERRERO,SI_PJ_PRC_PCP,0,1195,0,19,1214,1797,3,Sí
2017,5,COAHUILA,12,GUERRERO,PRI_PVEM_NUAL,1,1195,0,19,1214,1797,564,Sí
2017,5,COAHUILA,12,GUERRERO,PRI_PVEM_SI,0,1195,0,19,1214,1797,552,Sí
2017,5,COAHUILA,12,GUERRERO,PRI_PVEM_PJ,0,1195,0,19,1214,1797,550,Sí
2017,5,COAHUILA,12,GUERRERO,PRI_PVEM_PRC,0,1195,0,19,1214,1797,551,Sí
2017,5,COAHUILA,12,GUERRERO,PRI_PVEM_PCP,0,1195,0,19,1214,1797,550,Sí
2017,5,COAHUILA,12,GUERRERO,PRI_NUAL_SI,1,1195,0,19,1214,1797,565,Sí
2017,5,COAHUILA,12,GUERRERO,PRI_NUAL_PJ,0,1195,0,19,1214,1797,562,Sí
2017,5,COAHUILA,12,GUERRERO,PRI_NUAL_PRC,0,1195,0,19,1214,1797,563,Sí
2017,5,COAHUILA,12,GUERRERO,PRI_NUAL_PCP,0,1195,0,19,1214,1797,562,Sí
2017,5,COAHUILA,12,GUERRERO,PRI_SI_PJ,0,1195,0,19,1214,1797,551,Sí
2017,5,COAHUILA,12,GUERRERO,PRI_SI_PRC,0,1195,0,19,1214,1797,552,Sí
2017,5,COAHUILA,12,GUERRERO,PRI_SI_PCP,0,1195,0,19,1214,1797,551,Sí
2017,5,COAHUILA,12,GUERRERO,PRI_PJ_PRC,0,1195,0,19,1214,1797,550,Sí
2017,5,COAHUILA,12,GUERRERO,PRI_PJ_PCP,0,1195,0,19,1214,1797,549,Sí
2017,5,COAHUILA,12,GUERRERO,PRI_PRC_PCP,0,1195,0,19,1214,1797,550,Sí
2017,5,COAHUILA,12,GUERRERO,PVEM_NUAL_SI,0,1195,0,19,1214,1797,16,Sí
2017,5,COAHUILA,12,GUERRERO,PVEM_NUAL_PJ,0,1195,0,19,1214,1797,14,Sí
2017,5,COAHUILA,12,GUERRERO,PVEM_NUAL_PRC,0,1195,0,19,1214,1797,15,Sí
2017,5,COAHUILA,12,GUERRERO,PVEM_NUAL_PCP,0,1195,0,19,1214,1797,14,Sí
2017,5,COAHUILA,12,GUERRERO,PVEM_SI_PJ,0,1195,0,19,1214,1797,3,Sí
2017,5,COAHUILA,12,GUERRERO,PVEM_SI_PRC,0,1195,0,19,1214,1797,4,Sí
2017,5,COAHUILA,12,GUERRERO,PVEM_SI_PCP,0,1195,0,19,1214,1797,3,Sí
2017,5,COAHUILA,12,GUERRERO,PVEM_PJ_PRC,0,1195,0,19,1214,1797,2,Sí
2017,5,COAHUILA,12,GUERRERO,PVEM_PJ_PCP,0,1195,0,19,1214,1797,1,Sí
2017,5,COAHUILA,12,GUERRERO,PVEM_PRC_PCP,0,1195,0,19,1214,1797,2,Sí
2017,5,COAHUILA,12,GUERRERO,NUAL_SI_PJ,0,1195,0,19,1214,1797,15,Sí
2017,5,COAHUILA,12,GUERRERO,NUAL_SI_PRC,0,1195,0,19,1214,1797,16,Sí
2017,5,COAHUILA,12,GUERRERO,NUAL_SI_PCP,0,1195,0,19,1214,1797,15,Sí
2017,5,COAHUILA,12,GUERRERO,NUAL_PJ_PRC,0,1195,0,19,1214,1797,14,Sí
2017,5,COAHUILA,12,GUERRERO,NUAL_PJ_PCP,0,1195,0,19,1214,1797,13,Sí
2017,5,COAHUILA,12,GUERRERO,NUAL_PRC_PCP,0,1195,0,19,1214,1797,14,Sí
2017,5,COAHUILA,12,GUERRERO,SI_PJ_PRC,0,1195,0,19,1214,1797,3,Sí
2017,5,COAHUILA,12,GUERRERO,SI_PJ_PCP,0,1195,0,19,1214,1797,2,Sí
2017,5,COAHUILA,12,GUERRERO,SI_PRC_PCP,0,1195,0,19,1214,1797,3,Sí
2017,5,COAHUILA,12,GUERRERO,PJ_PRC_PCP,0,1195,0,19,1214,1797,1,Sí
2017,5,COAHUILA,12,GUERRERO,PRI_PVEM,0,1195,0,19,1214,1797,550,Sí
2017,5,COAHUILA,12,GUERRERO,PRI_NUAL,4,1195,0,19,1214,1797,566,Sí
2017,5,COAHUILA,12,GUERRERO,PRI_SI,1,1195,0,19,1214,1797,552,Sí
2017,5,COAHUILA,12,GUERRERO,PRI_PJ,0,1195,0,19,1214,1797,549,Sí
2017,5,COAHUILA,12,GUERRERO,PRI_PRC,1,1195,0,19,1214,1797,551,Sí
2017,5,COAHUILA,12,GUERRERO,PRI_PCP,0,1195,0,19,1214,1797,549,Sí
2017,5,COAHUILA,12,GUERRERO,PVEM_NUAL,0,1195,0,19,1214,1797,14,Sí
2017,5,COAHUILA,12,GUERRERO,PVEM_SI,0,1195,0,19,1214,1797,3,Sí
2017,5,COAHUILA,12,GUERRERO,PVEM_PJ,0,1195,0,19,1214,1797,1,Sí
2017,5,COAHUILA,12,GUERRERO,PVEM_PRC,0,1195,0,19,1214,1797,2,Sí
2017,5,COAHUILA,12,GUERRERO,PVEM_PCP,0,1195,0,19,1214,1797,1,Sí
2017,5,COAHUILA,12,GUERRERO,NUAL_SI,0,1195,0,19,1214,1797,15,Sí
2017,5,COAHUILA,12,GUERRERO,NUAL_PJ,0,1195,0,19,1214,1797,13,Sí
2017,5,COAHUILA,12,GUERRERO,NUAL_PRC,0,1195,0,19,1214,1797,14,Sí
2017,5,COAHUILA,12,GUERRERO,NUAL_PCP,0,1195,0,19,1214,1797,13,Sí
2017,5,COAHUILA,12,GUERRERO,SI_PJ,0,1195,0,19,1214,1797,2,Sí
2017,5,COAHUILA,12,GUERRERO,SI_PRC,0,1195,0,19,1214,1797,3,Sí
2017,5,COAHUILA,12,GUERRERO,SI_PCP,0,1195,0,19,1214,1797,2,Sí
2017,5,COAHUILA,12,GUERRERO,PJ_PRC,0,1195,0,19,1214,1797,1,Sí
2017,5,COAHUILA,12,GUERRERO,PJ_PCP,0,1195,0,19,1214,1797,0,Sí
2017,5,COAHUILA,12,GUERRERO,PRC_PCP,1,1195,0,19,1214,1797,2,Sí
2017,5,COAHUILA,13,HIDALGO,PAN,129,835,0,12,847,1160,129,No
2017,5,COAHUILA,13,HIDALGO,PRI,488,835,0,12,847,1160,488,No
2017,5,COAHUILA,13,HIDALGO,PRD,0,835,0,12,847,1160,0,No
2017,5,COAHUILA,13,HIDALGO,PT,0,835,0,12,847,1160,0,No
2017,5,COAHUILA,13,HIDALGO,PVEM,1,835,0,12,847,1160,1,No
2017,5,COAHUILA,13,HIDALGO,UDC,170,835,0,12,847,1160,170,No
2017,5,COAHUILA,13,HIDALGO,MC,0,835,0,12,847,1160,0,No
2017,5,COAHUILA,13,HIDALGO,NUAL,5,835,0,12,847,1160,5,No
2017,5,COAHUILA,13,HIDALGO,SI,0,835,0,12,847,1160,0,No
2017,5,COAHUILA,13,HIDALGO,PPC,6,835,0,12,847,1160,6,No
2017,5,COAHUILA,13,HIDALGO,PJ,3,835,0,12,847,1160,3,No
2017,5,COAHUILA,13,HIDALGO,PRC,1,835,0,12,847,1160,1,No
2017,5,COAHUILA,13,HIDALGO,PCP,0,835,0,12,847,1160,0,No
2017,5,COAHUILA,13,HIDALGO,MORENA,0,835,0,12,847,1160,0,No
2017,5,COAHUILA,13,HIDALGO,ES,5,835,0,12,847,1160,5,No
2017,5,COAHUILA,13,HIDALGO,PAN_UDC_PPC_ES,5,835,0,12,847,1160,315,Sí
2017,5,COAHUILA,13,HIDALGO,PAN_UDC_PPC,2,835,0,12,847,1160,307,Sí
2017,5,COAHUILA,13,HIDALGO,PAN_UDC_ES,1,835,0,12,847,1160,305,Sí
2017,5,COAHUILA,13,HIDALGO,PAN_PPC_ES,0,835,0,12,847,1160,140,Sí
2017,5,COAHUILA,13,HIDALGO,UDC_PPC_ES,0,835,0,12,847,1160,181,Sí
2017,5,COAHUILA,13,HIDALGO,PAN_UDC,7,835,0,12,847,1160,306,Sí
2017,5,COAHUILA,13,HIDALGO,PAN_PPC,1,835,0,12,847,1160,136,Sí
2017,5,COAHUILA,13,HIDALGO,PAN_ES,0,835,0,12,847,1160,134,Sí
2017,5,COAHUILA,13,HIDALGO,UDC_PPC,0,835,0,12,847,1160,176,Sí
2017,5,COAHUILA,13,HIDALGO,UDC_ES,0,835,0,12,847,1160,175,Sí
2017,5,COAHUILA,13,HIDALGO,PPC_ES,0,835,0,12,847,1160,11,Sí
2017,5,COAHUILA,13,HIDALGO,PRI_PVEM_NUAL_SI_PJ_PRC_PCP,1,835,0,12,847,1160,499,Sí
2017,5,COAHUILA,13,HIDALGO,PRI_PVEM_NUAL_SI_PJ_PRC,0,835,0,12,847,1160,498,Sí
2017,5,COAHUILA,13,HIDALGO,PRI_PVEM_NUAL_SI_PJ_PCP,0,835,0,12,847,1160,497,Sí
2017,5,COAHUILA,13,HIDALGO,PRI_PVEM_NUAL_SI_PRC_PCP,1,835,0,12,847,1160,496,Sí
2017,5,COAHUILA,13,HIDALGO,PRI_PVEM_NUAL_PJ_PRC_PCP,0,835,0,12,847,1160,498,Sí
2017,5,COAHUILA,13,HIDALGO,PRI_PVEM_SI_PJ_PRC_PCP,0,835,0,12,847,1160,493,Sí
2017,5,COAHUILA,13,HIDALGO,PRI_NUAL_SI_PJ_PRC_PCP,0,835,0,12,847,1160,497,Sí
2017,5,COAHUILA,13,HIDALGO,PVEM_NUAL_SI_PJ_PRC_PCP,0,835,0,12,847,1160,10,Sí
2017,5,COAHUILA,13,HIDALGO,PRI_PVEM_NUAL_SI_PJ,0,835,0,12,847,1160,497,Sí
2017,5,COAHUILA,13,HIDALGO,PRI_PVEM_NUAL_SI_PRC,0,835,0,12,847,1160,495,Sí
2017,5,COAHUILA,13,HIDALGO,PRI_PVEM_NUAL_SI_PCP,0,835,0,12,847,1160,494,Sí
2017,5,COAHUILA,13,HIDALGO,PRI_PVEM_NUAL_PJ_PRC,0,835,0,12,847,1160,498,Sí
2017,5,COAHUILA,13,HIDALGO,PRI_PVEM_NUAL_PJ_PCP,0,835,0,12,847,1160,497,Sí
2017,5,COAHUILA,13,HIDALGO,PRI_PVEM_NUAL_PRC_PCP,0,835,0,12,847,1160,495,Sí
2017,5,COAHUILA,13,HIDALGO,PRI_PVEM_SI_PJ_PRC,0,835,0,12,847,1160,493,Sí
2017,5,COAHUILA,13,HIDALGO,PRI_PVEM_SI_PJ_PCP,1,835,0,12,847,1160,493,Sí
2017,5,COAHUILA,13,HIDALGO,PRI_PVEM_SI_PRC_PCP,0,835,0,12,847,1160,490,Sí
2017,5,COAHUILA,13,HIDALGO,PRI_PVEM_PJ_PRC_PCP,0,835,0,12,847,1160,493,Sí
2017,5,COAHUILA,13,HIDALGO,PRI_NUAL_SI_PJ_PRC,0,835,0,12,847,1160,497,Sí
2017,5,COAHUILA,13,HIDALGO,PRI_NUAL_SI_PJ_PCP,0,835,0,12,847,1160,496,Sí
2017,5,COAHUILA,13,HIDALGO,PRI_NUAL_SI_PRC_PCP,0,835,0,12,847,1160,494,Sí
2017,5,COAHUILA,13,HIDALGO,PRI_NUAL_PJ_PRC_PCP,0,835,0,12,847,1160,497,Sí
2017,5,COAHUILA,13,HIDALGO,PRI_SI_PJ_PRC_PCP,0,835,0,12,847,1160,492,Sí
2017,5,COAHUILA,13,HIDALGO,PVEM_NUAL_SI_PJ_PRC,0,835,0,12,847,1160,10,Sí
2017,5,COAHUILA,13,HIDALGO,PVEM_NUAL_SI_PJ_PCP,0,835,0,12,847,1160,9,Sí
2017,5,COAHUILA,13,HIDALGO,PVEM_NUAL_SI_PRC_PCP,2,835,0,12,847,1160,9,Sí
2017,5,COAHUILA,13,HIDALGO,PVEM_NUAL_PJ_PRC_PCP,0,835,0,12,847,1160,10,Sí
2017,5,COAHUILA,13,HIDALGO,PVEM_SI_PJ_PRC_PCP,0,835,0,12,847,1160,5,Sí
2017,5,COAHUILA,13,HIDALGO,NUAL_SI_PJ_PRC_PCP,0,835,0,12,847,1160,9,Sí
2017,5,COAHUILA,13,HIDALGO,PRI_PVEM_NUAL_SI,0,835,0,12,847,1160,494,Sí
2017,5,COAHUILA,13,HIDALGO,PRI_PVEM_NUAL_PJ,0,835,0,12,847,1160,497,Sí
2017,5,COAHUILA,13,HIDALGO,PRI_PVEM_NUAL_PRC,0,835,0,12,847,1160,495,Sí
2017,5,COAHUILA,13,HIDALGO,PRI_PVEM_NUAL_PCP,0,835,0,12,847,1160,494,Sí
2017,5,COAHUILA,13,HIDALGO,PRI_PVEM_SI_PJ,0,835,0,12,847,1160,492,Sí
2017,5,COAHUILA,13,HIDALGO,PRI_PVEM_SI_PRC,0,835,0,12,847,1160,490,Sí
2017,5,COAHUILA,13,HIDALGO,PRI_PVEM_SI_PCP,0,835,0,12,847,1160,489,Sí
2017,5,COAHUILA,13,HIDALGO,PRI_PVEM_PJ_PRC,0,835,0,12,847,1160,493,Sí
2017,5,COAHUILA,13,HIDALGO,PRI_PVEM_PJ_PCP,0,835,0,12,847,1160,492,Sí
2017,5,COAHUILA,13,HIDALGO,PRI_PVEM_PRC_PCP,0,835,0,12,847,1160,490,Sí
2017,5,COAHUILA,13,HIDALGO,PRI_NUAL_SI_PJ,0,835,0,12,847,1160,496,Sí
2017,5,COAHUILA,13,HIDALGO,PRI_NUAL_SI_PRC,0,835,0,12,847,1160,494,Sí
2017,5,COAHUILA,13,HIDALGO,PRI_NUAL_SI_PCP,0,835,0,12,847,1160,493,Sí
2017,5,COAHUILA,13,HIDALGO,PRI_NUAL_PJ_PRC,0,835,0,12,847,1160,497,Sí
2017,5,COAHUILA,13,HIDALGO,PRI_NUAL_PJ_PCP,0,835,0,12,847,1160,496,Sí
2017,5,COAHUILA,13,HIDALGO,PRI_NUAL_PRC_PCP,0,835,0,12,847,1160,494,Sí
2017,5,COAHUILA,13,HIDALGO,PRI_SI_PJ_PRC,0,835,0,12,847,1160,492,Sí
2017,5,COAHUILA,13,HIDALGO,PRI_SI_PJ_PCP,0,835,0,12,847,1160,491,Sí
2017,5,COAHUILA,13,HIDALGO,PRI_SI_PRC_PCP,0,835,0,12,847,1160,489,Sí
2017,5,COAHUILA,13,HIDALGO,PRI_PJ_PRC_PCP,0,835,0,12,847,1160,492,Sí
2017,5,COAHUILA,13,HIDALGO,PVEM_NUAL_SI_PJ,0,835,0,12,847,1160,9,Sí
2017,5,COAHUILA,13,HIDALGO,PVEM_NUAL_SI_PRC,0,835,0,12,847,1160,7,Sí
2017,5,COAHUILA,13,HIDALGO,PVEM_NUAL_SI_PCP,0,835,0,12,847,1160,6,Sí
2017,5,COAHUILA,13,HIDALGO,PVEM_NUAL_PJ_PRC,0,835,0,12,847,1160,10,Sí
2017,5,COAHUILA,13,HIDALGO,PVEM_NUAL_PJ_PCP,0,835,0,12,847,1160,9,Sí
2017,5,COAHUILA,13,HIDALGO,PVEM_NUAL_PRC_PCP,0,835,0,12,847,1160,7,Sí
2017,5,COAHUILA,13,HIDALGO,PVEM_SI_PJ_PRC,0,835,0,12,847,1160,5,Sí
2017,5,COAHUILA,13,HIDALGO,PVEM_SI_PJ_PCP,0,835,0,12,847,1160,4,Sí
2017,5,COAHUILA,13,HIDALGO,PVEM_SI_PRC_PCP,0,835,0,12,847,1160,2,Sí
2017,5,COAHUILA,13,HIDALGO,PVEM_PJ_PRC_PCP,0,835,0,12,847,1160,5,Sí
2017,5,COAHUILA,13,HIDALGO,NUAL_SI_PJ_PRC,0,835,0,12,847,1160,9,Sí
2017,5,COAHUILA,13,HIDALGO,NUAL_SI_PJ_PCP,0,835,0,12,847,1160,8,Sí
2017,5,COAHUILA,13,HIDALGO,NUAL_SI_PRC_PCP,0,835,0,12,847,1160,6,Sí
2017,5,COAHUILA,13,HIDALGO,NUAL_PJ_PRC_PCP,0,835,0,12,847,1160,9,Sí
2017,5,COAHUILA,13,HIDALGO,SI_PJ_PRC_PCP,0,835,0,12,847,1160,4,Sí
2017,5,COAHUILA,13,HIDALGO,PRI_PVEM_NUAL,0,835,0,12,847,1160,494,Sí
2017,5,COAHUILA,13,HIDALGO,PRI_PVEM_SI,0,835,0,12,847,1160,489,Sí
2017,5,COAHUILA,13,HIDALGO,PRI_PVEM_PJ,0,835,0,12,847,1160,492,Sí
2017,5,COAHUILA,13,HIDALGO,PRI_PVEM_PRC,0,835,0,12,847,1160,490,Sí
2017,5,COAHUILA,13,HIDALGO,PRI_PVEM_PCP,0,835,0,12,847,1160,489,Sí
2017,5,COAHUILA,13,HIDALGO,PRI_NUAL_SI,0,835,0,12,847,1160,493,Sí
2017,5,COAHUILA,13,HIDALGO,PRI_NUAL_PJ,0,835,0,12,847,1160,496,Sí
2017,5,COAHUILA,13,HIDALGO,PRI_NUAL_PRC,0,835,0,12,847,1160,494,Sí
2017,5,COAHUILA,13,HIDALGO,PRI_NUAL_PCP,0,835,0,12,847,1160,493,Sí
2017,5,COAHUILA,13,HIDALGO,PRI_SI_PJ,0,835,0,12,847,1160,491,Sí
2017,5,COAHUILA,13,HIDALGO,PRI_SI_PRC,0,835,0,12,847,1160,489,Sí
2017,5,COAHUILA,13,HIDALGO,PRI_SI_PCP,0,835,0,12,847,1160,488,Sí
2017,5,COAHUILA,13,HIDALGO,PRI_PJ_PRC,0,835,0,12,847,1160,492,Sí
2017,5,COAHUILA,13,HIDALGO,PRI_PJ_PCP,0,835,0,12,847,1160,491,Sí
2017,5,COAHUILA,13,HIDALGO,PRI_PRC_PCP,0,835,0,12,847,1160,489,Sí
2017,5,COAHUILA,13,HIDALGO,PVEM_NUAL_SI,0,835,0,12,847,1160,6,Sí
2017,5,COAHUILA,13,HIDALGO,PVEM_NUAL_PJ,0,835,0,12,847,1160,9,Sí
2017,5,COAHUILA,13,HIDALGO,PVEM_NUAL_PRC,0,835,0,12,847,1160,7,Sí
2017,5,COAHUILA,13,HIDALGO,PVEM_NUAL_PCP,0,835,0,12,847,1160,6,Sí
2017,5,COAHUILA,13,HIDALGO,PVEM_SI_PJ,0,835,0,12,847,1160,4,Sí
2017,5,COAHUILA,13,HIDALGO,PVEM_SI_PRC,0,835,0,12,847,1160,2,Sí
2017,5,COAHUILA,13,HIDALGO,PVEM_SI_PCP,0,835,0,12,847,1160,1,Sí
2017,5,COAHUILA,13,HIDALGO,PVEM_PJ_PRC,0,835,0,12,847,1160,5,Sí
2017,5,COAHUILA,13,HIDALGO,PVEM_PJ_PCP,0,835,0,12,847,1160,4,Sí
2017,5,COAHUILA,13,HIDALGO,PVEM_PRC_PCP,0,835,0,12,847,1160,2,Sí
2017,5,COAHUILA,13,HIDALGO,NUAL_SI_PJ,0,835,0,12,847,1160,8,Sí
2017,5,COAHUILA,13,HIDALGO,NUAL_SI_PRC,0,835,0,12,847,1160,6,Sí
2017,5,COAHUILA,13,HIDALGO,NUAL_SI_PCP,0,835,0,12,847,1160,5,Sí
2017,5,COAHUILA,13,HIDALGO,NUAL_PJ_PRC,0,835,0,12,847,1160,9,Sí
2017,5,COAHUILA,13,HIDALGO,NUAL_PJ_PCP,0,835,0,12,847,1160,8,Sí
2017,5,COAHUILA,13,HIDALGO,NUAL_PRC_PCP,0,835,0,12,847,1160,6,Sí
2017,5,COAHUILA,13,HIDALGO,SI_PJ_PRC,0,835,0,12,847,1160,4,Sí
2017,5,COAHUILA,13,HIDALGO,SI_PJ_PCP,0,835,0,12,847,1160,3,Sí
2017,5,COAHUILA,13,HIDALGO,SI_PRC_PCP,0,835,0,12,847,1160,1,Sí
2017,5,COAHUILA,13,HIDALGO,PJ_PRC_PCP,0,835,0,12,847,1160,4,Sí
2017,5,COAHUILA,13,HIDALGO,PRI_PVEM,3,835,0,12,847,1160,492,Sí
2017,5,COAHUILA,13,HIDALGO,PRI_NUAL,1,835,0,12,847,1160,494,Sí
2017,5,COAHUILA,13,HIDALGO,PRI_SI,1,835,0,12,847,1160,489,Sí
2017,5,COAHUILA,13,HIDALGO,PRI_PJ,0,835,0,12,847,1160,491,Sí
2017,5,COAHUILA,13,HIDALGO,PRI_PRC,0,835,0,12,847,1160,489,Sí
2017,5,COAHUILA,13,HIDALGO,PRI_PCP,0,835,0,12,847,1160,488,Sí
2017,5,COAHUILA,13,HIDALGO,PVEM_NUAL,1,835,0,12,847,1160,7,Sí
2017,5,COAHUILA,13,HIDALGO,PVEM_SI,0,835,0,12,847,1160,1,Sí
2017,5,COAHUILA,13,HIDALGO,PVEM_PJ,0,835,0,12,847,1160,4,Sí
2017,5,COAHUILA,13,HIDALGO,PVEM_PRC,0,835,0,12,847,1160,2,Sí
2017,5,COAHUILA,13,HIDALGO,PVEM_PCP,0,835,0,12,847,1160,1,Sí
2017,5,COAHUILA,13,HIDALGO,NUAL_SI,0,835,0,12,847,1160,5,Sí
2017,5,COAHUILA,13,HIDALGO,NUAL_PJ,0,835,0,12,847,1160,8,Sí
2017,5,COAHUILA,13,HIDALGO,NUAL_PRC,0,835,0,12,847,1160,6,Sí
2017,5,COAHUILA,13,HIDALGO,NUAL_PCP,0,835,0,12,847,1160,5,Sí
2017,5,COAHUILA,13,HIDALGO,SI_PJ,0,835,0,12,847,1160,3,Sí
2017,5,COAHUILA,13,HIDALGO,SI_PRC,0,835,0,12,847,1160,1,Sí
2017,5,COAHUILA,13,HIDALGO,SI_PCP,0,835,0,12,847,1160,0,Sí
2017,5,COAHUILA,13,HIDALGO,PJ_PRC,0,835,0,12,847,1160,4,Sí
2017,5,COAHUILA,13,HIDALGO,PJ_PCP,0,835,0,12,847,1160,3,Sí
2017,5,COAHUILA,13,HIDALGO,PRC_PCP,0,835,0,12,847,1160,1,Sí
2017,5,COAHUILA,14,JIMENEZ,PAN,638,5047,1,149,5197,8318,638,No
2017,5,COAHUILA,14,JIMENEZ,PRI,1679,5047,1,149,5197,8318,1679,No
2017,5,COAHUILA,14,JIMENEZ,PRD,111,5047,1,149,5197,8318,111,No
2017,5,COAHUILA,14,JIMENEZ,PT,759,5047,1,149,5197,8318,759,No
2017,5,COAHUILA,14,JIMENEZ,PVEM,0,5047,1,149,5197,8318,0,No
2017,5,COAHUILA,14,JIMENEZ,UDC,697,5047,1,149,5197,8318,697,No
2017,5,COAHUILA,14,JIMENEZ,MC,0,5047,1,149,5197,8318,0,No
2017,5,COAHUILA,14,JIMENEZ,NUAL,0,5047,1,149,5197,8318,0,No
2017,5,COAHUILA,14,JIMENEZ,SI,193,5047,1,149,5197,8318,193,No
2017,5,COAHUILA,14,JIMENEZ,PPC,7,5047,1,149,5197,8318,7,No
2017,5,COAHUILA,14,JIMENEZ,PJ,722,5047,1,149,5197,8318,722,No
2017,5,COAHUILA,14,JIMENEZ,PRC,0,5047,1,149,5197,8318,0,No
2017,5,COAHUILA,14,JIMENEZ,PCP,0,5047,1,149,5197,8318,0,No
2017,5,COAHUILA,14,JIMENEZ,MORENA,136,5047,1,149,5197,8318,136,No
2017,5,COAHUILA,14,JIMENEZ,ES,15,5047,1,149,5197,8318,15,No
2017,5,COAHUILA,14,JIMENEZ,PAN_UDC_PPC_ES,9,5047,1,149,5197,8318,1366,Sí
2017,5,COAHUILA,14,JIMENEZ,PAN_UDC_PPC,9,5047,1,149,5197,8318,1351,Sí
2017,5,COAHUILA,14,JIMENEZ,PAN_UDC_ES,2,5047,1,149,5197,8318,1352,Sí
2017,5,COAHUILA,14,JIMENEZ,PAN_PPC_ES,1,5047,1,149,5197,8318,661,Sí
2017,5,COAHUILA,14,JIMENEZ,UDC_PPC_ES,0,5047,1,149,5197,8318,719,Sí
2017,5,COAHUILA,14,JIMENEZ,PAN_UDC,63,5047,1,149,5197,8318,1398,Sí
2017,5,COAHUILA,14,JIMENEZ,PAN_PPC,1,5047,1,149,5197,8318,646,Sí
2017,5,COAHUILA,14,JIMENEZ,PAN_ES,3,5047,1,149,5197,8318,656,Sí
2017,5,COAHUILA,14,JIMENEZ,UDC_PPC,1,5047,1,149,5197,8318,705,Sí
2017,5,COAHUILA,14,JIMENEZ,UDC_ES,1,5047,1,149,5197,8318,713,Sí
2017,5,COAHUILA,14,JIMENEZ,PPC_ES,0,5047,1,149,5197,8318,22,Sí
2017,5,COAHUILA,14,JIMENEZ,PRI_PVEM_NUAL_SI_PJ_PRC_PCP,0,5047,1,149,5197,8318,2594,Sí
2017,5,COAHUILA,14,JIMENEZ,PRI_PVEM_NUAL_SI_PJ_PRC,0,5047,1,149,5197,8318,2594,Sí
2017,5,COAHUILA,14,JIMENEZ,PRI_PVEM_NUAL_SI_PJ_PCP,0,5047,1,149,5197,8318,2594,Sí
2017,5,COAHUILA,14,JIMENEZ,PRI_PVEM_NUAL_SI_PRC_PCP,0,5047,1,149,5197,8318,1872,Sí
2017,5,COAHUILA,14,JIMENEZ,PRI_PVEM_NUAL_PJ_PRC_PCP,0,5047,1,149,5197,8318,2401,Sí
2017,5,COAHUILA,14,JIMENEZ,PRI_PVEM_SI_PJ_PRC_PCP,0,5047,1,149,5197,8318,2594,Sí
2017,5,COAHUILA,14,JIMENEZ,PRI_NUAL_SI_PJ_PRC_PCP,0,5047,1,149,5197,8318,2594,Sí
2017,5,COAHUILA,14,JIMENEZ,PVEM_NUAL_SI_PJ_PRC_PCP,0,5047,1,149,5197,8318,915,Sí
2017,5,COAHUILA,14,JIMENEZ,PRI_PVEM_NUAL_SI_PJ,0,5047,1,149,5197,8318,2594,Sí
2017,5,COAHUILA,14,JIMENEZ,PRI_PVEM_NUAL_SI_PRC,0,5047,1,149,5197,8318,1872,Sí
2017,5,COAHUILA,14,JIMENEZ,PRI_PVEM_NUAL_SI_PCP,0,5047,1,149,5197,8318,1872,Sí
2017,5,COAHUILA,14,JIMENEZ,PRI_PVEM_NUAL_PJ_PRC,0,5047,1,149,5197,8318,2401,Sí
2017,5,COAHUILA,14,JIMENEZ,PRI_PVEM_NUAL_PJ_PCP,0,5047,1,149,5197,8318,2401,Sí
2017,5,COAHUILA,14,JIMENEZ,PRI_PVEM_NUAL_PRC_PCP,0,5047,1,149,5197,8318,1679,Sí
2017,5,COAHUILA,14,JIMENEZ,PRI_PVEM_SI_PJ_PRC,0,5047,1,149,5197,8318,2594,Sí
2017,5,COAHUILA,14,JIMENEZ,PRI_PVEM_SI_PJ_PCP,0,5047,1,149,5197,8318,2594,Sí
2017,5,COAHUILA,14,JIMENEZ,PRI_PVEM_SI_PRC_PCP,0,5047,1,149,5197,8318,1872,Sí
2017,5,COAHUILA,14,JIMENEZ,PRI_PVEM_PJ_PRC_PCP,0,5047,1,149,5197,8318,2401,Sí
2017,5,COAHUILA,14,JIMENEZ,PRI_NUAL_SI_PJ_PRC,0,5047,1,149,5197,8318,2594,Sí
2017,5,COAHUILA,14,JIMENEZ,PRI_NUAL_SI_PJ_PCP,0,5047,1,149,5197,8318,2594,Sí
2017,5,COAHUILA,14,JIMENEZ,PRI_NUAL_SI_PRC_PCP,0,5047,1,149,5197,8318,1872,Sí
2017,5,COAHUILA,14,JIMENEZ,PRI_NUAL_PJ_PRC_PCP,0,5047,1,149,5197,8318,2401,Sí
2017,5,COAHUILA,14,JIMENEZ,PRI_SI_PJ_PRC_PCP,0,5047,1,149,5197,8318,2594,Sí
2017,5,COAHUILA,14,JIMENEZ,PVEM_NUAL_SI_PJ_PRC,0,5047,1,149,5197,8318,915,Sí
2017,5,COAHUILA,14,JIMENEZ,PVEM_NUAL_SI_PJ_PCP,0,5047,1,149,5197,8318,915,Sí
2017,5,COAHUILA,14,JIMENEZ,PVEM_NUAL_SI_PRC_PCP,0,5047,1,149,5197,8318,193,Sí
2017,5,COAHUILA,14,JIMENEZ,PVEM_NUAL_PJ_PRC_PCP,0,5047,1,149,5197,8318,722,Sí
2017,5,COAHUILA,14,JIMENEZ,PVEM_SI_PJ_PRC_PCP,0,5047,1,149,5197,8318,915,Sí
2017,5,COAHUILA,14,JIMENEZ,NUAL_SI_PJ_PRC_PCP,0,5047,1,149,5197,8318,915,Sí
2017,5,COAHUILA,14,JIMENEZ,PRI_PVEM_NUAL_SI,0,5047,1,149,5197,8318,1872,Sí
2017,5,COAHUILA,14,JIMENEZ,PRI_PVEM_NUAL_PJ,0,5047,1,149,5197,8318,2401,Sí
2017,5,COAHUILA,14,JIMENEZ,PRI_PVEM_NUAL_PRC,0,5047,1,149,5197,8318,1679,Sí
2017,5,COAHUILA,14,JIMENEZ,PRI_PVEM_NUAL_PCP,0,5047,1,149,5197,8318,1679,Sí
2017,5,COAHUILA,14,JIMENEZ,PRI_PVEM_SI_PJ,0,5047,1,149,5197,8318,2594,Sí
2017,5,COAHUILA,14,JIMENEZ,PRI_PVEM_SI_PRC,0,5047,1,149,5197,8318,1872,Sí
2017,5,COAHUILA,14,JIMENEZ,PRI_PVEM_SI_PCP,0,5047,1,149,5197,8318,1872,Sí
2017,5,COAHUILA,14,JIMENEZ,PRI_PVEM_PJ_PRC,0,5047,1,149,5197,8318,2401,Sí
2017,5,COAHUILA,14,JIMENEZ,PRI_PVEM_PJ_PCP,0,5047,1,149,5197,8318,2401,Sí
2017,5,COAHUILA,14,JIMENEZ,PRI_PVEM_PRC_PCP,0,5047,1,149,5197,8318,1679,Sí
2017,5,COAHUILA,14,JIMENEZ,PRI_NUAL_SI_PJ,0,5047,1,149,5197,8318,2594,Sí
2017,5,COAHUILA,14,JIMENEZ,PRI_NUAL_SI_PRC,0,5047,1,149,5197,8318,1872,Sí
2017,5,COAHUILA,14,JIMENEZ,PRI_NUAL_SI_PCP,0,5047,1,149,5197,8318,1872,Sí
2017,5,COAHUILA,14,JIMENEZ,PRI_NUAL_PJ_PRC,0,5047,1,149,5197,8318,2401,Sí
2017,5,COAHUILA,14,JIMENEZ,PRI_NUAL_PJ_PCP,0,5047,1,149,5197,8318,2401,Sí
2017,5,COAHUILA,14,JIMENEZ,PRI_NUAL_PRC_PCP,0,5047,1,149,5197,8318,1679,Sí
2017,5,COAHUILA,14,JIMENEZ,PRI_SI_PJ_PRC,0,5047,1,149,5197,8318,2594,Sí
2017,5,COAHUILA,14,JIMENEZ,PRI_SI_PJ_PCP,0,5047,1,149,5197,8318,2594,Sí
2017,5,COAHUILA,14,JIMENEZ,PRI_SI_PRC_PCP,0,5047,1,149,5197,8318,1872,Sí
2017,5,COAHUILA,14,JIMENEZ,PRI_PJ_PRC_PCP,0,5047,1,149,5197,8318,2401,Sí
2017,5,COAHUILA,14,JIMENEZ,PVEM_NUAL_SI_PJ,0,5047,1,149,5197,8318,915,Sí
2017,5,COAHUILA,14,JIMENEZ,PVEM_NUAL_SI_PRC,0,5047,1,149,5197,8318,193,Sí
2017,5,COAHUILA,14,JIMENEZ,PVEM_NUAL_SI_PCP,0,5047,1,149,5197,8318,193,Sí
2017,5,COAHUILA,14,JIMENEZ,PVEM_NUAL_PJ_PRC,0,5047,1,149,5197,8318,722,Sí
2017,5,COAHUILA,14,JIMENEZ,PVEM_NUAL_PJ_PCP,0,5047,1,149,5197,8318,722,Sí
2017,5,COAHUILA,14,JIMENEZ,PVEM_NUAL_PRC_PCP,0,5047,1,149,5197,8318,0,Sí
2017,5,COAHUILA,14,JIMENEZ,PVEM_SI_PJ_PRC,0,5047,1,149,5197,8318,915,Sí
2017,5,COAHUILA,14,JIMENEZ,PVEM_SI_PJ_PCP,0,5047,1,149,5197,8318,915,Sí
2017,5,COAHUILA,14,JIMENEZ,PVEM_SI_PRC_PCP,0,5047,1,149,5197,8318,193,Sí
2017,5,COAHUILA,14,JIMENEZ,PVEM_PJ_PRC_PCP,0,5047,1,149,5197,8318,722,Sí
2017,5,COAHUILA,14,JIMENEZ,NUAL_SI_PJ_PRC,0,5047,1,149,5197,8318,915,Sí
2017,5,COAHUILA,14,JIMENEZ,NUAL_SI_PJ_PCP,0,5047,1,149,5197,8318,915,Sí
2017,5,COAHUILA,14,JIMENEZ,NUAL_SI_PRC_PCP,0,5047,1,149,5197,8318,193,Sí
2017,5,COAHUILA,14,JIMENEZ,NUAL_PJ_PRC_PCP,0,5047,1,149,5197,8318,722,Sí
2017,5,COAHUILA,14,JIMENEZ,SI_PJ_PRC_PCP,0,5047,1,149,5197,8318,915,Sí
2017,5,COAHUILA,14,JIMENEZ,PRI_PVEM_NUAL,0,5047,1,149,5197,8318,1679,Sí
2017,5,COAHUILA,14,JIMENEZ,PRI_PVEM_SI,0,5047,1,149,5197,8318,1872,Sí
2017,5,COAHUILA,14,JIMENEZ,PRI_PVEM_PJ,0,5047,1,149,5197,8318,2401,Sí
2017,5,COAHUILA,14,JIMENEZ,PRI_PVEM_PRC,0,5047,1,149,5197,8318,1679,Sí
2017,5,COAHUILA,14,JIMENEZ,PRI_PVEM_PCP,0,5047,1,149,5197,8318,1679,Sí
2017,5,COAHUILA,14,JIMENEZ,PRI_NUAL_SI,0,5047,1,149,5197,8318,1872,Sí
2017,5,COAHUILA,14,JIMENEZ,PRI_NUAL_PJ,0,5047,1,149,5197,8318,2401,Sí
2017,5,COAHUILA,14,JIMENEZ,PRI_NUAL_PRC,0,5047,1,149,5197,8318,1679,Sí
2017,5,COAHUILA,14,JIMENEZ,PRI_NUAL_PCP,0,5047,1,149,5197,8318,1679,Sí
2017,5,COAHUILA,14,JIMENEZ,PRI_SI_PJ,0,5047,1,149,5197,8318,2594,Sí
2017,5,COAHUILA,14,JIMENEZ,PRI_SI_PRC,0,5047,1,149,5197,8318,1872,Sí
2017,5,COAHUILA,14,JIMENEZ,PRI_SI_PCP,0,5047,1,149,5197,8318,1872,Sí
2017,5,COAHUILA,14,JIMENEZ,PRI_PJ_PRC,0,5047,1,149,5197,8318,2401,Sí
2017,5,COAHUILA,14,JIMENEZ,PRI_PJ_PCP,0,5047,1,149,5197,8318,2401,Sí
2017,5,COAHUILA,14,JIMENEZ,PRI_PRC_PCP,0,5047,1,149,5197,8318,1679,Sí
2017,5,COAHUILA,14,JIMENEZ,PVEM_NUAL_SI,0,5047,1,149,5197,8318,193,Sí
2017,5,COAHUILA,14,JIMENEZ,PVEM_NUAL_PJ,0,5047,1,149,5197,8318,722,Sí
2017,5,COAHUILA,14,JIMENEZ,PVEM_NUAL_PRC,0,5047,1,149,5197,8318,0,Sí
2017,5,COAHUILA,14,JIMENEZ,PVEM_NUAL_PCP,0,5047,1,149,5197,8318,0,Sí
2017,5,COAHUILA,14,JIMENEZ,PVEM_SI_PJ,0,5047,1,149,5197,8318,915,Sí
2017,5,COAHUILA,14,JIMENEZ,PVEM_SI_PRC,0,5047,1,149,5197,8318,193,Sí
2017,5,COAHUILA,14,JIMENEZ,PVEM_SI_PCP,0,5047,1,149,5197,8318,193,Sí
2017,5,COAHUILA,14,JIMENEZ,PVEM_PJ_PRC,0,5047,1,149,5197,8318,722,Sí
2017,5,COAHUILA,14,JIMENEZ,PVEM_PJ_PCP,0,5047,1,149,5197,8318,722,Sí
2017,5,COAHUILA,14,JIMENEZ,PVEM_PRC_PCP,0,5047,1,149,5197,8318,0,Sí
2017,5,COAHUILA,14,JIMENEZ,NUAL_SI_PJ,0,5047,1,149,5197,8318,915,Sí
2017,5,COAHUILA,14,JIMENEZ,NUAL_SI_PRC,0,5047,1,149,5197,8318,193,Sí
2017,5,COAHUILA,14,JIMENEZ,NUAL_SI_PCP,0,5047,1,149,5197,8318,193,Sí
2017,5,COAHUILA,14,JIMENEZ,NUAL_PJ_PRC,0,5047,1,149,5197,8318,722,Sí
2017,5,COAHUILA,14,JIMENEZ,NUAL_PJ_PCP,0,5047,1,149,5197,8318,722,Sí
2017,5,COAHUILA,14,JIMENEZ,NUAL_PRC_PCP,0,5047,1,149,5197,8318,0,Sí
2017,5,COAHUILA,14,JIMENEZ,SI_PJ_PRC,0,5047,1,149,5197,8318,915,Sí
2017,5,COAHUILA,14,JIMENEZ,SI_PJ_PCP,0,5047,1,149,5197,8318,915,Sí
2017,5,COAHUILA,14,JIMENEZ,SI_PRC_PCP,0,5047,1,149,5197,8318,193,Sí
2017,5,COAHUILA,14,JIMENEZ,PJ_PRC_PCP,0,5047,1,149,5197,8318,722,Sí
2017,5,COAHUILA,14,JIMENEZ,PRI_PVEM,0,5047,1,149,5197,8318,1679,Sí
2017,5,COAHUILA,14,JIMENEZ,PRI_NUAL,0,5047,1,149,5197,8318,1679,Sí
2017,5,COAHUILA,14,JIMENEZ,PRI_SI,0,5047,1,149,5197,8318,1872,Sí
2017,5,COAHUILA,14,JIMENEZ,PRI_PJ,0,5047,1,149,5197,8318,2401,Sí
2017,5,COAHUILA,14,JIMENEZ,PRI_PRC,0,5047,1,149,5197,8318,1679,Sí
2017,5,COAHUILA,14,JIMENEZ,PRI_PCP,0,5047,1,149,5197,8318,1679,Sí
2017,5,COAHUILA,14,JIMENEZ,PVEM_NUAL,0,5047,1,149,5197,8318,0,Sí
2017,5,COAHUILA,14,JIMENEZ,PVEM_SI,0,5047,1,149,5197,8318,193,Sí
2017,5,COAHUILA,14,JIMENEZ,PVEM_PJ,0,5047,1,149,5197,8318,722,Sí
2017,5,COAHUILA,14,JIMENEZ,PVEM_PRC,0,5047,1,149,5197,8318,0,Sí
2017,5,COAHUILA,14,JIMENEZ,PVEM_PCP,0,5047,1,149,5197,8318,0,Sí
2017,5,COAHUILA,14,JIMENEZ,NUAL_SI,0,5047,1,149,5197,8318,193,Sí
2017,5,COAHUILA,14,JIMENEZ,NUAL_PJ,0,5047,1,149,5197,8318,722,Sí
2017,5,COAHUILA,14,JIMENEZ,NUAL_PRC,0,5047,1,149,5197,8318,0,Sí
2017,5,COAHUILA,14,JIMENEZ,NUAL_PCP,0,5047,1,149,5197,8318,0,Sí
2017,5,COAHUILA,14,JIMENEZ,SI_PJ,0,5047,1,149,5197,8318,915,Sí
2017,5,COAHUILA,14,JIMENEZ,SI_PRC,0,5047,1,149,5197,8318,193,Sí
2017,5,COAHUILA,14,JIMENEZ,SI_PCP,0,5047,1,149,5197,8318,193,Sí
2017,5,COAHUILA,14,JIMENEZ,PJ_PRC,0,5047,1,149,5197,8318,722,Sí
2017,5,COAHUILA,14,JIMENEZ,PJ_PCP,0,5047,1,149,5197,8318,722,Sí
2017,5,COAHUILA,14,JIMENEZ,PRC_PCP,0,5047,1,149,5197,8318,0,Sí
2017,5,COAHUILA,15,JUAREZ,PAN,22,975,0,18,993,1433,22,No
2017,5,COAHUILA,15,JUAREZ,PRI,434,975,0,18,993,1433,434,No
2017,5,COAHUILA,15,JUAREZ,PRD,379,975,0,18,993,1433,379,No
2017,5,COAHUILA,15,JUAREZ,PT,0,975,0,18,993,1433,0,No
2017,5,COAHUILA,15,JUAREZ,PVEM,5,975,0,18,993,1433,5,No
2017,5,COAHUILA,15,JUAREZ,UDC,4,975,0,18,993,1433,4,No
2017,5,COAHUILA,15,JUAREZ,MC,56,975,0,18,993,1433,56,No
2017,5,COAHUILA,15,JUAREZ,NUAL,5,975,0,18,993,1433,5,No
2017,5,COAHUILA,15,JUAREZ,SI,0,975,0,18,993,1433,0,No
2017,5,COAHUILA,15,JUAREZ,PPC,2,975,0,18,993,1433,2,No
2017,5,COAHUILA,15,JUAREZ,PJ,0,975,0,18,993,1433,0,No
2017,5,COAHUILA,15,JUAREZ,PRC,2,975,0,18,993,1433,2,No
2017,5,COAHUILA,15,JUAREZ,PCP,1,975,0,18,993,1433,1,No
2017,5,COAHUILA,15,JUAREZ,MORENA,2,975,0,18,993,1433,2,No
2017,5,COAHUILA,15,JUAREZ,ES,51,975,0,18,993,1433,51,No
2017,5,COAHUILA,15,JUAREZ,PAN_UDC_PPC_ES,1,975,0,18,993,1433,80,Sí
2017,5,COAHUILA,15,JUAREZ,PAN_UDC_PPC,0,975,0,18,993,1433,28,Sí
2017,5,COAHUILA,15,JUAREZ,PAN_UDC_ES,0,975,0,18,993,1433,77,Sí
2017,5,COAHUILA,15,JUAREZ,PAN_PPC_ES,0,975,0,18,993,1433,75,Sí
2017,5,COAHUILA,15,JUAREZ,UDC_PPC_ES,0,975,0,18,993,1433,57,Sí
2017,5,COAHUILA,15,JUAREZ,PAN_UDC,0,975,0,18,993,1433,26,Sí
2017,5,COAHUILA,15,JUAREZ,PAN_PPC,0,975,0,18,993,1433,24,Sí
2017,5,COAHUILA,15,JUAREZ,PAN_ES,1,975,0,18,993,1433,74,Sí
2017,5,COAHUILA,15,JUAREZ,UDC_PPC,0,975,0,18,993,1433,6,Sí
2017,5,COAHUILA,15,JUAREZ,UDC_ES,0,975,0,18,993,1433,55,Sí
2017,5,COAHUILA,15,JUAREZ,PPC_ES,0,975,0,18,993,1433,53,Sí
2017,5,COAHUILA,15,JUAREZ,PRI_PVEM_NUAL_SI_PJ_PRC_PCP,1,975,0,18,993,1433,448,Sí
2017,5,COAHUILA,15,JUAREZ,PRI_PVEM_NUAL_SI_PJ_PRC,0,975,0,18,993,1433,446,Sí
2017,5,COAHUILA,15,JUAREZ,PRI_PVEM_NUAL_SI_PJ_PCP,0,975,0,18,993,1433,445,Sí
2017,5,COAHUILA,15,JUAREZ,PRI_PVEM_NUAL_SI_PRC_PCP,0,975,0,18,993,1433,447,Sí
2017,5,COAHUILA,15,JUAREZ,PRI_PVEM_NUAL_PJ_PRC_PCP,0,975,0,18,993,1433,447,Sí
2017,5,COAHUILA,15,JUAREZ,PRI_PVEM_SI_PJ_PRC_PCP,0,975,0,18,993,1433,442,Sí
2017,5,COAHUILA,15,JUAREZ,PRI_NUAL_SI_PJ_PRC_PCP,0,975,0,18,993,1433,442,Sí
2017,5,COAHUILA,15,JUAREZ,PVEM_NUAL_SI_PJ_PRC_PCP,0,975,0,18,993,1433,13,Sí
2017,5,COAHUILA,15,JUAREZ,PRI_PVEM_NUAL_SI_PJ,0,975,0,18,993,1433,444,Sí
2017,5,COAHUILA,15,JUAREZ,PRI_PVEM_NUAL_SI_PRC,1,975,0,18,993,1433,447,Sí
2017,5,COAHUILA,15,JUAREZ,PRI_PVEM_NUAL_SI_PCP,0,975,0,18,993,1433,445,Sí
2017,5,COAHUILA,15,JUAREZ,PRI_PVEM_NUAL_PJ_PRC,0,975,0,18,993,1433,446,Sí
2017,5,COAHUILA,15,JUAREZ,PRI_PVEM_NUAL_PJ_PCP,0,975,0,18,993,1433,445,Sí
2017,5,COAHUILA,15,JUAREZ,PRI_PVEM_NUAL_PRC_PCP,0,975,0,18,993,1433,447,Sí
2017,5,COAHUILA,15,JUAREZ,PRI_PVEM_SI_PJ_PRC,0,975,0,18,993,1433,441,Sí
2017,5,COAHUILA,15,JUAREZ,PRI_PVEM_SI_PJ_PCP,1,975,0,18,993,1433,441,Sí
2017,5,COAHUILA,15,JUAREZ,PRI_PVEM_SI_PRC_PCP,0,975,0,18,993,1433,442,Sí
2017,5,COAHUILA,15,JUAREZ,PRI_PVEM_PJ_PRC_PCP,0,975,0,18,993,1433,442,Sí
2017,5,COAHUILA,15,JUAREZ,PRI_NUAL_SI_PJ_PRC,0,975,0,18,993,1433,441,Sí
2017,5,COAHUILA,15,JUAREZ,PRI_NUAL_SI_PJ_PCP,0,975,0,18,993,1433,440,Sí
2017,5,COAHUILA,15,JUAREZ,PRI_NUAL_SI_PRC_PCP,0,975,0,18,993,1433,442,Sí
2017,5,COAHUILA,15,JUAREZ,PRI_NUAL_PJ_PRC_PCP,0,975,0,18,993,1433,442,Sí
2017,5,COAHUILA,15,JUAREZ,PRI_SI_PJ_PRC_PCP,0,975,0,18,993,1433,437,Sí
2017,5,COAHUILA,15,JUAREZ,PVEM_NUAL_SI_PJ_PRC,0,975,0,18,993,1433,12,Sí
2017,5,COAHUILA,15,JUAREZ,PVEM_NUAL_SI_PJ_PCP,0,975,0,18,993,1433,11,Sí
2017,5,COAHUILA,15,JUAREZ,PVEM_NUAL_SI_PRC_PCP,0,975,0,18,993,1433,13,Sí
2017,5,COAHUILA,15,JUAREZ,PVEM_NUAL_PJ_PRC_PCP,0,975,0,18,993,1433,13,Sí
2017,5,COAHUILA,15,JUAREZ,PVEM_SI_PJ_PRC_PCP,0,975,0,18,993,1433,8,Sí
2017,5,COAHUILA,15,JUAREZ,NUAL_SI_PJ_PRC_PCP,0,975,0,18,993,1433,8,Sí
2017,5,COAHUILA,15,JUAREZ,PRI_PVEM_NUAL_SI,0,975,0,18,993,1433,444,Sí
2017,5,COAHUILA,15,JUAREZ,PRI_PVEM_NUAL_PJ,0,975,0,18,993,1433,444,Sí
2017,5,COAHUILA,15,JUAREZ,PRI_PVEM_NUAL_PRC,0,975,0,18,993,1433,446,Sí
2017,5,COAHUILA,15,JUAREZ,PRI_PVEM_NUAL_PCP,0,975,0,18,993,1433,445,Sí
2017,5,COAHUILA,15,JUAREZ,PRI_PVEM_SI_PJ,0,975,0,18,993,1433,439,Sí
2017,5,COAHUILA,15,JUAREZ,PRI_PVEM_SI_PRC,0,975,0,18,993,1433,441,Sí
2017,5,COAHUILA,15,JUAREZ,PRI_PVEM_SI_PCP,0,975,0,18,993,1433,440,Sí
2017,5,COAHUILA,15,JUAREZ,PRI_PVEM_PJ_PRC,0,975,0,18,993,1433,441,Sí
2017,5,COAHUILA,15,JUAREZ,PRI_PVEM_PJ_PCP,0,975,0,18,993,1433,440,Sí
2017,5,COAHUILA,15,JUAREZ,PRI_PVEM_PRC_PCP,0,975,0,18,993,1433,442,Sí
2017,5,COAHUILA,15,JUAREZ,PRI_NUAL_SI_PJ,0,975,0,18,993,1433,439,Sí
2017,5,COAHUILA,15,JUAREZ,PRI_NUAL_SI_PRC,0,975,0,18,993,1433,441,Sí
2017,5,COAHUILA,15,JUAREZ,PRI_NUAL_SI_PCP,0,975,0,18,993,1433,440,Sí
2017,5,COAHUILA,15,JUAREZ,PRI_NUAL_PJ_PRC,0,975,0,18,993,1433,441,Sí
2017,5,COAHUILA,15,JUAREZ,PRI_NUAL_PJ_PCP,0,975,0,18,993,1433,440,Sí
2017,5,COAHUILA,15,JUAREZ,PRI_NUAL_PRC_PCP,0,975,0,18,993,1433,442,Sí
2017,5,COAHUILA,15,JUAREZ,PRI_SI_PJ_PRC,0,975,0,18,993,1433,436,Sí
2017,5,COAHUILA,15,JUAREZ,PRI_SI_PJ_PCP,0,975,0,18,993,1433,435,Sí
2017,5,COAHUILA,15,JUAREZ,PRI_SI_PRC_PCP,0,975,0,18,993,1433,437,Sí
2017,5,COAHUILA,15,JUAREZ,PRI_PJ_PRC_PCP,0,975,0,18,993,1433,437,Sí
2017,5,COAHUILA,15,JUAREZ,PVEM_NUAL_SI_PJ,0,975,0,18,993,1433,10,Sí
2017,5,COAHUILA,15,JUAREZ,PVEM_NUAL_SI_PRC,0,975,0,18,993,1433,12,Sí
2017,5,COAHUILA,15,JUAREZ,PVEM_NUAL_SI_PCP,0,975,0,18,993,1433,11,Sí
2017,5,COAHUILA,15,JUAREZ,PVEM_NUAL_PJ_PRC,0,975,0,18,993,1433,12,Sí
2017,5,COAHUILA,15,JUAREZ,PVEM_NUAL_PJ_PCP,0,975,0,18,993,1433,11,Sí
2017,5,COAHUILA,15,JUAREZ,PVEM_NUAL_PRC_PCP,0,975,0,18,993,1433,13,Sí
2017,5,COAHUILA,15,JUAREZ,PVEM_SI_PJ_PRC,0,975,0,18,993,1433,7,Sí
2017,5,COAHUILA,15,JUAREZ,PVEM_SI_PJ_PCP,0,975,0,18,993,1433,6,Sí
2017,5,COAHUILA,15,JUAREZ,PVEM_SI_PRC_PCP,0,975,0,18,993,1433,8,Sí
2017,5,COAHUILA,15,JUAREZ,PVEM_PJ_PRC_PCP,0,975,0,18,993,1433,8,Sí
2017,5,COAHUILA,15,JUAREZ,NUAL_SI_PJ_PRC,0,975,0,18,993,1433,7,Sí
2017,5,COAHUILA,15,JUAREZ,NUAL_SI_PJ_PCP,0,975,0,18,993,1433,6,Sí
2017,5,COAHUILA,15,JUAREZ,NUAL_SI_PRC_PCP,0,975,0,18,993,1433,8,Sí
2017,5,COAHUILA,15,JUAREZ,NUAL_PJ_PRC_PCP,0,975,0,18,993,1433,8,Sí
2017,5,COAHUILA,15,JUAREZ,SI_PJ_PRC_PCP,0,975,0,18,993,1433,3,Sí
2017,5,COAHUILA,15,JUAREZ,PRI_PVEM_NUAL,0,975,0,18,993,1433,444,Sí
2017,5,COAHUILA,15,JUAREZ,PRI_PVEM_SI,0,975,0,18,993,1433,439,Sí
2017,5,COAHUILA,15,JUAREZ,PRI_PVEM_PJ,0,975,0,18,993,1433,439,Sí
2017,5,COAHUILA,15,JUAREZ,PRI_PVEM_PRC,0,975,0,18,993,1433,441,Sí
2017,5,COAHUILA,15,JUAREZ,PRI_PVEM_PCP,0,975,0,18,993,1433,440,Sí
2017,5,COAHUILA,15,JUAREZ,PRI_NUAL_SI,2,975,0,18,993,1433,441,Sí
2017,5,COAHUILA,15,JUAREZ,PRI_NUAL_PJ,0,975,0,18,993,1433,439,Sí
2017,5,COAHUILA,15,JUAREZ,PRI_NUAL_PRC,0,975,0,18,993,1433,441,Sí
2017,5,COAHUILA,15,JUAREZ,PRI_NUAL_PCP,0,975,0,18,993,1433,440,Sí
2017,5,COAHUILA,15,JUAREZ,PRI_SI_PJ,0,975,0,18,993,1433,434,Sí
2017,5,COAHUILA,15,JUAREZ,PRI_SI_PRC,0,975,0,18,993,1433,436,Sí
2017,5,COAHUILA,15,JUAREZ,PRI_SI_PCP,0,975,0,18,993,1433,435,Sí
2017,5,COAHUILA,15,JUAREZ,PRI_PJ_PRC,0,975,0,18,993,1433,436,Sí
2017,5,COAHUILA,15,JUAREZ,PRI_PJ_PCP,0,975,0,18,993,1433,435,Sí
2017,5,COAHUILA,15,JUAREZ,PRI_PRC_PCP,0,975,0,18,993,1433,437,Sí
2017,5,COAHUILA,15,JUAREZ,PVEM_NUAL_SI,0,975,0,18,993,1433,10,Sí
2017,5,COAHUILA,15,JUAREZ,PVEM_NUAL_PJ,0,975,0,18,993,1433,10,Sí
2017,5,COAHUILA,15,JUAREZ,PVEM_NUAL_PRC,0,975,0,18,993,1433,12,Sí
2017,5,COAHUILA,15,JUAREZ,PVEM_NUAL_PCP,0,975,0,18,993,1433,11,Sí
2017,5,COAHUILA,15,JUAREZ,PVEM_SI_PJ,0,975,0,18,993,1433,5,Sí
2017,5,COAHUILA,15,JUAREZ,PVEM_SI_PRC,0,975,0,18,993,1433,7,Sí
2017,5,COAHUILA,15,JUAREZ,PVEM_SI_PCP,0,975,0,18,993,1433,6,Sí
2017,5,COAHUILA,15,JUAREZ,PVEM_PJ_PRC,0,975,0,18,993,1433,7,Sí
2017,5,COAHUILA,15,JUAREZ,PVEM_PJ_PCP,0,975,0,18,993,1433,6,Sí
2017,5,COAHUILA,15,JUAREZ,PVEM_PRC_PCP,0,975,0,18,993,1433,8,Sí
2017,5,COAHUILA,15,JUAREZ,NUAL_SI_PJ,0,975,0,18,993,1433,5,Sí
2017,5,COAHUILA,15,JUAREZ,NUAL_SI_PRC,0,975,0,18,993,1433,7,Sí
2017,5,COAHUILA,15,JUAREZ,NUAL_SI_PCP,0,975,0,18,993,1433,6,Sí
2017,5,COAHUILA,15,JUAREZ,NUAL_PJ_PRC,0,975,0,18,993,1433,7,Sí
2017,5,COAHUILA,15,JUAREZ,NUAL_PJ_PCP,0,975,0,18,993,1433,6,Sí
2017,5,COAHUILA,15,JUAREZ,NUAL_PRC_PCP,0,975,0,18,993,1433,8,Sí
2017,5,COAHUILA,15,JUAREZ,SI_PJ_PRC,0,975,0,18,993,1433,2,Sí
2017,5,COAHUILA,15,JUAREZ,SI_PJ_PCP,0,975,0,18,993,1433,1,Sí
2017,5,COAHUILA,15,JUAREZ,SI_PRC_PCP,0,975,0,18,993,1433,3,Sí
2017,5,COAHUILA,15,JUAREZ,PJ_PRC_PCP,0,975,0,18,993,1433,3,Sí
2017,5,COAHUILA,15,JUAREZ,PRI_PVEM,2,975,0,18,993,1433,441,Sí
2017,5,COAHUILA,15,JUAREZ,PRI_NUAL,2,975,0,18,993,1433,441,Sí
2017,5,COAHUILA,15,JUAREZ,PRI_SI,0,975,0,18,993,1433,434,Sí
2017,5,COAHUILA,15,JUAREZ,PRI_PJ,1,975,0,18,993,1433,435,Sí
2017,5,COAHUILA,15,JUAREZ,PRI_PRC,0,975,0,18,993,1433,436,Sí
2017,5,COAHUILA,15,JUAREZ,PRI_PCP,0,975,0,18,993,1433,435,Sí
2017,5,COAHUILA,15,JUAREZ,PVEM_NUAL,0,975,0,18,993,1433,10,Sí
2017,5,COAHUILA,15,JUAREZ,PVEM_SI,0,975,0,18,993,1433,5,Sí
2017,5,COAHUILA,15,JUAREZ,PVEM_PJ,0,975,0,18,993,1433,5,Sí
2017,5,COAHUILA,15,JUAREZ,PVEM_PRC,0,975,0,18,993,1433,7,Sí
2017,5,COAHUILA,15,JUAREZ,PVEM_PCP,0,975,0,18,993,1433,6,Sí
2017,5,COAHUILA,15,JUAREZ,NUAL_SI,0,975,0,18,993,1433,5,Sí
2017,5,COAHUILA,15,JUAREZ,NUAL_PJ,0,975,0,18,993,1433,5,Sí
2017,5,COAHUILA,15,JUAREZ,NUAL_PRC,0,975,0,18,993,1433,7,Sí
2017,5,COAHUILA,15,JUAREZ,NUAL_PCP,0,975,0,18,993,1433,6,Sí
2017,5,COAHUILA,15,JUAREZ,SI_PJ,0,975,0,18,993,1433,0,Sí
2017,5,COAHUILA,15,JUAREZ,SI_PRC,0,975,0,18,993,1433,2,Sí
2017,5,COAHUILA,15,JUAREZ,SI_PCP,0,975,0,18,993,1433,1,Sí
2017,5,COAHUILA,15,JUAREZ,PJ_PRC,0,975,0,18,993,1433,2,Sí
2017,5,COAHUILA,15,JUAREZ,PJ_PCP,0,975,0,18,993,1433,1,Sí
2017,5,COAHUILA,15,JUAREZ,PRC_PCP,0,975,0,18,993,1433,3,Sí
2017,5,COAHUILA,16,LAMADRID,PAN,637,1257,0,18,1275,1631,637,No
2017,5,COAHUILA,16,LAMADRID,PRI,501,1257,0,18,1275,1631,501,No
2017,5,COAHUILA,16,LAMADRID,PRD,4,1257,0,18,1275,1631,4,No
2017,5,COAHUILA,16,LAMADRID,PT,0,1257,0,18,1275,1631,0,No
2017,5,COAHUILA,16,LAMADRID,PVEM,0,1257,0,18,1275,1631,0,No
2017,5,COAHUILA,16,LAMADRID,UDC,6,1257,0,18,1275,1631,6,No
2017,5,COAHUILA,16,LAMADRID,MC,0,1257,0,18,1275,1631,0,No
2017,5,COAHUILA,16,LAMADRID,NUAL,26,1257,0,18,1275,1631,26,No
2017,5,COAHUILA,16,LAMADRID,SI,1,1257,0,18,1275,1631,1,No
2017,5,COAHUILA,16,LAMADRID,PPC,25,1257,0,18,1275,1631,25,No
2017,5,COAHUILA,16,LAMADRID,PJ,2,1257,0,18,1275,1631,2,No
2017,5,COAHUILA,16,LAMADRID,PRC,0,1257,0,18,1275,1631,0,No
2017,5,COAHUILA,16,LAMADRID,PCP,0,1257,0,18,1275,1631,0,No
2017,5,COAHUILA,16,LAMADRID,MORENA,30,1257,0,18,1275,1631,30,No
2017,5,COAHUILA,16,LAMADRID,ES,0,1257,0,18,1275,1631,0,No
2017,5,COAHUILA,16,LAMADRID,PAN_UDC_PPC_ES,2,1257,0,18,1275,1631,670,Sí
2017,5,COAHUILA,16,LAMADRID,PAN_UDC_PPC,0,1257,0,18,1275,1631,668,Sí
2017,5,COAHUILA,16,LAMADRID,PAN_UDC_ES,1,1257,0,18,1275,1631,644,Sí
2017,5,COAHUILA,16,LAMADRID,PAN_PPC_ES,1,1257,0,18,1275,1631,663,Sí
2017,5,COAHUILA,16,LAMADRID,UDC_PPC_ES,0,1257,0,18,1275,1631,31,Sí
2017,5,COAHUILA,16,LAMADRID,PAN_UDC,1,1257,0,18,1275,1631,644,Sí
2017,5,COAHUILA,16,LAMADRID,PAN_PPC,3,1257,0,18,1275,1631,665,Sí
2017,5,COAHUILA,16,LAMADRID,PAN_ES,0,1257,0,18,1275,1631,637,Sí
2017,5,COAHUILA,16,LAMADRID,UDC_PPC,0,1257,0,18,1275,1631,31,Sí
2017,5,COAHUILA,16,LAMADRID,UDC_ES,0,1257,0,18,1275,1631,6,Sí
2017,5,COAHUILA,16,LAMADRID,PPC_ES,0,1257,0,18,1275,1631,25,Sí
2017,5,COAHUILA,16,LAMADRID,PRI_PVEM_NUAL_SI_PJ_PRC_PCP,2,1257,0,18,1275,1631,532,Sí
2017,5,COAHUILA,16,LAMADRID,PRI_PVEM_NUAL_SI_PJ_PRC,0,1257,0,18,1275,1631,530,Sí
2017,5,COAHUILA,16,LAMADRID,PRI_PVEM_NUAL_SI_PJ_PCP,0,1257,0,18,1275,1631,530,Sí
2017,5,COAHUILA,16,LAMADRID,PRI_PVEM_NUAL_SI_PRC_PCP,0,1257,0,18,1275,1631,528,Sí
2017,5,COAHUILA,16,LAMADRID,PRI_PVEM_NUAL_PJ_PRC_PCP,1,1257,0,18,1275,1631,530,Sí
2017,5,COAHUILA,16,LAMADRID,PRI_PVEM_SI_PJ_PRC_PCP,0,1257,0,18,1275,1631,504,Sí
2017,5,COAHUILA,16,LAMADRID,PRI_NUAL_SI_PJ_PRC_PCP,0,1257,0,18,1275,1631,530,Sí
2017,5,COAHUILA,16,LAMADRID,PVEM_NUAL_SI_PJ_PRC_PCP,0,1257,0,18,1275,1631,29,Sí
2017,5,COAHUILA,16,LAMADRID,PRI_PVEM_NUAL_SI_PJ,0,1257,0,18,1275,1631,530,Sí
2017,5,COAHUILA,16,LAMADRID,PRI_PVEM_NUAL_SI_PRC,0,1257,0,18,1275,1631,528,Sí
2017,5,COAHUILA,16,LAMADRID,PRI_PVEM_NUAL_SI_PCP,0,1257,0,18,1275,1631,528,Sí
2017,5,COAHUILA,16,LAMADRID,PRI_PVEM_NUAL_PJ_PRC,0,1257,0,18,1275,1631,529,Sí
2017,5,COAHUILA,16,LAMADRID,PRI_PVEM_NUAL_PJ_PCP,0,1257,0,18,1275,1631,529,Sí
2017,5,COAHUILA,16,LAMADRID,PRI_PVEM_NUAL_PRC_PCP,0,1257,0,18,1275,1631,527,Sí
2017,5,COAHUILA,16,LAMADRID,PRI_PVEM_SI_PJ_PRC,0,1257,0,18,1275,1631,504,Sí
2017,5,COAHUILA,16,LAMADRID,PRI_PVEM_SI_PJ_PCP,0,1257,0,18,1275,1631,504,Sí
2017,5,COAHUILA,16,LAMADRID,PRI_PVEM_SI_PRC_PCP,0,1257,0,18,1275,1631,502,Sí
2017,5,COAHUILA,16,LAMADRID,PRI_PVEM_PJ_PRC_PCP,0,1257,0,18,1275,1631,503,Sí
2017,5,COAHUILA,16,LAMADRID,PRI_NUAL_SI_PJ_PRC,0,1257,0,18,1275,1631,530,Sí
2017,5,COAHUILA,16,LAMADRID,PRI_NUAL_SI_PJ_PCP,0,1257,0,18,1275,1631,530,Sí
2017,5,COAHUILA,16,LAMADRID,PRI_NUAL_SI_PRC_PCP,0,1257,0,18,1275,1631,528,Sí
2017,5,COAHUILA,16,LAMADRID,PRI_NUAL_PJ_PRC_PCP,0,1257,0,18,1275,1631,529,Sí
2017,5,COAHUILA,16,LAMADRID,PRI_SI_PJ_PRC_PCP,0,1257,0,18,1275,1631,504,Sí
2017,5,COAHUILA,16,LAMADRID,PVEM_NUAL_SI_PJ_PRC,0,1257,0,18,1275,1631,29,Sí
2017,5,COAHUILA,16,LAMADRID,PVEM_NUAL_SI_PJ_PCP,0,1257,0,18,1275,1631,29,Sí
2017,5,COAHUILA,16,LAMADRID,PVEM_NUAL_SI_PRC_PCP,0,1257,0,18,1275,1631,27,Sí
2017,5,COAHUILA,16,LAMADRID,PVEM_NUAL_PJ_PRC_PCP,0,1257,0,18,1275,1631,28,Sí
2017,5,COAHUILA,16,LAMADRID,PVEM_SI_PJ_PRC_PCP,0,1257,0,18,1275,1631,3,Sí
2017,5,COAHUILA,16,LAMADRID,NUAL_SI_PJ_PRC_PCP,0,1257,0,18,1275,1631,29,Sí
2017,5,COAHUILA,16,LAMADRID,PRI_PVEM_NUAL_SI,0,1257,0,18,1275,1631,528,Sí
2017,5,COAHUILA,16,LAMADRID,PRI_PVEM_NUAL_PJ,0,1257,0,18,1275,1631,529,Sí
2017,5,COAHUILA,16,LAMADRID,PRI_PVEM_NUAL_PRC,0,1257,0,18,1275,1631,527,Sí
2017,5,COAHUILA,16,LAMADRID,PRI_PVEM_NUAL_PCP,0,1257,0,18,1275,1631,527,Sí
2017,5,COAHUILA,16,LAMADRID,PRI_PVEM_SI_PJ,0,1257,0,18,1275,1631,504,Sí
2017,5,COAHUILA,16,LAMADRID,PRI_PVEM_SI_PRC,0,1257,0,18,1275,1631,502,Sí
2017,5,COAHUILA,16,LAMADRID,PRI_PVEM_SI_PCP,0,1257,0,18,1275,1631,502,Sí
2017,5,COAHUILA,16,LAMADRID,PRI_PVEM_PJ_PRC,0,1257,0,18,1275,1631,503,Sí
2017,5,COAHUILA,16,LAMADRID,PRI_PVEM_PJ_PCP,0,1257,0,18,1275,1631,503,Sí
2017,5,COAHUILA,16,LAMADRID,PRI_PVEM_PRC_PCP,0,1257,0,18,1275,1631,501,Sí
2017,5,COAHUILA,16,LAMADRID,PRI_NUAL_SI_PJ,0,1257,0,18,1275,1631,530,Sí
2017,5,COAHUILA,16,LAMADRID,PRI_NUAL_SI_PRC,0,1257,0,18,1275,1631,528,Sí
2017,5,COAHUILA,16,LAMADRID,PRI_NUAL_SI_PCP,0,1257,0,18,1275,1631,528,Sí
2017,5,COAHUILA,16,LAMADRID,PRI_NUAL_PJ_PRC,0,1257,0,18,1275,1631,529,Sí
2017,5,COAHUILA,16,LAMADRID,PRI_NUAL_PJ_PCP,0,1257,0,18,1275,1631,529,Sí
2017,5,COAHUILA,16,LAMADRID,PRI_NUAL_PRC_PCP,0,1257,0,18,1275,1631,527,Sí
2017,5,COAHUILA,16,LAMADRID,PRI_SI_PJ_PRC,0,1257,0,18,1275,1631,504,Sí
2017,5,COAHUILA,16,LAMADRID,PRI_SI_PJ_PCP,0,1257,0,18,1275,1631,504,Sí
2017,5,COAHUILA,16,LAMADRID,PRI_SI_PRC_PCP,0,1257,0,18,1275,1631,502,Sí
2017,5,COAHUILA,16,LAMADRID,PRI_PJ_PRC_PCP,0,1257,0,18,1275,1631,503,Sí
2017,5,COAHUILA,16,LAMADRID,PVEM_NUAL_SI_PJ,0,1257,0,18,1275,1631,29,Sí
2017,5,COAHUILA,16,LAMADRID,PVEM_NUAL_SI_PRC,0,1257,0,18,1275,1631,27,Sí
2017,5,COAHUILA,16,LAMADRID,PVEM_NUAL_SI_PCP,0,1257,0,18,1275,1631,27,Sí
2017,5,COAHUILA,16,LAMADRID,PVEM_NUAL_PJ_PRC,0,1257,0,18,1275,1631,28,Sí
2017,5,COAHUILA,16,LAMADRID,PVEM_NUAL_PJ_PCP,0,1257,0,18,1275,1631,28,Sí
2017,5,COAHUILA,16,LAMADRID,PVEM_NUAL_PRC_PCP,0,1257,0,18,1275,1631,26,Sí
2017,5,COAHUILA,16,LAMADRID,PVEM_SI_PJ_PRC,0,1257,0,18,1275,1631,3,Sí
2017,5,COAHUILA,16,LAMADRID,PVEM_SI_PJ_PCP,0,1257,0,18,1275,1631,3,Sí
2017,5,COAHUILA,16,LAMADRID,PVEM_SI_PRC_PCP,0,1257,0,18,1275,1631,1,Sí
2017,5,COAHUILA,16,LAMADRID,PVEM_PJ_PRC_PCP,0,1257,0,18,1275,1631,2,Sí
2017,5,COAHUILA,16,LAMADRID,NUAL_SI_PJ_PRC,0,1257,0,18,1275,1631,29,Sí
2017,5,COAHUILA,16,LAMADRID,NUAL_SI_PJ_PCP,0,1257,0,18,1275,1631,29,Sí
2017,5,COAHUILA,16,LAMADRID,NUAL_SI_PRC_PCP,0,1257,0,18,1275,1631,27,Sí
2017,5,COAHUILA,16,LAMADRID,NUAL_PJ_PRC_PCP,0,1257,0,18,1275,1631,28,Sí
2017,5,COAHUILA,16,LAMADRID,SI_PJ_PRC_PCP,0,1257,0,18,1275,1631,3,Sí
2017,5,COAHUILA,16,LAMADRID,PRI_PVEM_NUAL,0,1257,0,18,1275,1631,527,Sí
2017,5,COAHUILA,16,LAMADRID,PRI_PVEM_SI,0,1257,0,18,1275,1631,502,Sí
2017,5,COAHUILA,16,LAMADRID,PRI_PVEM_PJ,0,1257,0,18,1275,1631,503,Sí
2017,5,COAHUILA,16,LAMADRID,PRI_PVEM_PRC,0,1257,0,18,1275,1631,501,Sí
2017,5,COAHUILA,16,LAMADRID,PRI_PVEM_PCP,0,1257,0,18,1275,1631,501,Sí
2017,5,COAHUILA,16,LAMADRID,PRI_NUAL_SI,0,1257,0,18,1275,1631,528,Sí
2017,5,COAHUILA,16,LAMADRID,PRI_NUAL_PJ,0,1257,0,18,1275,1631,529,Sí
2017,5,COAHUILA,16,LAMADRID,PRI_NUAL_PRC,0,1257,0,18,1275,1631,527,Sí
2017,5,COAHUILA,16,LAMADRID,PRI_NUAL_PCP,0,1257,0,18,1275,1631,527,Sí
2017,5,COAHUILA,16,LAMADRID,PRI_SI_PJ,2,1257,0,18,1275,1631,506,Sí
2017,5,COAHUILA,16,LAMADRID,PRI_SI_PRC,0,1257,0,18,1275,1631,502,Sí
2017,5,COAHUILA,16,LAMADRID,PRI_SI_PCP,0,1257,0,18,1275,1631,502,Sí
2017,5,COAHUILA,16,LAMADRID,PRI_PJ_PRC,0,1257,0,18,1275,1631,503,Sí
2017,5,COAHUILA,16,LAMADRID,PRI_PJ_PCP,0,1257,0,18,1275,1631,503,Sí
2017,5,COAHUILA,16,LAMADRID,PRI_PRC_PCP,0,1257,0,18,1275,1631,501,Sí
2017,5,COAHUILA,16,LAMADRID,PVEM_NUAL_SI,0,1257,0,18,1275,1631,27,Sí
2017,5,COAHUILA,16,LAMADRID,PVEM_NUAL_PJ,0,1257,0,18,1275,1631,28,Sí
2017,5,COAHUILA,16,LAMADRID,PVEM_NUAL_PRC,0,1257,0,18,1275,1631,26,Sí
2017,5,COAHUILA,16,LAMADRID,PVEM_NUAL_PCP,0,1257,0,18,1275,1631,26,Sí
2017,5,COAHUILA,16,LAMADRID,PVEM_SI_PJ,0,1257,0,18,1275,1631,3,Sí
2017,5,COAHUILA,16,LAMADRID,PVEM_SI_PRC,0,1257,0,18,1275,1631,1,Sí
2017,5,COAHUILA,16,LAMADRID,PVEM_SI_PCP,0,1257,0,18,1275,1631,1,Sí
2017,5,COAHUILA,16,LAMADRID,PVEM_PJ_PRC,0,1257,0,18,1275,1631,2,Sí
2017,5,COAHUILA,16,LAMADRID,PVEM_PJ_PCP,0,1257,0,18,1275,1631,2,Sí
2017,5,COAHUILA,16,LAMADRID,PVEM_PRC_PCP,0,1257,0,18,1275,1631,0,Sí
2017,5,COAHUILA,16,LAMADRID,NUAL_SI_PJ,0,1257,0,18,1275,1631,29,Sí
2017,5,COAHUILA,16,LAMADRID,NUAL_SI_PRC,0,1257,0,18,1275,1631,27,Sí
2017,5,COAHUILA,16,LAMADRID,NUAL_SI_PCP,0,1257,0,18,1275,1631,27,Sí
2017,5,COAHUILA,16,LAMADRID,NUAL_PJ_PRC,0,1257,0,18,1275,1631,28,Sí
2017,5,COAHUILA,16,LAMADRID,NUAL_PJ_PCP,0,1257,0,18,1275,1631,28,Sí
2017,5,COAHUILA,16,LAMADRID,NUAL_PRC_PCP,0,1257,0,18,1275,1631,26,Sí
2017,5,COAHUILA,16,LAMADRID,SI_PJ_PRC,0,1257,0,18,1275,1631,3,Sí
2017,5,COAHUILA,16,LAMADRID,SI_PJ_PCP,0,1257,0,18,1275,1631,3,Sí
2017,5,COAHUILA,16,LAMADRID,SI_PRC_PCP,0,1257,0,18,1275,1631,1,Sí
2017,5,COAHUILA,16,LAMADRID,PJ_PRC_PCP,0,1257,0,18,1275,1631,2,Sí
2017,5,COAHUILA,16,LAMADRID,PRI_PVEM,0,1257,0,18,1275,1631,501,Sí
2017,5,COAHUILA,16,LAMADRID,PRI_NUAL,4,1257,0,18,1275,1631,531,Sí
2017,5,COAHUILA,16,LAMADRID,PRI_SI,0,1257,0,18,1275,1631,502,Sí
2017,5,COAHUILA,16,LAMADRID,PRI_PJ,7,1257,0,18,1275,1631,510,Sí
2017,5,COAHUILA,16,LAMADRID,PRI_PRC,0,1257,0,18,1275,1631,501,Sí
2017,5,COAHUILA,16,LAMADRID,PRI_PCP,0,1257,0,18,1275,1631,501,Sí
2017,5,COAHUILA,16,LAMADRID,PVEM_NUAL,1,1257,0,18,1275,1631,27,Sí
2017,5,COAHUILA,16,LAMADRID,PVEM_SI,0,1257,0,18,1275,1631,1,Sí
2017,5,COAHUILA,16,LAMADRID,PVEM_PJ,0,1257,0,18,1275,1631,2,Sí
2017,5,COAHUILA,16,LAMADRID,PVEM_PRC,0,1257,0,18,1275,1631,0,Sí
2017,5,COAHUILA,16,LAMADRID,PVEM_PCP,0,1257,0,18,1275,1631,0,Sí
2017,5,COAHUILA,16,LAMADRID,NUAL_SI,0,1257,0,18,1275,1631,27,Sí
2017,5,COAHUILA,16,LAMADRID,NUAL_PJ,0,1257,0,18,1275,1631,28,Sí
2017,5,COAHUILA,16,LAMADRID,NUAL_PRC,0,1257,0,18,1275,1631,26,Sí
2017,5,COAHUILA,16,LAMADRID,NUAL_PCP,0,1257,0,18,1275,1631,26,Sí
2017,5,COAHUILA,16,LAMADRID,SI_PJ,0,1257,0,18,1275,1631,3,Sí
2017,5,COAHUILA,16,LAMADRID,SI_PRC,0,1257,0,18,1275,1631,1,Sí
2017,5,COAHUILA,16,LAMADRID,SI_PCP,0,1257,0,18,1275,1631,1,Sí
2017,5,COAHUILA,16,LAMADRID,PJ_PRC,0,1257,0,18,1275,1631,2,Sí
2017,5,COAHUILA,16,LAMADRID,PJ_PCP,0,1257,0,18,1275,1631,2,Sí
2017,5,COAHUILA,16,LAMADRID,PRC_PCP,0,1257,0,18,1275,1631,0,Sí
2017,5,COAHUILA,17,MATAMOROS,PAN,4848,53959,1,906,54866,82229,4848,No
2017,5,COAHUILA,17,MATAMOROS,PRI,20475,53959,1,906,54866,82229,20475,No
2017,5,COAHUILA,17,MATAMOROS,PRD,638,53959,1,906,54866,82229,638,No
2017,5,COAHUILA,17,MATAMOROS,PT,503,53959,1,906,54866,82229,503,No
2017,5,COAHUILA,17,MATAMOROS,PVEM,664,53959,1,906,54866,82229,664,No
2017,5,COAHUILA,17,MATAMOROS,UDC,1116,53959,1,906,54866,82229,1116,No
2017,5,COAHUILA,17,MATAMOROS,MC,0,53959,1,906,54866,82229,0,No
2017,5,COAHUILA,17,MATAMOROS,NUAL,740,53959,1,906,54866,82229,740,No
2017,5,COAHUILA,17,MATAMOROS,SI,105,53959,1,906,54866,82229,105,No
2017,5,COAHUILA,17,MATAMOROS,PPC,13778,53959,1,906,54866,82229,13778,No
2017,5,COAHUILA,17,MATAMOROS,PJ,382,53959,1,906,54866,82229,382,No
2017,5,COAHUILA,17,MATAMOROS,PRC,1447,53959,1,906,54866,82229,1447,No
2017,5,COAHUILA,17,MATAMOROS,PCP,317,53959,1,906,54866,82229,317,No
2017,5,COAHUILA,17,MATAMOROS,MORENA,2921,53959,1,906,54866,82229,2921,No
2017,5,COAHUILA,17,MATAMOROS,ES,192,53959,1,906,54866,82229,192,No
2017,5,COAHUILA,17,MATAMOROS,PAN_UDC_PPC_ES,43,53959,1,906,54866,82229,19977,Sí
2017,5,COAHUILA,17,MATAMOROS,PAN_UDC_PPC,69,53959,1,906,54866,82229,19811,Sí
2017,5,COAHUILA,17,MATAMOROS,PAN_UDC_ES,5,53959,1,906,54866,82229,6161,Sí
2017,5,COAHUILA,17,MATAMOROS,PAN_PPC_ES,6,53959,1,906,54866,82229,18824,Sí
2017,5,COAHUILA,17,MATAMOROS,UDC_PPC_ES,3,53959,1,906,54866,82229,15089,Sí
2017,5,COAHUILA,17,MATAMOROS,PAN_UDC,34,53959,1,906,54866,82229,5998,Sí
2017,5,COAHUILA,17,MATAMOROS,PAN_PPC,239,53959,1,906,54866,82229,18865,Sí
2017,5,COAHUILA,17,MATAMOROS,PAN_ES,2,53959,1,906,54866,82229,5042,Sí
2017,5,COAHUILA,17,MATAMOROS,UDC_PPC,16,53959,1,906,54866,82229,14910,Sí
2017,5,COAHUILA,17,MATAMOROS,UDC_ES,0,53959,1,906,54866,82229,1308,Sí
2017,5,COAHUILA,17,MATAMOROS,PPC_ES,6,53959,1,906,54866,82229,13976,Sí
2017,5,COAHUILA,17,MATAMOROS,PRI_PVEM_NUAL_SI_PJ_PRC_PCP,7,53959,1,906,54866,82229,24137,Sí
2017,5,COAHUILA,17,MATAMOROS,PRI_PVEM_NUAL_SI_PJ_PRC,2,53959,1,906,54866,82229,23815,Sí
2017,5,COAHUILA,17,MATAMOROS,PRI_PVEM_NUAL_SI_PJ_PCP,0,53959,1,906,54866,82229,22683,Sí
2017,5,COAHUILA,17,MATAMOROS,PRI_PVEM_NUAL_SI_PRC_PCP,0,53959,1,906,54866,82229,23748,Sí
2017,5,COAHUILA,17,MATAMOROS,PRI_PVEM_NUAL_PJ_PRC_PCP,0,53959,1,906,54866,82229,24025,Sí
2017,5,COAHUILA,17,MATAMOROS,PRI_PVEM_SI_PJ_PRC_PCP,0,53959,1,906,54866,82229,23390,Sí
2017,5,COAHUILA,17,MATAMOROS,PRI_NUAL_SI_PJ_PRC_PCP,0,53959,1,906,54866,82229,23466,Sí
2017,5,COAHUILA,17,MATAMOROS,PVEM_NUAL_SI_PJ_PRC_PCP,0,53959,1,906,54866,82229,3655,Sí
2017,5,COAHUILA,17,MATAMOROS,PRI_PVEM_NUAL_SI_PJ,1,53959,1,906,54866,82229,22367,Sí
2017,5,COAHUILA,17,MATAMOROS,PRI_PVEM_NUAL_SI_PRC,0,53959,1,906,54866,82229,23431,Sí
2017,5,COAHUILA,17,MATAMOROS,PRI_PVEM_NUAL_SI_PCP,0,53959,1,906,54866,82229,22301,Sí
2017,5,COAHUILA,17,MATAMOROS,PRI_PVEM_NUAL_PJ_PRC,0,53959,1,906,54866,82229,23708,Sí
2017,5,COAHUILA,17,MATAMOROS,PRI_PVEM_NUAL_PJ_PCP,0,53959,1,906,54866,82229,22578,Sí
2017,5,COAHUILA,17,MATAMOROS,PRI_PVEM_NUAL_PRC_PCP,1,53959,1,906,54866,82229,23644,Sí
2017,5,COAHUILA,17,MATAMOROS,PRI_PVEM_SI_PJ_PRC,1,53959,1,906,54866,82229,23074,Sí
2017,5,COAHUILA,17,MATAMOROS,PRI_PVEM_SI_PJ_PCP,0,53959,1,906,54866,82229,21943,Sí
2017,5,COAHUILA,17,MATAMOROS,PRI_PVEM_SI_PRC_PCP,1,53959,1,906,54866,82229,23009,Sí
2017,5,COAHUILA,17,MATAMOROS,PRI_PVEM_PJ_PRC_PCP,0,53959,1,906,54866,82229,23285,Sí
2017,5,COAHUILA,17,MATAMOROS,PRI_NUAL_SI_PJ_PRC,0,53959,1,906,54866,82229,23149,Sí
2017,5,COAHUILA,17,MATAMOROS,PRI_NUAL_SI_PJ_PCP,0,53959,1,906,54866,82229,22019,Sí
2017,5,COAHUILA,17,MATAMOROS,PRI_NUAL_SI_PRC_PCP,0,53959,1,906,54866,82229,23084,Sí
2017,5,COAHUILA,17,MATAMOROS,PRI_NUAL_PJ_PRC_PCP,0,53959,1,906,54866,82229,23361,Sí
2017,5,COAHUILA,17,MATAMOROS,PRI_SI_PJ_PRC_PCP,0,53959,1,906,54866,82229,22726,Sí
2017,5,COAHUILA,17,MATAMOROS,PVEM_NUAL_SI_PJ_PRC,0,53959,1,906,54866,82229,3338,Sí
2017,5,COAHUILA,17,MATAMOROS,PVEM_NUAL_SI_PJ_PCP,0,53959,1,906,54866,82229,2208,Sí
2017,5,COAHUILA,17,MATAMOROS,PVEM_NUAL_SI_PRC_PCP,0,53959,1,906,54866,82229,3273,Sí
2017,5,COAHUILA,17,MATAMOROS,PVEM_NUAL_PJ_PRC_PCP,0,53959,1,906,54866,82229,3550,Sí
2017,5,COAHUILA,17,MATAMOROS,PVEM_SI_PJ_PRC_PCP,0,53959,1,906,54866,82229,2915,Sí
2017,5,COAHUILA,17,MATAMOROS,NUAL_SI_PJ_PRC_PCP,0,53959,1,906,54866,82229,2991,Sí
2017,5,COAHUILA,17,MATAMOROS,PRI_PVEM_NUAL_SI,0,53959,1,906,54866,82229,21984,Sí
2017,5,COAHUILA,17,MATAMOROS,PRI_PVEM_NUAL_PJ,0,53959,1,906,54866,82229,22261,Sí
2017,5,COAHUILA,17,MATAMOROS,PRI_PVEM_NUAL_PRC,0,53959,1,906,54866,82229,23326,Sí
2017,5,COAHUILA,17,MATAMOROS,PRI_PVEM_NUAL_PCP,1,53959,1,906,54866,82229,22197,Sí
2017,5,COAHUILA,17,MATAMOROS,PRI_PVEM_SI_PJ,0,53959,1,906,54866,82229,21626,Sí
2017,5,COAHUILA,17,MATAMOROS,PRI_PVEM_SI_PRC,0,53959,1,906,54866,82229,22691,Sí
2017,5,COAHUILA,17,MATAMOROS,PRI_PVEM_SI_PCP,0,53959,1,906,54866,82229,21561,Sí
2017,5,COAHUILA,17,MATAMOROS,PRI_PVEM_PJ_PRC,0,53959,1,906,54866,82229,22968,Sí
2017,5,COAHUILA,17,MATAMOROS,PRI_PVEM_PJ_PCP,0,53959,1,906,54866,82229,21838,Sí
2017,5,COAHUILA,17,MATAMOROS,PRI_PVEM_PRC_PCP,1,53959,1,906,54866,82229,22904,Sí
2017,5,COAHUILA,17,MATAMOROS,PRI_NUAL_SI_PJ,1,53959,1,906,54866,82229,21703,Sí
2017,5,COAHUILA,17,MATAMOROS,PRI_NUAL_SI_PRC,0,53959,1,906,54866,82229,22767,Sí
2017,5,COAHUILA,17,MATAMOROS,PRI_NUAL_SI_PCP,0,53959,1,906,54866,82229,21637,Sí
2017,5,COAHUILA,17,MATAMOROS,PRI_NUAL_PJ_PRC,0,53959,1,906,54866,82229,23044,Sí
2017,5,COAHUILA,17,MATAMOROS,PRI_NUAL_PJ_PCP,0,53959,1,906,54866,82229,21914,Sí
2017,5,COAHUILA,17,MATAMOROS,PRI_NUAL_PRC_PCP,0,53959,1,906,54866,82229,22979,Sí
2017,5,COAHUILA,17,MATAMOROS,PRI_SI_PJ_PRC,0,53959,1,906,54866,82229,22409,Sí
2017,5,COAHUILA,17,MATAMOROS,PRI_SI_PJ_PCP,0,53959,1,906,54866,82229,21279,Sí
2017,5,COAHUILA,17,MATAMOROS,PRI_SI_PRC_PCP,0,53959,1,906,54866,82229,22344,Sí
2017,5,COAHUILA,17,MATAMOROS,PRI_PJ_PRC_PCP,0,53959,1,906,54866,82229,22621,Sí
2017,5,COAHUILA,17,MATAMOROS,PVEM_NUAL_SI_PJ,0,53959,1,906,54866,82229,1891,Sí
2017,5,COAHUILA,17,MATAMOROS,PVEM_NUAL_SI_PRC,0,53959,1,906,54866,82229,2956,Sí
2017,5,COAHUILA,17,MATAMOROS,PVEM_NUAL_SI_PCP,0,53959,1,906,54866,82229,1826,Sí
2017,5,COAHUILA,17,MATAMOROS,PVEM_NUAL_PJ_PRC,0,53959,1,906,54866,82229,3233,Sí
2017,5,COAHUILA,17,MATAMOROS,PVEM_NUAL_PJ_PCP,0,53959,1,906,54866,82229,2103,Sí
2017,5,COAHUILA,17,MATAMOROS,PVEM_NUAL_PRC_PCP,0,53959,1,906,54866,82229,3168,Sí
2017,5,COAHUILA,17,MATAMOROS,PVEM_SI_PJ_PRC,0,53959,1,906,54866,82229,2598,Sí
2017,5,COAHUILA,17,MATAMOROS,PVEM_SI_PJ_PCP,0,53959,1,906,54866,82229,1468,Sí
2017,5,COAHUILA,17,MATAMOROS,PVEM_SI_PRC_PCP,0,53959,1,906,54866,82229,2533,Sí
2017,5,COAHUILA,17,MATAMOROS,PVEM_PJ_PRC_PCP,0,53959,1,906,54866,82229,2810,Sí
2017,5,COAHUILA,17,MATAMOROS,NUAL_SI_PJ_PRC,0,53959,1,906,54866,82229,2674,Sí
2017,5,COAHUILA,17,MATAMOROS,NUAL_SI_PJ_PCP,0,53959,1,906,54866,82229,1544,Sí
2017,5,COAHUILA,17,MATAMOROS,NUAL_SI_PRC_PCP,0,53959,1,906,54866,82229,2609,Sí
2017,5,COAHUILA,17,MATAMOROS,NUAL_PJ_PRC_PCP,0,53959,1,906,54866,82229,2886,Sí
2017,5,COAHUILA,17,MATAMOROS,SI_PJ_PRC_PCP,0,53959,1,906,54866,82229,2251,Sí
2017,5,COAHUILA,17,MATAMOROS,PRI_PVEM_NUAL,3,53959,1,906,54866,82229,21882,Sí
2017,5,COAHUILA,17,MATAMOROS,PRI_PVEM_SI,0,53959,1,906,54866,82229,21244,Sí
2017,5,COAHUILA,17,MATAMOROS,PRI_PVEM_PJ,2,53959,1,906,54866,82229,21523,Sí
2017,5,COAHUILA,17,MATAMOROS,PRI_PVEM_PRC,1,53959,1,906,54866,82229,22587,Sí
2017,5,COAHUILA,17,MATAMOROS,PRI_PVEM_PCP,0,53959,1,906,54866,82229,21456,Sí
2017,5,COAHUILA,17,MATAMOROS,PRI_NUAL_SI,1,53959,1,906,54866,82229,21321,Sí
2017,5,COAHUILA,17,MATAMOROS,PRI_NUAL_PJ,0,53959,1,906,54866,82229,21597,Sí
2017,5,COAHUILA,17,MATAMOROS,PRI_NUAL_PRC,1,53959,1,906,54866,82229,22663,Sí
2017,5,COAHUILA,17,MATAMOROS,PRI_NUAL_PCP,0,53959,1,906,54866,82229,21532,Sí
2017,5,COAHUILA,17,MATAMOROS,PRI_SI_PJ,0,53959,1,906,54866,82229,20962,Sí
2017,5,COAHUILA,17,MATAMOROS,PRI_SI_PRC,0,53959,1,906,54866,82229,22027,Sí
2017,5,COAHUILA,17,MATAMOROS,PRI_SI_PCP,1,53959,1,906,54866,82229,20898,Sí
2017,5,COAHUILA,17,MATAMOROS,PRI_PJ_PRC,1,53959,1,906,54866,82229,22305,Sí
2017,5,COAHUILA,17,MATAMOROS,PRI_PJ_PCP,0,53959,1,906,54866,82229,21174,Sí
2017,5,COAHUILA,17,MATAMOROS,PRI_PRC_PCP,0,53959,1,906,54866,82229,22239,Sí
2017,5,COAHUILA,17,MATAMOROS,PVEM_NUAL_SI,0,53959,1,906,54866,82229,1509,Sí
2017,5,COAHUILA,17,MATAMOROS,PVEM_NUAL_PJ,0,53959,1,906,54866,82229,1786,Sí
2017,5,COAHUILA,17,MATAMOROS,PVEM_NUAL_PRC,0,53959,1,906,54866,82229,2851,Sí
2017,5,COAHUILA,17,MATAMOROS,PVEM_NUAL_PCP,0,53959,1,906,54866,82229,1721,Sí
2017,5,COAHUILA,17,MATAMOROS,PVEM_SI_PJ,0,53959,1,906,54866,82229,1151,Sí
2017,5,COAHUILA,17,MATAMOROS,PVEM_SI_PRC,0,53959,1,906,54866,82229,2216,Sí
2017,5,COAHUILA,17,MATAMOROS,PVEM_SI_PCP,0,53959,1,906,54866,82229,1086,Sí
2017,5,COAHUILA,17,MATAMOROS,PVEM_PJ_PRC,0,53959,1,906,54866,82229,2493,Sí
2017,5,COAHUILA,17,MATAMOROS,PVEM_PJ_PCP,0,53959,1,906,54866,82229,1363,Sí
2017,5,COAHUILA,17,MATAMOROS,PVEM_PRC_PCP,0,53959,1,906,54866,82229,2428,Sí
2017,5,COAHUILA,17,MATAMOROS,NUAL_SI_PJ,0,53959,1,906,54866,82229,1227,Sí
2017,5,COAHUILA,17,MATAMOROS,NUAL_SI_PRC,0,53959,1,906,54866,82229,2292,Sí
2017,5,COAHUILA,17,MATAMOROS,NUAL_SI_PCP,0,53959,1,906,54866,82229,1162,Sí
2017,5,COAHUILA,17,MATAMOROS,NUAL_PJ_PRC,0,53959,1,906,54866,82229,2569,Sí
2017,5,COAHUILA,17,MATAMOROS,NUAL_PJ_PCP,0,53959,1,906,54866,82229,1439,Sí
2017,5,COAHUILA,17,MATAMOROS,NUAL_PRC_PCP,0,53959,1,906,54866,82229,2504,Sí
2017,5,COAHUILA,17,MATAMOROS,SI_PJ_PRC,0,53959,1,906,54866,82229,1934,Sí
2017,5,COAHUILA,17,MATAMOROS,SI_PJ_PCP,0,53959,1,906,54866,82229,804,Sí
2017,5,COAHUILA,17,MATAMOROS,SI_PRC_PCP,0,53959,1,906,54866,82229,1869,Sí
2017,5,COAHUILA,17,MATAMOROS,PJ_PRC_PCP,0,53959,1,906,54866,82229,2146,Sí
2017,5,COAHUILA,17,MATAMOROS,PRI_PVEM,19,53959,1,906,54866,82229,21158,Sí
2017,5,COAHUILA,17,MATAMOROS,PRI_NUAL,36,53959,1,906,54866,82229,21251,Sí
2017,5,COAHUILA,17,MATAMOROS,PRI_SI,4,53959,1,906,54866,82229,20584,Sí
2017,5,COAHUILA,17,MATAMOROS,PRI_PJ,9,53959,1,906,54866,82229,20866,Sí
2017,5,COAHUILA,17,MATAMOROS,PRI_PRC,10,53959,1,906,54866,82229,21932,Sí
2017,5,COAHUILA,17,MATAMOROS,PRI_PCP,3,53959,1,906,54866,82229,20795,Sí
2017,5,COAHUILA,17,MATAMOROS,PVEM_NUAL,4,53959,1,906,54866,82229,1408,Sí
2017,5,COAHUILA,17,MATAMOROS,PVEM_SI,1,53959,1,906,54866,82229,770,Sí
2017,5,COAHUILA,17,MATAMOROS,PVEM_PJ,1,53959,1,906,54866,82229,1047,Sí
2017,5,COAHUILA,17,MATAMOROS,PVEM_PRC,0,53959,1,906,54866,82229,2111,Sí
2017,5,COAHUILA,17,MATAMOROS,PVEM_PCP,0,53959,1,906,54866,82229,981,Sí
2017,5,COAHUILA,17,MATAMOROS,NUAL_SI,2,53959,1,906,54866,82229,847,Sí
2017,5,COAHUILA,17,MATAMOROS,NUAL_PJ,0,53959,1,906,54866,82229,1122,Sí
2017,5,COAHUILA,17,MATAMOROS,NUAL_PRC,0,53959,1,906,54866,82229,2187,Sí
2017,5,COAHUILA,17,MATAMOROS,NUAL_PCP,0,53959,1,906,54866,82229,1057,Sí
2017,5,COAHUILA,17,MATAMOROS,SI_PJ,1,53959,1,906,54866,82229,488,Sí
2017,5,COAHUILA,17,MATAMOROS,SI_PRC,0,53959,1,906,54866,82229,1552,Sí
2017,5,COAHUILA,17,MATAMOROS,SI_PCP,0,53959,1,906,54866,82229,422,Sí
2017,5,COAHUILA,17,MATAMOROS,PJ_PRC,0,53959,1,906,54866,82229,1829,Sí
2017,5,COAHUILA,17,MATAMOROS,PJ_PCP,1,53959,1,906,54866,82229,700,Sí
2017,5,COAHUILA,17,MATAMOROS,PRC_PCP,1,53959,1,906,54866,82229,1765,Sí
2017,5,COAHUILA,17,MATAMOROS,Candidatura Independiente,5051,53959,1,906,54866,82229,5051,No
2017,5,COAHUILA,17,MATAMOROS,Candidatura Independiente,241,53959,1,906,54866,82229,241,No
2017,5,COAHUILA,18,MONCLOVA,PAN,36369,96490,58,1257,97805,173863,36369,No
2017,5,COAHUILA,18,MONCLOVA,PRI,31592,96490,58,1257,97805,173863,31592,No
2017,5,COAHUILA,18,MONCLOVA,PRD,695,96490,58,1257,97805,173863,695,No
2017,5,COAHUILA,18,MONCLOVA,PT,1971,96490,58,1257,97805,173863,1971,No
2017,5,COAHUILA,18,MONCLOVA,PVEM,1637,96490,58,1257,97805,173863,1637,No
2017,5,COAHUILA,18,MONCLOVA,UDC,289,96490,58,1257,97805,173863,289,No
2017,5,COAHUILA,18,MONCLOVA,MC,554,96490,58,1257,97805,173863,554,No
2017,5,COAHUILA,18,MONCLOVA,NUAL,1092,96490,58,1257,97805,173863,1092,No
2017,5,COAHUILA,18,MONCLOVA,SI,730,96490,58,1257,97805,173863,730,No
2017,5,COAHUILA,18,MONCLOVA,PPC,124,96490,58,1257,97805,173863,124,No
2017,5,COAHUILA,18,MONCLOVA,PJ,0,96490,58,1257,97805,173863,0,No
2017,5,COAHUILA,18,MONCLOVA,PRC,172,96490,58,1257,97805,173863,172,No
2017,5,COAHUILA,18,MONCLOVA,PCP,0,96490,58,1257,97805,173863,0,No
2017,5,COAHUILA,18,MONCLOVA,MORENA,13356,96490,58,1257,97805,173863,13356,No
2017,5,COAHUILA,18,MONCLOVA,ES,454,96490,58,1257,97805,173863,454,No
2017,5,COAHUILA,18,MONCLOVA,PAN_UDC_PPC_ES,59,96490,58,1257,97805,173863,37295,Sí
2017,5,COAHUILA,18,MONCLOVA,PAN_UDC_PPC,11,96490,58,1257,97805,173863,36793,Sí
2017,5,COAHUILA,18,MONCLOVA,PAN_UDC_ES,12,96490,58,1257,97805,173863,37124,Sí
2017,5,COAHUILA,18,MONCLOVA,PAN_PPC_ES,7,96490,58,1257,97805,173863,36954,Sí
2017,5,COAHUILA,18,MONCLOVA,UDC_PPC_ES,1,96490,58,1257,97805,173863,868,Sí
2017,5,COAHUILA,18,MONCLOVA,PAN_UDC,34,96490,58,1257,97805,173863,36692,Sí
2017,5,COAHUILA,18,MONCLOVA,PAN_PPC,13,96490,58,1257,97805,173863,36506,Sí
2017,5,COAHUILA,18,MONCLOVA,PAN_ES,29,96490,58,1257,97805,173863,36852,Sí
2017,5,COAHUILA,18,MONCLOVA,UDC_PPC,1,96490,58,1257,97805,173863,414,Sí
2017,5,COAHUILA,18,MONCLOVA,UDC_ES,0,96490,58,1257,97805,173863,743,Sí
2017,5,COAHUILA,18,MONCLOVA,PPC_ES,1,96490,58,1257,97805,173863,579,Sí
2017,5,COAHUILA,18,MONCLOVA,PRI_PVEM_NUAL_SI_PJ_PRC_PCP,0,96490,58,1257,97805,173863,35223,Sí
2017,5,COAHUILA,18,MONCLOVA,PRI_PVEM_NUAL_SI_PJ_PRC,0,96490,58,1257,97805,173863,35223,Sí
2017,5,COAHUILA,18,MONCLOVA,PRI_PVEM_NUAL_SI_PJ_PCP,0,96490,58,1257,97805,173863,35051,Sí
2017,5,COAHUILA,18,MONCLOVA,PRI_PVEM_NUAL_SI_PRC_PCP,0,96490,58,1257,97805,173863,35223,Sí
2017,5,COAHUILA,18,MONCLOVA,PRI_PVEM_NUAL_PJ_PRC_PCP,0,96490,58,1257,97805,173863,34493,Sí
2017,5,COAHUILA,18,MONCLOVA,PRI_PVEM_SI_PJ_PRC_PCP,0,96490,58,1257,97805,173863,34131,Sí
2017,5,COAHUILA,18,MONCLOVA,PRI_NUAL_SI_PJ_PRC_PCP,0,96490,58,1257,97805,173863,33586,Sí
2017,5,COAHUILA,18,MONCLOVA,PVEM_NUAL_SI_PJ_PRC_PCP,0,96490,58,1257,97805,173863,3631,Sí
2017,5,COAHUILA,18,MONCLOVA,PRI_PVEM_NUAL_SI_PJ,0,96490,58,1257,97805,173863,35051,Sí
2017,5,COAHUILA,18,MONCLOVA,PRI_PVEM_NUAL_SI_PRC,0,96490,58,1257,97805,173863,35223,Sí
2017,5,COAHUILA,18,MONCLOVA,PRI_PVEM_NUAL_SI_PCP,0,96490,58,1257,97805,173863,35051,Sí
2017,5,COAHUILA,18,MONCLOVA,PRI_PVEM_NUAL_PJ_PRC,0,96490,58,1257,97805,173863,34493,Sí
2017,5,COAHUILA,18,MONCLOVA,PRI_PVEM_NUAL_PJ_PCP,0,96490,58,1257,97805,173863,34321,Sí
2017,5,COAHUILA,18,MONCLOVA,PRI_PVEM_NUAL_PRC_PCP,0,96490,58,1257,97805,173863,34493,Sí
2017,5,COAHUILA,18,MONCLOVA,PRI_PVEM_SI_PJ_PRC,0,96490,58,1257,97805,173863,34131,Sí
2017,5,COAHUILA,18,MONCLOVA,PRI_PVEM_SI_PJ_PCP,0,96490,58,1257,97805,173863,33959,Sí
2017,5,COAHUILA,18,MONCLOVA,PRI_PVEM_SI_PRC_PCP,0,96490,58,1257,97805,173863,34131,Sí
2017,5,COAHUILA,18,MONCLOVA,PRI_PVEM_PJ_PRC_PCP,0,96490,58,1257,97805,173863,33401,Sí
2017,5,COAHUILA,18,MONCLOVA,PRI_NUAL_SI_PJ_PRC,0,96490,58,1257,97805,173863,33586,Sí
2017,5,COAHUILA,18,MONCLOVA,PRI_NUAL_SI_PJ_PCP,0,96490,58,1257,97805,173863,33414,Sí
2017,5,COAHUILA,18,MONCLOVA,PRI_NUAL_SI_PRC_PCP,0,96490,58,1257,97805,173863,33586,Sí
2017,5,COAHUILA,18,MONCLOVA,PRI_NUAL_PJ_PRC_PCP,0,96490,58,1257,97805,173863,32856,Sí
2017,5,COAHUILA,18,MONCLOVA,PRI_SI_PJ_PRC_PCP,0,96490,58,1257,97805,173863,32494,Sí
2017,5,COAHUILA,18,MONCLOVA,PVEM_NUAL_SI_PJ_PRC,0,96490,58,1257,97805,173863,3631,Sí
2017,5,COAHUILA,18,MONCLOVA,PVEM_NUAL_SI_PJ_PCP,0,96490,58,1257,97805,173863,3459,Sí
2017,5,COAHUILA,18,MONCLOVA,PVEM_NUAL_SI_PRC_PCP,0,96490,58,1257,97805,173863,3631,Sí
2017,5,COAHUILA,18,MONCLOVA,PVEM_NUAL_PJ_PRC_PCP,0,96490,58,1257,97805,173863,2901,Sí
2017,5,COAHUILA,18,MONCLOVA,PVEM_SI_PJ_PRC_PCP,0,96490,58,1257,97805,173863,2539,Sí
2017,5,COAHUILA,18,MONCLOVA,NUAL_SI_PJ_PRC_PCP,0,96490,58,1257,97805,173863,1994,Sí
2017,5,COAHUILA,18,MONCLOVA,PRI_PVEM_NUAL_SI,0,96490,58,1257,97805,173863,35051,Sí
2017,5,COAHUILA,18,MONCLOVA,PRI_PVEM_NUAL_PJ,0,96490,58,1257,97805,173863,34321,Sí
2017,5,COAHUILA,18,MONCLOVA,PRI_PVEM_NUAL_PRC,0,96490,58,1257,97805,173863,34493,Sí
2017,5,COAHUILA,18,MONCLOVA,PRI_PVEM_NUAL_PCP,0,96490,58,1257,97805,173863,34321,Sí
2017,5,COAHUILA,18,MONCLOVA,PRI_PVEM_SI_PJ,0,96490,58,1257,97805,173863,33959,Sí
2017,5,COAHUILA,18,MONCLOVA,PRI_PVEM_SI_PRC,0,96490,58,1257,97805,173863,34131,Sí
2017,5,COAHUILA,18,MONCLOVA,PRI_PVEM_SI_PCP,0,96490,58,1257,97805,173863,33959,Sí
2017,5,COAHUILA,18,MONCLOVA,PRI_PVEM_PJ_PRC,0,96490,58,1257,97805,173863,33401,Sí
2017,5,COAHUILA,18,MONCLOVA,PRI_PVEM_PJ_PCP,0,96490,58,1257,97805,173863,33229,Sí
2017,5,COAHUILA,18,MONCLOVA,PRI_PVEM_PRC_PCP,0,96490,58,1257,97805,173863,33401,Sí
2017,5,COAHUILA,18,MONCLOVA,PRI_NUAL_SI_PJ,0,96490,58,1257,97805,173863,33414,Sí
2017,5,COAHUILA,18,MONCLOVA,PRI_NUAL_SI_PRC,0,96490,58,1257,97805,173863,33586,Sí
2017,5,COAHUILA,18,MONCLOVA,PRI_NUAL_SI_PCP,0,96490,58,1257,97805,173863,33414,Sí
2017,5,COAHUILA,18,MONCLOVA,PRI_NUAL_PJ_PRC,0,96490,58,1257,97805,173863,32856,Sí
2017,5,COAHUILA,18,MONCLOVA,PRI_NUAL_PJ_PCP,0,96490,58,1257,97805,173863,32684,Sí
2017,5,COAHUILA,18,MONCLOVA,PRI_NUAL_PRC_PCP,0,96490,58,1257,97805,173863,32856,Sí
2017,5,COAHUILA,18,MONCLOVA,PRI_SI_PJ_PRC,0,96490,58,1257,97805,173863,32494,Sí
2017,5,COAHUILA,18,MONCLOVA,PRI_SI_PJ_PCP,0,96490,58,1257,97805,173863,32322,Sí
2017,5,COAHUILA,18,MONCLOVA,PRI_SI_PRC_PCP,0,96490,58,1257,97805,173863,32494,Sí
2017,5,COAHUILA,18,MONCLOVA,PRI_PJ_PRC_PCP,0,96490,58,1257,97805,173863,31764,Sí
2017,5,COAHUILA,18,MONCLOVA,PVEM_NUAL_SI_PJ,0,96490,58,1257,97805,173863,3459,Sí
2017,5,COAHUILA,18,MONCLOVA,PVEM_NUAL_SI_PRC,0,96490,58,1257,97805,173863,3631,Sí
2017,5,COAHUILA,18,MONCLOVA,PVEM_NUAL_SI_PCP,0,96490,58,1257,97805,173863,3459,Sí
2017,5,COAHUILA,18,MONCLOVA,PVEM_NUAL_PJ_PRC,0,96490,58,1257,97805,173863,2901,Sí
2017,5,COAHUILA,18,MONCLOVA,PVEM_NUAL_PJ_PCP,0,96490,58,1257,97805,173863,2729,Sí
2017,5,COAHUILA,18,MONCLOVA,PVEM_NUAL_PRC_PCP,0,96490,58,1257,97805,173863,2901,Sí
2017,5,COAHUILA,18,MONCLOVA,PVEM_SI_PJ_PRC,0,96490,58,1257,97805,173863,2539,Sí
2017,5,COAHUILA,18,MONCLOVA,PVEM_SI_PJ_PCP,0,96490,58,1257,97805,173863,2367,Sí
2017,5,COAHUILA,18,MONCLOVA,PVEM_SI_PRC_PCP,0,96490,58,1257,97805,173863,2539,Sí
2017,5,COAHUILA,18,MONCLOVA,PVEM_PJ_PRC_PCP,0,96490,58,1257,97805,173863,1809,Sí
2017,5,COAHUILA,18,MONCLOVA,NUAL_SI_PJ_PRC,0,96490,58,1257,97805,173863,1994,Sí
2017,5,COAHUILA,18,MONCLOVA,NUAL_SI_PJ_PCP,0,96490,58,1257,97805,173863,1822,Sí
2017,5,COAHUILA,18,MONCLOVA,NUAL_SI_PRC_PCP,0,96490,58,1257,97805,173863,1994,Sí
2017,5,COAHUILA,18,MONCLOVA,NUAL_PJ_PRC_PCP,0,96490,58,1257,97805,173863,1264,Sí
2017,5,COAHUILA,18,MONCLOVA,SI_PJ_PRC_PCP,0,96490,58,1257,97805,173863,902,Sí
2017,5,COAHUILA,18,MONCLOVA,PRI_PVEM_NUAL,0,96490,58,1257,97805,173863,34321,Sí
2017,5,COAHUILA,18,MONCLOVA,PRI_PVEM_SI,0,96490,58,1257,97805,173863,33959,Sí
2017,5,COAHUILA,18,MONCLOVA,PRI_PVEM_PJ,0,96490,58,1257,97805,173863,33229,Sí
2017,5,COAHUILA,18,MONCLOVA,PRI_PVEM_PRC,0,96490,58,1257,97805,173863,33401,Sí
2017,5,COAHUILA,18,MONCLOVA,PRI_PVEM_PCP,0,96490,58,1257,97805,173863,33229,Sí
2017,5,COAHUILA,18,MONCLOVA,PRI_NUAL_SI,0,96490,58,1257,97805,173863,33414,Sí
2017,5,COAHUILA,18,MONCLOVA,PRI_NUAL_PJ,0,96490,58,1257,97805,173863,32684,Sí
2017,5,COAHUILA,18,MONCLOVA,PRI_NUAL_PRC,0,96490,58,1257,97805,173863,32856,Sí
2017,5,COAHUILA,18,MONCLOVA,PRI_NUAL_PCP,0,96490,58,1257,97805,173863,32684,Sí
2017,5,COAHUILA,18,MONCLOVA,PRI_SI_PJ,0,96490,58,1257,97805,173863,32322,Sí
2017,5,COAHUILA,18,MONCLOVA,PRI_SI_PRC,0,96490,58,1257,97805,173863,32494,Sí
2017,5,COAHUILA,18,MONCLOVA,PRI_SI_PCP,0,96490,58,1257,97805,173863,32322,Sí
2017,5,COAHUILA,18,MONCLOVA,PRI_PJ_PRC,0,96490,58,1257,97805,173863,31764,Sí
2017,5,COAHUILA,18,MONCLOVA,PRI_PJ_PCP,0,96490,58,1257,97805,173863,31592,Sí
2017,5,COAHUILA,18,MONCLOVA,PRI_PRC_PCP,0,96490,58,1257,97805,173863,31764,Sí
2017,5,COAHUILA,18,MONCLOVA,PVEM_NUAL_SI,0,96490,58,1257,97805,173863,3459,Sí
2017,5,COAHUILA,18,MONCLOVA,PVEM_NUAL_PJ,0,96490,58,1257,97805,173863,2729,Sí
2017,5,COAHUILA,18,MONCLOVA,PVEM_NUAL_PRC,0,96490,58,1257,97805,173863,2901,Sí
2017,5,COAHUILA,18,MONCLOVA,PVEM_NUAL_PCP,0,96490,58,1257,97805,173863,2729,Sí
2017,5,COAHUILA,18,MONCLOVA,PVEM_SI_PJ,0,96490,58,1257,97805,173863,2367,Sí
2017,5,COAHUILA,18,MONCLOVA,PVEM_SI_PRC,0,96490,58,1257,97805,173863,2539,Sí
2017,5,COAHUILA,18,MONCLOVA,PVEM_SI_PCP,0,96490,58,1257,97805,173863,2367,Sí
2017,5,COAHUILA,18,MONCLOVA,PVEM_PJ_PRC,0,96490,58,1257,97805,173863,1809,Sí
2017,5,COAHUILA,18,MONCLOVA,PVEM_PJ_PCP,0,96490,58,1257,97805,173863,1637,Sí
2017,5,COAHUILA,18,MONCLOVA,PVEM_PRC_PCP,0,96490,58,1257,97805,173863,1809,Sí
2017,5,COAHUILA,18,MONCLOVA,NUAL_SI_PJ,0,96490,58,1257,97805,173863,1822,Sí
2017,5,COAHUILA,18,MONCLOVA,NUAL_SI_PRC,0,96490,58,1257,97805,173863,1994,Sí
2017,5,COAHUILA,18,MONCLOVA,NUAL_SI_PCP,0,96490,58,1257,97805,173863,1822,Sí
2017,5,COAHUILA,18,MONCLOVA,NUAL_PJ_PRC,0,96490,58,1257,97805,173863,1264,Sí
2017,5,COAHUILA,18,MONCLOVA,NUAL_PJ_PCP,0,96490,58,1257,97805,173863,1092,Sí
2017,5,COAHUILA,18,MONCLOVA,NUAL_PRC_PCP,0,96490,58,1257,97805,173863,1264,Sí
2017,5,COAHUILA,18,MONCLOVA,SI_PJ_PRC,0,96490,58,1257,97805,173863,902,Sí
2017,5,COAHUILA,18,MONCLOVA,SI_PJ_PCP,0,96490,58,1257,97805,173863,730,Sí
2017,5,COAHUILA,18,MONCLOVA,SI_PRC_PCP,0,96490,58,1257,97805,173863,902,Sí
2017,5,COAHUILA,18,MONCLOVA,PJ_PRC_PCP,0,96490,58,1257,97805,173863,172,Sí
2017,5,COAHUILA,18,MONCLOVA,PRI_PVEM,0,96490,58,1257,97805,173863,33229,Sí
2017,5,COAHUILA,18,MONCLOVA,PRI_NUAL,0,96490,58,1257,97805,173863,32684,Sí
2017,5,COAHUILA,18,MONCLOVA,PRI_SI,0,96490,58,1257,97805,173863,32322,Sí
2017,5,COAHUILA,18,MONCLOVA,PRI_PJ,0,96490,58,1257,97805,173863,31592,Sí
2017,5,COAHUILA,18,MONCLOVA,PRI_PRC,0,96490,58,1257,97805,173863,31764,Sí
2017,5,COAHUILA,18,MONCLOVA,PRI_PCP,0,96490,58,1257,97805,173863,31592,Sí
2017,5,COAHUILA,18,MONCLOVA,PVEM_NUAL,0,96490,58,1257,97805,173863,2729,Sí
2017,5,COAHUILA,18,MONCLOVA,PVEM_SI,0,96490,58,1257,97805,173863,2367,Sí
2017,5,COAHUILA,18,MONCLOVA,PVEM_PJ,0,96490,58,1257,97805,173863,1637,Sí
2017,5,COAHUILA,18,MONCLOVA,PVEM_PRC,0,96490,58,1257,97805,173863,1809,Sí
2017,5,COAHUILA,18,MONCLOVA,PVEM_PCP,0,96490,58,1257,97805,173863,1637,Sí
2017,5,COAHUILA,18,MONCLOVA,NUAL_SI,0,96490,58,1257,97805,173863,1822,Sí
2017,5,COAHUILA,18,MONCLOVA,NUAL_PJ,0,96490,58,1257,97805,173863,1092,Sí
2017,5,COAHUILA,18,MONCLOVA,NUAL_PRC,0,96490,58,1257,97805,173863,1264,Sí
2017,5,COAHUILA,18,MONCLOVA,NUAL_PCP,0,96490,58,1257,97805,173863,1092,Sí
2017,5,COAHUILA,18,MONCLOVA,SI_PJ,0,96490,58,1257,97805,173863,730,Sí
2017,5,COAHUILA,18,MONCLOVA,SI_PRC,0,96490,58,1257,97805,173863,902,Sí
2017,5,COAHUILA,18,MONCLOVA,SI_PCP,0,96490,58,1257,97805,173863,730,Sí
2017,5,COAHUILA,18,MONCLOVA,PJ_PRC,0,96490,58,1257,97805,173863,172,Sí
2017,5,COAHUILA,18,MONCLOVA,PJ_PCP,0,96490,58,1257,97805,173863,0,Sí
2017,5,COAHUILA,18,MONCLOVA,PRC_PCP,0,96490,58,1257,97805,173863,172,Sí
2017,5,COAHUILA,18,MONCLOVA,Candidatura Independiente,7287,96490,58,1257,97805,173863,7287,No
2017,5,COAHUILA,19,MORELOS,PAN,1435,4187,2,67,4256,6756,1435,No
2017,5,COAHUILA,19,MORELOS,PRI,1710,4187,2,67,4256,6756,1710,No
2017,5,COAHUILA,19,MORELOS,PRD,557,4187,2,67,4256,6756,557,No
2017,5,COAHUILA,19,MORELOS,PT,154,4187,2,67,4256,6756,154,No
2017,5,COAHUILA,19,MORELOS,PVEM,7,4187,2,67,4256,6756,7,No
2017,5,COAHUILA,19,MORELOS,UDC,65,4187,2,67,4256,6756,65,No
2017,5,COAHUILA,19,MORELOS,MC,0,4187,2,67,4256,6756,0,No
2017,5,COAHUILA,19,MORELOS,NUAL,14,4187,2,67,4256,6756,14,No
2017,5,COAHUILA,19,MORELOS,SI,2,4187,2,67,4256,6756,2,No
2017,5,COAHUILA,19,MORELOS,PPC,2,4187,2,67,4256,6756,2,No
2017,5,COAHUILA,19,MORELOS,PJ,7,4187,2,67,4256,6756,7,No
2017,5,COAHUILA,19,MORELOS,PRC,4,4187,2,67,4256,6756,4,No
2017,5,COAHUILA,19,MORELOS,PCP,5,4187,2,67,4256,6756,5,No
2017,5,COAHUILA,19,MORELOS,MORENA,118,4187,2,67,4256,6756,118,No
2017,5,COAHUILA,19,MORELOS,ES,51,4187,2,67,4256,6756,51,No
2017,5,COAHUILA,19,MORELOS,PAN_UDC_PPC_ES,4,4187,2,67,4256,6756,1557,Sí
2017,5,COAHUILA,19,MORELOS,PAN_UDC_PPC,3,4187,2,67,4256,6756,1505,Sí
2017,5,COAHUILA,19,MORELOS,PAN_UDC_ES,2,4187,2,67,4256,6756,1553,Sí
2017,5,COAHUILA,19,MORELOS,PAN_PPC_ES,0,4187,2,67,4256,6756,1488,Sí
2017,5,COAHUILA,19,MORELOS,UDC_PPC_ES,1,4187,2,67,4256,6756,119,Sí
2017,5,COAHUILA,19,MORELOS,PAN_UDC,31,4187,2,67,4256,6756,1531,Sí
2017,5,COAHUILA,19,MORELOS,PAN_PPC,1,4187,2,67,4256,6756,1438,Sí
2017,5,COAHUILA,19,MORELOS,PAN_ES,1,4187,2,67,4256,6756,1487,Sí
2017,5,COAHUILA,19,MORELOS,UDC_PPC,0,4187,2,67,4256,6756,67,Sí
2017,5,COAHUILA,19,MORELOS,UDC_ES,0,4187,2,67,4256,6756,116,Sí
2017,5,COAHUILA,19,MORELOS,PPC_ES,0,4187,2,67,4256,6756,53,Sí
2017,5,COAHUILA,19,MORELOS,PRI_PVEM_NUAL_SI_PJ_PRC_PCP,0,4187,2,67,4256,6756,1749,Sí
2017,5,COAHUILA,19,MORELOS,PRI_PVEM_NUAL_SI_PJ_PRC,1,4187,2,67,4256,6756,1745,Sí
2017,5,COAHUILA,19,MORELOS,PRI_PVEM_NUAL_SI_PJ_PCP,0,4187,2,67,4256,6756,1745,Sí
2017,5,COAHUILA,19,MORELOS,PRI_PVEM_NUAL_SI_PRC_PCP,0,4187,2,67,4256,6756,1742,Sí
2017,5,COAHUILA,19,MORELOS,PRI_PVEM_NUAL_PJ_PRC_PCP,0,4187,2,67,4256,6756,1747,Sí
2017,5,COAHUILA,19,MORELOS,PRI_PVEM_SI_PJ_PRC_PCP,0,4187,2,67,4256,6756,1735,Sí
2017,5,COAHUILA,19,MORELOS,PRI_NUAL_SI_PJ_PRC_PCP,0,4187,2,67,4256,6756,1742,Sí
2017,5,COAHUILA,19,MORELOS,PVEM_NUAL_SI_PJ_PRC_PCP,0,4187,2,67,4256,6756,39,Sí
2017,5,COAHUILA,19,MORELOS,PRI_PVEM_NUAL_SI_PJ,0,4187,2,67,4256,6756,1740,Sí
2017,5,COAHUILA,19,MORELOS,PRI_PVEM_NUAL_SI_PRC,0,4187,2,67,4256,6756,1737,Sí
2017,5,COAHUILA,19,MORELOS,PRI_PVEM_NUAL_SI_PCP,0,4187,2,67,4256,6756,1738,Sí
2017,5,COAHUILA,19,MORELOS,PRI_PVEM_NUAL_PJ_PRC,1,4187,2,67,4256,6756,1743,Sí
2017,5,COAHUILA,19,MORELOS,PRI_PVEM_NUAL_PJ_PCP,0,4187,2,67,4256,6756,1743,Sí
2017,5,COAHUILA,19,MORELOS,PRI_PVEM_NUAL_PRC_PCP,1,4187,2,67,4256,6756,1741,Sí
2017,5,COAHUILA,19,MORELOS,PRI_PVEM_SI_PJ_PRC,0,4187,2,67,4256,6756,1730,Sí
2017,5,COAHUILA,19,MORELOS,PRI_PVEM_SI_PJ_PCP,0,4187,2,67,4256,6756,1731,Sí
2017,5,COAHUILA,19,MORELOS,PRI_PVEM_SI_PRC_PCP,0,4187,2,67,4256,6756,1728,Sí
2017,5,COAHUILA,19,MORELOS,PRI_PVEM_PJ_PRC_PCP,0,4187,2,67,4256,6756,1733,Sí
2017,5,COAHUILA,19,MORELOS,PRI_NUAL_SI_PJ_PRC,0,4187,2,67,4256,6756,1737,Sí
2017,5,COAHUILA,19,MORELOS,PRI_NUAL_SI_PJ_PCP,0,4187,2,67,4256,6756,1738,Sí
2017,5,COAHUILA,19,MORELOS,PRI_NUAL_SI_PRC_PCP,0,4187,2,67,4256,6756,1735,Sí
2017,5,COAHUILA,19,MORELOS,PRI_NUAL_PJ_PRC_PCP,0,4187,2,67,4256,6756,1740,Sí
2017,5,COAHUILA,19,MORELOS,PRI_SI_PJ_PRC_PCP,0,4187,2,67,4256,6756,1728,Sí
2017,5,COAHUILA,19,MORELOS,PVEM_NUAL_SI_PJ_PRC,0,4187,2,67,4256,6756,34,Sí
2017,5,COAHUILA,19,MORELOS,PVEM_NUAL_SI_PJ_PCP,0,4187,2,67,4256,6756,35,Sí
2017,5,COAHUILA,19,MORELOS,PVEM_NUAL_SI_PRC_PCP,0,4187,2,67,4256,6756,32,Sí
2017,5,COAHUILA,19,MORELOS,PVEM_NUAL_PJ_PRC_PCP,0,4187,2,67,4256,6756,37,Sí
2017,5,COAHUILA,19,MORELOS,PVEM_SI_PJ_PRC_PCP,0,4187,2,67,4256,6756,25,Sí
2017,5,COAHUILA,19,MORELOS,NUAL_SI_PJ_PRC_PCP,0,4187,2,67,4256,6756,32,Sí
2017,5,COAHUILA,19,MORELOS,PRI_PVEM_NUAL_SI,0,4187,2,67,4256,6756,1733,Sí
2017,5,COAHUILA,19,MORELOS,PRI_PVEM_NUAL_PJ,1,4187,2,67,4256,6756,1739,Sí
2017,5,COAHUILA,19,MORELOS,PRI_PVEM_NUAL_PRC,1,4187,2,67,4256,6756,1736,Sí
2017,5,COAHUILA,19,MORELOS,PRI_PVEM_NUAL_PCP,0,4187,2,67,4256,6756,1736,Sí
2017,5,COAHUILA,19,MORELOS,PRI_PVEM_SI_PJ,0,4187,2,67,4256,6756,1726,Sí
2017,5,COAHUILA,19,MORELOS,PRI_PVEM_SI_PRC,1,4187,2,67,4256,6756,1724,Sí
2017,5,COAHUILA,19,MORELOS,PRI_PVEM_SI_PCP,0,4187,2,67,4256,6756,1724,Sí
2017,5,COAHUILA,19,MORELOS,PRI_PVEM_PJ_PRC,0,4187,2,67,4256,6756,1728,Sí
2017,5,COAHUILA,19,MORELOS,PRI_PVEM_PJ_PCP,0,4187,2,67,4256,6756,1729,Sí
2017,5,COAHUILA,19,MORELOS,PRI_PVEM_PRC_PCP,0,4187,2,67,4256,6756,1726,Sí
2017,5,COAHUILA,19,MORELOS,PRI_NUAL_SI_PJ,0,4187,2,67,4256,6756,1733,Sí
2017,5,COAHUILA,19,MORELOS,PRI_NUAL_SI_PRC,0,4187,2,67,4256,6756,1730,Sí
2017,5,COAHUILA,19,MORELOS,PRI_NUAL_SI_PCP,0,4187,2,67,4256,6756,1731,Sí
2017,5,COAHUILA,19,MORELOS,PRI_NUAL_PJ_PRC,0,4187,2,67,4256,6756,1735,Sí
2017,5,COAHUILA,19,MORELOS,PRI_NUAL_PJ_PCP,0,4187,2,67,4256,6756,1736,Sí
2017,5,COAHUILA,19,MORELOS,PRI_NUAL_PRC_PCP,0,4187,2,67,4256,6756,1733,Sí
2017,5,COAHUILA,19,MORELOS,PRI_SI_PJ_PRC,0,4187,2,67,4256,6756,1723,Sí
2017,5,COAHUILA,19,MORELOS,PRI_SI_PJ_PCP,0,4187,2,67,4256,6756,1724,Sí
2017,5,COAHUILA,19,MORELOS,PRI_SI_PRC_PCP,0,4187,2,67,4256,6756,1721,Sí
2017,5,COAHUILA,19,MORELOS,PRI_PJ_PRC_PCP,0,4187,2,67,4256,6756,1726,Sí
2017,5,COAHUILA,19,MORELOS,PVEM_NUAL_SI_PJ,0,4187,2,67,4256,6756,30,Sí
2017,5,COAHUILA,19,MORELOS,PVEM_NUAL_SI_PRC,0,4187,2,67,4256,6756,27,Sí
2017,5,COAHUILA,19,MORELOS,PVEM_NUAL_SI_PCP,0,4187,2,67,4256,6756,28,Sí
2017,5,COAHUILA,19,MORELOS,PVEM_NUAL_PJ_PRC,0,4187,2,67,4256,6756,32,Sí
2017,5,COAHUILA,19,MORELOS,PVEM_NUAL_PJ_PCP,0,4187,2,67,4256,6756,33,Sí
2017,5,COAHUILA,19,MORELOS,PVEM_NUAL_PRC_PCP,0,4187,2,67,4256,6756,30,Sí
2017,5,COAHUILA,19,MORELOS,PVEM_SI_PJ_PRC,0,4187,2,67,4256,6756,20,Sí
2017,5,COAHUILA,19,MORELOS,PVEM_SI_PJ_PCP,0,4187,2,67,4256,6756,21,Sí
2017,5,COAHUILA,19,MORELOS,PVEM_SI_PRC_PCP,0,4187,2,67,4256,6756,18,Sí
2017,5,COAHUILA,19,MORELOS,PVEM_PJ_PRC_PCP,0,4187,2,67,4256,6756,23,Sí
2017,5,COAHUILA,19,MORELOS,NUAL_SI_PJ_PRC,0,4187,2,67,4256,6756,27,Sí
2017,5,COAHUILA,19,MORELOS,NUAL_SI_PJ_PCP,0,4187,2,67,4256,6756,28,Sí
2017,5,COAHUILA,19,MORELOS,NUAL_SI_PRC_PCP,0,4187,2,67,4256,6756,25,Sí
2017,5,COAHUILA,19,MORELOS,NUAL_PJ_PRC_PCP,0,4187,2,67,4256,6756,30,Sí
2017,5,COAHUILA,19,MORELOS,SI_PJ_PRC_PCP,0,4187,2,67,4256,6756,18,Sí
2017,5,COAHUILA,19,MORELOS,PRI_PVEM_NUAL,0,4187,2,67,4256,6756,1731,Sí
2017,5,COAHUILA,19,MORELOS,PRI_PVEM_SI,0,4187,2,67,4256,6756,1719,Sí
2017,5,COAHUILA,19,MORELOS,PRI_PVEM_PJ,0,4187,2,67,4256,6756,1724,Sí
2017,5,COAHUILA,19,MORELOS,PRI_PVEM_PRC,0,4187,2,67,4256,6756,1721,Sí
2017,5,COAHUILA,19,MORELOS,PRI_PVEM_PCP,0,4187,2,67,4256,6756,1722,Sí
2017,5,COAHUILA,19,MORELOS,PRI_NUAL_SI,0,4187,2,67,4256,6756,1726,Sí
2017,5,COAHUILA,19,MORELOS,PRI_NUAL_PJ,0,4187,2,67,4256,6756,1731,Sí
2017,5,COAHUILA,19,MORELOS,PRI_NUAL_PRC,0,4187,2,67,4256,6756,1728,Sí
2017,5,COAHUILA,19,MORELOS,PRI_NUAL_PCP,0,4187,2,67,4256,6756,1729,Sí
2017,5,COAHUILA,19,MORELOS,PRI_SI_PJ,0,4187,2,67,4256,6756,1719,Sí
2017,5,COAHUILA,19,MORELOS,PRI_SI_PRC,0,4187,2,67,4256,6756,1716,Sí
2017,5,COAHUILA,19,MORELOS,PRI_SI_PCP,0,4187,2,67,4256,6756,1717,Sí
2017,5,COAHUILA,19,MORELOS,PRI_PJ_PRC,0,4187,2,67,4256,6756,1721,Sí
2017,5,COAHUILA,19,MORELOS,PRI_PJ_PCP,0,4187,2,67,4256,6756,1722,Sí
2017,5,COAHUILA,19,MORELOS,PRI_PRC_PCP,0,4187,2,67,4256,6756,1719,Sí
2017,5,COAHUILA,19,MORELOS,PVEM_NUAL_SI,0,4187,2,67,4256,6756,23,Sí
2017,5,COAHUILA,19,MORELOS,PVEM_NUAL_PJ,0,4187,2,67,4256,6756,28,Sí
2017,5,COAHUILA,19,MORELOS,PVEM_NUAL_PRC,0,4187,2,67,4256,6756,25,Sí
2017,5,COAHUILA,19,MORELOS,PVEM_NUAL_PCP,0,4187,2,67,4256,6756,26,Sí
2017,5,COAHUILA,19,MORELOS,PVEM_SI_PJ,0,4187,2,67,4256,6756,16,Sí
2017,5,COAHUILA,19,MORELOS,PVEM_SI_PRC,0,4187,2,67,4256,6756,13,Sí
2017,5,COAHUILA,19,MORELOS,PVEM_SI_PCP,0,4187,2,67,4256,6756,14,Sí
2017,5,COAHUILA,19,MORELOS,PVEM_PJ_PRC,0,4187,2,67,4256,6756,18,Sí
2017,5,COAHUILA,19,MORELOS,PVEM_PJ_PCP,0,4187,2,67,4256,6756,19,Sí
2017,5,COAHUILA,19,MORELOS,PVEM_PRC_PCP,0,4187,2,67,4256,6756,16,Sí
2017,5,COAHUILA,19,MORELOS,NUAL_SI_PJ,0,4187,2,67,4256,6756,23,Sí
2017,5,COAHUILA,19,MORELOS,NUAL_SI_PRC,0,4187,2,67,4256,6756,20,Sí
2017,5,COAHUILA,19,MORELOS,NUAL_SI_PCP,0,4187,2,67,4256,6756,21,Sí
2017,5,COAHUILA,19,MORELOS,NUAL_PJ_PRC,0,4187,2,67,4256,6756,25,Sí
2017,5,COAHUILA,19,MORELOS,NUAL_PJ_PCP,0,4187,2,67,4256,6756,26,Sí
2017,5,COAHUILA,19,MORELOS,NUAL_PRC_PCP,0,4187,2,67,4256,6756,23,Sí
2017,5,COAHUILA,19,MORELOS,SI_PJ_PRC,0,4187,2,67,4256,6756,13,Sí
2017,5,COAHUILA,19,MORELOS,SI_PJ_PCP,0,4187,2,67,4256,6756,14,Sí
2017,5,COAHUILA,19,MORELOS,SI_PRC_PCP,0,4187,2,67,4256,6756,11,Sí
2017,5,COAHUILA,19,MORELOS,PJ_PRC_PCP,0,4187,2,67,4256,6756,16,Sí
2017,5,COAHUILA,19,MORELOS,PRI_PVEM,3,4187,2,67,4256,6756,1720,Sí
2017,5,COAHUILA,19,MORELOS,PRI_NUAL,0,4187,2,67,4256,6756,1724,Sí
2017,5,COAHUILA,19,MORELOS,PRI_SI,1,4187,2,67,4256,6756,1713,Sí
2017,5,COAHUILA,19,MORELOS,PRI_PJ,2,4187,2,67,4256,6756,1719,Sí
2017,5,COAHUILA,19,MORELOS,PRI_PRC,1,4187,2,67,4256,6756,1715,Sí
2017,5,COAHUILA,19,MORELOS,PRI_PCP,0,4187,2,67,4256,6756,1715,Sí
2017,5,COAHUILA,19,MORELOS,PVEM_NUAL,0,4187,2,67,4256,6756,21,Sí
2017,5,COAHUILA,19,MORELOS,PVEM_SI,0,4187,2,67,4256,6756,9,Sí
2017,5,COAHUILA,19,MORELOS,PVEM_PJ,0,4187,2,67,4256,6756,14,Sí
2017,5,COAHUILA,19,MORELOS,PVEM_PRC,0,4187,2,67,4256,6756,11,Sí
2017,5,COAHUILA,19,MORELOS,PVEM_PCP,0,4187,2,67,4256,6756,12,Sí
2017,5,COAHUILA,19,MORELOS,NUAL_SI,0,4187,2,67,4256,6756,16,Sí
2017,5,COAHUILA,19,MORELOS,NUAL_PJ,0,4187,2,67,4256,6756,21,Sí
2017,5,COAHUILA,19,MORELOS,NUAL_PRC,0,4187,2,67,4256,6756,18,Sí
2017,5,COAHUILA,19,MORELOS,NUAL_PCP,0,4187,2,67,4256,6756,19,Sí
2017,5,COAHUILA,19,MORELOS,SI_PJ,0,4187,2,67,4256,6756,9,Sí
2017,5,COAHUILA,19,MORELOS,SI_PRC,0,4187,2,67,4256,6756,6,Sí
2017,5,COAHUILA,19,MORELOS,SI_PCP,0,4187,2,67,4256,6756,7,Sí
2017,5,COAHUILA,19,MORELOS,PJ_PRC,0,4187,2,67,4256,6756,11,Sí
2017,5,COAHUILA,19,MORELOS,PJ_PCP,0,4187,2,67,4256,6756,12,Sí
2017,5,COAHUILA,19,MORELOS,PRC_PCP,0,4187,2,67,4256,6756,9,Sí
2017,5,COAHUILA,20,MUZQUIZ,PAN,5627,29874,4,646,30524,54044,5627,No
2017,5,COAHUILA,20,MUZQUIZ,PRI,12839,29874,4,646,30524,54044,12839,No
2017,5,COAHUILA,20,MUZQUIZ,PRD,164,29874,4,646,30524,54044,164,No
2017,5,COAHUILA,20,MUZQUIZ,PT,554,29874,4,646,30524,54044,554,No
2017,5,COAHUILA,20,MUZQUIZ,PVEM,137,29874,4,646,30524,54044,137,No
2017,5,COAHUILA,20,MUZQUIZ,UDC,4143,29874,4,646,30524,54044,4143,No
2017,5,COAHUILA,20,MUZQUIZ,MC,2948,29874,4,646,30524,54044,2948,No
2017,5,COAHUILA,20,MUZQUIZ,NUAL,330,29874,4,646,30524,54044,330,No
2017,5,COAHUILA,20,MUZQUIZ,SI,52,29874,4,646,30524,54044,52,No
2017,5,COAHUILA,20,MUZQUIZ,PPC,190,29874,4,646,30524,54044,190,No
2017,5,COAHUILA,20,MUZQUIZ,PJ,113,29874,4,646,30524,54044,113,No
2017,5,COAHUILA,20,MUZQUIZ,PRC,40,29874,4,646,30524,54044,40,No
2017,5,COAHUILA,20,MUZQUIZ,PCP,99,29874,4,646,30524,54044,99,No
2017,5,COAHUILA,20,MUZQUIZ,MORENA,2148,29874,4,646,30524,54044,2148,No
2017,5,COAHUILA,20,MUZQUIZ,ES,128,29874,4,646,30524,54044,128,No
2017,5,COAHUILA,20,MUZQUIZ,PAN_UDC_PPC_ES,24,29874,4,646,30524,54044,10112,Sí
2017,5,COAHUILA,20,MUZQUIZ,PAN_UDC_PPC,42,29874,4,646,30524,54044,10002,Sí
2017,5,COAHUILA,20,MUZQUIZ,PAN_UDC_ES,14,29874,4,646,30524,54044,9912,Sí
2017,5,COAHUILA,20,MUZQUIZ,PAN_PPC_ES,3,29874,4,646,30524,54044,5948,Sí
2017,5,COAHUILA,20,MUZQUIZ,UDC_PPC_ES,1,29874,4,646,30524,54044,4462,Sí
2017,5,COAHUILA,20,MUZQUIZ,PAN_UDC,173,29874,4,646,30524,54044,9943,Sí
2017,5,COAHUILA,20,MUZQUIZ,PAN_PPC,8,29874,4,646,30524,54044,5825,Sí
2017,5,COAHUILA,20,MUZQUIZ,PAN_ES,3,29874,4,646,30524,54044,5758,Sí
2017,5,COAHUILA,20,MUZQUIZ,UDC_PPC,6,29874,4,646,30524,54044,4339,Sí
2017,5,COAHUILA,20,MUZQUIZ,UDC_ES,1,29874,4,646,30524,54044,4272,Sí
2017,5,COAHUILA,20,MUZQUIZ,PPC_ES,3,29874,4,646,30524,54044,321,Sí
2017,5,COAHUILA,20,MUZQUIZ,PRI_PVEM_NUAL_SI_PJ_PRC_PCP,14,29874,4,646,30524,54044,13624,Sí
2017,5,COAHUILA,20,MUZQUIZ,PRI_PVEM_NUAL_SI_PJ_PRC,0,29874,4,646,30524,54044,13511,Sí
2017,5,COAHUILA,20,MUZQUIZ,PRI_PVEM_NUAL_SI_PJ_PCP,1,29874,4,646,30524,54044,13571,Sí
2017,5,COAHUILA,20,MUZQUIZ,PRI_PVEM_NUAL_SI_PRC_PCP,1,29874,4,646,30524,54044,13498,Sí
2017,5,COAHUILA,20,MUZQUIZ,PRI_PVEM_NUAL_PJ_PRC_PCP,0,29874,4,646,30524,54044,13558,Sí
2017,5,COAHUILA,20,MUZQUIZ,PRI_PVEM_SI_PJ_PRC_PCP,1,29874,4,646,30524,54044,13281,Sí
2017,5,COAHUILA,20,MUZQUIZ,PRI_NUAL_SI_PJ_PRC_PCP,0,29874,4,646,30524,54044,13473,Sí
2017,5,COAHUILA,20,MUZQUIZ,PVEM_NUAL_SI_PJ_PRC_PCP,0,29874,4,646,30524,54044,771,Sí
2017,5,COAHUILA,20,MUZQUIZ,PRI_PVEM_NUAL_SI_PJ,0,29874,4,646,30524,54044,13471,Sí
2017,5,COAHUILA,20,MUZQUIZ,PRI_PVEM_NUAL_SI_PRC,0,29874,4,646,30524,54044,13398,Sí
2017,5,COAHUILA,20,MUZQUIZ,PRI_PVEM_NUAL_SI_PCP,0,29874,4,646,30524,54044,13457,Sí
2017,5,COAHUILA,20,MUZQUIZ,PRI_PVEM_NUAL_PJ_PRC,0,29874,4,646,30524,54044,13459,Sí
2017,5,COAHUILA,20,MUZQUIZ,PRI_PVEM_NUAL_PJ_PCP,0,29874,4,646,30524,54044,13518,Sí
2017,5,COAHUILA,20,MUZQUIZ,PRI_PVEM_NUAL_PRC_PCP,1,29874,4,646,30524,54044,13446,Sí
2017,5,COAHUILA,20,MUZQUIZ,PRI_PVEM_SI_PJ_PRC,0,29874,4,646,30524,54044,13181,Sí
2017,5,COAHUILA,20,MUZQUIZ,PRI_PVEM_SI_PJ_PCP,0,29874,4,646,30524,54044,13240,Sí
2017,5,COAHUILA,20,MUZQUIZ,PRI_PVEM_SI_PRC_PCP,0,29874,4,646,30524,54044,13167,Sí
2017,5,COAHUILA,20,MUZQUIZ,PRI_PVEM_PJ_PRC_PCP,1,29874,4,646,30524,54044,13229,Sí
2017,5,COAHUILA,20,MUZQUIZ,PRI_NUAL_SI_PJ_PRC,0,29874,4,646,30524,54044,13374,Sí
2017,5,COAHUILA,20,MUZQUIZ,PRI_NUAL_SI_PJ_PCP,0,29874,4,646,30524,54044,13433,Sí
2017,5,COAHUILA,20,MUZQUIZ,PRI_NUAL_SI_PRC_PCP,0,29874,4,646,30524,54044,13360,Sí
2017,5,COAHUILA,20,MUZQUIZ,PRI_NUAL_PJ_PRC_PCP,1,29874,4,646,30524,54044,13422,Sí
2017,5,COAHUILA,20,MUZQUIZ,PRI_SI_PJ_PRC_PCP,0,29874,4,646,30524,54044,13143,Sí
2017,5,COAHUILA,20,MUZQUIZ,PVEM_NUAL_SI_PJ_PRC,0,29874,4,646,30524,54044,672,Sí
2017,5,COAHUILA,20,MUZQUIZ,PVEM_NUAL_SI_PJ_PCP,0,29874,4,646,30524,54044,731,Sí
2017,5,COAHUILA,20,MUZQUIZ,PVEM_NUAL_SI_PRC_PCP,1,29874,4,646,30524,54044,659,Sí
2017,5,COAHUILA,20,MUZQUIZ,PVEM_NUAL_PJ_PRC_PCP,0,29874,4,646,30524,54044,719,Sí
2017,5,COAHUILA,20,MUZQUIZ,PVEM_SI_PJ_PRC_PCP,0,29874,4,646,30524,54044,441,Sí
2017,5,COAHUILA,20,MUZQUIZ,NUAL_SI_PJ_PRC_PCP,0,29874,4,646,30524,54044,634,Sí
2017,5,COAHUILA,20,MUZQUIZ,PRI_PVEM_NUAL_SI,0,29874,4,646,30524,54044,13358,Sí
2017,5,COAHUILA,20,MUZQUIZ,PRI_PVEM_NUAL_PJ,0,29874,4,646,30524,54044,13419,Sí
2017,5,COAHUILA,20,MUZQUIZ,PRI_PVEM_NUAL_PRC,0,29874,4,646,30524,54044,13346,Sí
2017,5,COAHUILA,20,MUZQUIZ,PRI_PVEM_NUAL_PCP,0,29874,4,646,30524,54044,13405,Sí
2017,5,COAHUILA,20,MUZQUIZ,PRI_PVEM_SI_PJ,1,29874,4,646,30524,54044,13142,Sí
2017,5,COAHUILA,20,MUZQUIZ,PRI_PVEM_SI_PRC,0,29874,4,646,30524,54044,13068,Sí
2017,5,COAHUILA,20,MUZQUIZ,PRI_PVEM_SI_PCP,0,29874,4,646,30524,54044,13127,Sí
2017,5,COAHUILA,20,MUZQUIZ,PRI_PVEM_PJ_PRC,0,29874,4,646,30524,54044,13129,Sí
2017,5,COAHUILA,20,MUZQUIZ,PRI_PVEM_PJ_PCP,0,29874,4,646,30524,54044,13188,Sí
2017,5,COAHUILA,20,MUZQUIZ,PRI_PVEM_PRC_PCP,0,29874,4,646,30524,54044,13115,Sí
2017,5,COAHUILA,20,MUZQUIZ,PRI_NUAL_SI_PJ,0,29874,4,646,30524,54044,13334,Sí
2017,5,COAHUILA,20,MUZQUIZ,PRI_NUAL_SI_PRC,0,29874,4,646,30524,54044,13261,Sí
2017,5,COAHUILA,20,MUZQUIZ,PRI_NUAL_SI_PCP,0,29874,4,646,30524,54044,13320,Sí
2017,5,COAHUILA,20,MUZQUIZ,PRI_NUAL_PJ_PRC,0,29874,4,646,30524,54044,13322,Sí
2017,5,COAHUILA,20,MUZQUIZ,PRI_NUAL_PJ_PCP,0,29874,4,646,30524,54044,13381,Sí
2017,5,COAHUILA,20,MUZQUIZ,PRI_NUAL_PRC_PCP,0,29874,4,646,30524,54044,13308,Sí
2017,5,COAHUILA,20,MUZQUIZ,PRI_SI_PJ_PRC,0,29874,4,646,30524,54044,13044,Sí
2017,5,COAHUILA,20,MUZQUIZ,PRI_SI_PJ_PCP,1,29874,4,646,30524,54044,13104,Sí
2017,5,COAHUILA,20,MUZQUIZ,PRI_SI_PRC_PCP,0,29874,4,646,30524,54044,13030,Sí
2017,5,COAHUILA,20,MUZQUIZ,PRI_PJ_PRC_PCP,0,29874,4,646,30524,54044,13091,Sí
2017,5,COAHUILA,20,MUZQUIZ,PVEM_NUAL_SI_PJ,0,29874,4,646,30524,54044,632,Sí
2017,5,COAHUILA,20,MUZQUIZ,PVEM_NUAL_SI_PRC,0,29874,4,646,30524,54044,559,Sí
2017,5,COAHUILA,20,MUZQUIZ,PVEM_NUAL_SI_PCP,0,29874,4,646,30524,54044,618,Sí
2017,5,COAHUILA,20,MUZQUIZ,PVEM_NUAL_PJ_PRC,0,29874,4,646,30524,54044,620,Sí
2017,5,COAHUILA,20,MUZQUIZ,PVEM_NUAL_PJ_PCP,0,29874,4,646,30524,54044,679,Sí
2017,5,COAHUILA,20,MUZQUIZ,PVEM_NUAL_PRC_PCP,0,29874,4,646,30524,54044,606,Sí
2017,5,COAHUILA,20,MUZQUIZ,PVEM_SI_PJ_PRC,0,29874,4,646,30524,54044,342,Sí
2017,5,COAHUILA,20,MUZQUIZ,PVEM_SI_PJ_PCP,1,29874,4,646,30524,54044,402,Sí
2017,5,COAHUILA,20,MUZQUIZ,PVEM_SI_PRC_PCP,0,29874,4,646,30524,54044,328,Sí
2017,5,COAHUILA,20,MUZQUIZ,PVEM_PJ_PRC_PCP,0,29874,4,646,30524,54044,389,Sí
2017,5,COAHUILA,20,MUZQUIZ,NUAL_SI_PJ_PRC,0,29874,4,646,30524,54044,535,Sí
2017,5,COAHUILA,20,MUZQUIZ,NUAL_SI_PJ_PCP,0,29874,4,646,30524,54044,594,Sí
2017,5,COAHUILA,20,MUZQUIZ,NUAL_SI_PRC_PCP,0,29874,4,646,30524,54044,521,Sí
2017,5,COAHUILA,20,MUZQUIZ,NUAL_PJ_PRC_PCP,0,29874,4,646,30524,54044,582,Sí
2017,5,COAHUILA,20,MUZQUIZ,SI_PJ_PRC_PCP,0,29874,4,646,30524,54044,304,Sí
2017,5,COAHUILA,20,MUZQUIZ,PRI_PVEM_NUAL,2,29874,4,646,30524,54044,13308,Sí
2017,5,COAHUILA,20,MUZQUIZ,PRI_PVEM_SI,5,29874,4,646,30524,54044,13033,Sí
2017,5,COAHUILA,20,MUZQUIZ,PRI_PVEM_PJ,0,29874,4,646,30524,54044,13089,Sí
2017,5,COAHUILA,20,MUZQUIZ,PRI_PVEM_PRC,0,29874,4,646,30524,54044,13016,Sí
2017,5,COAHUILA,20,MUZQUIZ,PRI_PVEM_PCP,0,29874,4,646,30524,54044,13075,Sí
2017,5,COAHUILA,20,MUZQUIZ,PRI_NUAL_SI,1,29874,4,646,30524,54044,13222,Sí
2017,5,COAHUILA,20,MUZQUIZ,PRI_NUAL_PJ,1,29874,4,646,30524,54044,13283,Sí
2017,5,COAHUILA,20,MUZQUIZ,PRI_NUAL_PRC,4,29874,4,646,30524,54044,13213,Sí
2017,5,COAHUILA,20,MUZQUIZ,PRI_NUAL_PCP,0,29874,4,646,30524,54044,13268,Sí
2017,5,COAHUILA,20,MUZQUIZ,PRI_SI_PJ,0,29874,4,646,30524,54044,13004,Sí
2017,5,COAHUILA,20,MUZQUIZ,PRI_SI_PRC,0,29874,4,646,30524,54044,12931,Sí
2017,5,COAHUILA,20,MUZQUIZ,PRI_SI_PCP,0,29874,4,646,30524,54044,12990,Sí
2017,5,COAHUILA,20,MUZQUIZ,PRI_PJ_PRC,0,29874,4,646,30524,54044,12992,Sí
2017,5,COAHUILA,20,MUZQUIZ,PRI_PJ_PCP,0,29874,4,646,30524,54044,13051,Sí
2017,5,COAHUILA,20,MUZQUIZ,PRI_PRC_PCP,1,29874,4,646,30524,54044,12979,Sí
2017,5,COAHUILA,20,MUZQUIZ,PVEM_NUAL_SI,0,29874,4,646,30524,54044,519,Sí
2017,5,COAHUILA,20,MUZQUIZ,PVEM_NUAL_PJ,0,29874,4,646,30524,54044,580,Sí
2017,5,COAHUILA,20,MUZQUIZ,PVEM_NUAL_PRC,0,29874,4,646,30524,54044,507,Sí
2017,5,COAHUILA,20,MUZQUIZ,PVEM_NUAL_PCP,0,29874,4,646,30524,54044,566,Sí
2017,5,COAHUILA,20,MUZQUIZ,PVEM_SI_PJ,0,29874,4,646,30524,54044,302,Sí
2017,5,COAHUILA,20,MUZQUIZ,PVEM_SI_PRC,0,29874,4,646,30524,54044,229,Sí
2017,5,COAHUILA,20,MUZQUIZ,PVEM_SI_PCP,0,29874,4,646,30524,54044,288,Sí
2017,5,COAHUILA,20,MUZQUIZ,PVEM_PJ_PRC,0,29874,4,646,30524,54044,290,Sí
2017,5,COAHUILA,20,MUZQUIZ,PVEM_PJ_PCP,0,29874,4,646,30524,54044,349,Sí
2017,5,COAHUILA,20,MUZQUIZ,PVEM_PRC_PCP,0,29874,4,646,30524,54044,276,Sí
2017,5,COAHUILA,20,MUZQUIZ,NUAL_SI_PJ,0,29874,4,646,30524,54044,495,Sí
2017,5,COAHUILA,20,MUZQUIZ,NUAL_SI_PRC,0,29874,4,646,30524,54044,422,Sí
2017,5,COAHUILA,20,MUZQUIZ,NUAL_SI_PCP,0,29874,4,646,30524,54044,481,Sí
2017,5,COAHUILA,20,MUZQUIZ,NUAL_PJ_PRC,0,29874,4,646,30524,54044,483,Sí
2017,5,COAHUILA,20,MUZQUIZ,NUAL_PJ_PCP,0,29874,4,646,30524,54044,542,Sí
2017,5,COAHUILA,20,MUZQUIZ,NUAL_PRC_PCP,0,29874,4,646,30524,54044,469,Sí
2017,5,COAHUILA,20,MUZQUIZ,SI_PJ_PRC,0,29874,4,646,30524,54044,205,Sí
2017,5,COAHUILA,20,MUZQUIZ,SI_PJ_PCP,0,29874,4,646,30524,54044,264,Sí
2017,5,COAHUILA,20,MUZQUIZ,SI_PRC_PCP,0,29874,4,646,30524,54044,191,Sí
2017,5,COAHUILA,20,MUZQUIZ,PJ_PRC_PCP,0,29874,4,646,30524,54044,252,Sí
2017,5,COAHUILA,20,MUZQUIZ,PRI_PVEM,9,29874,4,646,30524,54044,12985,Sí
2017,5,COAHUILA,20,MUZQUIZ,PRI_NUAL,12,29874,4,646,30524,54044,13181,Sí
2017,5,COAHUILA,20,MUZQUIZ,PRI_SI,13,29874,4,646,30524,54044,12904,Sí
2017,5,COAHUILA,20,MUZQUIZ,PRI_PJ,1,29874,4,646,30524,54044,12953,Sí
2017,5,COAHUILA,20,MUZQUIZ,PRI_PRC,4,29874,4,646,30524,54044,12883,Sí
2017,5,COAHUILA,20,MUZQUIZ,PRI_PCP,1,29874,4,646,30524,54044,12939,Sí
2017,5,COAHUILA,20,MUZQUIZ,PVEM_NUAL,1,29874,4,646,30524,54044,468,Sí
2017,5,COAHUILA,20,MUZQUIZ,PVEM_SI,0,29874,4,646,30524,54044,189,Sí
2017,5,COAHUILA,20,MUZQUIZ,PVEM_PJ,0,29874,4,646,30524,54044,250,Sí
2017,5,COAHUILA,20,MUZQUIZ,PVEM_PRC,0,29874,4,646,30524,54044,177,Sí
2017,5,COAHUILA,20,MUZQUIZ,PVEM_PCP,1,29874,4,646,30524,54044,237,Sí
2017,5,COAHUILA,20,MUZQUIZ,NUAL_SI,0,29874,4,646,30524,54044,382,Sí
2017,5,COAHUILA,20,MUZQUIZ,NUAL_PJ,0,29874,4,646,30524,54044,443,Sí
2017,5,COAHUILA,20,MUZQUIZ,NUAL_PRC,0,29874,4,646,30524,54044,370,Sí
2017,5,COAHUILA,20,MUZQUIZ,NUAL_PCP,1,29874,4,646,30524,54044,430,Sí
2017,5,COAHUILA,20,MUZQUIZ,SI_PJ,1,29874,4,646,30524,54044,166,Sí
2017,5,COAHUILA,20,MUZQUIZ,SI_PRC,1,29874,4,646,30524,54044,93,Sí
2017,5,COAHUILA,20,MUZQUIZ,SI_PCP,0,29874,4,646,30524,54044,151,Sí
2017,5,COAHUILA,20,MUZQUIZ,PJ_PRC,1,29874,4,646,30524,54044,154,Sí
2017,5,COAHUILA,20,MUZQUIZ,PJ_PCP,0,29874,4,646,30524,54044,212,Sí
2017,5,COAHUILA,20,MUZQUIZ,PRC_PCP,0,29874,4,646,30524,54044,139,Sí
2017,5,COAHUILA,21,NADADORES,PAN,973,3458,0,149,3607,5292,973,No
2017,5,COAHUILA,21,NADADORES,PRI,1657,3458,0,149,3607,5292,1657,No
2017,5,COAHUILA,21,NADADORES,PRD,22,3458,0,149,3607,5292,22,No
2017,5,COAHUILA,21,NADADORES,PT,490,3458,0,149,3607,5292,490,No
2017,5,COAHUILA,21,NADADORES,PVEM,0,3458,0,149,3607,5292,0,No
2017,5,COAHUILA,21,NADADORES,UDC,9,3458,0,149,3607,5292,9,No
2017,5,COAHUILA,21,NADADORES,MC,5,3458,0,149,3607,5292,5,No
2017,5,COAHUILA,21,NADADORES,NUAL,134,3458,0,149,3607,5292,134,No
2017,5,COAHUILA,21,NADADORES,SI,0,3458,0,149,3607,5292,0,No
2017,5,COAHUILA,21,NADADORES,PPC,2,3458,0,149,3607,5292,2,No
2017,5,COAHUILA,21,NADADORES,PJ,90,3458,0,149,3607,5292,90,No
2017,5,COAHUILA,21,NADADORES,PRC,0,3458,0,149,3607,5292,0,No
2017,5,COAHUILA,21,NADADORES,PCP,0,3458,0,149,3607,5292,0,No
2017,5,COAHUILA,21,NADADORES,MORENA,60,3458,0,149,3607,5292,60,No
2017,5,COAHUILA,21,NADADORES,ES,4,3458,0,149,3607,5292,4,No
2017,5,COAHUILA,21,NADADORES,PAN_UDC_PPC_ES,4,3458,0,149,3607,5292,992,Sí
2017,5,COAHUILA,21,NADADORES,PAN_UDC_PPC,3,3458,0,149,3607,5292,987,Sí
2017,5,COAHUILA,21,NADADORES,PAN_UDC_ES,1,3458,0,149,3607,5292,987,Sí
2017,5,COAHUILA,21,NADADORES,PAN_PPC_ES,0,3458,0,149,3607,5292,979,Sí
2017,5,COAHUILA,21,NADADORES,UDC_PPC_ES,0,3458,0,149,3607,5292,15,Sí
2017,5,COAHUILA,21,NADADORES,PAN_UDC,2,3458,0,149,3607,5292,984,Sí
2017,5,COAHUILA,21,NADADORES,PAN_PPC,1,3458,0,149,3607,5292,976,Sí
2017,5,COAHUILA,21,NADADORES,PAN_ES,1,3458,0,149,3607,5292,978,Sí
2017,5,COAHUILA,21,NADADORES,UDC_PPC,0,3458,0,149,3607,5292,11,Sí
2017,5,COAHUILA,21,NADADORES,UDC_ES,0,3458,0,149,3607,5292,13,Sí
2017,5,COAHUILA,21,NADADORES,PPC_ES,0,3458,0,149,3607,5292,6,Sí
2017,5,COAHUILA,21,NADADORES,PRI_PVEM_NUAL_SI_PJ_PRC_PCP,0,3458,0,149,3607,5292,1881,Sí
2017,5,COAHUILA,21,NADADORES,PRI_PVEM_NUAL_SI_PJ_PRC,0,3458,0,149,3607,5292,1881,Sí
2017,5,COAHUILA,21,NADADORES,PRI_PVEM_NUAL_SI_PJ_PCP,0,3458,0,149,3607,5292,1881,Sí
2017,5,COAHUILA,21,NADADORES,PRI_PVEM_NUAL_SI_PRC_PCP,0,3458,0,149,3607,5292,1791,Sí
2017,5,COAHUILA,21,NADADORES,PRI_PVEM_NUAL_PJ_PRC_PCP,0,3458,0,149,3607,5292,1881,Sí
2017,5,COAHUILA,21,NADADORES,PRI_PVEM_SI_PJ_PRC_PCP,0,3458,0,149,3607,5292,1747,Sí
2017,5,COAHUILA,21,NADADORES,PRI_NUAL_SI_PJ_PRC_PCP,0,3458,0,149,3607,5292,1881,Sí
2017,5,COAHUILA,21,NADADORES,PVEM_NUAL_SI_PJ_PRC_PCP,0,3458,0,149,3607,5292,224,Sí
2017,5,COAHUILA,21,NADADORES,PRI_PVEM_NUAL_SI_PJ,0,3458,0,149,3607,5292,1881,Sí
2017,5,COAHUILA,21,NADADORES,PRI_PVEM_NUAL_SI_PRC,0,3458,0,149,3607,5292,1791,Sí
2017,5,COAHUILA,21,NADADORES,PRI_PVEM_NUAL_SI_PCP,0,3458,0,149,3607,5292,1791,Sí
2017,5,COAHUILA,21,NADADORES,PRI_PVEM_NUAL_PJ_PRC,0,3458,0,149,3607,5292,1881,Sí
2017,5,COAHUILA,21,NADADORES,PRI_PVEM_NUAL_PJ_PCP,0,3458,0,149,3607,5292,1881,Sí
2017,5,COAHUILA,21,NADADORES,PRI_PVEM_NUAL_PRC_PCP,0,3458,0,149,3607,5292,1791,Sí
2017,5,COAHUILA,21,NADADORES,PRI_PVEM_SI_PJ_PRC,0,3458,0,149,3607,5292,1747,Sí
2017,5,COAHUILA,21,NADADORES,PRI_PVEM_SI_PJ_PCP,0,3458,0,149,3607,5292,1747,Sí
2017,5,COAHUILA,21,NADADORES,PRI_PVEM_SI_PRC_PCP,0,3458,0,149,3607,5292,1657,Sí
2017,5,COAHUILA,21,NADADORES,PRI_PVEM_PJ_PRC_PCP,0,3458,0,149,3607,5292,1747,Sí
2017,5,COAHUILA,21,NADADORES,PRI_NUAL_SI_PJ_PRC,0,3458,0,149,3607,5292,1881,Sí
2017,5,COAHUILA,21,NADADORES,PRI_NUAL_SI_PJ_PCP,0,3458,0,149,3607,5292,1881,Sí
2017,5,COAHUILA,21,NADADORES,PRI_NUAL_SI_PRC_PCP,0,3458,0,149,3607,5292,1791,Sí
2017,5,COAHUILA,21,NADADORES,PRI_NUAL_PJ_PRC_PCP,0,3458,0,149,3607,5292,1881,Sí
2017,5,COAHUILA,21,NADADORES,PRI_SI_PJ_PRC_PCP,0,3458,0,149,3607,5292,1747,Sí
2017,5,COAHUILA,21,NADADORES,PVEM_NUAL_SI_PJ_PRC,0,3458,0,149,3607,5292,224,Sí
2017,5,COAHUILA,21,NADADORES,PVEM_NUAL_SI_PJ_PCP,0,3458,0,149,3607,5292,224,Sí
2017,5,COAHUILA,21,NADADORES,PVEM_NUAL_SI_PRC_PCP,0,3458,0,149,3607,5292,134,Sí
2017,5,COAHUILA,21,NADADORES,PVEM_NUAL_PJ_PRC_PCP,0,3458,0,149,3607,5292,224,Sí
2017,5,COAHUILA,21,NADADORES,PVEM_SI_PJ_PRC_PCP,0,3458,0,149,3607,5292,90,Sí
2017,5,COAHUILA,21,NADADORES,NUAL_SI_PJ_PRC_PCP,0,3458,0,149,3607,5292,224,Sí
2017,5,COAHUILA,21,NADADORES,PRI_PVEM_NUAL_SI,0,3458,0,149,3607,5292,1791,Sí
2017,5,COAHUILA,21,NADADORES,PRI_PVEM_NUAL_PJ,0,3458,0,149,3607,5292,1881,Sí
2017,5,COAHUILA,21,NADADORES,PRI_PVEM_NUAL_PRC,0,3458,0,149,3607,5292,1791,Sí
2017,5,COAHUILA,21,NADADORES,PRI_PVEM_NUAL_PCP,0,3458,0,149,3607,5292,1791,Sí
2017,5,COAHUILA,21,NADADORES,PRI_PVEM_SI_PJ,0,3458,0,149,3607,5292,1747,Sí
2017,5,COAHUILA,21,NADADORES,PRI_PVEM_SI_PRC,0,3458,0,149,3607,5292,1657,Sí
2017,5,COAHUILA,21,NADADORES,PRI_PVEM_SI_PCP,0,3458,0,149,3607,5292,1657,Sí
2017,5,COAHUILA,21,NADADORES,PRI_PVEM_PJ_PRC,0,3458,0,149,3607,5292,1747,Sí
2017,5,COAHUILA,21,NADADORES,PRI_PVEM_PJ_PCP,0,3458,0,149,3607,5292,1747,Sí
2017,5,COAHUILA,21,NADADORES,PRI_PVEM_PRC_PCP,0,3458,0,149,3607,5292,1657,Sí
2017,5,COAHUILA,21,NADADORES,PRI_NUAL_SI_PJ,0,3458,0,149,3607,5292,1881,Sí
2017,5,COAHUILA,21,NADADORES,PRI_NUAL_SI_PRC,0,3458,0,149,3607,5292,1791,Sí
2017,5,COAHUILA,21,NADADORES,PRI_NUAL_SI_PCP,0,3458,0,149,3607,5292,1791,Sí
2017,5,COAHUILA,21,NADADORES,PRI_NUAL_PJ_PRC,0,3458,0,149,3607,5292,1881,Sí
2017,5,COAHUILA,21,NADADORES,PRI_NUAL_PJ_PCP,0,3458,0,149,3607,5292,1881,Sí
2017,5,COAHUILA,21,NADADORES,PRI_NUAL_PRC_PCP,0,3458,0,149,3607,5292,1791,Sí
2017,5,COAHUILA,21,NADADORES,PRI_SI_PJ_PRC,0,3458,0,149,3607,5292,1747,Sí
2017,5,COAHUILA,21,NADADORES,PRI_SI_PJ_PCP,0,3458,0,149,3607,5292,1747,Sí
2017,5,COAHUILA,21,NADADORES,PRI_SI_PRC_PCP,0,3458,0,149,3607,5292,1657,Sí
2017,5,COAHUILA,21,NADADORES,PRI_PJ_PRC_PCP,0,3458,0,149,3607,5292,1747,Sí
2017,5,COAHUILA,21,NADADORES,PVEM_NUAL_SI_PJ,0,3458,0,149,3607,5292,224,Sí
2017,5,COAHUILA,21,NADADORES,PVEM_NUAL_SI_PRC,0,3458,0,149,3607,5292,134,Sí
2017,5,COAHUILA,21,NADADORES,PVEM_NUAL_SI_PCP,0,3458,0,149,3607,5292,134,Sí
2017,5,COAHUILA,21,NADADORES,PVEM_NUAL_PJ_PRC,0,3458,0,149,3607,5292,224,Sí
2017,5,COAHUILA,21,NADADORES,PVEM_NUAL_PJ_PCP,0,3458,0,149,3607,5292,224,Sí
2017,5,COAHUILA,21,NADADORES,PVEM_NUAL_PRC_PCP,0,3458,0,149,3607,5292,134,Sí
2017,5,COAHUILA,21,NADADORES,PVEM_SI_PJ_PRC,0,3458,0,149,3607,5292,90,Sí
2017,5,COAHUILA,21,NADADORES,PVEM_SI_PJ_PCP,0,3458,0,149,3607,5292,90,Sí
2017,5,COAHUILA,21,NADADORES,PVEM_SI_PRC_PCP,0,3458,0,149,3607,5292,0,Sí
2017,5,COAHUILA,21,NADADORES,PVEM_PJ_PRC_PCP,0,3458,0,149,3607,5292,90,Sí
2017,5,COAHUILA,21,NADADORES,NUAL_SI_PJ_PRC,0,3458,0,149,3607,5292,224,Sí
2017,5,COAHUILA,21,NADADORES,NUAL_SI_PJ_PCP,0,3458,0,149,3607,5292,224,Sí
2017,5,COAHUILA,21,NADADORES,NUAL_SI_PRC_PCP,0,3458,0,149,3607,5292,134,Sí
2017,5,COAHUILA,21,NADADORES,NUAL_PJ_PRC_PCP,0,3458,0,149,3607,5292,224,Sí
2017,5,COAHUILA,21,NADADORES,SI_PJ_PRC_PCP,0,3458,0,149,3607,5292,90,Sí
2017,5,COAHUILA,21,NADADORES,PRI_PVEM_NUAL,0,3458,0,149,3607,5292,1791,Sí
2017,5,COAHUILA,21,NADADORES,PRI_PVEM_SI,0,3458,0,149,3607,5292,1657,Sí
2017,5,COAHUILA,21,NADADORES,PRI_PVEM_PJ,0,3458,0,149,3607,5292,1747,Sí
2017,5,COAHUILA,21,NADADORES,PRI_PVEM_PRC,0,3458,0,149,3607,5292,1657,Sí
2017,5,COAHUILA,21,NADADORES,PRI_PVEM_PCP,0,3458,0,149,3607,5292,1657,Sí
2017,5,COAHUILA,21,NADADORES,PRI_NUAL_SI,0,3458,0,149,3607,5292,1791,Sí
2017,5,COAHUILA,21,NADADORES,PRI_NUAL_PJ,0,3458,0,149,3607,5292,1881,Sí
2017,5,COAHUILA,21,NADADORES,PRI_NUAL_PRC,0,3458,0,149,3607,5292,1791,Sí
2017,5,COAHUILA,21,NADADORES,PRI_NUAL_PCP,0,3458,0,149,3607,5292,1791,Sí
2017,5,COAHUILA,21,NADADORES,PRI_SI_PJ,0,3458,0,149,3607,5292,1747,Sí
2017,5,COAHUILA,21,NADADORES,PRI_SI_PRC,0,3458,0,149,3607,5292,1657,Sí
2017,5,COAHUILA,21,NADADORES,PRI_SI_PCP,0,3458,0,149,3607,5292,1657,Sí
2017,5,COAHUILA,21,NADADORES,PRI_PJ_PRC,0,3458,0,149,3607,5292,1747,Sí
2017,5,COAHUILA,21,NADADORES,PRI_PJ_PCP,0,3458,0,149,3607,5292,1747,Sí
2017,5,COAHUILA,21,NADADORES,PRI_PRC_PCP,0,3458,0,149,3607,5292,1657,Sí
2017,5,COAHUILA,21,NADADORES,PVEM_NUAL_SI,0,3458,0,149,3607,5292,134,Sí
2017,5,COAHUILA,21,NADADORES,PVEM_NUAL_PJ,0,3458,0,149,3607,5292,224,Sí
2017,5,COAHUILA,21,NADADORES,PVEM_NUAL_PRC,0,3458,0,149,3607,5292,134,Sí
2017,5,COAHUILA,21,NADADORES,PVEM_NUAL_PCP,0,3458,0,149,3607,5292,134,Sí
2017,5,COAHUILA,21,NADADORES,PVEM_SI_PJ,0,3458,0,149,3607,5292,90,Sí
2017,5,COAHUILA,21,NADADORES,PVEM_SI_PRC,0,3458,0,149,3607,5292,0,Sí
2017,5,COAHUILA,21,NADADORES,PVEM_SI_PCP,0,3458,0,149,3607,5292,0,Sí
2017,5,COAHUILA,21,NADADORES,PVEM_PJ_PRC,0,3458,0,149,3607,5292,90,Sí
2017,5,COAHUILA,21,NADADORES,PVEM_PJ_PCP,0,3458,0,149,3607,5292,90,Sí
2017,5,COAHUILA,21,NADADORES,PVEM_PRC_PCP,0,3458,0,149,3607,5292,0,Sí
2017,5,COAHUILA,21,NADADORES,NUAL_SI_PJ,0,3458,0,149,3607,5292,224,Sí
2017,5,COAHUILA,21,NADADORES,NUAL_SI_PRC,0,3458,0,149,3607,5292,134,Sí
2017,5,COAHUILA,21,NADADORES,NUAL_SI_PCP,0,3458,0,149,3607,5292,134,Sí
2017,5,COAHUILA,21,NADADORES,NUAL_PJ_PRC,0,3458,0,149,3607,5292,224,Sí
2017,5,COAHUILA,21,NADADORES,NUAL_PJ_PCP,0,3458,0,149,3607,5292,224,Sí
2017,5,COAHUILA,21,NADADORES,NUAL_PRC_PCP,0,3458,0,149,3607,5292,134,Sí
2017,5,COAHUILA,21,NADADORES,SI_PJ_PRC,0,3458,0,149,3607,5292,90,Sí
2017,5,COAHUILA,21,NADADORES,SI_PJ_PCP,0,3458,0,149,3607,5292,90,Sí
2017,5,COAHUILA,21,NADADORES,SI_PRC_PCP,0,3458,0,149,3607,5292,0,Sí
2017,5,COAHUILA,21,NADADORES,PJ_PRC_PCP,0,3458,0,149,3607,5292,90,Sí
2017,5,COAHUILA,21,NADADORES,PRI_PVEM,0,3458,0,149,3607,5292,1657,Sí
2017,5,COAHUILA,21,NADADORES,PRI_NUAL,0,3458,0,149,3607,5292,1791,Sí
2017,5,COAHUILA,21,NADADORES,PRI_SI,0,3458,0,149,3607,5292,1657,Sí
2017,5,COAHUILA,21,NADADORES,PRI_PJ,0,3458,0,149,3607,5292,1747,Sí
2017,5,COAHUILA,21,NADADORES,PRI_PRC,0,3458,0,149,3607,5292,1657,Sí
2017,5,COAHUILA,21,NADADORES,PRI_PCP,0,3458,0,149,3607,5292,1657,Sí
2017,5,COAHUILA,21,NADADORES,PVEM_NUAL,0,3458,0,149,3607,5292,134,Sí
2017,5,COAHUILA,21,NADADORES,PVEM_SI,0,3458,0,149,3607,5292,0,Sí
2017,5,COAHUILA,21,NADADORES,PVEM_PJ,0,3458,0,149,3607,5292,90,Sí
2017,5,COAHUILA,21,NADADORES,PVEM_PRC,0,3458,0,149,3607,5292,0,Sí
2017,5,COAHUILA,21,NADADORES,PVEM_PCP,0,3458,0,149,3607,5292,0,Sí
2017,5,COAHUILA,21,NADADORES,NUAL_SI,0,3458,0,149,3607,5292,134,Sí
2017,5,COAHUILA,21,NADADORES,NUAL_PJ,0,3458,0,149,3607,5292,224,Sí
2017,5,COAHUILA,21,NADADORES,NUAL_PRC,0,3458,0,149,3607,5292,134,Sí
2017,5,COAHUILA,21,NADADORES,NUAL_PCP,0,3458,0,149,3607,5292,134,Sí
2017,5,COAHUILA,21,NADADORES,SI_PJ,0,3458,0,149,3607,5292,90,Sí
2017,5,COAHUILA,21,NADADORES,SI_PRC,0,3458,0,149,3607,5292,0,Sí
2017,5,COAHUILA,21,NADADORES,SI_PCP,0,3458,0,149,3607,5292,0,Sí
2017,5,COAHUILA,21,NADADORES,PJ_PRC,0,3458,0,149,3607,5292,90,Sí
2017,5,COAHUILA,21,NADADORES,PJ_PCP,0,3458,0,149,3607,5292,90,Sí
2017,5,COAHUILA,21,NADADORES,PRC_PCP,0,3458,0,149,3607,5292,0,Sí
2017,5,COAHUILA,22,NAVA,PAN,2534,11266,2,210,11478,20513,2534,No
2017,5,COAHUILA,22,NAVA,PRI,5683,11266,2,210,11478,20513,5683,No
2017,5,COAHUILA,22,NAVA,PRD,148,11266,2,210,11478,20513,148,No
2017,5,COAHUILA,22,NAVA,PT,178,11266,2,210,11478,20513,178,No
2017,5,COAHUILA,22,NAVA,PVEM,203,11266,2,210,11478,20513,203,No
2017,5,COAHUILA,22,NAVA,UDC,1154,11266,2,210,11478,20513,1154,No
2017,5,COAHUILA,22,NAVA,MC,127,11266,2,210,11478,20513,127,No
2017,5,COAHUILA,22,NAVA,NUAL,108,11266,2,210,11478,20513,108,No
2017,5,COAHUILA,22,NAVA,SI,31,11266,2,210,11478,20513,31,No
2017,5,COAHUILA,22,NAVA,PPC,32,11266,2,210,11478,20513,32,No
2017,5,COAHUILA,22,NAVA,PJ,34,11266,2,210,11478,20513,34,No
2017,5,COAHUILA,22,NAVA,PRC,12,11266,2,210,11478,20513,12,No
2017,5,COAHUILA,22,NAVA,PCP,27,11266,2,210,11478,20513,27,No
2017,5,COAHUILA,22,NAVA,MORENA,758,11266,2,210,11478,20513,758,No
2017,5,COAHUILA,22,NAVA,ES,41,11266,2,210,11478,20513,41,No
2017,5,COAHUILA,22,NAVA,PAN_UDC_PPC_ES,11,11266,2,210,11478,20513,3772,Sí
2017,5,COAHUILA,22,NAVA,PAN_UDC_PPC,15,11266,2,210,11478,20513,3735,Sí
2017,5,COAHUILA,22,NAVA,PAN_UDC_ES,5,11266,2,210,11478,20513,3734,Sí
2017,5,COAHUILA,22,NAVA,PAN_PPC_ES,1,11266,2,210,11478,20513,2608,Sí
2017,5,COAHUILA,22,NAVA,UDC_PPC_ES,0,11266,2,210,11478,20513,1227,Sí
2017,5,COAHUILA,22,NAVA,PAN_UDC,91,11266,2,210,11478,20513,3779,Sí
2017,5,COAHUILA,22,NAVA,PAN_PPC,3,11266,2,210,11478,20513,2569,Sí
2017,5,COAHUILA,22,NAVA,PAN_ES,2,11266,2,210,11478,20513,2577,Sí
2017,5,COAHUILA,22,NAVA,UDC_PPC,1,11266,2,210,11478,20513,1187,Sí
2017,5,COAHUILA,22,NAVA,UDC_ES,0,11266,2,210,11478,20513,1195,Sí
2017,5,COAHUILA,22,NAVA,PPC_ES,0,11266,2,210,11478,20513,73,Sí
2017,5,COAHUILA,22,NAVA,PRI_PVEM_NUAL_SI_PJ_PRC_PCP,20,11266,2,210,11478,20513,6118,Sí
2017,5,COAHUILA,22,NAVA,PRI_PVEM_NUAL_SI_PJ_PRC,0,11266,2,210,11478,20513,6071,Sí
2017,5,COAHUILA,22,NAVA,PRI_PVEM_NUAL_SI_PJ_PCP,1,11266,2,210,11478,20513,6087,Sí
2017,5,COAHUILA,22,NAVA,PRI_PVEM_NUAL_SI_PRC_PCP,2,11266,2,210,11478,20513,6066,Sí
2017,5,COAHUILA,22,NAVA,PRI_PVEM_NUAL_PJ_PRC_PCP,0,11266,2,210,11478,20513,6067,Sí
2017,5,COAHUILA,22,NAVA,PRI_PVEM_SI_PJ_PRC_PCP,0,11266,2,210,11478,20513,5990,Sí
2017,5,COAHUILA,22,NAVA,PRI_NUAL_SI_PJ_PRC_PCP,1,11266,2,210,11478,20513,5896,Sí
2017,5,COAHUILA,22,NAVA,PVEM_NUAL_SI_PJ_PRC_PCP,0,11266,2,210,11478,20513,415,Sí
2017,5,COAHUILA,22,NAVA,PRI_PVEM_NUAL_SI_PJ,1,11266,2,210,11478,20513,6060,Sí
2017,5,COAHUILA,22,NAVA,PRI_PVEM_NUAL_SI_PRC,1,11266,2,210,11478,20513,6038,Sí
2017,5,COAHUILA,22,NAVA,PRI_PVEM_NUAL_SI_PCP,0,11266,2,210,11478,20513,6052,Sí
2017,5,COAHUILA,22,NAVA,PRI_PVEM_NUAL_PJ_PRC,0,11266,2,210,11478,20513,6040,Sí
2017,5,COAHUILA,22,NAVA,PRI_PVEM_NUAL_PJ_PCP,0,11266,2,210,11478,20513,6055,Sí
2017,5,COAHUILA,22,NAVA,PRI_PVEM_NUAL_PRC_PCP,0,11266,2,210,11478,20513,6033,Sí
2017,5,COAHUILA,22,NAVA,PRI_PVEM_SI_PJ_PRC,0,11266,2,210,11478,20513,5963,Sí
2017,5,COAHUILA,22,NAVA,PRI_PVEM_SI_PJ_PCP,1,11266,2,210,11478,20513,5979,Sí
2017,5,COAHUILA,22,NAVA,PRI_PVEM_SI_PRC_PCP,0,11266,2,210,11478,20513,5956,Sí
2017,5,COAHUILA,22,NAVA,PRI_PVEM_PJ_PRC_PCP,0,11266,2,210,11478,20513,5959,Sí
2017,5,COAHUILA,22,NAVA,PRI_NUAL_SI_PJ_PRC,1,11266,2,210,11478,20513,5869,Sí
2017,5,COAHUILA,22,NAVA,PRI_NUAL_SI_PJ_PCP,0,11266,2,210,11478,20513,5883,Sí
2017,5,COAHUILA,22,NAVA,PRI_NUAL_SI_PRC_PCP,0,11266,2,210,11478,20513,5861,Sí
2017,5,COAHUILA,22,NAVA,PRI_NUAL_PJ_PRC_PCP,1,11266,2,210,11478,20513,5865,Sí
2017,5,COAHUILA,22,NAVA,PRI_SI_PJ_PRC_PCP,0,11266,2,210,11478,20513,5787,Sí
2017,5,COAHUILA,22,NAVA,PVEM_NUAL_SI_PJ_PRC,0,11266,2,210,11478,20513,388,Sí
2017,5,COAHUILA,22,NAVA,PVEM_NUAL_SI_PJ_PCP,0,11266,2,210,11478,20513,403,Sí
2017,5,COAHUILA,22,NAVA,PVEM_NUAL_SI_PRC_PCP,0,11266,2,210,11478,20513,381,Sí
2017,5,COAHUILA,22,NAVA,PVEM_NUAL_PJ_PRC_PCP,0,11266,2,210,11478,20513,384,Sí
2017,5,COAHUILA,22,NAVA,PVEM_SI_PJ_PRC_PCP,0,11266,2,210,11478,20513,307,Sí
2017,5,COAHUILA,22,NAVA,NUAL_SI_PJ_PRC_PCP,0,11266,2,210,11478,20513,212,Sí
2017,5,COAHUILA,22,NAVA,PRI_PVEM_NUAL_SI,2,11266,2,210,11478,20513,6027,Sí
2017,5,COAHUILA,22,NAVA,PRI_PVEM_NUAL_PJ,1,11266,2,210,11478,20513,6029,Sí
2017,5,COAHUILA,22,NAVA,PRI_PVEM_NUAL_PRC,0,11266,2,210,11478,20513,6006,Sí
2017,5,COAHUILA,22,NAVA,PRI_PVEM_NUAL_PCP,0,11266,2,210,11478,20513,6021,Sí
2017,5,COAHUILA,22,NAVA,PRI_PVEM_SI_PJ,0,11266,2,210,11478,20513,5951,Sí
2017,5,COAHUILA,22,NAVA,PRI_PVEM_SI_PRC,0,11266,2,210,11478,20513,5929,Sí
2017,5,COAHUILA,22,NAVA,PRI_PVEM_SI_PCP,0,11266,2,210,11478,20513,5944,Sí
2017,5,COAHUILA,22,NAVA,PRI_PVEM_PJ_PRC,0,11266,2,210,11478,20513,5932,Sí
2017,5,COAHUILA,22,NAVA,PRI_PVEM_PJ_PCP,0,11266,2,210,11478,20513,5947,Sí
2017,5,COAHUILA,22,NAVA,PRI_PVEM_PRC_PCP,0,11266,2,210,11478,20513,5925,Sí
2017,5,COAHUILA,22,NAVA,PRI_NUAL_SI_PJ,0,11266,2,210,11478,20513,5856,Sí
2017,5,COAHUILA,22,NAVA,PRI_NUAL_SI_PRC,0,11266,2,210,11478,20513,5834,Sí
2017,5,COAHUILA,22,NAVA,PRI_NUAL_SI_PCP,0,11266,2,210,11478,20513,5849,Sí
2017,5,COAHUILA,22,NAVA,PRI_NUAL_PJ_PRC,0,11266,2,210,11478,20513,5837,Sí
2017,5,COAHUILA,22,NAVA,PRI_NUAL_PJ_PCP,0,11266,2,210,11478,20513,5852,Sí
2017,5,COAHUILA,22,NAVA,PRI_NUAL_PRC_PCP,0,11266,2,210,11478,20513,5830,Sí
2017,5,COAHUILA,22,NAVA,PRI_SI_PJ_PRC,0,11266,2,210,11478,20513,5760,Sí
2017,5,COAHUILA,22,NAVA,PRI_SI_PJ_PCP,1,11266,2,210,11478,20513,5776,Sí
2017,5,COAHUILA,22,NAVA,PRI_SI_PRC_PCP,0,11266,2,210,11478,20513,5753,Sí
2017,5,COAHUILA,22,NAVA,PRI_PJ_PRC_PCP,0,11266,2,210,11478,20513,5756,Sí
2017,5,COAHUILA,22,NAVA,PVEM_NUAL_SI_PJ,0,11266,2,210,11478,20513,376,Sí
2017,5,COAHUILA,22,NAVA,PVEM_NUAL_SI_PRC,0,11266,2,210,11478,20513,354,Sí
2017,5,COAHUILA,22,NAVA,PVEM_NUAL_SI_PCP,0,11266,2,210,11478,20513,369,Sí
2017,5,COAHUILA,22,NAVA,PVEM_NUAL_PJ_PRC,0,11266,2,210,11478,20513,357,Sí
2017,5,COAHUILA,22,NAVA,PVEM_NUAL_PJ_PCP,0,11266,2,210,11478,20513,372,Sí
2017,5,COAHUILA,22,NAVA,PVEM_NUAL_PRC_PCP,0,11266,2,210,11478,20513,350,Sí
2017,5,COAHUILA,22,NAVA,PVEM_SI_PJ_PRC,1,11266,2,210,11478,20513,281,Sí
2017,5,COAHUILA,22,NAVA,PVEM_SI_PJ_PCP,0,11266,2,210,11478,20513,295,Sí
2017,5,COAHUILA,22,NAVA,PVEM_SI_PRC_PCP,0,11266,2,210,11478,20513,273,Sí
2017,5,COAHUILA,22,NAVA,PVEM_PJ_PRC_PCP,0,11266,2,210,11478,20513,276,Sí
2017,5,COAHUILA,22,NAVA,NUAL_SI_PJ_PRC,0,11266,2,210,11478,20513,185,Sí
2017,5,COAHUILA,22,NAVA,NUAL_SI_PJ_PCP,0,11266,2,210,11478,20513,200,Sí
2017,5,COAHUILA,22,NAVA,NUAL_SI_PRC_PCP,0,11266,2,210,11478,20513,178,Sí
2017,5,COAHUILA,22,NAVA,NUAL_PJ_PRC_PCP,0,11266,2,210,11478,20513,181,Sí
2017,5,COAHUILA,22,NAVA,SI_PJ_PRC_PCP,0,11266,2,210,11478,20513,104,Sí
2017,5,COAHUILA,22,NAVA,PRI_PVEM_NUAL,1,11266,2,210,11478,20513,5995,Sí
2017,5,COAHUILA,22,NAVA,PRI_PVEM_SI,0,11266,2,210,11478,20513,5917,Sí
2017,5,COAHUILA,22,NAVA,PRI_PVEM_PJ,1,11266,2,210,11478,20513,5921,Sí
2017,5,COAHUILA,22,NAVA,PRI_PVEM_PRC,1,11266,2,210,11478,20513,5899,Sí
2017,5,COAHUILA,22,NAVA,PRI_PVEM_PCP,0,11266,2,210,11478,20513,5913,Sí
2017,5,COAHUILA,22,NAVA,PRI_NUAL_SI,0,11266,2,210,11478,20513,5822,Sí
2017,5,COAHUILA,22,NAVA,PRI_NUAL_PJ,1,11266,2,210,11478,20513,5826,Sí
2017,5,COAHUILA,22,NAVA,PRI_NUAL_PRC,2,11266,2,210,11478,20513,5805,Sí
2017,5,COAHUILA,22,NAVA,PRI_NUAL_PCP,0,11266,2,210,11478,20513,5818,Sí
2017,5,COAHUILA,22,NAVA,PRI_SI_PJ,0,11266,2,210,11478,20513,5748,Sí
2017,5,COAHUILA,22,NAVA,PRI_SI_PRC,0,11266,2,210,11478,20513,5726,Sí
2017,5,COAHUILA,22,NAVA,PRI_SI_PCP,0,11266,2,210,11478,20513,5741,Sí
2017,5,COAHUILA,22,NAVA,PRI_PJ_PRC,0,11266,2,210,11478,20513,5729,Sí
2017,5,COAHUILA,22,NAVA,PRI_PJ_PCP,0,11266,2,210,11478,20513,5744,Sí
2017,5,COAHUILA,22,NAVA,PRI_PRC_PCP,0,11266,2,210,11478,20513,5722,Sí
2017,5,COAHUILA,22,NAVA,PVEM_NUAL_SI,0,11266,2,210,11478,20513,342,Sí
2017,5,COAHUILA,22,NAVA,PVEM_NUAL_PJ,0,11266,2,210,11478,20513,345,Sí
2017,5,COAHUILA,22,NAVA,PVEM_NUAL_PRC,1,11266,2,210,11478,20513,324,Sí
2017,5,COAHUILA,22,NAVA,PVEM_NUAL_PCP,0,11266,2,210,11478,20513,338,Sí
2017,5,COAHUILA,22,NAVA,PVEM_SI_PJ,0,11266,2,210,11478,20513,268,Sí
2017,5,COAHUILA,22,NAVA,PVEM_SI_PRC,0,11266,2,210,11478,20513,246,Sí
2017,5,COAHUILA,22,NAVA,PVEM_SI_PCP,0,11266,2,210,11478,20513,261,Sí
2017,5,COAHUILA,22,NAVA,PVEM_PJ_PRC,0,11266,2,210,11478,20513,249,Sí
2017,5,COAHUILA,22,NAVA,PVEM_PJ_PCP,0,11266,2,210,11478,20513,264,Sí
2017,5,COAHUILA,22,NAVA,PVEM_PRC_PCP,0,11266,2,210,11478,20513,242,Sí
2017,5,COAHUILA,22,NAVA,NUAL_SI_PJ,0,11266,2,210,11478,20513,173,Sí
2017,5,COAHUILA,22,NAVA,NUAL_SI_PRC,0,11266,2,210,11478,20513,151,Sí
2017,5,COAHUILA,22,NAVA,NUAL_SI_PCP,0,11266,2,210,11478,20513,166,Sí
2017,5,COAHUILA,22,NAVA,NUAL_PJ_PRC,0,11266,2,210,11478,20513,154,Sí
2017,5,COAHUILA,22,NAVA,NUAL_PJ_PCP,0,11266,2,210,11478,20513,169,Sí
2017,5,COAHUILA,22,NAVA,NUAL_PRC_PCP,0,11266,2,210,11478,20513,147,Sí
2017,5,COAHUILA,22,NAVA,SI_PJ_PRC,0,11266,2,210,11478,20513,77,Sí
2017,5,COAHUILA,22,NAVA,SI_PJ_PCP,0,11266,2,210,11478,20513,92,Sí
2017,5,COAHUILA,22,NAVA,SI_PRC_PCP,0,11266,2,210,11478,20513,70,Sí
2017,5,COAHUILA,22,NAVA,PJ_PRC_PCP,0,11266,2,210,11478,20513,73,Sí
2017,5,COAHUILA,22,NAVA,PRI_PVEM,8,11266,2,210,11478,20513,5894,Sí
2017,5,COAHUILA,22,NAVA,PRI_NUAL,9,11266,2,210,11478,20513,5800,Sí
2017,5,COAHUILA,22,NAVA,PRI_SI,2,11266,2,210,11478,20513,5716,Sí
2017,5,COAHUILA,22,NAVA,PRI_PJ,3,11266,2,210,11478,20513,5720,Sí
2017,5,COAHUILA,22,NAVA,PRI_PRC,0,11266,2,210,11478,20513,5695,Sí
2017,5,COAHUILA,22,NAVA,PRI_PCP,4,11266,2,210,11478,20513,5714,Sí
2017,5,COAHUILA,22,NAVA,PVEM_NUAL,0,11266,2,210,11478,20513,311,Sí
2017,5,COAHUILA,22,NAVA,PVEM_SI,0,11266,2,210,11478,20513,234,Sí
2017,5,COAHUILA,22,NAVA,PVEM_PJ,0,11266,2,210,11478,20513,237,Sí
2017,5,COAHUILA,22,NAVA,PVEM_PRC,0,11266,2,210,11478,20513,215,Sí
2017,5,COAHUILA,22,NAVA,PVEM_PCP,0,11266,2,210,11478,20513,230,Sí
2017,5,COAHUILA,22,NAVA,NUAL_SI,0,11266,2,210,11478,20513,139,Sí
2017,5,COAHUILA,22,NAVA,NUAL_PJ,0,11266,2,210,11478,20513,142,Sí
2017,5,COAHUILA,22,NAVA,NUAL_PRC,0,11266,2,210,11478,20513,120,Sí
2017,5,COAHUILA,22,NAVA,NUAL_PCP,0,11266,2,210,11478,20513,135,Sí
2017,5,COAHUILA,22,NAVA,SI_PJ,0,11266,2,210,11478,20513,65,Sí
2017,5,COAHUILA,22,NAVA,SI_PRC,0,11266,2,210,11478,20513,43,Sí
2017,5,COAHUILA,22,NAVA,SI_PCP,0,11266,2,210,11478,20513,58,Sí
2017,5,COAHUILA,22,NAVA,PJ_PRC,0,11266,2,210,11478,20513,46,Sí
2017,5,COAHUILA,22,NAVA,PJ_PCP,0,11266,2,210,11478,20513,61,Sí
2017,5,COAHUILA,22,NAVA,PRC_PCP,0,11266,2,210,11478,20513,39,Sí
2017,5,COAHUILA,23,OCAMPO,PAN,559,4272,0,112,4384,7878,559,No
2017,5,COAHUILA,23,OCAMPO,PRI,1529,4272,0,112,4384,7878,1529,No
2017,5,COAHUILA,23,OCAMPO,PRD,64,4272,0,112,4384,7878,64,No
2017,5,COAHUILA,23,OCAMPO,PT,0,4272,0,112,4384,7878,0,No
2017,5,COAHUILA,23,OCAMPO,PVEM,16,4272,0,112,4384,7878,16,No
2017,5,COAHUILA,23,OCAMPO,UDC,18,4272,0,112,4384,7878,18,No
2017,5,COAHUILA,23,OCAMPO,MC,1739,4272,0,112,4384,7878,1739,No
2017,5,COAHUILA,23,OCAMPO,NUAL,45,4272,0,112,4384,7878,45,No
2017,5,COAHUILA,23,OCAMPO,SI,11,4272,0,112,4384,7878,11,No
2017,5,COAHUILA,23,OCAMPO,PPC,9,4272,0,112,4384,7878,9,No
2017,5,COAHUILA,23,OCAMPO,PJ,16,4272,0,112,4384,7878,16,No
2017,5,COAHUILA,23,OCAMPO,PRC,11,4272,0,112,4384,7878,11,No
2017,5,COAHUILA,23,OCAMPO,PCP,2,4272,0,112,4384,7878,2,No
2017,5,COAHUILA,23,OCAMPO,MORENA,228,4272,0,112,4384,7878,228,No
2017,5,COAHUILA,23,OCAMPO,ES,5,4272,0,112,4384,7878,5,No
2017,5,COAHUILA,23,OCAMPO,PAN_UDC_PPC_ES,3,4272,0,112,4384,7878,594,Sí
2017,5,COAHUILA,23,OCAMPO,PAN_UDC_PPC,0,4272,0,112,4384,7878,586,Sí
2017,5,COAHUILA,23,OCAMPO,PAN_UDC_ES,0,4272,0,112,4384,7878,582,Sí
2017,5,COAHUILA,23,OCAMPO,PAN_PPC_ES,1,4272,0,112,4384,7878,574,Sí
2017,5,COAHUILA,23,OCAMPO,UDC_PPC_ES,0,4272,0,112,4384,7878,32,Sí
2017,5,COAHUILA,23,OCAMPO,PAN_UDC,1,4272,0,112,4384,7878,578,Sí
2017,5,COAHUILA,23,OCAMPO,PAN_PPC,0,4272,0,112,4384,7878,568,Sí
2017,5,COAHUILA,23,OCAMPO,PAN_ES,0,4272,0,112,4384,7878,564,Sí
2017,5,COAHUILA,23,OCAMPO,UDC_PPC,1,4272,0,112,4384,7878,28,Sí
2017,5,COAHUILA,23,OCAMPO,UDC_ES,0,4272,0,112,4384,7878,23,Sí
2017,5,COAHUILA,23,OCAMPO,PPC_ES,0,4272,0,112,4384,7878,14,Sí
2017,5,COAHUILA,23,OCAMPO,PRI_PVEM_NUAL_SI_PJ_PRC_PCP,0,4272,0,112,4384,7878,1630,Sí
2017,5,COAHUILA,23,OCAMPO,PRI_PVEM_NUAL_SI_PJ_PRC,1,4272,0,112,4384,7878,1629,Sí
2017,5,COAHUILA,23,OCAMPO,PRI_PVEM_NUAL_SI_PJ_PCP,0,4272,0,112,4384,7878,1619,Sí
2017,5,COAHUILA,23,OCAMPO,PRI_PVEM_NUAL_SI_PRC_PCP,0,4272,0,112,4384,7878,1614,Sí
2017,5,COAHUILA,23,OCAMPO,PRI_PVEM_NUAL_PJ_PRC_PCP,0,4272,0,112,4384,7878,1619,Sí
2017,5,COAHUILA,23,OCAMPO,PRI_PVEM_SI_PJ_PRC_PCP,0,4272,0,112,4384,7878,1585,Sí
2017,5,COAHUILA,23,OCAMPO,PRI_NUAL_SI_PJ_PRC_PCP,0,4272,0,112,4384,7878,1614,Sí
2017,5,COAHUILA,23,OCAMPO,PVEM_NUAL_SI_PJ_PRC_PCP,0,4272,0,112,4384,7878,101,Sí
2017,5,COAHUILA,23,OCAMPO,PRI_PVEM_NUAL_SI_PJ,3,4272,0,112,4384,7878,1620,Sí
2017,5,COAHUILA,23,OCAMPO,PRI_PVEM_NUAL_SI_PRC,0,4272,0,112,4384,7878,1612,Sí
2017,5,COAHUILA,23,OCAMPO,PRI_PVEM_NUAL_SI_PCP,0,4272,0,112,4384,7878,1603,Sí
2017,5,COAHUILA,23,OCAMPO,PRI_PVEM_NUAL_PJ_PRC,0,4272,0,112,4384,7878,1617,Sí
2017,5,COAHUILA,23,OCAMPO,PRI_PVEM_NUAL_PJ_PCP,0,4272,0,112,4384,7878,1608,Sí
2017,5,COAHUILA,23,OCAMPO,PRI_PVEM_NUAL_PRC_PCP,0,4272,0,112,4384,7878,1603,Sí
2017,5,COAHUILA,23,OCAMPO,PRI_PVEM_SI_PJ_PRC,0,4272,0,112,4384,7878,1583,Sí
2017,5,COAHUILA,23,OCAMPO,PRI_PVEM_SI_PJ_PCP,0,4272,0,112,4384,7878,1574,Sí
2017,5,COAHUILA,23,OCAMPO,PRI_PVEM_SI_PRC_PCP,0,4272,0,112,4384,7878,1569,Sí
2017,5,COAHUILA,23,OCAMPO,PRI_PVEM_PJ_PRC_PCP,0,4272,0,112,4384,7878,1574,Sí
2017,5,COAHUILA,23,OCAMPO,PRI_NUAL_SI_PJ_PRC,0,4272,0,112,4384,7878,1612,Sí
2017,5,COAHUILA,23,OCAMPO,PRI_NUAL_SI_PJ_PCP,0,4272,0,112,4384,7878,1603,Sí
2017,5,COAHUILA,23,OCAMPO,PRI_NUAL_SI_PRC_PCP,0,4272,0,112,4384,7878,1598,Sí
2017,5,COAHUILA,23,OCAMPO,PRI_NUAL_PJ_PRC_PCP,0,4272,0,112,4384,7878,1603,Sí
2017,5,COAHUILA,23,OCAMPO,PRI_SI_PJ_PRC_PCP,0,4272,0,112,4384,7878,1569,Sí
2017,5,COAHUILA,23,OCAMPO,PVEM_NUAL_SI_PJ_PRC,0,4272,0,112,4384,7878,99,Sí
2017,5,COAHUILA,23,OCAMPO,PVEM_NUAL_SI_PJ_PCP,0,4272,0,112,4384,7878,90,Sí
2017,5,COAHUILA,23,OCAMPO,PVEM_NUAL_SI_PRC_PCP,0,4272,0,112,4384,7878,85,Sí
2017,5,COAHUILA,23,OCAMPO,PVEM_NUAL_PJ_PRC_PCP,0,4272,0,112,4384,7878,90,Sí
2017,5,COAHUILA,23,OCAMPO,PVEM_SI_PJ_PRC_PCP,0,4272,0,112,4384,7878,56,Sí
2017,5,COAHUILA,23,OCAMPO,NUAL_SI_PJ_PRC_PCP,0,4272,0,112,4384,7878,85,Sí
2017,5,COAHUILA,23,OCAMPO,PRI_PVEM_NUAL_SI,1,4272,0,112,4384,7878,1602,Sí
2017,5,COAHUILA,23,OCAMPO,PRI_PVEM_NUAL_PJ,0,4272,0,112,4384,7878,1606,Sí
2017,5,COAHUILA,23,OCAMPO,PRI_PVEM_NUAL_PRC,0,4272,0,112,4384,7878,1601,Sí
2017,5,COAHUILA,23,OCAMPO,PRI_PVEM_NUAL_PCP,0,4272,0,112,4384,7878,1592,Sí
2017,5,COAHUILA,23,OCAMPO,PRI_PVEM_SI_PJ,0,4272,0,112,4384,7878,1572,Sí
2017,5,COAHUILA,23,OCAMPO,PRI_PVEM_SI_PRC,0,4272,0,112,4384,7878,1567,Sí
2017,5,COAHUILA,23,OCAMPO,PRI_PVEM_SI_PCP,0,4272,0,112,4384,7878,1558,Sí
2017,5,COAHUILA,23,OCAMPO,PRI_PVEM_PJ_PRC,0,4272,0,112,4384,7878,1572,Sí
2017,5,COAHUILA,23,OCAMPO,PRI_PVEM_PJ_PCP,0,4272,0,112,4384,7878,1563,Sí
2017,5,COAHUILA,23,OCAMPO,PRI_PVEM_PRC_PCP,0,4272,0,112,4384,7878,1558,Sí
2017,5,COAHUILA,23,OCAMPO,PRI_NUAL_SI_PJ,0,4272,0,112,4384,7878,1601,Sí
2017,5,COAHUILA,23,OCAMPO,PRI_NUAL_SI_PRC,0,4272,0,112,4384,7878,1596,Sí
2017,5,COAHUILA,23,OCAMPO,PRI_NUAL_SI_PCP,0,4272,0,112,4384,7878,1587,Sí
2017,5,COAHUILA,23,OCAMPO,PRI_NUAL_PJ_PRC,0,4272,0,112,4384,7878,1601,Sí
2017,5,COAHUILA,23,OCAMPO,PRI_NUAL_PJ_PCP,0,4272,0,112,4384,7878,1592,Sí
2017,5,COAHUILA,23,OCAMPO,PRI_NUAL_PRC_PCP,0,4272,0,112,4384,7878,1587,Sí
2017,5,COAHUILA,23,OCAMPO,PRI_SI_PJ_PRC,0,4272,0,112,4384,7878,1567,Sí
2017,5,COAHUILA,23,OCAMPO,PRI_SI_PJ_PCP,0,4272,0,112,4384,7878,1558,Sí
2017,5,COAHUILA,23,OCAMPO,PRI_SI_PRC_PCP,0,4272,0,112,4384,7878,1553,Sí
2017,5,COAHUILA,23,OCAMPO,PRI_PJ_PRC_PCP,0,4272,0,112,4384,7878,1558,Sí
2017,5,COAHUILA,23,OCAMPO,PVEM_NUAL_SI_PJ,0,4272,0,112,4384,7878,88,Sí
2017,5,COAHUILA,23,OCAMPO,PVEM_NUAL_SI_PRC,0,4272,0,112,4384,7878,83,Sí
2017,5,COAHUILA,23,OCAMPO,PVEM_NUAL_SI_PCP,0,4272,0,112,4384,7878,74,Sí
2017,5,COAHUILA,23,OCAMPO,PVEM_NUAL_PJ_PRC,0,4272,0,112,4384,7878,88,Sí
2017,5,COAHUILA,23,OCAMPO,PVEM_NUAL_PJ_PCP,0,4272,0,112,4384,7878,79,Sí
2017,5,COAHUILA,23,OCAMPO,PVEM_NUAL_PRC_PCP,0,4272,0,112,4384,7878,74,Sí
2017,5,COAHUILA,23,OCAMPO,PVEM_SI_PJ_PRC,0,4272,0,112,4384,7878,54,Sí
2017,5,COAHUILA,23,OCAMPO,PVEM_SI_PJ_PCP,0,4272,0,112,4384,7878,45,Sí
2017,5,COAHUILA,23,OCAMPO,PVEM_SI_PRC_PCP,0,4272,0,112,4384,7878,40,Sí
2017,5,COAHUILA,23,OCAMPO,PVEM_PJ_PRC_PCP,0,4272,0,112,4384,7878,45,Sí
2017,5,COAHUILA,23,OCAMPO,NUAL_SI_PJ_PRC,0,4272,0,112,4384,7878,83,Sí
2017,5,COAHUILA,23,OCAMPO,NUAL_SI_PJ_PCP,0,4272,0,112,4384,7878,74,Sí
2017,5,COAHUILA,23,OCAMPO,NUAL_SI_PRC_PCP,0,4272,0,112,4384,7878,69,Sí
2017,5,COAHUILA,23,OCAMPO,NUAL_PJ_PRC_PCP,0,4272,0,112,4384,7878,74,Sí
2017,5,COAHUILA,23,OCAMPO,SI_PJ_PRC_PCP,0,4272,0,112,4384,7878,40,Sí
2017,5,COAHUILA,23,OCAMPO,PRI_PVEM_NUAL,0,4272,0,112,4384,7878,1590,Sí
2017,5,COAHUILA,23,OCAMPO,PRI_PVEM_SI,1,4272,0,112,4384,7878,1557,Sí
2017,5,COAHUILA,23,OCAMPO,PRI_PVEM_PJ,1,4272,0,112,4384,7878,1562,Sí
2017,5,COAHUILA,23,OCAMPO,PRI_PVEM_PRC,0,4272,0,112,4384,7878,1556,Sí
2017,5,COAHUILA,23,OCAMPO,PRI_PVEM_PCP,0,4272,0,112,4384,7878,1547,Sí
2017,5,COAHUILA,23,OCAMPO,PRI_NUAL_SI,0,4272,0,112,4384,7878,1585,Sí
2017,5,COAHUILA,23,OCAMPO,PRI_NUAL_PJ,0,4272,0,112,4384,7878,1590,Sí
2017,5,COAHUILA,23,OCAMPO,PRI_NUAL_PRC,0,4272,0,112,4384,7878,1585,Sí
2017,5,COAHUILA,23,OCAMPO,PRI_NUAL_PCP,0,4272,0,112,4384,7878,1576,Sí
2017,5,COAHUILA,23,OCAMPO,PRI_SI_PJ,0,4272,0,112,4384,7878,1556,Sí
2017,5,COAHUILA,23,OCAMPO,PRI_SI_PRC,0,4272,0,112,4384,7878,1551,Sí
2017,5,COAHUILA,23,OCAMPO,PRI_SI_PCP,0,4272,0,112,4384,7878,1542,Sí
2017,5,COAHUILA,23,OCAMPO,PRI_PJ_PRC,0,4272,0,112,4384,7878,1556,Sí
2017,5,COAHUILA,23,OCAMPO,PRI_PJ_PCP,0,4272,0,112,4384,7878,1547,Sí
2017,5,COAHUILA,23,OCAMPO,PRI_PRC_PCP,0,4272,0,112,4384,7878,1542,Sí
2017,5,COAHUILA,23,OCAMPO,PVEM_NUAL_SI,0,4272,0,112,4384,7878,72,Sí
2017,5,COAHUILA,23,OCAMPO,PVEM_NUAL_PJ,0,4272,0,112,4384,7878,77,Sí
2017,5,COAHUILA,23,OCAMPO,PVEM_NUAL_PRC,0,4272,0,112,4384,7878,72,Sí
2017,5,COAHUILA,23,OCAMPO,PVEM_NUAL_PCP,0,4272,0,112,4384,7878,63,Sí
2017,5,COAHUILA,23,OCAMPO,PVEM_SI_PJ,0,4272,0,112,4384,7878,43,Sí
2017,5,COAHUILA,23,OCAMPO,PVEM_SI_PRC,0,4272,0,112,4384,7878,38,Sí
2017,5,COAHUILA,23,OCAMPO,PVEM_SI_PCP,0,4272,0,112,4384,7878,29,Sí
2017,5,COAHUILA,23,OCAMPO,PVEM_PJ_PRC,0,4272,0,112,4384,7878,43,Sí
2017,5,COAHUILA,23,OCAMPO,PVEM_PJ_PCP,0,4272,0,112,4384,7878,34,Sí
2017,5,COAHUILA,23,OCAMPO,PVEM_PRC_PCP,0,4272,0,112,4384,7878,29,Sí
2017,5,COAHUILA,23,OCAMPO,NUAL_SI_PJ,0,4272,0,112,4384,7878,72,Sí
2017,5,COAHUILA,23,OCAMPO,NUAL_SI_PRC,0,4272,0,112,4384,7878,67,Sí
2017,5,COAHUILA,23,OCAMPO,NUAL_SI_PCP,0,4272,0,112,4384,7878,58,Sí
2017,5,COAHUILA,23,OCAMPO,NUAL_PJ_PRC,0,4272,0,112,4384,7878,72,Sí
2017,5,COAHUILA,23,OCAMPO,NUAL_PJ_PCP,0,4272,0,112,4384,7878,63,Sí
2017,5,COAHUILA,23,OCAMPO,NUAL_PRC_PCP,0,4272,0,112,4384,7878,58,Sí
2017,5,COAHUILA,23,OCAMPO,SI_PJ_PRC,0,4272,0,112,4384,7878,38,Sí
2017,5,COAHUILA,23,OCAMPO,SI_PJ_PCP,0,4272,0,112,4384,7878,29,Sí
2017,5,COAHUILA,23,OCAMPO,SI_PRC_PCP,0,4272,0,112,4384,7878,24,Sí
2017,5,COAHUILA,23,OCAMPO,PJ_PRC_PCP,0,4272,0,112,4384,7878,29,Sí
2017,5,COAHUILA,23,OCAMPO,PRI_PVEM,2,4272,0,112,4384,7878,1547,Sí
2017,5,COAHUILA,23,OCAMPO,PRI_NUAL,0,4272,0,112,4384,7878,1574,Sí
2017,5,COAHUILA,23,OCAMPO,PRI_SI,4,4272,0,112,4384,7878,1544,Sí
2017,5,COAHUILA,23,OCAMPO,PRI_PJ,1,4272,0,112,4384,7878,1546,Sí
2017,5,COAHUILA,23,OCAMPO,PRI_PRC,0,4272,0,112,4384,7878,1540,Sí
2017,5,COAHUILA,23,OCAMPO,PRI_PCP,0,4272,0,112,4384,7878,1531,Sí
2017,5,COAHUILA,23,OCAMPO,PVEM_NUAL,0,4272,0,112,4384,7878,61,Sí
2017,5,COAHUILA,23,OCAMPO,PVEM_SI,0,4272,0,112,4384,7878,27,Sí
2017,5,COAHUILA,23,OCAMPO,PVEM_PJ,0,4272,0,112,4384,7878,32,Sí
2017,5,COAHUILA,23,OCAMPO,PVEM_PRC,0,4272,0,112,4384,7878,27,Sí
2017,5,COAHUILA,23,OCAMPO,PVEM_PCP,0,4272,0,112,4384,7878,18,Sí
2017,5,COAHUILA,23,OCAMPO,NUAL_SI,0,4272,0,112,4384,7878,56,Sí
2017,5,COAHUILA,23,OCAMPO,NUAL_PJ,0,4272,0,112,4384,7878,61,Sí
2017,5,COAHUILA,23,OCAMPO,NUAL_PRC,0,4272,0,112,4384,7878,56,Sí
2017,5,COAHUILA,23,OCAMPO,NUAL_PCP,0,4272,0,112,4384,7878,47,Sí
2017,5,COAHUILA,23,OCAMPO,SI_PJ,0,4272,0,112,4384,7878,27,Sí
2017,5,COAHUILA,23,OCAMPO,SI_PRC,0,4272,0,112,4384,7878,22,Sí
2017,5,COAHUILA,23,OCAMPO,SI_PCP,0,4272,0,112,4384,7878,13,Sí
2017,5,COAHUILA,23,OCAMPO,PJ_PRC,0,4272,0,112,4384,7878,27,Sí
2017,5,COAHUILA,23,OCAMPO,PJ_PCP,0,4272,0,112,4384,7878,18,Sí
2017,5,COAHUILA,23,OCAMPO,PRC_PCP,0,4272,0,112,4384,7878,13,Sí
2017,5,COAHUILA,24,PARRAS,PAN,999,19793,1,668,20462,35742,999,No
2017,5,COAHUILA,24,PARRAS,PRI,0,19793,1,668,20462,35742,0,No
2017,5,COAHUILA,24,PARRAS,PRD,251,19793,1,668,20462,35742,251,No
2017,5,COAHUILA,24,PARRAS,PT,260,19793,1,668,20462,35742,260,No
2017,5,COAHUILA,24,PARRAS,PVEM,6225,19793,1,668,20462,35742,6225,No
2017,5,COAHUILA,24,PARRAS,UDC,703,19793,1,668,20462,35742,703,No
2017,5,COAHUILA,24,PARRAS,MC,83,19793,1,668,20462,35742,83,No
2017,5,COAHUILA,24,PARRAS,NUAL,3664,19793,1,668,20462,35742,3664,No
2017,5,COAHUILA,24,PARRAS,SI,815,19793,1,668,20462,35742,815,No
2017,5,COAHUILA,24,PARRAS,PPC,107,19793,1,668,20462,35742,107,No
2017,5,COAHUILA,24,PARRAS,PJ,122,19793,1,668,20462,35742,122,No
2017,5,COAHUILA,24,PARRAS,PRC,0,19793,1,668,20462,35742,0,No
2017,5,COAHUILA,24,PARRAS,PCP,6037,19793,1,668,20462,35742,6037,No
2017,5,COAHUILA,24,PARRAS,MORENA,424,19793,1,668,20462,35742,424,No
2017,5,COAHUILA,24,PARRAS,ES,48,19793,1,668,20462,35742,48,No
2017,5,COAHUILA,24,PARRAS,PAN_UDC_PPC_ES,23,19793,1,668,20462,35742,1880,Sí
2017,5,COAHUILA,24,PARRAS,PAN_UDC_PPC,4,19793,1,668,20462,35742,1813,Sí
2017,5,COAHUILA,24,PARRAS,PAN_UDC_ES,1,19793,1,668,20462,35742,1751,Sí
2017,5,COAHUILA,24,PARRAS,PAN_PPC_ES,2,19793,1,668,20462,35742,1156,Sí
2017,5,COAHUILA,24,PARRAS,UDC_PPC_ES,1,19793,1,668,20462,35742,859,Sí
2017,5,COAHUILA,24,PARRAS,PAN_UDC,15,19793,1,668,20462,35742,1717,Sí
2017,5,COAHUILA,24,PARRAS,PAN_PPC,4,19793,1,668,20462,35742,1110,Sí
2017,5,COAHUILA,24,PARRAS,PAN_ES,3,19793,1,668,20462,35742,1050,Sí
2017,5,COAHUILA,24,PARRAS,UDC_PPC,2,19793,1,668,20462,35742,812,Sí
2017,5,COAHUILA,24,PARRAS,UDC_ES,0,19793,1,668,20462,35742,751,Sí
2017,5,COAHUILA,24,PARRAS,PPC_ES,0,19793,1,668,20462,35742,155,Sí
2017,5,COAHUILA,24,PARRAS,PRI_PVEM_NUAL_SI_PJ_PRC_PCP,0,19793,1,668,20462,35742,16863,Sí
2017,5,COAHUILA,24,PARRAS,PRI_PVEM_NUAL_SI_PJ_PRC,0,19793,1,668,20462,35742,10826,Sí
2017,5,COAHUILA,24,PARRAS,PRI_PVEM_NUAL_SI_PJ_PCP,0,19793,1,668,20462,35742,16863,Sí
2017,5,COAHUILA,24,PARRAS,PRI_PVEM_NUAL_SI_PRC_PCP,0,19793,1,668,20462,35742,16741,Sí
2017,5,COAHUILA,24,PARRAS,PRI_PVEM_NUAL_PJ_PRC_PCP,0,19793,1,668,20462,35742,16048,Sí
2017,5,COAHUILA,24,PARRAS,PRI_PVEM_SI_PJ_PRC_PCP,0,19793,1,668,20462,35742,13199,Sí
2017,5,COAHUILA,24,PARRAS,PRI_NUAL_SI_PJ_PRC_PCP,0,19793,1,668,20462,35742,10638,Sí
2017,5,COAHUILA,24,PARRAS,PVEM_NUAL_SI_PJ_PRC_PCP,0,19793,1,668,20462,35742,16863,Sí
2017,5,COAHUILA,24,PARRAS,PRI_PVEM_NUAL_SI_PJ,0,19793,1,668,20462,35742,10826,Sí
2017,5,COAHUILA,24,PARRAS,PRI_PVEM_NUAL_SI_PRC,0,19793,1,668,20462,35742,10704,Sí
2017,5,COAHUILA,24,PARRAS,PRI_PVEM_NUAL_SI_PCP,0,19793,1,668,20462,35742,16741,Sí
2017,5,COAHUILA,24,PARRAS,PRI_PVEM_NUAL_PJ_PRC,0,19793,1,668,20462,35742,10011,Sí
2017,5,COAHUILA,24,PARRAS,PRI_PVEM_NUAL_PJ_PCP,0,19793,1,668,20462,35742,16048,Sí
2017,5,COAHUILA,24,PARRAS,PRI_PVEM_NUAL_PRC_PCP,0,19793,1,668,20462,35742,15926,Sí
2017,5,COAHUILA,24,PARRAS,PRI_PVEM_SI_PJ_PRC,0,19793,1,668,20462,35742,7162,Sí
2017,5,COAHUILA,24,PARRAS,PRI_PVEM_SI_PJ_PCP,0,19793,1,668,20462,35742,13199,Sí
2017,5,COAHUILA,24,PARRAS,PRI_PVEM_SI_PRC_PCP,0,19793,1,668,20462,35742,13077,Sí
2017,5,COAHUILA,24,PARRAS,PRI_PVEM_PJ_PRC_PCP,0,19793,1,668,20462,35742,12384,Sí
2017,5,COAHUILA,24,PARRAS,PRI_NUAL_SI_PJ_PRC,0,19793,1,668,20462,35742,4601,Sí
2017,5,COAHUILA,24,PARRAS,PRI_NUAL_SI_PJ_PCP,0,19793,1,668,20462,35742,10638,Sí
2017,5,COAHUILA,24,PARRAS,PRI_NUAL_SI_PRC_PCP,0,19793,1,668,20462,35742,10516,Sí
2017,5,COAHUILA,24,PARRAS,PRI_NUAL_PJ_PRC_PCP,0,19793,1,668,20462,35742,9823,Sí
2017,5,COAHUILA,24,PARRAS,PRI_SI_PJ_PRC_PCP,0,19793,1,668,20462,35742,6974,Sí
2017,5,COAHUILA,24,PARRAS,PVEM_NUAL_SI_PJ_PRC,0,19793,1,668,20462,35742,10826,Sí
2017,5,COAHUILA,24,PARRAS,PVEM_NUAL_SI_PJ_PCP,0,19793,1,668,20462,35742,16863,Sí
2017,5,COAHUILA,24,PARRAS,PVEM_NUAL_SI_PRC_PCP,0,19793,1,668,20462,35742,16741,Sí
2017,5,COAHUILA,24,PARRAS,PVEM_NUAL_PJ_PRC_PCP,0,19793,1,668,20462,35742,16048,Sí
2017,5,COAHUILA,24,PARRAS,PVEM_SI_PJ_PRC_PCP,0,19793,1,668,20462,35742,13199,Sí
2017,5,COAHUILA,24,PARRAS,NUAL_SI_PJ_PRC_PCP,0,19793,1,668,20462,35742,10638,Sí
2017,5,COAHUILA,24,PARRAS,PRI_PVEM_NUAL_SI,0,19793,1,668,20462,35742,10704,Sí
2017,5,COAHUILA,24,PARRAS,PRI_PVEM_NUAL_PJ,0,19793,1,668,20462,35742,10011,Sí
2017,5,COAHUILA,24,PARRAS,PRI_PVEM_NUAL_PRC,0,19793,1,668,20462,35742,9889,Sí
2017,5,COAHUILA,24,PARRAS,PRI_PVEM_NUAL_PCP,0,19793,1,668,20462,35742,15926,Sí
2017,5,COAHUILA,24,PARRAS,PRI_PVEM_SI_PJ,0,19793,1,668,20462,35742,7162,Sí
2017,5,COAHUILA,24,PARRAS,PRI_PVEM_SI_PRC,0,19793,1,668,20462,35742,7040,Sí
2017,5,COAHUILA,24,PARRAS,PRI_PVEM_SI_PCP,0,19793,1,668,20462,35742,13077,Sí
2017,5,COAHUILA,24,PARRAS,PRI_PVEM_PJ_PRC,0,19793,1,668,20462,35742,6347,Sí
2017,5,COAHUILA,24,PARRAS,PRI_PVEM_PJ_PCP,0,19793,1,668,20462,35742,12384,Sí
2017,5,COAHUILA,24,PARRAS,PRI_PVEM_PRC_PCP,0,19793,1,668,20462,35742,12262,Sí
2017,5,COAHUILA,24,PARRAS,PRI_NUAL_SI_PJ,0,19793,1,668,20462,35742,4601,Sí
2017,5,COAHUILA,24,PARRAS,PRI_NUAL_SI_PRC,0,19793,1,668,20462,35742,4479,Sí
2017,5,COAHUILA,24,PARRAS,PRI_NUAL_SI_PCP,0,19793,1,668,20462,35742,10516,Sí
2017,5,COAHUILA,24,PARRAS,PRI_NUAL_PJ_PRC,0,19793,1,668,20462,35742,3786,Sí
2017,5,COAHUILA,24,PARRAS,PRI_NUAL_PJ_PCP,0,19793,1,668,20462,35742,9823,Sí
2017,5,COAHUILA,24,PARRAS,PRI_NUAL_PRC_PCP,0,19793,1,668,20462,35742,9701,Sí
2017,5,COAHUILA,24,PARRAS,PRI_SI_PJ_PRC,0,19793,1,668,20462,35742,937,Sí
2017,5,COAHUILA,24,PARRAS,PRI_SI_PJ_PCP,0,19793,1,668,20462,35742,6974,Sí
2017,5,COAHUILA,24,PARRAS,PRI_SI_PRC_PCP,0,19793,1,668,20462,35742,6852,Sí
2017,5,COAHUILA,24,PARRAS,PRI_PJ_PRC_PCP,0,19793,1,668,20462,35742,6159,Sí
2017,5,COAHUILA,24,PARRAS,PVEM_NUAL_SI_PJ,0,19793,1,668,20462,35742,10826,Sí
2017,5,COAHUILA,24,PARRAS,PVEM_NUAL_SI_PRC,0,19793,1,668,20462,35742,10704,Sí
2017,5,COAHUILA,24,PARRAS,PVEM_NUAL_SI_PCP,0,19793,1,668,20462,35742,16741,Sí
2017,5,COAHUILA,24,PARRAS,PVEM_NUAL_PJ_PRC,0,19793,1,668,20462,35742,10011,Sí
2017,5,COAHUILA,24,PARRAS,PVEM_NUAL_PJ_PCP,0,19793,1,668,20462,35742,16048,Sí
2017,5,COAHUILA,24,PARRAS,PVEM_NUAL_PRC_PCP,0,19793,1,668,20462,35742,15926,Sí
2017,5,COAHUILA,24,PARRAS,PVEM_SI_PJ_PRC,0,19793,1,668,20462,35742,7162,Sí
2017,5,COAHUILA,24,PARRAS,PVEM_SI_PJ_PCP,0,19793,1,668,20462,35742,13199,Sí
2017,5,COAHUILA,24,PARRAS,PVEM_SI_PRC_PCP,0,19793,1,668,20462,35742,13077,Sí
2017,5,COAHUILA,24,PARRAS,PVEM_PJ_PRC_PCP,0,19793,1,668,20462,35742,12384,Sí
2017,5,COAHUILA,24,PARRAS,NUAL_SI_PJ_PRC,0,19793,1,668,20462,35742,4601,Sí
2017,5,COAHUILA,24,PARRAS,NUAL_SI_PJ_PCP,0,19793,1,668,20462,35742,10638,Sí
2017,5,COAHUILA,24,PARRAS,NUAL_SI_PRC_PCP,0,19793,1,668,20462,35742,10516,Sí
2017,5,COAHUILA,24,PARRAS,NUAL_PJ_PRC_PCP,0,19793,1,668,20462,35742,9823,Sí
2017,5,COAHUILA,24,PARRAS,SI_PJ_PRC_PCP,0,19793,1,668,20462,35742,6974,Sí
2017,5,COAHUILA,24,PARRAS,PRI_PVEM_NUAL,0,19793,1,668,20462,35742,9889,Sí
2017,5,COAHUILA,24,PARRAS,PRI_PVEM_SI,0,19793,1,668,20462,35742,7040,Sí
2017,5,COAHUILA,24,PARRAS,PRI_PVEM_PJ,0,19793,1,668,20462,35742,6347,Sí
2017,5,COAHUILA,24,PARRAS,PRI_PVEM_PRC,0,19793,1,668,20462,35742,6225,Sí
2017,5,COAHUILA,24,PARRAS,PRI_PVEM_PCP,0,19793,1,668,20462,35742,12262,Sí
2017,5,COAHUILA,24,PARRAS,PRI_NUAL_SI,0,19793,1,668,20462,35742,4479,Sí
2017,5,COAHUILA,24,PARRAS,PRI_NUAL_PJ,0,19793,1,668,20462,35742,3786,Sí
2017,5,COAHUILA,24,PARRAS,PRI_NUAL_PRC,0,19793,1,668,20462,35742,3664,Sí
2017,5,COAHUILA,24,PARRAS,PRI_NUAL_PCP,0,19793,1,668,20462,35742,9701,Sí
2017,5,COAHUILA,24,PARRAS,PRI_SI_PJ,0,19793,1,668,20462,35742,937,Sí
2017,5,COAHUILA,24,PARRAS,PRI_SI_PRC,0,19793,1,668,20462,35742,815,Sí
2017,5,COAHUILA,24,PARRAS,PRI_SI_PCP,0,19793,1,668,20462,35742,6852,Sí
2017,5,COAHUILA,24,PARRAS,PRI_PJ_PRC,0,19793,1,668,20462,35742,122,Sí
2017,5,COAHUILA,24,PARRAS,PRI_PJ_PCP,0,19793,1,668,20462,35742,6159,Sí
2017,5,COAHUILA,24,PARRAS,PRI_PRC_PCP,0,19793,1,668,20462,35742,6037,Sí
2017,5,COAHUILA,24,PARRAS,PVEM_NUAL_SI,0,19793,1,668,20462,35742,10704,Sí
2017,5,COAHUILA,24,PARRAS,PVEM_NUAL_PJ,0,19793,1,668,20462,35742,10011,Sí
2017,5,COAHUILA,24,PARRAS,PVEM_NUAL_PRC,0,19793,1,668,20462,35742,9889,Sí
2017,5,COAHUILA,24,PARRAS,PVEM_NUAL_PCP,0,19793,1,668,20462,35742,15926,Sí
2017,5,COAHUILA,24,PARRAS,PVEM_SI_PJ,0,19793,1,668,20462,35742,7162,Sí
2017,5,COAHUILA,24,PARRAS,PVEM_SI_PRC,0,19793,1,668,20462,35742,7040,Sí
2017,5,COAHUILA,24,PARRAS,PVEM_SI_PCP,0,19793,1,668,20462,35742,13077,Sí
2017,5,COAHUILA,24,PARRAS,PVEM_PJ_PRC,0,19793,1,668,20462,35742,6347,Sí
2017,5,COAHUILA,24,PARRAS,PVEM_PJ_PCP,0,19793,1,668,20462,35742,12384,Sí
2017,5,COAHUILA,24,PARRAS,PVEM_PRC_PCP,0,19793,1,668,20462,35742,12262,Sí
2017,5,COAHUILA,24,PARRAS,NUAL_SI_PJ,0,19793,1,668,20462,35742,4601,Sí
2017,5,COAHUILA,24,PARRAS,NUAL_SI_PRC,0,19793,1,668,20462,35742,4479,Sí
2017,5,COAHUILA,24,PARRAS,NUAL_SI_PCP,0,19793,1,668,20462,35742,10516,Sí
2017,5,COAHUILA,24,PARRAS,NUAL_PJ_PRC,0,19793,1,668,20462,35742,3786,Sí
2017,5,COAHUILA,24,PARRAS,NUAL_PJ_PCP,0,19793,1,668,20462,35742,9823,Sí
2017,5,COAHUILA,24,PARRAS,NUAL_PRC_PCP,0,19793,1,668,20462,35742,9701,Sí
2017,5,COAHUILA,24,PARRAS,SI_PJ_PRC,0,19793,1,668,20462,35742,937,Sí
2017,5,COAHUILA,24,PARRAS,SI_PJ_PCP,0,19793,1,668,20462,35742,6974,Sí
2017,5,COAHUILA,24,PARRAS,SI_PRC_PCP,0,19793,1,668,20462,35742,6852,Sí
2017,5,COAHUILA,24,PARRAS,PJ_PRC_PCP,0,19793,1,668,20462,35742,6159,Sí
2017,5,COAHUILA,24,PARRAS,PRI_PVEM,0,19793,1,668,20462,35742,6225,Sí
2017,5,COAHUILA,24,PARRAS,PRI_NUAL,0,19793,1,668,20462,35742,3664,Sí
2017,5,COAHUILA,24,PARRAS,PRI_SI,0,19793,1,668,20462,35742,815,Sí
2017,5,COAHUILA,24,PARRAS,PRI_PJ,0,19793,1,668,20462,35742,122,Sí
2017,5,COAHUILA,24,PARRAS,PRI_PRC,0,19793,1,668,20462,35742,0,Sí
2017,5,COAHUILA,24,PARRAS,PRI_PCP,0,19793,1,668,20462,35742,6037,Sí
2017,5,COAHUILA,24,PARRAS,PVEM_NUAL,0,19793,1,668,20462,35742,9889,Sí
2017,5,COAHUILA,24,PARRAS,PVEM_SI,0,19793,1,668,20462,35742,7040,Sí
2017,5,COAHUILA,24,PARRAS,PVEM_PJ,0,19793,1,668,20462,35742,6347,Sí
2017,5,COAHUILA,24,PARRAS,PVEM_PRC,0,19793,1,668,20462,35742,6225,Sí
2017,5,COAHUILA,24,PARRAS,PVEM_PCP,0,19793,1,668,20462,35742,12262,Sí
2017,5,COAHUILA,24,PARRAS,NUAL_SI,0,19793,1,668,20462,35742,4479,Sí
2017,5,COAHUILA,24,PARRAS,NUAL_PJ,0,19793,1,668,20462,35742,3786,Sí
2017,5,COAHUILA,24,PARRAS,NUAL_PRC,0,19793,1,668,20462,35742,3664,Sí
2017,5,COAHUILA,24,PARRAS,NUAL_PCP,0,19793,1,668,20462,35742,9701,Sí
2017,5,COAHUILA,24,PARRAS,SI_PJ,0,19793,1,668,20462,35742,937,Sí
2017,5,COAHUILA,24,PARRAS,SI_PRC,0,19793,1,668,20462,35742,815,Sí
2017,5,COAHUILA,24,PARRAS,SI_PCP,0,19793,1,668,20462,35742,6852,Sí
2017,5,COAHUILA,24,PARRAS,PJ_PRC,0,19793,1,668,20462,35742,122,Sí
2017,5,COAHUILA,24,PARRAS,PJ_PCP,0,19793,1,668,20462,35742,6159,Sí
2017,5,COAHUILA,24,PARRAS,PRC_PCP,0,19793,1,668,20462,35742,6037,Sí
2017,5,COAHUILA,25,PIEDRAS NEGRAS,PAN,16015,64538,31,983,65552,128598,16015,No
2017,5,COAHUILA,25,PIEDRAS NEGRAS,PRI,22502,64538,31,983,65552,128598,22502,No
2017,5,COAHUILA,25,PIEDRAS NEGRAS,PRD,678,64538,31,983,65552,128598,678,No
2017,5,COAHUILA,25,PIEDRAS NEGRAS,PT,670,64538,31,983,65552,128598,670,No
2017,5,COAHUILA,25,PIEDRAS NEGRAS,PVEM,677,64538,31,983,65552,128598,677,No
2017,5,COAHUILA,25,PIEDRAS NEGRAS,UDC,368,64538,31,983,65552,128598,368,No
2017,5,COAHUILA,25,PIEDRAS NEGRAS,MC,322,64538,31,983,65552,128598,322,No
2017,5,COAHUILA,25,PIEDRAS NEGRAS,NUAL,564,64538,31,983,65552,128598,564,No
2017,5,COAHUILA,25,PIEDRAS NEGRAS,SI,146,64538,31,983,65552,128598,146,No
2017,5,COAHUILA,25,PIEDRAS NEGRAS,PPC,116,64538,31,983,65552,128598,116,No
2017,5,COAHUILA,25,PIEDRAS NEGRAS,PJ,230,64538,31,983,65552,128598,230,No
2017,5,COAHUILA,25,PIEDRAS NEGRAS,PRC,77,64538,31,983,65552,128598,77,No
2017,5,COAHUILA,25,PIEDRAS NEGRAS,PCP,55,64538,31,983,65552,128598,55,No
2017,5,COAHUILA,25,PIEDRAS NEGRAS,MORENA,2710,64538,31,983,65552,128598,2710,No
2017,5,COAHUILA,25,PIEDRAS NEGRAS,ES,287,64538,31,983,65552,128598,287,No
2017,5,COAHUILA,25,PIEDRAS NEGRAS,PAN_UDC_PPC_ES,88,64538,31,983,65552,128598,16874,Sí
2017,5,COAHUILA,25,PIEDRAS NEGRAS,PAN_UDC_PPC,5,64538,31,983,65552,128598,16504,Sí
2017,5,COAHUILA,25,PIEDRAS NEGRAS,PAN_UDC_ES,14,64538,31,983,65552,128598,16684,Sí
2017,5,COAHUILA,25,PIEDRAS NEGRAS,PAN_PPC_ES,8,64538,31,983,65552,128598,16426,Sí
2017,5,COAHUILA,25,PIEDRAS NEGRAS,UDC_PPC_ES,1,64538,31,983,65552,128598,772,Sí
2017,5,COAHUILA,25,PIEDRAS NEGRAS,PAN_UDC,40,64538,31,983,65552,128598,16423,Sí
2017,5,COAHUILA,25,PIEDRAS NEGRAS,PAN_PPC,10,64538,31,983,65552,128598,16141,Sí
2017,5,COAHUILA,25,PIEDRAS NEGRAS,PAN_ES,25,64538,31,983,65552,128598,16327,Sí
2017,5,COAHUILA,25,PIEDRAS NEGRAS,UDC_PPC,2,64538,31,983,65552,128598,486,Sí
2017,5,COAHUILA,25,PIEDRAS NEGRAS,UDC_ES,2,64538,31,983,65552,128598,657,Sí
2017,5,COAHUILA,25,PIEDRAS NEGRAS,PPC_ES,3,64538,31,983,65552,128598,406,Sí
2017,5,COAHUILA,25,PIEDRAS NEGRAS,PRI_PVEM_NUAL_SI_PJ_PRC_PCP,29,64538,31,983,65552,128598,24280,Sí
2017,5,COAHUILA,25,PIEDRAS NEGRAS,PRI_PVEM_NUAL_SI_PJ_PRC,6,64538,31,983,65552,128598,24202,Sí
2017,5,COAHUILA,25,PIEDRAS NEGRAS,PRI_PVEM_NUAL_SI_PJ_PCP,2,64538,31,983,65552,128598,24176,Sí
2017,5,COAHUILA,25,PIEDRAS NEGRAS,PRI_PVEM_NUAL_SI_PRC_PCP,0,64538,31,983,65552,128598,24021,Sí
2017,5,COAHUILA,25,PIEDRAS NEGRAS,PRI_PVEM_NUAL_PJ_PRC_PCP,2,64538,31,983,65552,128598,24107,Sí
2017,5,COAHUILA,25,PIEDRAS NEGRAS,PRI_PVEM_SI_PJ_PRC_PCP,2,64538,31,983,65552,128598,23689,Sí
2017,5,COAHUILA,25,PIEDRAS NEGRAS,PRI_NUAL_SI_PJ_PRC_PCP,4,64538,31,983,65552,128598,23578,Sí
2017,5,COAHUILA,25,PIEDRAS NEGRAS,PVEM_NUAL_SI_PJ_PRC_PCP,1,64538,31,983,65552,128598,1750,Sí
2017,5,COAHUILA,25,PIEDRAS NEGRAS,PRI_PVEM_NUAL_SI_PJ,1,64538,31,983,65552,128598,24120,Sí
2017,5,COAHUILA,25,PIEDRAS NEGRAS,PRI_PVEM_NUAL_SI_PRC,0,64538,31,983,65552,128598,23966,Sí
2017,5,COAHUILA,25,PIEDRAS NEGRAS,PRI_PVEM_NUAL_SI_PCP,0,64538,31,983,65552,128598,23944,Sí
2017,5,COAHUILA,25,PIEDRAS NEGRAS,PRI_PVEM_NUAL_PJ_PRC,0,64538,31,983,65552,128598,24050,Sí
2017,5,COAHUILA,25,PIEDRAS NEGRAS,PRI_PVEM_NUAL_PJ_PCP,0,64538,31,983,65552,128598,24028,Sí
2017,5,COAHUILA,25,PIEDRAS NEGRAS,PRI_PVEM_NUAL_PRC_PCP,0,64538,31,983,65552,128598,23875,Sí
2017,5,COAHUILA,25,PIEDRAS NEGRAS,PRI_PVEM_SI_PJ_PRC,0,64538,31,983,65552,128598,23632,Sí
2017,5,COAHUILA,25,PIEDRAS NEGRAS,PRI_PVEM_SI_PJ_PCP,3,64538,31,983,65552,128598,23613,Sí
2017,5,COAHUILA,25,PIEDRAS NEGRAS,PRI_PVEM_SI_PRC_PCP,0,64538,31,983,65552,128598,23457,Sí
2017,5,COAHUILA,25,PIEDRAS NEGRAS,PRI_PVEM_PJ_PRC_PCP,0,64538,31,983,65552,128598,23541,Sí
2017,5,COAHUILA,25,PIEDRAS NEGRAS,PRI_NUAL_SI_PJ_PRC,0,64538,31,983,65552,128598,23519,Sí
2017,5,COAHUILA,25,PIEDRAS NEGRAS,PRI_NUAL_SI_PJ_PCP,0,64538,31,983,65552,128598,23497,Sí
2017,5,COAHUILA,25,PIEDRAS NEGRAS,PRI_NUAL_SI_PRC_PCP,1,64538,31,983,65552,128598,23345,Sí
2017,5,COAHUILA,25,PIEDRAS NEGRAS,PRI_NUAL_PJ_PRC_PCP,0,64538,31,983,65552,128598,23428,Sí
2017,5,COAHUILA,25,PIEDRAS NEGRAS,PRI_SI_PJ_PRC_PCP,2,64538,31,983,65552,128598,23012,Sí
2017,5,COAHUILA,25,PIEDRAS NEGRAS,PVEM_NUAL_SI_PJ_PRC,0,64538,31,983,65552,128598,1694,Sí
2017,5,COAHUILA,25,PIEDRAS NEGRAS,PVEM_NUAL_SI_PJ_PCP,0,64538,31,983,65552,128598,1672,Sí
2017,5,COAHUILA,25,PIEDRAS NEGRAS,PVEM_NUAL_SI_PRC_PCP,0,64538,31,983,65552,128598,1519,Sí
2017,5,COAHUILA,25,PIEDRAS NEGRAS,PVEM_NUAL_PJ_PRC_PCP,0,64538,31,983,65552,128598,1603,Sí
2017,5,COAHUILA,25,PIEDRAS NEGRAS,PVEM_SI_PJ_PRC_PCP,0,64538,31,983,65552,128598,1185,Sí
2017,5,COAHUILA,25,PIEDRAS NEGRAS,NUAL_SI_PJ_PRC_PCP,0,64538,31,983,65552,128598,1072,Sí
2017,5,COAHUILA,25,PIEDRAS NEGRAS,PRI_PVEM_NUAL_SI,1,64538,31,983,65552,128598,23890,Sí
2017,5,COAHUILA,25,PIEDRAS NEGRAS,PRI_PVEM_NUAL_PJ,1,64538,31,983,65552,128598,23974,Sí
2017,5,COAHUILA,25,PIEDRAS NEGRAS,PRI_PVEM_NUAL_PRC,0,64538,31,983,65552,128598,23820,Sí
2017,5,COAHUILA,25,PIEDRAS NEGRAS,PRI_PVEM_NUAL_PCP,1,64538,31,983,65552,128598,23799,Sí
2017,5,COAHUILA,25,PIEDRAS NEGRAS,PRI_PVEM_SI_PJ,0,64538,31,983,65552,128598,23555,Sí
2017,5,COAHUILA,25,PIEDRAS NEGRAS,PRI_PVEM_SI_PRC,1,64538,31,983,65552,128598,23403,Sí
2017,5,COAHUILA,25,PIEDRAS NEGRAS,PRI_PVEM_SI_PCP,0,64538,31,983,65552,128598,23380,Sí
2017,5,COAHUILA,25,PIEDRAS NEGRAS,PRI_PVEM_PJ_PRC,0,64538,31,983,65552,128598,23486,Sí
2017,5,COAHUILA,25,PIEDRAS NEGRAS,PRI_PVEM_PJ_PCP,1,64538,31,983,65552,128598,23465,Sí
2017,5,COAHUILA,25,PIEDRAS NEGRAS,PRI_PVEM_PRC_PCP,0,64538,31,983,65552,128598,23311,Sí
2017,5,COAHUILA,25,PIEDRAS NEGRAS,PRI_NUAL_SI_PJ,0,64538,31,983,65552,128598,23442,Sí
2017,5,COAHUILA,25,PIEDRAS NEGRAS,PRI_NUAL_SI_PRC,1,64538,31,983,65552,128598,23290,Sí
2017,5,COAHUILA,25,PIEDRAS NEGRAS,PRI_NUAL_SI_PCP,0,64538,31,983,65552,128598,23267,Sí
2017,5,COAHUILA,25,PIEDRAS NEGRAS,PRI_NUAL_PJ_PRC,0,64538,31,983,65552,128598,23373,Sí
2017,5,COAHUILA,25,PIEDRAS NEGRAS,PRI_NUAL_PJ_PCP,0,64538,31,983,65552,128598,23351,Sí
2017,5,COAHUILA,25,PIEDRAS NEGRAS,PRI_NUAL_PRC_PCP,0,64538,31,983,65552,128598,23198,Sí
2017,5,COAHUILA,25,PIEDRAS NEGRAS,PRI_SI_PJ_PRC,0,64538,31,983,65552,128598,22955,Sí
2017,5,COAHUILA,25,PIEDRAS NEGRAS,PRI_SI_PJ_PCP,1,64538,31,983,65552,128598,22934,Sí
2017,5,COAHUILA,25,PIEDRAS NEGRAS,PRI_SI_PRC_PCP,0,64538,31,983,65552,128598,22780,Sí
2017,5,COAHUILA,25,PIEDRAS NEGRAS,PRI_PJ_PRC_PCP,0,64538,31,983,65552,128598,22864,Sí
2017,5,COAHUILA,25,PIEDRAS NEGRAS,PVEM_NUAL_SI_PJ,0,64538,31,983,65552,128598,1617,Sí
2017,5,COAHUILA,25,PIEDRAS NEGRAS,PVEM_NUAL_SI_PRC,0,64538,31,983,65552,128598,1464,Sí
2017,5,COAHUILA,25,PIEDRAS NEGRAS,PVEM_NUAL_SI_PCP,0,64538,31,983,65552,128598,1442,Sí
2017,5,COAHUILA,25,PIEDRAS NEGRAS,PVEM_NUAL_PJ_PRC,0,64538,31,983,65552,128598,1548,Sí
2017,5,COAHUILA,25,PIEDRAS NEGRAS,PVEM_NUAL_PJ_PCP,0,64538,31,983,65552,128598,1526,Sí
2017,5,COAHUILA,25,PIEDRAS NEGRAS,PVEM_NUAL_PRC_PCP,0,64538,31,983,65552,128598,1373,Sí
2017,5,COAHUILA,25,PIEDRAS NEGRAS,PVEM_SI_PJ_PRC,0,64538,31,983,65552,128598,1130,Sí
2017,5,COAHUILA,25,PIEDRAS NEGRAS,PVEM_SI_PJ_PCP,1,64538,31,983,65552,128598,1109,Sí
2017,5,COAHUILA,25,PIEDRAS NEGRAS,PVEM_SI_PRC_PCP,0,64538,31,983,65552,128598,955,Sí
2017,5,COAHUILA,25,PIEDRAS NEGRAS,PVEM_PJ_PRC_PCP,0,64538,31,983,65552,128598,1039,Sí
2017,5,COAHUILA,25,PIEDRAS NEGRAS,NUAL_SI_PJ_PRC,0,64538,31,983,65552,128598,1017,Sí
2017,5,COAHUILA,25,PIEDRAS NEGRAS,NUAL_SI_PJ_PCP,0,64538,31,983,65552,128598,995,Sí
2017,5,COAHUILA,25,PIEDRAS NEGRAS,NUAL_SI_PRC_PCP,0,64538,31,983,65552,128598,842,Sí
2017,5,COAHUILA,25,PIEDRAS NEGRAS,NUAL_PJ_PRC_PCP,0,64538,31,983,65552,128598,926,Sí
2017,5,COAHUILA,25,PIEDRAS NEGRAS,SI_PJ_PRC_PCP,0,64538,31,983,65552,128598,508,Sí
2017,5,COAHUILA,25,PIEDRAS NEGRAS,PRI_PVEM_NUAL,8,64538,31,983,65552,128598,23751,Sí
2017,5,COAHUILA,25,PIEDRAS NEGRAS,PRI_PVEM_SI,5,64538,31,983,65552,128598,23330,Sí
2017,5,COAHUILA,25,PIEDRAS NEGRAS,PRI_PVEM_PJ,3,64538,31,983,65552,128598,23412,Sí
2017,5,COAHUILA,25,PIEDRAS NEGRAS,PRI_PVEM_PRC,1,64538,31,983,65552,128598,23257,Sí
2017,5,COAHUILA,25,PIEDRAS NEGRAS,PRI_PVEM_PCP,0,64538,31,983,65552,128598,23234,Sí
2017,5,COAHUILA,25,PIEDRAS NEGRAS,PRI_NUAL_SI,1,64538,31,983,65552,128598,23213,Sí
2017,5,COAHUILA,25,PIEDRAS NEGRAS,PRI_NUAL_PJ,2,64538,31,983,65552,128598,23298,Sí
2017,5,COAHUILA,25,PIEDRAS NEGRAS,PRI_NUAL_PRC,3,64538,31,983,65552,128598,23146,Sí
2017,5,COAHUILA,25,PIEDRAS NEGRAS,PRI_NUAL_PCP,1,64538,31,983,65552,128598,23122,Sí
2017,5,COAHUILA,25,PIEDRAS NEGRAS,PRI_SI_PJ,1,64538,31,983,65552,128598,22879,Sí
2017,5,COAHUILA,25,PIEDRAS NEGRAS,PRI_SI_PRC,1,64538,31,983,65552,128598,22726,Sí
2017,5,COAHUILA,25,PIEDRAS NEGRAS,PRI_SI_PCP,1,64538,31,983,65552,128598,22704,Sí
2017,5,COAHUILA,25,PIEDRAS NEGRAS,PRI_PJ_PRC,1,64538,31,983,65552,128598,22810,Sí
2017,5,COAHUILA,25,PIEDRAS NEGRAS,PRI_PJ_PCP,0,64538,31,983,65552,128598,22787,Sí
2017,5,COAHUILA,25,PIEDRAS NEGRAS,PRI_PRC_PCP,1,64538,31,983,65552,128598,22635,Sí
2017,5,COAHUILA,25,PIEDRAS NEGRAS,PVEM_NUAL_SI,0,64538,31,983,65552,128598,1387,Sí
2017,5,COAHUILA,25,PIEDRAS NEGRAS,PVEM_NUAL_PJ,0,64538,31,983,65552,128598,1471,Sí
2017,5,COAHUILA,25,PIEDRAS NEGRAS,PVEM_NUAL_PRC,1,64538,31,983,65552,128598,1319,Sí
2017,5,COAHUILA,25,PIEDRAS NEGRAS,PVEM_NUAL_PCP,0,64538,31,983,65552,128598,1296,Sí
2017,5,COAHUILA,25,PIEDRAS NEGRAS,PVEM_SI_PJ,0,64538,31,983,65552,128598,1053,Sí
2017,5,COAHUILA,25,PIEDRAS NEGRAS,PVEM_SI_PRC,0,64538,31,983,65552,128598,900,Sí
2017,5,COAHUILA,25,PIEDRAS NEGRAS,PVEM_SI_PCP,0,64538,31,983,65552,128598,878,Sí
2017,5,COAHUILA,25,PIEDRAS NEGRAS,PVEM_PJ_PRC,0,64538,31,983,65552,128598,984,Sí
2017,5,COAHUILA,25,PIEDRAS NEGRAS,PVEM_PJ_PCP,0,64538,31,983,65552,128598,962,Sí
2017,5,COAHUILA,25,PIEDRAS NEGRAS,PVEM_PRC_PCP,0,64538,31,983,65552,128598,809,Sí
2017,5,COAHUILA,25,PIEDRAS NEGRAS,NUAL_SI_PJ,1,64538,31,983,65552,128598,941,Sí
2017,5,COAHUILA,25,PIEDRAS NEGRAS,NUAL_SI_PRC,0,64538,31,983,65552,128598,787,Sí
2017,5,COAHUILA,25,PIEDRAS NEGRAS,NUAL_SI_PCP,0,64538,31,983,65552,128598,765,Sí
2017,5,COAHUILA,25,PIEDRAS NEGRAS,NUAL_PJ_PRC,0,64538,31,983,65552,128598,871,Sí
2017,5,COAHUILA,25,PIEDRAS NEGRAS,NUAL_PJ_PCP,0,64538,31,983,65552,128598,849,Sí
2017,5,COAHUILA,25,PIEDRAS NEGRAS,NUAL_PRC_PCP,0,64538,31,983,65552,128598,696,Sí
2017,5,COAHUILA,25,PIEDRAS NEGRAS,SI_PJ_PRC,0,64538,31,983,65552,128598,453,Sí
2017,5,COAHUILA,25,PIEDRAS NEGRAS,SI_PJ_PCP,1,64538,31,983,65552,128598,432,Sí
2017,5,COAHUILA,25,PIEDRAS NEGRAS,SI_PRC_PCP,0,64538,31,983,65552,128598,278,Sí
2017,5,COAHUILA,25,PIEDRAS NEGRAS,PJ_PRC_PCP,0,64538,31,983,65552,128598,362,Sí
2017,5,COAHUILA,25,PIEDRAS NEGRAS,PRI_PVEM,45,64538,31,983,65552,128598,23224,Sí
2017,5,COAHUILA,25,PIEDRAS NEGRAS,PRI_NUAL,32,64538,31,983,65552,128598,23098,Sí
2017,5,COAHUILA,25,PIEDRAS NEGRAS,PRI_SI,14,64538,31,983,65552,128598,22662,Sí
2017,5,COAHUILA,25,PIEDRAS NEGRAS,PRI_PJ,15,64538,31,983,65552,128598,22747,Sí
2017,5,COAHUILA,25,PIEDRAS NEGRAS,PRI_PRC,10,64538,31,983,65552,128598,22589,Sí
2017,5,COAHUILA,25,PIEDRAS NEGRAS,PRI_PCP,4,64538,31,983,65552,128598,22561,Sí
2017,5,COAHUILA,25,PIEDRAS NEGRAS,PVEM_NUAL,2,64538,31,983,65552,128598,1243,Sí
2017,5,COAHUILA,25,PIEDRAS NEGRAS,PVEM_SI,0,64538,31,983,65552,128598,823,Sí
2017,5,COAHUILA,25,PIEDRAS NEGRAS,PVEM_PJ,1,64538,31,983,65552,128598,908,Sí
2017,5,COAHUILA,25,PIEDRAS NEGRAS,PVEM_PRC,0,64538,31,983,65552,128598,754,Sí
2017,5,COAHUILA,25,PIEDRAS NEGRAS,PVEM_PCP,2,64538,31,983,65552,128598,734,Sí
2017,5,COAHUILA,25,PIEDRAS NEGRAS,NUAL_SI,0,64538,31,983,65552,128598,710,Sí
2017,5,COAHUILA,25,PIEDRAS NEGRAS,NUAL_PJ,1,64538,31,983,65552,128598,795,Sí
2017,5,COAHUILA,25,PIEDRAS NEGRAS,NUAL_PRC,2,64538,31,983,65552,128598,643,Sí
2017,5,COAHUILA,25,PIEDRAS NEGRAS,NUAL_PCP,0,64538,31,983,65552,128598,619,Sí
2017,5,COAHUILA,25,PIEDRAS NEGRAS,SI_PJ,1,64538,31,983,65552,128598,377,Sí
2017,5,COAHUILA,25,PIEDRAS NEGRAS,SI_PRC,0,64538,31,983,65552,128598,223,Sí
2017,5,COAHUILA,25,PIEDRAS NEGRAS,SI_PCP,0,64538,31,983,65552,128598,201,Sí
2017,5,COAHUILA,25,PIEDRAS NEGRAS,PJ_PRC,2,64538,31,983,65552,128598,309,Sí
2017,5,COAHUILA,25,PIEDRAS NEGRAS,PJ_PCP,1,64538,31,983,65552,128598,286,Sí
2017,5,COAHUILA,25,PIEDRAS NEGRAS,PRC_PCP,0,64538,31,983,65552,128598,132,Sí
2017,5,COAHUILA,25,PIEDRAS NEGRAS,Candidatura Independiente,18698,64538,31,983,65552,128598,18698,No
2017,5,COAHUILA,26,PROGRESO,PAN,126,2031,0,30,2061,3017,126,No
2017,5,COAHUILA,26,PROGRESO,PRI,1025,2031,0,30,2061,3017,1025,No
2017,5,COAHUILA,26,PROGRESO,PRD,177,2031,0,30,2061,3017,177,No
2017,5,COAHUILA,26,PROGRESO,PT,0,2031,0,30,2061,3017,0,No
2017,5,COAHUILA,26,PROGRESO,PVEM,2,2031,0,30,2061,3017,2,No
2017,5,COAHUILA,26,PROGRESO,UDC,4,2031,0,30,2061,3017,4,No
2017,5,COAHUILA,26,PROGRESO,MC,0,2031,0,30,2061,3017,0,No
2017,5,COAHUILA,26,PROGRESO,NUAL,20,2031,0,30,2061,3017,20,No
2017,5,COAHUILA,26,PROGRESO,SI,11,2031,0,30,2061,3017,11,No
2017,5,COAHUILA,26,PROGRESO,PPC,0,2031,0,30,2061,3017,0,No
2017,5,COAHUILA,26,PROGRESO,PJ,3,2031,0,30,2061,3017,3,No
2017,5,COAHUILA,26,PROGRESO,PRC,1,2031,0,30,2061,3017,1,No
2017,5,COAHUILA,26,PROGRESO,PCP,1,2031,0,30,2061,3017,1,No
2017,5,COAHUILA,26,PROGRESO,MORENA,631,2031,0,30,2061,3017,631,No
2017,5,COAHUILA,26,PROGRESO,ES,21,2031,0,30,2061,3017,21,No
2017,5,COAHUILA,26,PROGRESO,PAN_UDC_PPC_ES,0,2031,0,30,2061,3017,151,Sí
2017,5,COAHUILA,26,PROGRESO,PAN_UDC_PPC,0,2031,0,30,2061,3017,130,Sí
2017,5,COAHUILA,26,PROGRESO,PAN_UDC_ES,0,2031,0,30,2061,3017,151,Sí
2017,5,COAHUILA,26,PROGRESO,PAN_PPC_ES,0,2031,0,30,2061,3017,147,Sí
2017,5,COAHUILA,26,PROGRESO,UDC_PPC_ES,0,2031,0,30,2061,3017,25,Sí
2017,5,COAHUILA,26,PROGRESO,PAN_UDC,0,2031,0,30,2061,3017,130,Sí
2017,5,COAHUILA,26,PROGRESO,PAN_PPC,0,2031,0,30,2061,3017,126,Sí
2017,5,COAHUILA,26,PROGRESO,PAN_ES,1,2031,0,30,2061,3017,148,Sí
2017,5,COAHUILA,26,PROGRESO,UDC_PPC,0,2031,0,30,2061,3017,4,Sí
2017,5,COAHUILA,26,PROGRESO,UDC_ES,0,2031,0,30,2061,3017,25,Sí
2017,5,COAHUILA,26,PROGRESO,PPC_ES,0,2031,0,30,2061,3017,21,Sí
2017,5,COAHUILA,26,PROGRESO,PRI_PVEM_NUAL_SI_PJ_PRC_PCP,1,2031,0,30,2061,3017,1064,Sí
2017,5,COAHUILA,26,PROGRESO,PRI_PVEM_NUAL_SI_PJ_PRC,0,2031,0,30,2061,3017,1062,Sí
2017,5,COAHUILA,26,PROGRESO,PRI_PVEM_NUAL_SI_PJ_PCP,0,2031,0,30,2061,3017,1062,Sí
2017,5,COAHUILA,26,PROGRESO,PRI_PVEM_NUAL_SI_PRC_PCP,0,2031,0,30,2061,3017,1060,Sí
2017,5,COAHUILA,26,PROGRESO,PRI_PVEM_NUAL_PJ_PRC_PCP,0,2031,0,30,2061,3017,1052,Sí
2017,5,COAHUILA,26,PROGRESO,PRI_PVEM_SI_PJ_PRC_PCP,0,2031,0,30,2061,3017,1043,Sí
2017,5,COAHUILA,26,PROGRESO,PRI_NUAL_SI_PJ_PRC_PCP,0,2031,0,30,2061,3017,1061,Sí
2017,5,COAHUILA,26,PROGRESO,PVEM_NUAL_SI_PJ_PRC_PCP,0,2031,0,30,2061,3017,38,Sí
2017,5,COAHUILA,26,PROGRESO,PRI_PVEM_NUAL_SI_PJ,0,2031,0,30,2061,3017,1061,Sí
2017,5,COAHUILA,26,PROGRESO,PRI_PVEM_NUAL_SI_PRC,0,2031,0,30,2061,3017,1059,Sí
2017,5,COAHUILA,26,PROGRESO,PRI_PVEM_NUAL_SI_PCP,0,2031,0,30,2061,3017,1059,Sí
2017,5,COAHUILA,26,PROGRESO,PRI_PVEM_NUAL_PJ_PRC,0,2031,0,30,2061,3017,1051,Sí
2017,5,COAHUILA,26,PROGRESO,PRI_PVEM_NUAL_PJ_PCP,0,2031,0,30,2061,3017,1051,Sí
2017,5,COAHUILA,26,PROGRESO,PRI_PVEM_NUAL_PRC_PCP,0,2031,0,30,2061,3017,1049,Sí
2017,5,COAHUILA,26,PROGRESO,PRI_PVEM_SI_PJ_PRC,0,2031,0,30,2061,3017,1042,Sí
2017,5,COAHUILA,26,PROGRESO,PRI_PVEM_SI_PJ_PCP,0,2031,0,30,2061,3017,1042,Sí
2017,5,COAHUILA,26,PROGRESO,PRI_PVEM_SI_PRC_PCP,0,2031,0,30,2061,3017,1040,Sí
2017,5,COAHUILA,26,PROGRESO,PRI_PVEM_PJ_PRC_PCP,0,2031,0,30,2061,3017,1032,Sí
2017,5,COAHUILA,26,PROGRESO,PRI_NUAL_SI_PJ_PRC,0,2031,0,30,2061,3017,1060,Sí
2017,5,COAHUILA,26,PROGRESO,PRI_NUAL_SI_PJ_PCP,0,2031,0,30,2061,3017,1060,Sí
2017,5,COAHUILA,26,PROGRESO,PRI_NUAL_SI_PRC_PCP,0,2031,0,30,2061,3017,1058,Sí
2017,5,COAHUILA,26,PROGRESO,PRI_NUAL_PJ_PRC_PCP,0,2031,0,30,2061,3017,1050,Sí
2017,5,COAHUILA,26,PROGRESO,PRI_SI_PJ_PRC_PCP,0,2031,0,30,2061,3017,1041,Sí
2017,5,COAHUILA,26,PROGRESO,PVEM_NUAL_SI_PJ_PRC,0,2031,0,30,2061,3017,37,Sí
2017,5,COAHUILA,26,PROGRESO,PVEM_NUAL_SI_PJ_PCP,0,2031,0,30,2061,3017,37,Sí
2017,5,COAHUILA,26,PROGRESO,PVEM_NUAL_SI_PRC_PCP,0,2031,0,30,2061,3017,35,Sí
2017,5,COAHUILA,26,PROGRESO,PVEM_NUAL_PJ_PRC_PCP,0,2031,0,30,2061,3017,27,Sí
2017,5,COAHUILA,26,PROGRESO,PVEM_SI_PJ_PRC_PCP,0,2031,0,30,2061,3017,18,Sí
2017,5,COAHUILA,26,PROGRESO,NUAL_SI_PJ_PRC_PCP,0,2031,0,30,2061,3017,36,Sí
2017,5,COAHUILA,26,PROGRESO,PRI_PVEM_NUAL_SI,0,2031,0,30,2061,3017,1058,Sí
2017,5,COAHUILA,26,PROGRESO,PRI_PVEM_NUAL_PJ,0,2031,0,30,2061,3017,1050,Sí
2017,5,COAHUILA,26,PROGRESO,PRI_PVEM_NUAL_PRC,0,2031,0,30,2061,3017,1048,Sí
2017,5,COAHUILA,26,PROGRESO,PRI_PVEM_NUAL_PCP,0,2031,0,30,2061,3017,1048,Sí
2017,5,COAHUILA,26,PROGRESO,PRI_PVEM_SI_PJ,0,2031,0,30,2061,3017,1041,Sí
2017,5,COAHUILA,26,PROGRESO,PRI_PVEM_SI_PRC,0,2031,0,30,2061,3017,1039,Sí
2017,5,COAHUILA,26,PROGRESO,PRI_PVEM_SI_PCP,0,2031,0,30,2061,3017,1039,Sí
2017,5,COAHUILA,26,PROGRESO,PRI_PVEM_PJ_PRC,0,2031,0,30,2061,3017,1031,Sí
2017,5,COAHUILA,26,PROGRESO,PRI_PVEM_PJ_PCP,0,2031,0,30,2061,3017,1031,Sí
2017,5,COAHUILA,26,PROGRESO,PRI_PVEM_PRC_PCP,0,2031,0,30,2061,3017,1029,Sí
2017,5,COAHUILA,26,PROGRESO,PRI_NUAL_SI_PJ,0,2031,0,30,2061,3017,1059,Sí
2017,5,COAHUILA,26,PROGRESO,PRI_NUAL_SI_PRC,0,2031,0,30,2061,3017,1057,Sí
2017,5,COAHUILA,26,PROGRESO,PRI_NUAL_SI_PCP,0,2031,0,30,2061,3017,1057,Sí
2017,5,COAHUILA,26,PROGRESO,PRI_NUAL_PJ_PRC,0,2031,0,30,2061,3017,1049,Sí
2017,5,COAHUILA,26,PROGRESO,PRI_NUAL_PJ_PCP,0,2031,0,30,2061,3017,1049,Sí
2017,5,COAHUILA,26,PROGRESO,PRI_NUAL_PRC_PCP,0,2031,0,30,2061,3017,1047,Sí
2017,5,COAHUILA,26,PROGRESO,PRI_SI_PJ_PRC,0,2031,0,30,2061,3017,1040,Sí
2017,5,COAHUILA,26,PROGRESO,PRI_SI_PJ_PCP,0,2031,0,30,2061,3017,1040,Sí
2017,5,COAHUILA,26,PROGRESO,PRI_SI_PRC_PCP,0,2031,0,30,2061,3017,1038,Sí
2017,5,COAHUILA,26,PROGRESO,PRI_PJ_PRC_PCP,0,2031,0,30,2061,3017,1030,Sí
2017,5,COAHUILA,26,PROGRESO,PVEM_NUAL_SI_PJ,0,2031,0,30,2061,3017,36,Sí
2017,5,COAHUILA,26,PROGRESO,PVEM_NUAL_SI_PRC,0,2031,0,30,2061,3017,34,Sí
2017,5,COAHUILA,26,PROGRESO,PVEM_NUAL_SI_PCP,0,2031,0,30,2061,3017,34,Sí
2017,5,COAHUILA,26,PROGRESO,PVEM_NUAL_PJ_PRC,0,2031,0,30,2061,3017,26,Sí
2017,5,COAHUILA,26,PROGRESO,PVEM_NUAL_PJ_PCP,0,2031,0,30,2061,3017,26,Sí
2017,5,COAHUILA,26,PROGRESO,PVEM_NUAL_PRC_PCP,0,2031,0,30,2061,3017,24,Sí
2017,5,COAHUILA,26,PROGRESO,PVEM_SI_PJ_PRC,0,2031,0,30,2061,3017,17,Sí
2017,5,COAHUILA,26,PROGRESO,PVEM_SI_PJ_PCP,0,2031,0,30,2061,3017,17,Sí
2017,5,COAHUILA,26,PROGRESO,PVEM_SI_PRC_PCP,0,2031,0,30,2061,3017,15,Sí
2017,5,COAHUILA,26,PROGRESO,PVEM_PJ_PRC_PCP,0,2031,0,30,2061,3017,7,Sí
2017,5,COAHUILA,26,PROGRESO,NUAL_SI_PJ_PRC,0,2031,0,30,2061,3017,35,Sí
2017,5,COAHUILA,26,PROGRESO,NUAL_SI_PJ_PCP,0,2031,0,30,2061,3017,35,Sí
2017,5,COAHUILA,26,PROGRESO,NUAL_SI_PRC_PCP,0,2031,0,30,2061,3017,33,Sí
2017,5,COAHUILA,26,PROGRESO,NUAL_PJ_PRC_PCP,0,2031,0,30,2061,3017,25,Sí
2017,5,COAHUILA,26,PROGRESO,SI_PJ_PRC_PCP,0,2031,0,30,2061,3017,16,Sí
2017,5,COAHUILA,26,PROGRESO,PRI_PVEM_NUAL,0,2031,0,30,2061,3017,1047,Sí
2017,5,COAHUILA,26,PROGRESO,PRI_PVEM_SI,1,2031,0,30,2061,3017,1039,Sí
2017,5,COAHUILA,26,PROGRESO,PRI_PVEM_PJ,0,2031,0,30,2061,3017,1030,Sí
2017,5,COAHUILA,26,PROGRESO,PRI_PVEM_PRC,0,2031,0,30,2061,3017,1028,Sí
2017,5,COAHUILA,26,PROGRESO,PRI_PVEM_PCP,0,2031,0,30,2061,3017,1028,Sí
2017,5,COAHUILA,26,PROGRESO,PRI_NUAL_SI,0,2031,0,30,2061,3017,1056,Sí
2017,5,COAHUILA,26,PROGRESO,PRI_NUAL_PJ,0,2031,0,30,2061,3017,1048,Sí
2017,5,COAHUILA,26,PROGRESO,PRI_NUAL_PRC,0,2031,0,30,2061,3017,1046,Sí
2017,5,COAHUILA,26,PROGRESO,PRI_NUAL_PCP,0,2031,0,30,2061,3017,1046,Sí
2017,5,COAHUILA,26,PROGRESO,PRI_SI_PJ,0,2031,0,30,2061,3017,1039,Sí
2017,5,COAHUILA,26,PROGRESO,PRI_SI_PRC,0,2031,0,30,2061,3017,1037,Sí
2017,5,COAHUILA,26,PROGRESO,PRI_SI_PCP,0,2031,0,30,2061,3017,1037,Sí
2017,5,COAHUILA,26,PROGRESO,PRI_PJ_PRC,1,2031,0,30,2061,3017,1030,Sí
2017,5,COAHUILA,26,PROGRESO,PRI_PJ_PCP,0,2031,0,30,2061,3017,1029,Sí
2017,5,COAHUILA,26,PROGRESO,PRI_PRC_PCP,0,2031,0,30,2061,3017,1027,Sí
2017,5,COAHUILA,26,PROGRESO,PVEM_NUAL_SI,0,2031,0,30,2061,3017,33,Sí
2017,5,COAHUILA,26,PROGRESO,PVEM_NUAL_PJ,0,2031,0,30,2061,3017,25,Sí
2017,5,COAHUILA,26,PROGRESO,PVEM_NUAL_PRC,0,2031,0,30,2061,3017,23,Sí
2017,5,COAHUILA,26,PROGRESO,PVEM_NUAL_PCP,0,2031,0,30,2061,3017,23,Sí
2017,5,COAHUILA,26,PROGRESO,PVEM_SI_PJ,0,2031,0,30,2061,3017,16,Sí
2017,5,COAHUILA,26,PROGRESO,PVEM_SI_PRC,0,2031,0,30,2061,3017,14,Sí
2017,5,COAHUILA,26,PROGRESO,PVEM_SI_PCP,0,2031,0,30,2061,3017,14,Sí
2017,5,COAHUILA,26,PROGRESO,PVEM_PJ_PRC,0,2031,0,30,2061,3017,6,Sí
2017,5,COAHUILA,26,PROGRESO,PVEM_PJ_PCP,0,2031,0,30,2061,3017,6,Sí
2017,5,COAHUILA,26,PROGRESO,PVEM_PRC_PCP,0,2031,0,30,2061,3017,4,Sí
2017,5,COAHUILA,26,PROGRESO,NUAL_SI_PJ,0,2031,0,30,2061,3017,34,Sí
2017,5,COAHUILA,26,PROGRESO,NUAL_SI_PRC,0,2031,0,30,2061,3017,32,Sí
2017,5,COAHUILA,26,PROGRESO,NUAL_SI_PCP,0,2031,0,30,2061,3017,32,Sí
2017,5,COAHUILA,26,PROGRESO,NUAL_PJ_PRC,0,2031,0,30,2061,3017,24,Sí
2017,5,COAHUILA,26,PROGRESO,NUAL_PJ_PCP,0,2031,0,30,2061,3017,24,Sí
2017,5,COAHUILA,26,PROGRESO,NUAL_PRC_PCP,0,2031,0,30,2061,3017,22,Sí
2017,5,COAHUILA,26,PROGRESO,SI_PJ_PRC,0,2031,0,30,2061,3017,15,Sí
2017,5,COAHUILA,26,PROGRESO,SI_PJ_PCP,0,2031,0,30,2061,3017,15,Sí
2017,5,COAHUILA,26,PROGRESO,SI_PRC_PCP,0,2031,0,30,2061,3017,13,Sí
2017,5,COAHUILA,26,PROGRESO,PJ_PRC_PCP,0,2031,0,30,2061,3017,5,Sí
2017,5,COAHUILA,26,PROGRESO,PRI_PVEM,4,2031,0,30,2061,3017,1031,Sí
2017,5,COAHUILA,26,PROGRESO,PRI_NUAL,0,2031,0,30,2061,3017,1045,Sí
2017,5,COAHUILA,26,PROGRESO,PRI_SI,0,2031,0,30,2061,3017,1036,Sí
2017,5,COAHUILA,26,PROGRESO,PRI_PJ,1,2031,0,30,2061,3017,1029,Sí
2017,5,COAHUILA,26,PROGRESO,PRI_PRC,0,2031,0,30,2061,3017,1026,Sí
2017,5,COAHUILA,26,PROGRESO,PRI_PCP,0,2031,0,30,2061,3017,1026,Sí
2017,5,COAHUILA,26,PROGRESO,PVEM_NUAL,0,2031,0,30,2061,3017,22,Sí
2017,5,COAHUILA,26,PROGRESO,PVEM_SI,0,2031,0,30,2061,3017,13,Sí
2017,5,COAHUILA,26,PROGRESO,PVEM_PJ,0,2031,0,30,2061,3017,5,Sí
2017,5,COAHUILA,26,PROGRESO,PVEM_PRC,0,2031,0,30,2061,3017,3,Sí
2017,5,COAHUILA,26,PROGRESO,PVEM_PCP,0,2031,0,30,2061,3017,3,Sí
2017,5,COAHUILA,26,PROGRESO,NUAL_SI,0,2031,0,30,2061,3017,31,Sí
2017,5,COAHUILA,26,PROGRESO,NUAL_PJ,0,2031,0,30,2061,3017,23,Sí
2017,5,COAHUILA,26,PROGRESO,NUAL_PRC,0,2031,0,30,2061,3017,21,Sí
2017,5,COAHUILA,26,PROGRESO,NUAL_PCP,0,2031,0,30,2061,3017,21,Sí
2017,5,COAHUILA,26,PROGRESO,SI_PJ,0,2031,0,30,2061,3017,14,Sí
2017,5,COAHUILA,26,PROGRESO,SI_PRC,0,2031,0,30,2061,3017,12,Sí
2017,5,COAHUILA,26,PROGRESO,SI_PCP,0,2031,0,30,2061,3017,12,Sí
2017,5,COAHUILA,26,PROGRESO,PJ_PRC,0,2031,0,30,2061,3017,4,Sí
2017,5,COAHUILA,26,PROGRESO,PJ_PCP,0,2031,0,30,2061,3017,4,Sí
2017,5,COAHUILA,26,PROGRESO,PRC_PCP,0,2031,0,30,2061,3017,2,Sí
2017,5,COAHUILA,27,RAMOS ARIZPE,PAN,6206,31341,8,691,32040,62617,6206,No
2017,5,COAHUILA,27,RAMOS ARIZPE,PRI,14281,31341,8,691,32040,62617,14281,No
2017,5,COAHUILA,27,RAMOS ARIZPE,PRD,1786,31341,8,691,32040,62617,1786,No
2017,5,COAHUILA,27,RAMOS ARIZPE,PT,357,31341,8,691,32040,62617,357,No
2017,5,COAHUILA,27,RAMOS ARIZPE,PVEM,463,31341,8,691,32040,62617,463,No
2017,5,COAHUILA,27,RAMOS ARIZPE,UDC,84,31341,8,691,32040,62617,84,No
2017,5,COAHUILA,27,RAMOS ARIZPE,MC,0,31341,8,691,32040,62617,0,No
2017,5,COAHUILA,27,RAMOS ARIZPE,NUAL,181,31341,8,691,32040,62617,181,No
2017,5,COAHUILA,27,RAMOS ARIZPE,SI,106,31341,8,691,32040,62617,106,No
2017,5,COAHUILA,27,RAMOS ARIZPE,PPC,46,31341,8,691,32040,62617,46,No
2017,5,COAHUILA,27,RAMOS ARIZPE,PJ,479,31341,8,691,32040,62617,479,No
2017,5,COAHUILA,27,RAMOS ARIZPE,PRC,35,31341,8,691,32040,62617,35,No
2017,5,COAHUILA,27,RAMOS ARIZPE,PCP,200,31341,8,691,32040,62617,200,No
2017,5,COAHUILA,27,RAMOS ARIZPE,MORENA,1711,31341,8,691,32040,62617,1711,No
2017,5,COAHUILA,27,RAMOS ARIZPE,ES,179,31341,8,691,32040,62617,179,No
2017,5,COAHUILA,27,RAMOS ARIZPE,PAN_UDC_PPC_ES,12,31341,8,691,32040,62617,6527,Sí
2017,5,COAHUILA,27,RAMOS ARIZPE,PAN_UDC_PPC,2,31341,8,691,32040,62617,6338,Sí
2017,5,COAHUILA,27,RAMOS ARIZPE,PAN_UDC_ES,2,31341,8,691,32040,62617,6471,Sí
2017,5,COAHUILA,27,RAMOS ARIZPE,PAN_PPC_ES,3,31341,8,691,32040,62617,6434,Sí
2017,5,COAHUILA,27,RAMOS ARIZPE,UDC_PPC_ES,0,31341,8,691,32040,62617,309,Sí
2017,5,COAHUILA,27,RAMOS ARIZPE,PAN_UDC,3,31341,8,691,32040,62617,6293,Sí
2017,5,COAHUILA,27,RAMOS ARIZPE,PAN_PPC,1,31341,8,691,32040,62617,6253,Sí
2017,5,COAHUILA,27,RAMOS ARIZPE,PAN_ES,10,31341,8,691,32040,62617,6395,Sí
2017,5,COAHUILA,27,RAMOS ARIZPE,UDC_PPC,0,31341,8,691,32040,62617,130,Sí
2017,5,COAHUILA,27,RAMOS ARIZPE,UDC_ES,1,31341,8,691,32040,62617,264,Sí
2017,5,COAHUILA,27,RAMOS ARIZPE,PPC_ES,0,31341,8,691,32040,62617,225,Sí
2017,5,COAHUILA,27,RAMOS ARIZPE,PRI_PVEM_NUAL_SI_PJ_PRC_PCP,1,31341,8,691,32040,62617,15746,Sí
2017,5,COAHUILA,27,RAMOS ARIZPE,PRI_PVEM_NUAL_SI_PJ_PRC,2,31341,8,691,32040,62617,15547,Sí
2017,5,COAHUILA,27,RAMOS ARIZPE,PRI_PVEM_NUAL_SI_PJ_PCP,0,31341,8,691,32040,62617,15710,Sí
2017,5,COAHUILA,27,RAMOS ARIZPE,PRI_PVEM_NUAL_SI_PRC_PCP,0,31341,8,691,32040,62617,15266,Sí
2017,5,COAHUILA,27,RAMOS ARIZPE,PRI_PVEM_NUAL_PJ_PRC_PCP,2,31341,8,691,32040,62617,15641,Sí
2017,5,COAHUILA,27,RAMOS ARIZPE,PRI_PVEM_SI_PJ_PRC_PCP,0,31341,8,691,32040,62617,15564,Sí
2017,5,COAHUILA,27,RAMOS ARIZPE,PRI_NUAL_SI_PJ_PRC_PCP,0,31341,8,691,32040,62617,15282,Sí
2017,5,COAHUILA,27,RAMOS ARIZPE,PVEM_NUAL_SI_PJ_PRC_PCP,0,31341,8,691,32040,62617,1464,Sí
2017,5,COAHUILA,27,RAMOS ARIZPE,PRI_PVEM_NUAL_SI_PJ,0,31341,8,691,32040,62617,15510,Sí
2017,5,COAHUILA,27,RAMOS ARIZPE,PRI_PVEM_NUAL_SI_PRC,0,31341,8,691,32040,62617,15066,Sí
2017,5,COAHUILA,27,RAMOS ARIZPE,PRI_PVEM_NUAL_SI_PCP,0,31341,8,691,32040,62617,15231,Sí
2017,5,COAHUILA,27,RAMOS ARIZPE,PRI_PVEM_NUAL_PJ_PRC,0,31341,8,691,32040,62617,15439,Sí
2017,5,COAHUILA,27,RAMOS ARIZPE,PRI_PVEM_NUAL_PJ_PCP,0,31341,8,691,32040,62617,15604,Sí
2017,5,COAHUILA,27,RAMOS ARIZPE,PRI_PVEM_NUAL_PRC_PCP,1,31341,8,691,32040,62617,15161,Sí
2017,5,COAHUILA,27,RAMOS ARIZPE,PRI_PVEM_SI_PJ_PRC,1,31341,8,691,32040,62617,15365,Sí
2017,5,COAHUILA,27,RAMOS ARIZPE,PRI_PVEM_SI_PJ_PCP,1,31341,8,691,32040,62617,15530,Sí
2017,5,COAHUILA,27,RAMOS ARIZPE,PRI_PVEM_SI_PRC_PCP,0,31341,8,691,32040,62617,15085,Sí
2017,5,COAHUILA,27,RAMOS ARIZPE,PRI_PVEM_PJ_PRC_PCP,0,31341,8,691,32040,62617,15458,Sí
2017,5,COAHUILA,27,RAMOS ARIZPE,PRI_NUAL_SI_PJ_PRC,0,31341,8,691,32040,62617,15082,Sí
2017,5,COAHUILA,27,RAMOS ARIZPE,PRI_NUAL_SI_PJ_PCP,0,31341,8,691,32040,62617,15247,Sí
2017,5,COAHUILA,27,RAMOS ARIZPE,PRI_NUAL_SI_PRC_PCP,0,31341,8,691,32040,62617,14803,Sí
2017,5,COAHUILA,27,RAMOS ARIZPE,PRI_NUAL_PJ_PRC_PCP,0,31341,8,691,32040,62617,15176,Sí
2017,5,COAHUILA,27,RAMOS ARIZPE,PRI_SI_PJ_PRC_PCP,1,31341,8,691,32040,62617,15102,Sí
2017,5,COAHUILA,27,RAMOS ARIZPE,PVEM_NUAL_SI_PJ_PRC,0,31341,8,691,32040,62617,1264,Sí
2017,5,COAHUILA,27,RAMOS ARIZPE,PVEM_NUAL_SI_PJ_PCP,0,31341,8,691,32040,62617,1429,Sí
2017,5,COAHUILA,27,RAMOS ARIZPE,PVEM_NUAL_SI_PRC_PCP,0,31341,8,691,32040,62617,985,Sí
2017,5,COAHUILA,27,RAMOS ARIZPE,PVEM_NUAL_PJ_PRC_PCP,0,31341,8,691,32040,62617,1358,Sí
2017,5,COAHUILA,27,RAMOS ARIZPE,PVEM_SI_PJ_PRC_PCP,0,31341,8,691,32040,62617,1283,Sí
2017,5,COAHUILA,27,RAMOS ARIZPE,NUAL_SI_PJ_PRC_PCP,0,31341,8,691,32040,62617,1001,Sí
2017,5,COAHUILA,27,RAMOS ARIZPE,PRI_PVEM_NUAL_SI,1,31341,8,691,32040,62617,15032,Sí
2017,5,COAHUILA,27,RAMOS ARIZPE,PRI_PVEM_NUAL_PJ,1,31341,8,691,32040,62617,15405,Sí
2017,5,COAHUILA,27,RAMOS ARIZPE,PRI_PVEM_NUAL_PRC,0,31341,8,691,32040,62617,14960,Sí
2017,5,COAHUILA,27,RAMOS ARIZPE,PRI_PVEM_NUAL_PCP,0,31341,8,691,32040,62617,15125,Sí
2017,5,COAHUILA,27,RAMOS ARIZPE,PRI_PVEM_SI_PJ,0,31341,8,691,32040,62617,15329,Sí
2017,5,COAHUILA,27,RAMOS ARIZPE,PRI_PVEM_SI_PRC,0,31341,8,691,32040,62617,14885,Sí
2017,5,COAHUILA,27,RAMOS ARIZPE,PRI_PVEM_SI_PCP,0,31341,8,691,32040,62617,15050,Sí
2017,5,COAHUILA,27,RAMOS ARIZPE,PRI_PVEM_PJ_PRC,0,31341,8,691,32040,62617,15258,Sí
2017,5,COAHUILA,27,RAMOS ARIZPE,PRI_PVEM_PJ_PCP,0,31341,8,691,32040,62617,15423,Sí
2017,5,COAHUILA,27,RAMOS ARIZPE,PRI_PVEM_PRC_PCP,1,31341,8,691,32040,62617,14980,Sí
2017,5,COAHUILA,27,RAMOS ARIZPE,PRI_NUAL_SI_PJ,0,31341,8,691,32040,62617,15047,Sí
2017,5,COAHUILA,27,RAMOS ARIZPE,PRI_NUAL_SI_PRC,0,31341,8,691,32040,62617,14603,Sí
2017,5,COAHUILA,27,RAMOS ARIZPE,PRI_NUAL_SI_PCP,0,31341,8,691,32040,62617,14768,Sí
2017,5,COAHUILA,27,RAMOS ARIZPE,PRI_NUAL_PJ_PRC,0,31341,8,691,32040,62617,14976,Sí
2017,5,COAHUILA,27,RAMOS ARIZPE,PRI_NUAL_PJ_PCP,0,31341,8,691,32040,62617,15141,Sí
2017,5,COAHUILA,27,RAMOS ARIZPE,PRI_NUAL_PRC_PCP,0,31341,8,691,32040,62617,14697,Sí
2017,5,COAHUILA,27,RAMOS ARIZPE,PRI_SI_PJ_PRC,0,31341,8,691,32040,62617,14901,Sí
2017,5,COAHUILA,27,RAMOS ARIZPE,PRI_SI_PJ_PCP,1,31341,8,691,32040,62617,15067,Sí
2017,5,COAHUILA,27,RAMOS ARIZPE,PRI_SI_PRC_PCP,0,31341,8,691,32040,62617,14622,Sí
2017,5,COAHUILA,27,RAMOS ARIZPE,PRI_PJ_PRC_PCP,0,31341,8,691,32040,62617,14995,Sí
2017,5,COAHUILA,27,RAMOS ARIZPE,PVEM_NUAL_SI_PJ,0,31341,8,691,32040,62617,1229,Sí
2017,5,COAHUILA,27,RAMOS ARIZPE,PVEM_NUAL_SI_PRC,0,31341,8,691,32040,62617,785,Sí
2017,5,COAHUILA,27,RAMOS ARIZPE,PVEM_NUAL_SI_PCP,0,31341,8,691,32040,62617,950,Sí
2017,5,COAHUILA,27,RAMOS ARIZPE,PVEM_NUAL_PJ_PRC,0,31341,8,691,32040,62617,1158,Sí
2017,5,COAHUILA,27,RAMOS ARIZPE,PVEM_NUAL_PJ_PCP,0,31341,8,691,32040,62617,1323,Sí
2017,5,COAHUILA,27,RAMOS ARIZPE,PVEM_NUAL_PRC_PCP,0,31341,8,691,32040,62617,879,Sí
2017,5,COAHUILA,27,RAMOS ARIZPE,PVEM_SI_PJ_PRC,0,31341,8,691,32040,62617,1083,Sí
2017,5,COAHUILA,27,RAMOS ARIZPE,PVEM_SI_PJ_PCP,0,31341,8,691,32040,62617,1248,Sí
2017,5,COAHUILA,27,RAMOS ARIZPE,PVEM_SI_PRC_PCP,0,31341,8,691,32040,62617,804,Sí
2017,5,COAHUILA,27,RAMOS ARIZPE,PVEM_PJ_PRC_PCP,0,31341,8,691,32040,62617,1177,Sí
2017,5,COAHUILA,27,RAMOS ARIZPE,NUAL_SI_PJ_PRC,0,31341,8,691,32040,62617,801,Sí
2017,5,COAHUILA,27,RAMOS ARIZPE,NUAL_SI_PJ_PCP,0,31341,8,691,32040,62617,966,Sí
2017,5,COAHUILA,27,RAMOS ARIZPE,NUAL_SI_PRC_PCP,0,31341,8,691,32040,62617,522,Sí
2017,5,COAHUILA,27,RAMOS ARIZPE,NUAL_PJ_PRC_PCP,0,31341,8,691,32040,62617,895,Sí
2017,5,COAHUILA,27,RAMOS ARIZPE,SI_PJ_PRC_PCP,0,31341,8,691,32040,62617,820,Sí
2017,5,COAHUILA,27,RAMOS ARIZPE,PRI_PVEM_NUAL,1,31341,8,691,32040,62617,14926,Sí
2017,5,COAHUILA,27,RAMOS ARIZPE,PRI_PVEM_SI,1,31341,8,691,32040,62617,14851,Sí
2017,5,COAHUILA,27,RAMOS ARIZPE,PRI_PVEM_PJ,1,31341,8,691,32040,62617,15224,Sí
2017,5,COAHUILA,27,RAMOS ARIZPE,PRI_PVEM_PRC,0,31341,8,691,32040,62617,14779,Sí
2017,5,COAHUILA,27,RAMOS ARIZPE,PRI_PVEM_PCP,1,31341,8,691,32040,62617,14945,Sí
2017,5,COAHUILA,27,RAMOS ARIZPE,PRI_NUAL_SI,1,31341,8,691,32040,62617,14569,Sí
2017,5,COAHUILA,27,RAMOS ARIZPE,PRI_NUAL_PJ,0,31341,8,691,32040,62617,14941,Sí
2017,5,COAHUILA,27,RAMOS ARIZPE,PRI_NUAL_PRC,0,31341,8,691,32040,62617,14497,Sí
2017,5,COAHUILA,27,RAMOS ARIZPE,PRI_NUAL_PCP,0,31341,8,691,32040,62617,14662,Sí
2017,5,COAHUILA,27,RAMOS ARIZPE,PRI_SI_PJ,2,31341,8,691,32040,62617,14868,Sí
2017,5,COAHUILA,27,RAMOS ARIZPE,PRI_SI_PRC,0,31341,8,691,32040,62617,14422,Sí
2017,5,COAHUILA,27,RAMOS ARIZPE,PRI_SI_PCP,0,31341,8,691,32040,62617,14587,Sí
2017,5,COAHUILA,27,RAMOS ARIZPE,PRI_PJ_PRC,0,31341,8,691,32040,62617,14795,Sí
2017,5,COAHUILA,27,RAMOS ARIZPE,PRI_PJ_PCP,1,31341,8,691,32040,62617,14961,Sí
2017,5,COAHUILA,27,RAMOS ARIZPE,PRI_PRC_PCP,1,31341,8,691,32040,62617,14517,Sí
2017,5,COAHUILA,27,RAMOS ARIZPE,PVEM_NUAL_SI,1,31341,8,691,32040,62617,751,Sí
2017,5,COAHUILA,27,RAMOS ARIZPE,PVEM_NUAL_PJ,0,31341,8,691,32040,62617,1123,Sí
2017,5,COAHUILA,27,RAMOS ARIZPE,PVEM_NUAL_PRC,0,31341,8,691,32040,62617,679,Sí
2017,5,COAHUILA,27,RAMOS ARIZPE,PVEM_NUAL_PCP,0,31341,8,691,32040,62617,844,Sí
2017,5,COAHUILA,27,RAMOS ARIZPE,PVEM_SI_PJ,0,31341,8,691,32040,62617,1048,Sí
2017,5,COAHUILA,27,RAMOS ARIZPE,PVEM_SI_PRC,0,31341,8,691,32040,62617,604,Sí
2017,5,COAHUILA,27,RAMOS ARIZPE,PVEM_SI_PCP,0,31341,8,691,32040,62617,769,Sí
2017,5,COAHUILA,27,RAMOS ARIZPE,PVEM_PJ_PRC,0,31341,8,691,32040,62617,977,Sí
2017,5,COAHUILA,27,RAMOS ARIZPE,PVEM_PJ_PCP,0,31341,8,691,32040,62617,1142,Sí
2017,5,COAHUILA,27,RAMOS ARIZPE,PVEM_PRC_PCP,0,31341,8,691,32040,62617,698,Sí
2017,5,COAHUILA,27,RAMOS ARIZPE,NUAL_SI_PJ,0,31341,8,691,32040,62617,766,Sí
2017,5,COAHUILA,27,RAMOS ARIZPE,NUAL_SI_PRC,0,31341,8,691,32040,62617,322,Sí
2017,5,COAHUILA,27,RAMOS ARIZPE,NUAL_SI_PCP,0,31341,8,691,32040,62617,487,Sí
2017,5,COAHUILA,27,RAMOS ARIZPE,NUAL_PJ_PRC,0,31341,8,691,32040,62617,695,Sí
2017,5,COAHUILA,27,RAMOS ARIZPE,NUAL_PJ_PCP,0,31341,8,691,32040,62617,860,Sí
2017,5,COAHUILA,27,RAMOS ARIZPE,NUAL_PRC_PCP,0,31341,8,691,32040,62617,416,Sí
2017,5,COAHUILA,27,RAMOS ARIZPE,SI_PJ_PRC,0,31341,8,691,32040,62617,620,Sí
2017,5,COAHUILA,27,RAMOS ARIZPE,SI_PJ_PCP,0,31341,8,691,32040,62617,785,Sí
2017,5,COAHUILA,27,RAMOS ARIZPE,SI_PRC_PCP,0,31341,8,691,32040,62617,341,Sí
2017,5,COAHUILA,27,RAMOS ARIZPE,PJ_PRC_PCP,0,31341,8,691,32040,62617,714,Sí
2017,5,COAHUILA,27,RAMOS ARIZPE,PRI_PVEM,20,31341,8,691,32040,62617,14764,Sí
2017,5,COAHUILA,27,RAMOS ARIZPE,PRI_NUAL,1,31341,8,691,32040,62617,14463,Sí
2017,5,COAHUILA,27,RAMOS ARIZPE,PRI_SI,3,31341,8,691,32040,62617,14390,Sí
2017,5,COAHUILA,27,RAMOS ARIZPE,PRI_PJ,18,31341,8,691,32040,62617,14778,Sí
2017,5,COAHUILA,27,RAMOS ARIZPE,PRI_PRC,1,31341,8,691,32040,62617,14317,Sí
2017,5,COAHUILA,27,RAMOS ARIZPE,PRI_PCP,10,31341,8,691,32040,62617,14491,Sí
2017,5,COAHUILA,27,RAMOS ARIZPE,PVEM_NUAL,3,31341,8,691,32040,62617,647,Sí
2017,5,COAHUILA,27,RAMOS ARIZPE,PVEM_SI,0,31341,8,691,32040,62617,569,Sí
2017,5,COAHUILA,27,RAMOS ARIZPE,PVEM_PJ,1,31341,8,691,32040,62617,943,Sí
2017,5,COAHUILA,27,RAMOS ARIZPE,PVEM_PRC,0,31341,8,691,32040,62617,498,Sí
2017,5,COAHUILA,27,RAMOS ARIZPE,PVEM_PCP,0,31341,8,691,32040,62617,663,Sí
2017,5,COAHUILA,27,RAMOS ARIZPE,NUAL_SI,1,31341,8,691,32040,62617,288,Sí
2017,5,COAHUILA,27,RAMOS ARIZPE,NUAL_PJ,0,31341,8,691,32040,62617,660,Sí
2017,5,COAHUILA,27,RAMOS ARIZPE,NUAL_PRC,0,31341,8,691,32040,62617,216,Sí
2017,5,COAHUILA,27,RAMOS ARIZPE,NUAL_PCP,0,31341,8,691,32040,62617,381,Sí
2017,5,COAHUILA,27,RAMOS ARIZPE,SI_PJ,1,31341,8,691,32040,62617,586,Sí
2017,5,COAHUILA,27,RAMOS ARIZPE,SI_PRC,0,31341,8,691,32040,62617,141,Sí
2017,5,COAHUILA,27,RAMOS ARIZPE,SI_PCP,1,31341,8,691,32040,62617,307,Sí
2017,5,COAHUILA,27,RAMOS ARIZPE,PJ_PRC,0,31341,8,691,32040,62617,514,Sí
2017,5,COAHUILA,27,RAMOS ARIZPE,PJ_PCP,0,31341,8,691,32040,62617,679,Sí
2017,5,COAHUILA,27,RAMOS ARIZPE,PRC_PCP,1,31341,8,691,32040,62617,236,Sí
2017,5,COAHUILA,27,RAMOS ARIZPE,Candidatura Independiente,5109,31341,8,691,32040,62617,5109,No
2017,5,COAHUILA,28,SABINAS,PAN,7064,29182,6,441,29629,51028,7064,No
2017,5,COAHUILA,28,SABINAS,PRI,10840,29182,6,441,29629,51028,10840,No
2017,5,COAHUILA,28,SABINAS,PRD,62,29182,6,441,29629,51028,62,No
2017,5,COAHUILA,28,SABINAS,PT,95,29182,6,441,29629,51028,95,No
2017,5,COAHUILA,28,SABINAS,PVEM,171,29182,6,441,29629,51028,171,No
2017,5,COAHUILA,28,SABINAS,UDC,8192,29182,6,441,29629,51028,8192,No
2017,5,COAHUILA,28,SABINAS,MC,0,29182,6,441,29629,51028,0,No
2017,5,COAHUILA,28,SABINAS,NUAL,257,29182,6,441,29629,51028,257,No
2017,5,COAHUILA,28,SABINAS,SI,53,29182,6,441,29629,51028,53,No
2017,5,COAHUILA,28,SABINAS,PPC,115,29182,6,441,29629,51028,115,No
2017,5,COAHUILA,28,SABINAS,PJ,68,29182,6,441,29629,51028,68,No
2017,5,COAHUILA,28,SABINAS,PRC,23,29182,6,441,29629,51028,23,No
2017,5,COAHUILA,28,SABINAS,PCP,36,29182,6,441,29629,51028,36,No
2017,5,COAHUILA,28,SABINAS,MORENA,782,29182,6,441,29629,51028,782,No
2017,5,COAHUILA,28,SABINAS,ES,86,29182,6,441,29629,51028,86,No
2017,5,COAHUILA,28,SABINAS,PAN_UDC_PPC_ES,115,29182,6,441,29629,51028,15572,Sí
2017,5,COAHUILA,28,SABINAS,PAN_UDC_PPC,44,29182,6,441,29629,51028,15415,Sí
2017,5,COAHUILA,28,SABINAS,PAN_UDC_ES,32,29182,6,441,29629,51028,15374,Sí
2017,5,COAHUILA,28,SABINAS,PAN_PPC_ES,7,29182,6,441,29629,51028,7272,Sí
2017,5,COAHUILA,28,SABINAS,UDC_PPC_ES,4,29182,6,441,29629,51028,8397,Sí
2017,5,COAHUILA,28,SABINAS,PAN_UDC,458,29182,6,441,29629,51028,15714,Sí
2017,5,COAHUILA,28,SABINAS,PAN_PPC,20,29182,6,441,29629,51028,7199,Sí
2017,5,COAHUILA,28,SABINAS,PAN_ES,8,29182,6,441,29629,51028,7158,Sí
2017,5,COAHUILA,28,SABINAS,UDC_PPC,13,29182,6,441,29629,51028,8320,Sí
2017,5,COAHUILA,28,SABINAS,UDC_ES,5,29182,6,441,29629,51028,8283,Sí
2017,5,COAHUILA,28,SABINAS,PPC_ES,3,29182,6,441,29629,51028,204,Sí
2017,5,COAHUILA,28,SABINAS,PRI_PVEM_NUAL_SI_PJ_PRC_PCP,12,29182,6,441,29629,51028,11460,Sí
2017,5,COAHUILA,28,SABINAS,PRI_PVEM_NUAL_SI_PJ_PRC,2,29182,6,441,29629,51028,11414,Sí
2017,5,COAHUILA,28,SABINAS,PRI_PVEM_NUAL_SI_PJ_PCP,0,29182,6,441,29629,51028,11425,Sí
2017,5,COAHUILA,28,SABINAS,PRI_PVEM_NUAL_SI_PRC_PCP,5,29182,6,441,29629,51028,11385,Sí
2017,5,COAHUILA,28,SABINAS,PRI_PVEM_NUAL_PJ_PRC_PCP,0,29182,6,441,29629,51028,11395,Sí
2017,5,COAHUILA,28,SABINAS,PRI_PVEM_SI_PJ_PRC_PCP,9,29182,6,441,29629,51028,11200,Sí
2017,5,COAHUILA,28,SABINAS,PRI_NUAL_SI_PJ_PRC_PCP,2,29182,6,441,29629,51028,11279,Sí
2017,5,COAHUILA,28,SABINAS,PVEM_NUAL_SI_PJ_PRC_PCP,0,29182,6,441,29629,51028,608,Sí
2017,5,COAHUILA,28,SABINAS,PRI_PVEM_NUAL_SI_PJ,0,29182,6,441,29629,51028,11389,Sí
2017,5,COAHUILA,28,SABINAS,PRI_PVEM_NUAL_SI_PRC,0,29182,6,441,29629,51028,11344,Sí
2017,5,COAHUILA,28,SABINAS,PRI_PVEM_NUAL_SI_PCP,0,29182,6,441,29629,51028,11357,Sí
2017,5,COAHUILA,28,SABINAS,PRI_PVEM_NUAL_PJ_PRC,0,29182,6,441,29629,51028,11359,Sí
2017,5,COAHUILA,28,SABINAS,PRI_PVEM_NUAL_PJ_PCP,0,29182,6,441,29629,51028,11372,Sí
2017,5,COAHUILA,28,SABINAS,PRI_PVEM_NUAL_PRC_PCP,0,29182,6,441,29629,51028,11327,Sí
2017,5,COAHUILA,28,SABINAS,PRI_PVEM_SI_PJ_PRC,2,29182,6,441,29629,51028,11157,Sí
2017,5,COAHUILA,28,SABINAS,PRI_PVEM_SI_PJ_PCP,1,29182,6,441,29629,51028,11169,Sí
2017,5,COAHUILA,28,SABINAS,PRI_PVEM_SI_PRC_PCP,1,29182,6,441,29629,51028,11124,Sí
2017,5,COAHUILA,28,SABINAS,PRI_PVEM_PJ_PRC_PCP,0,29182,6,441,29629,51028,11138,Sí
2017,5,COAHUILA,28,SABINAS,PRI_NUAL_SI_PJ_PRC,0,29182,6,441,29629,51028,11241,Sí
2017,5,COAHUILA,28,SABINAS,PRI_NUAL_SI_PJ_PCP,0,29182,6,441,29629,51028,11254,Sí
2017,5,COAHUILA,28,SABINAS,PRI_NUAL_SI_PRC_PCP,0,29182,6,441,29629,51028,11209,Sí
2017,5,COAHUILA,28,SABINAS,PRI_NUAL_PJ_PRC_PCP,0,29182,6,441,29629,51028,11224,Sí
2017,5,COAHUILA,28,SABINAS,PRI_SI_PJ_PRC_PCP,1,29182,6,441,29629,51028,11021,Sí
2017,5,COAHUILA,28,SABINAS,PVEM_NUAL_SI_PJ_PRC,0,29182,6,441,29629,51028,572,Sí
2017,5,COAHUILA,28,SABINAS,PVEM_NUAL_SI_PJ_PCP,0,29182,6,441,29629,51028,585,Sí
2017,5,COAHUILA,28,SABINAS,PVEM_NUAL_SI_PRC_PCP,0,29182,6,441,29629,51028,540,Sí
2017,5,COAHUILA,28,SABINAS,PVEM_NUAL_PJ_PRC_PCP,0,29182,6,441,29629,51028,555,Sí
2017,5,COAHUILA,28,SABINAS,PVEM_SI_PJ_PRC_PCP,0,29182,6,441,29629,51028,351,Sí
2017,5,COAHUILA,28,SABINAS,NUAL_SI_PJ_PRC_PCP,0,29182,6,441,29629,51028,437,Sí
2017,5,COAHUILA,28,SABINAS,PRI_PVEM_NUAL_SI,1,29182,6,441,29629,51028,11322,Sí
2017,5,COAHUILA,28,SABINAS,PRI_PVEM_NUAL_PJ,2,29182,6,441,29629,51028,11338,Sí
2017,5,COAHUILA,28,SABINAS,PRI_PVEM_NUAL_PRC,0,29182,6,441,29629,51028,11291,Sí
2017,5,COAHUILA,28,SABINAS,PRI_PVEM_NUAL_PCP,0,29182,6,441,29629,51028,11304,Sí
2017,5,COAHUILA,28,SABINAS,PRI_PVEM_SI_PJ,0,29182,6,441,29629,51028,11132,Sí
2017,5,COAHUILA,28,SABINAS,PRI_PVEM_SI_PRC,0,29182,6,441,29629,51028,11087,Sí
2017,5,COAHUILA,28,SABINAS,PRI_PVEM_SI_PCP,0,29182,6,441,29629,51028,11100,Sí
2017,5,COAHUILA,28,SABINAS,PRI_PVEM_PJ_PRC,0,29182,6,441,29629,51028,11102,Sí
2017,5,COAHUILA,28,SABINAS,PRI_PVEM_PJ_PCP,1,29182,6,441,29629,51028,11116,Sí
2017,5,COAHUILA,28,SABINAS,PRI_PVEM_PRC_PCP,0,29182,6,441,29629,51028,11070,Sí
2017,5,COAHUILA,28,SABINAS,PRI_NUAL_SI_PJ,0,29182,6,441,29629,51028,11218,Sí
2017,5,COAHUILA,28,SABINAS,PRI_NUAL_SI_PRC,0,29182,6,441,29629,51028,11173,Sí
2017,5,COAHUILA,28,SABINAS,PRI_NUAL_SI_PCP,0,29182,6,441,29629,51028,11186,Sí
2017,5,COAHUILA,28,SABINAS,PRI_NUAL_PJ_PRC,0,29182,6,441,29629,51028,11188,Sí
2017,5,COAHUILA,28,SABINAS,PRI_NUAL_PJ_PCP,1,29182,6,441,29629,51028,11202,Sí
2017,5,COAHUILA,28,SABINAS,PRI_NUAL_PRC_PCP,0,29182,6,441,29629,51028,11156,Sí
2017,5,COAHUILA,28,SABINAS,PRI_SI_PJ_PRC,1,29182,6,441,29629,51028,10985,Sí
2017,5,COAHUILA,28,SABINAS,PRI_SI_PJ_PCP,1,29182,6,441,29629,51028,10998,Sí
2017,5,COAHUILA,28,SABINAS,PRI_SI_PRC_PCP,0,29182,6,441,29629,51028,10952,Sí
2017,5,COAHUILA,28,SABINAS,PRI_PJ_PRC_PCP,0,29182,6,441,29629,51028,10967,Sí
2017,5,COAHUILA,28,SABINAS,PVEM_NUAL_SI_PJ,0,29182,6,441,29629,51028,549,Sí
2017,5,COAHUILA,28,SABINAS,PVEM_NUAL_SI_PRC,0,29182,6,441,29629,51028,504,Sí
2017,5,COAHUILA,28,SABINAS,PVEM_NUAL_SI_PCP,0,29182,6,441,29629,51028,517,Sí
2017,5,COAHUILA,28,SABINAS,PVEM_NUAL_PJ_PRC,0,29182,6,441,29629,51028,519,Sí
2017,5,COAHUILA,28,SABINAS,PVEM_NUAL_PJ_PCP,0,29182,6,441,29629,51028,532,Sí
2017,5,COAHUILA,28,SABINAS,PVEM_NUAL_PRC_PCP,0,29182,6,441,29629,51028,487,Sí
2017,5,COAHUILA,28,SABINAS,PVEM_SI_PJ_PRC,0,29182,6,441,29629,51028,315,Sí
2017,5,COAHUILA,28,SABINAS,PVEM_SI_PJ_PCP,0,29182,6,441,29629,51028,328,Sí
2017,5,COAHUILA,28,SABINAS,PVEM_SI_PRC_PCP,0,29182,6,441,29629,51028,283,Sí
2017,5,COAHUILA,28,SABINAS,PVEM_PJ_PRC_PCP,0,29182,6,441,29629,51028,298,Sí
2017,5,COAHUILA,28,SABINAS,NUAL_SI_PJ_PRC,0,29182,6,441,29629,51028,401,Sí
2017,5,COAHUILA,28,SABINAS,NUAL_SI_PJ_PCP,0,29182,6,441,29629,51028,414,Sí
2017,5,COAHUILA,28,SABINAS,NUAL_SI_PRC_PCP,0,29182,6,441,29629,51028,369,Sí
2017,5,COAHUILA,28,SABINAS,NUAL_PJ_PRC_PCP,0,29182,6,441,29629,51028,384,Sí
2017,5,COAHUILA,28,SABINAS,SI_PJ_PRC_PCP,0,29182,6,441,29629,51028,180,Sí
2017,5,COAHUILA,28,SABINAS,PRI_PVEM_NUAL,4,29182,6,441,29629,51028,11272,Sí
2017,5,COAHUILA,28,SABINAS,PRI_PVEM_SI,2,29182,6,441,29629,51028,11066,Sí
2017,5,COAHUILA,28,SABINAS,PRI_PVEM_PJ,2,29182,6,441,29629,51028,11081,Sí
2017,5,COAHUILA,28,SABINAS,PRI_PVEM_PRC,0,29182,6,441,29629,51028,11034,Sí
2017,5,COAHUILA,28,SABINAS,PRI_PVEM_PCP,0,29182,6,441,29629,51028,11047,Sí
2017,5,COAHUILA,28,SABINAS,PRI_NUAL_SI,4,29182,6,441,29629,51028,11154,Sí
2017,5,COAHUILA,28,SABINAS,PRI_NUAL_PJ,1,29182,6,441,29629,51028,11166,Sí
2017,5,COAHUILA,28,SABINAS,PRI_NUAL_PRC,4,29182,6,441,29629,51028,11124,Sí
2017,5,COAHUILA,28,SABINAS,PRI_NUAL_PCP,0,29182,6,441,29629,51028,11133,Sí
2017,5,COAHUILA,28,SABINAS,PRI_SI_PJ,3,29182,6,441,29629,51028,10964,Sí
2017,5,COAHUILA,28,SABINAS,PRI_SI_PRC,0,29182,6,441,29629,51028,10916,Sí
2017,5,COAHUILA,28,SABINAS,PRI_SI_PCP,2,29182,6,441,29629,51028,10931,Sí
2017,5,COAHUILA,28,SABINAS,PRI_PJ_PRC,0,29182,6,441,29629,51028,10931,Sí
2017,5,COAHUILA,28,SABINAS,PRI_PJ_PCP,3,29182,6,441,29629,51028,10947,Sí
2017,5,COAHUILA,28,SABINAS,PRI_PRC_PCP,0,29182,6,441,29629,51028,10899,Sí
2017,5,COAHUILA,28,SABINAS,PVEM_NUAL_SI,0,29182,6,441,29629,51028,481,Sí
2017,5,COAHUILA,28,SABINAS,PVEM_NUAL_PJ,0,29182,6,441,29629,51028,496,Sí
2017,5,COAHUILA,28,SABINAS,PVEM_NUAL_PRC,1,29182,6,441,29629,51028,452,Sí
2017,5,COAHUILA,28,SABINAS,PVEM_NUAL_PCP,0,29182,6,441,29629,51028,464,Sí
2017,5,COAHUILA,28,SABINAS,PVEM_SI_PJ,0,29182,6,441,29629,51028,292,Sí
2017,5,COAHUILA,28,SABINAS,PVEM_SI_PRC,0,29182,6,441,29629,51028,247,Sí
2017,5,COAHUILA,28,SABINAS,PVEM_SI_PCP,0,29182,6,441,29629,51028,260,Sí
2017,5,COAHUILA,28,SABINAS,PVEM_PJ_PRC,0,29182,6,441,29629,51028,262,Sí
2017,5,COAHUILA,28,SABINAS,PVEM_PJ_PCP,0,29182,6,441,29629,51028,275,Sí
2017,5,COAHUILA,28,SABINAS,PVEM_PRC_PCP,0,29182,6,441,29629,51028,230,Sí
2017,5,COAHUILA,28,SABINAS,NUAL_SI_PJ,0,29182,6,441,29629,51028,378,Sí
2017,5,COAHUILA,28,SABINAS,NUAL_SI_PRC,0,29182,6,441,29629,51028,333,Sí
2017,5,COAHUILA,28,SABINAS,NUAL_SI_PCP,0,29182,6,441,29629,51028,346,Sí
2017,5,COAHUILA,28,SABINAS,NUAL_PJ_PRC,0,29182,6,441,29629,51028,348,Sí
2017,5,COAHUILA,28,SABINAS,NUAL_PJ_PCP,0,29182,6,441,29629,51028,361,Sí
2017,5,COAHUILA,28,SABINAS,NUAL_PRC_PCP,0,29182,6,441,29629,51028,316,Sí
2017,5,COAHUILA,28,SABINAS,SI_PJ_PRC,0,29182,6,441,29629,51028,144,Sí
2017,5,COAHUILA,28,SABINAS,SI_PJ_PCP,0,29182,6,441,29629,51028,157,Sí
2017,5,COAHUILA,28,SABINAS,SI_PRC_PCP,0,29182,6,441,29629,51028,112,Sí
2017,5,COAHUILA,28,SABINAS,PJ_PRC_PCP,0,29182,6,441,29629,51028,127,Sí
2017,5,COAHUILA,28,SABINAS,PRI_PVEM,15,29182,6,441,29629,51028,11026,Sí
2017,5,COAHUILA,28,SABINAS,PRI_NUAL,8,29182,6,441,29629,51028,11105,Sí
2017,5,COAHUILA,28,SABINAS,PRI_SI,10,29182,6,441,29629,51028,10903,Sí
2017,5,COAHUILA,28,SABINAS,PRI_PJ,3,29182,6,441,29629,51028,10911,Sí
2017,5,COAHUILA,28,SABINAS,PRI_PRC,4,29182,6,441,29629,51028,10867,Sí
2017,5,COAHUILA,28,SABINAS,PRI_PCP,1,29182,6,441,29629,51028,10877,Sí
2017,5,COAHUILA,28,SABINAS,PVEM_NUAL,1,29182,6,441,29629,51028,429,Sí
2017,5,COAHUILA,28,SABINAS,PVEM_SI,0,29182,6,441,29629,51028,224,Sí
2017,5,COAHUILA,28,SABINAS,PVEM_PJ,1,29182,6,441,29629,51028,240,Sí
2017,5,COAHUILA,28,SABINAS,PVEM_PRC,0,29182,6,441,29629,51028,194,Sí
2017,5,COAHUILA,28,SABINAS,PVEM_PCP,0,29182,6,441,29629,51028,207,Sí
2017,5,COAHUILA,28,SABINAS,NUAL_SI,0,29182,6,441,29629,51028,310,Sí
2017,5,COAHUILA,28,SABINAS,NUAL_PJ,0,29182,6,441,29629,51028,325,Sí
2017,5,COAHUILA,28,SABINAS,NUAL_PRC,0,29182,6,441,29629,51028,280,Sí
2017,5,COAHUILA,28,SABINAS,NUAL_PCP,0,29182,6,441,29629,51028,293,Sí
2017,5,COAHUILA,28,SABINAS,SI_PJ,0,29182,6,441,29629,51028,121,Sí
2017,5,COAHUILA,28,SABINAS,SI_PRC,0,29182,6,441,29629,51028,76,Sí
2017,5,COAHUILA,28,SABINAS,SI_PCP,0,29182,6,441,29629,51028,89,Sí
2017,5,COAHUILA,28,SABINAS,PJ_PRC,1,29182,6,441,29629,51028,92,Sí
2017,5,COAHUILA,28,SABINAS,PJ_PCP,0,29182,6,441,29629,51028,104,Sí
2017,5,COAHUILA,28,SABINAS,PRC_PCP,1,29182,6,441,29629,51028,60,Sí
2017,5,COAHUILA,28,SABINAS,Candidatura Independiente,516,29182,6,441,29629,51028,516,No
2017,5,COAHUILA,29,SACRAMENTO,PAN,107,1542,0,34,1576,1984,107,No
2017,5,COAHUILA,29,SACRAMENTO,PRI,684,1542,0,34,1576,1984,684,No
2017,5,COAHUILA,29,SACRAMENTO,PRD,3,1542,0,34,1576,1984,3,No
2017,5,COAHUILA,29,SACRAMENTO,PT,74,1542,0,34,1576,1984,74,No
2017,5,COAHUILA,29,SACRAMENTO,PVEM,2,1542,0,34,1576,1984,2,No
2017,5,COAHUILA,29,SACRAMENTO,UDC,36,1542,0,34,1576,1984,36,No
2017,5,COAHUILA,29,SACRAMENTO,MC,0,1542,0,34,1576,1984,0,No
2017,5,COAHUILA,29,SACRAMENTO,NUAL,23,1542,0,34,1576,1984,23,No
2017,5,COAHUILA,29,SACRAMENTO,SI,7,1542,0,34,1576,1984,7,No
2017,5,COAHUILA,29,SACRAMENTO,PPC,256,1542,0,34,1576,1984,256,No
2017,5,COAHUILA,29,SACRAMENTO,PJ,1,1542,0,34,1576,1984,1,No
2017,5,COAHUILA,29,SACRAMENTO,PRC,4,1542,0,34,1576,1984,4,No
2017,5,COAHUILA,29,SACRAMENTO,PCP,1,1542,0,34,1576,1984,1,No
2017,5,COAHUILA,29,SACRAMENTO,MORENA,41,1542,0,34,1576,1984,41,No
2017,5,COAHUILA,29,SACRAMENTO,ES,3,1542,0,34,1576,1984,3,No
2017,5,COAHUILA,29,SACRAMENTO,PAN_UDC_PPC_ES,2,1542,0,34,1576,1984,404,Sí
2017,5,COAHUILA,29,SACRAMENTO,PAN_UDC_PPC,0,1542,0,34,1576,1984,399,Sí
2017,5,COAHUILA,29,SACRAMENTO,PAN_UDC_ES,0,1542,0,34,1576,1984,146,Sí
2017,5,COAHUILA,29,SACRAMENTO,PAN_PPC_ES,0,1542,0,34,1576,1984,366,Sí
2017,5,COAHUILA,29,SACRAMENTO,UDC_PPC_ES,0,1542,0,34,1576,1984,295,Sí
2017,5,COAHUILA,29,SACRAMENTO,PAN_UDC,1,1542,0,34,1576,1984,144,Sí
2017,5,COAHUILA,29,SACRAMENTO,PAN_PPC,5,1542,0,34,1576,1984,368,Sí
2017,5,COAHUILA,29,SACRAMENTO,PAN_ES,0,1542,0,34,1576,1984,110,Sí
2017,5,COAHUILA,29,SACRAMENTO,UDC_PPC,0,1542,0,34,1576,1984,292,Sí
2017,5,COAHUILA,29,SACRAMENTO,UDC_ES,0,1542,0,34,1576,1984,39,Sí
2017,5,COAHUILA,29,SACRAMENTO,PPC_ES,0,1542,0,34,1576,1984,259,Sí
2017,5,COAHUILA,29,SACRAMENTO,PRI_PVEM_NUAL_SI_PJ_PRC_PCP,0,1542,0,34,1576,1984,722,Sí
2017,5,COAHUILA,29,SACRAMENTO,PRI_PVEM_NUAL_SI_PJ_PRC,0,1542,0,34,1576,1984,721,Sí
2017,5,COAHUILA,29,SACRAMENTO,PRI_PVEM_NUAL_SI_PJ_PCP,0,1542,0,34,1576,1984,718,Sí
2017,5,COAHUILA,29,SACRAMENTO,PRI_PVEM_NUAL_SI_PRC_PCP,0,1542,0,34,1576,1984,721,Sí
2017,5,COAHUILA,29,SACRAMENTO,PRI_PVEM_NUAL_PJ_PRC_PCP,0,1542,0,34,1576,1984,715,Sí
2017,5,COAHUILA,29,SACRAMENTO,PRI_PVEM_SI_PJ_PRC_PCP,0,1542,0,34,1576,1984,699,Sí
2017,5,COAHUILA,29,SACRAMENTO,PRI_NUAL_SI_PJ_PRC_PCP,0,1542,0,34,1576,1984,720,Sí
2017,5,COAHUILA,29,SACRAMENTO,PVEM_NUAL_SI_PJ_PRC_PCP,0,1542,0,34,1576,1984,38,Sí
2017,5,COAHUILA,29,SACRAMENTO,PRI_PVEM_NUAL_SI_PJ,0,1542,0,34,1576,1984,717,Sí
2017,5,COAHUILA,29,SACRAMENTO,PRI_PVEM_NUAL_SI_PRC,0,1542,0,34,1576,1984,720,Sí
2017,5,COAHUILA,29,SACRAMENTO,PRI_PVEM_NUAL_SI_PCP,0,1542,0,34,1576,1984,717,Sí
2017,5,COAHUILA,29,SACRAMENTO,PRI_PVEM_NUAL_PJ_PRC,0,1542,0,34,1576,1984,714,Sí
2017,5,COAHUILA,29,SACRAMENTO,PRI_PVEM_NUAL_PJ_PCP,0,1542,0,34,1576,1984,711,Sí
2017,5,COAHUILA,29,SACRAMENTO,PRI_PVEM_NUAL_PRC_PCP,0,1542,0,34,1576,1984,714,Sí
2017,5,COAHUILA,29,SACRAMENTO,PRI_PVEM_SI_PJ_PRC,0,1542,0,34,1576,1984,698,Sí
2017,5,COAHUILA,29,SACRAMENTO,PRI_PVEM_SI_PJ_PCP,0,1542,0,34,1576,1984,695,Sí
2017,5,COAHUILA,29,SACRAMENTO,PRI_PVEM_SI_PRC_PCP,0,1542,0,34,1576,1984,698,Sí
2017,5,COAHUILA,29,SACRAMENTO,PRI_PVEM_PJ_PRC_PCP,0,1542,0,34,1576,1984,692,Sí
2017,5,COAHUILA,29,SACRAMENTO,PRI_NUAL_SI_PJ_PRC,0,1542,0,34,1576,1984,719,Sí
2017,5,COAHUILA,29,SACRAMENTO,PRI_NUAL_SI_PJ_PCP,0,1542,0,34,1576,1984,716,Sí
2017,5,COAHUILA,29,SACRAMENTO,PRI_NUAL_SI_PRC_PCP,0,1542,0,34,1576,1984,719,Sí
2017,5,COAHUILA,29,SACRAMENTO,PRI_NUAL_PJ_PRC_PCP,0,1542,0,34,1576,1984,713,Sí
2017,5,COAHUILA,29,SACRAMENTO,PRI_SI_PJ_PRC_PCP,0,1542,0,34,1576,1984,697,Sí
2017,5,COAHUILA,29,SACRAMENTO,PVEM_NUAL_SI_PJ_PRC,0,1542,0,34,1576,1984,37,Sí
2017,5,COAHUILA,29,SACRAMENTO,PVEM_NUAL_SI_PJ_PCP,0,1542,0,34,1576,1984,34,Sí
2017,5,COAHUILA,29,SACRAMENTO,PVEM_NUAL_SI_PRC_PCP,0,1542,0,34,1576,1984,37,Sí
2017,5,COAHUILA,29,SACRAMENTO,PVEM_NUAL_PJ_PRC_PCP,0,1542,0,34,1576,1984,31,Sí
2017,5,COAHUILA,29,SACRAMENTO,PVEM_SI_PJ_PRC_PCP,0,1542,0,34,1576,1984,15,Sí
2017,5,COAHUILA,29,SACRAMENTO,NUAL_SI_PJ_PRC_PCP,0,1542,0,34,1576,1984,36,Sí
2017,5,COAHUILA,29,SACRAMENTO,PRI_PVEM_NUAL_SI,0,1542,0,34,1576,1984,716,Sí
2017,5,COAHUILA,29,SACRAMENTO,PRI_PVEM_NUAL_PJ,0,1542,0,34,1576,1984,710,Sí
2017,5,COAHUILA,29,SACRAMENTO,PRI_PVEM_NUAL_PRC,0,1542,0,34,1576,1984,713,Sí
2017,5,COAHUILA,29,SACRAMENTO,PRI_PVEM_NUAL_PCP,0,1542,0,34,1576,1984,710,Sí
2017,5,COAHUILA,29,SACRAMENTO,PRI_PVEM_SI_PJ,0,1542,0,34,1576,1984,694,Sí
2017,5,COAHUILA,29,SACRAMENTO,PRI_PVEM_SI_PRC,0,1542,0,34,1576,1984,697,Sí
2017,5,COAHUILA,29,SACRAMENTO,PRI_PVEM_SI_PCP,0,1542,0,34,1576,1984,694,Sí
2017,5,COAHUILA,29,SACRAMENTO,PRI_PVEM_PJ_PRC,0,1542,0,34,1576,1984,691,Sí
2017,5,COAHUILA,29,SACRAMENTO,PRI_PVEM_PJ_PCP,0,1542,0,34,1576,1984,688,Sí
2017,5,COAHUILA,29,SACRAMENTO,PRI_PVEM_PRC_PCP,0,1542,0,34,1576,1984,691,Sí
2017,5,COAHUILA,29,SACRAMENTO,PRI_NUAL_SI_PJ,0,1542,0,34,1576,1984,715,Sí
2017,5,COAHUILA,29,SACRAMENTO,PRI_NUAL_SI_PRC,0,1542,0,34,1576,1984,718,Sí
2017,5,COAHUILA,29,SACRAMENTO,PRI_NUAL_SI_PCP,0,1542,0,34,1576,1984,715,Sí
2017,5,COAHUILA,29,SACRAMENTO,PRI_NUAL_PJ_PRC,0,1542,0,34,1576,1984,712,Sí
2017,5,COAHUILA,29,SACRAMENTO,PRI_NUAL_PJ_PCP,0,1542,0,34,1576,1984,709,Sí
2017,5,COAHUILA,29,SACRAMENTO,PRI_NUAL_PRC_PCP,0,1542,0,34,1576,1984,712,Sí
2017,5,COAHUILA,29,SACRAMENTO,PRI_SI_PJ_PRC,0,1542,0,34,1576,1984,696,Sí
2017,5,COAHUILA,29,SACRAMENTO,PRI_SI_PJ_PCP,0,1542,0,34,1576,1984,693,Sí
2017,5,COAHUILA,29,SACRAMENTO,PRI_SI_PRC_PCP,0,1542,0,34,1576,1984,696,Sí
2017,5,COAHUILA,29,SACRAMENTO,PRI_PJ_PRC_PCP,0,1542,0,34,1576,1984,690,Sí
2017,5,COAHUILA,29,SACRAMENTO,PVEM_NUAL_SI_PJ,0,1542,0,34,1576,1984,33,Sí
2017,5,COAHUILA,29,SACRAMENTO,PVEM_NUAL_SI_PRC,0,1542,0,34,1576,1984,36,Sí
2017,5,COAHUILA,29,SACRAMENTO,PVEM_NUAL_SI_PCP,0,1542,0,34,1576,1984,33,Sí
2017,5,COAHUILA,29,SACRAMENTO,PVEM_NUAL_PJ_PRC,0,1542,0,34,1576,1984,30,Sí
2017,5,COAHUILA,29,SACRAMENTO,PVEM_NUAL_PJ_PCP,0,1542,0,34,1576,1984,27,Sí
2017,5,COAHUILA,29,SACRAMENTO,PVEM_NUAL_PRC_PCP,0,1542,0,34,1576,1984,30,Sí
2017,5,COAHUILA,29,SACRAMENTO,PVEM_SI_PJ_PRC,0,1542,0,34,1576,1984,14,Sí
2017,5,COAHUILA,29,SACRAMENTO,PVEM_SI_PJ_PCP,0,1542,0,34,1576,1984,11,Sí
2017,5,COAHUILA,29,SACRAMENTO,PVEM_SI_PRC_PCP,0,1542,0,34,1576,1984,14,Sí
2017,5,COAHUILA,29,SACRAMENTO,PVEM_PJ_PRC_PCP,0,1542,0,34,1576,1984,8,Sí
2017,5,COAHUILA,29,SACRAMENTO,NUAL_SI_PJ_PRC,0,1542,0,34,1576,1984,35,Sí
2017,5,COAHUILA,29,SACRAMENTO,NUAL_SI_PJ_PCP,0,1542,0,34,1576,1984,32,Sí
2017,5,COAHUILA,29,SACRAMENTO,NUAL_SI_PRC_PCP,0,1542,0,34,1576,1984,35,Sí
2017,5,COAHUILA,29,SACRAMENTO,NUAL_PJ_PRC_PCP,0,1542,0,34,1576,1984,29,Sí
2017,5,COAHUILA,29,SACRAMENTO,SI_PJ_PRC_PCP,0,1542,0,34,1576,1984,13,Sí
2017,5,COAHUILA,29,SACRAMENTO,PRI_PVEM_NUAL,0,1542,0,34,1576,1984,709,Sí
2017,5,COAHUILA,29,SACRAMENTO,PRI_PVEM_SI,0,1542,0,34,1576,1984,693,Sí
2017,5,COAHUILA,29,SACRAMENTO,PRI_PVEM_PJ,0,1542,0,34,1576,1984,687,Sí
2017,5,COAHUILA,29,SACRAMENTO,PRI_PVEM_PRC,0,1542,0,34,1576,1984,690,Sí
2017,5,COAHUILA,29,SACRAMENTO,PRI_PVEM_PCP,0,1542,0,34,1576,1984,687,Sí
2017,5,COAHUILA,29,SACRAMENTO,PRI_NUAL_SI,0,1542,0,34,1576,1984,714,Sí
2017,5,COAHUILA,29,SACRAMENTO,PRI_NUAL_PJ,0,1542,0,34,1576,1984,708,Sí
2017,5,COAHUILA,29,SACRAMENTO,PRI_NUAL_PRC,0,1542,0,34,1576,1984,711,Sí
2017,5,COAHUILA,29,SACRAMENTO,PRI_NUAL_PCP,0,1542,0,34,1576,1984,708,Sí
2017,5,COAHUILA,29,SACRAMENTO,PRI_SI_PJ,0,1542,0,34,1576,1984,692,Sí
2017,5,COAHUILA,29,SACRAMENTO,PRI_SI_PRC,0,1542,0,34,1576,1984,695,Sí
2017,5,COAHUILA,29,SACRAMENTO,PRI_SI_PCP,0,1542,0,34,1576,1984,692,Sí
2017,5,COAHUILA,29,SACRAMENTO,PRI_PJ_PRC,0,1542,0,34,1576,1984,689,Sí
2017,5,COAHUILA,29,SACRAMENTO,PRI_PJ_PCP,0,1542,0,34,1576,1984,686,Sí
2017,5,COAHUILA,29,SACRAMENTO,PRI_PRC_PCP,0,1542,0,34,1576,1984,689,Sí
2017,5,COAHUILA,29,SACRAMENTO,PVEM_NUAL_SI,0,1542,0,34,1576,1984,32,Sí
2017,5,COAHUILA,29,SACRAMENTO,PVEM_NUAL_PJ,0,1542,0,34,1576,1984,26,Sí
2017,5,COAHUILA,29,SACRAMENTO,PVEM_NUAL_PRC,0,1542,0,34,1576,1984,29,Sí
2017,5,COAHUILA,29,SACRAMENTO,PVEM_NUAL_PCP,0,1542,0,34,1576,1984,26,Sí
2017,5,COAHUILA,29,SACRAMENTO,PVEM_SI_PJ,0,1542,0,34,1576,1984,10,Sí
2017,5,COAHUILA,29,SACRAMENTO,PVEM_SI_PRC,0,1542,0,34,1576,1984,13,Sí
2017,5,COAHUILA,29,SACRAMENTO,PVEM_SI_PCP,0,1542,0,34,1576,1984,10,Sí
2017,5,COAHUILA,29,SACRAMENTO,PVEM_PJ_PRC,0,1542,0,34,1576,1984,7,Sí
2017,5,COAHUILA,29,SACRAMENTO,PVEM_PJ_PCP,0,1542,0,34,1576,1984,4,Sí
2017,5,COAHUILA,29,SACRAMENTO,PVEM_PRC_PCP,0,1542,0,34,1576,1984,7,Sí
2017,5,COAHUILA,29,SACRAMENTO,NUAL_SI_PJ,0,1542,0,34,1576,1984,31,Sí
2017,5,COAHUILA,29,SACRAMENTO,NUAL_SI_PRC,0,1542,0,34,1576,1984,34,Sí
2017,5,COAHUILA,29,SACRAMENTO,NUAL_SI_PCP,0,1542,0,34,1576,1984,31,Sí
2017,5,COAHUILA,29,SACRAMENTO,NUAL_PJ_PRC,0,1542,0,34,1576,1984,28,Sí
2017,5,COAHUILA,29,SACRAMENTO,NUAL_PJ_PCP,0,1542,0,34,1576,1984,25,Sí
2017,5,COAHUILA,29,SACRAMENTO,NUAL_PRC_PCP,0,1542,0,34,1576,1984,28,Sí
2017,5,COAHUILA,29,SACRAMENTO,SI_PJ_PRC,0,1542,0,34,1576,1984,12,Sí
2017,5,COAHUILA,29,SACRAMENTO,SI_PJ_PCP,0,1542,0,34,1576,1984,9,Sí
2017,5,COAHUILA,29,SACRAMENTO,SI_PRC_PCP,0,1542,0,34,1576,1984,12,Sí
2017,5,COAHUILA,29,SACRAMENTO,PJ_PRC_PCP,0,1542,0,34,1576,1984,6,Sí
2017,5,COAHUILA,29,SACRAMENTO,PRI_PVEM,0,1542,0,34,1576,1984,686,Sí
2017,5,COAHUILA,29,SACRAMENTO,PRI_NUAL,1,1542,0,34,1576,1984,708,Sí
2017,5,COAHUILA,29,SACRAMENTO,PRI_SI,0,1542,0,34,1576,1984,691,Sí
2017,5,COAHUILA,29,SACRAMENTO,PRI_PJ,0,1542,0,34,1576,1984,685,Sí
2017,5,COAHUILA,29,SACRAMENTO,PRI_PRC,0,1542,0,34,1576,1984,688,Sí
2017,5,COAHUILA,29,SACRAMENTO,PRI_PCP,0,1542,0,34,1576,1984,685,Sí
2017,5,COAHUILA,29,SACRAMENTO,PVEM_NUAL,0,1542,0,34,1576,1984,25,Sí
2017,5,COAHUILA,29,SACRAMENTO,PVEM_SI,0,1542,0,34,1576,1984,9,Sí
2017,5,COAHUILA,29,SACRAMENTO,PVEM_PJ,0,1542,0,34,1576,1984,3,Sí
2017,5,COAHUILA,29,SACRAMENTO,PVEM_PRC,0,1542,0,34,1576,1984,6,Sí
2017,5,COAHUILA,29,SACRAMENTO,PVEM_PCP,0,1542,0,34,1576,1984,3,Sí
2017,5,COAHUILA,29,SACRAMENTO,NUAL_SI,0,1542,0,34,1576,1984,30,Sí
2017,5,COAHUILA,29,SACRAMENTO,NUAL_PJ,0,1542,0,34,1576,1984,24,Sí
2017,5,COAHUILA,29,SACRAMENTO,NUAL_PRC,0,1542,0,34,1576,1984,27,Sí
2017,5,COAHUILA,29,SACRAMENTO,NUAL_PCP,0,1542,0,34,1576,1984,24,Sí
2017,5,COAHUILA,29,SACRAMENTO,SI_PJ,0,1542,0,34,1576,1984,8,Sí
2017,5,COAHUILA,29,SACRAMENTO,SI_PRC,0,1542,0,34,1576,1984,11,Sí
2017,5,COAHUILA,29,SACRAMENTO,SI_PCP,0,1542,0,34,1576,1984,8,Sí
2017,5,COAHUILA,29,SACRAMENTO,PJ_PRC,0,1542,0,34,1576,1984,5,Sí
2017,5,COAHUILA,29,SACRAMENTO,PJ_PCP,0,1542,0,34,1576,1984,2,Sí
2017,5,COAHUILA,29,SACRAMENTO,PRC_PCP,0,1542,0,34,1576,1984,5,Sí
2017,5,COAHUILA,29,SACRAMENTO,Candidatura Independiente,291,1542,0,34,1576,1984,291,No
2017,5,COAHUILA,30,SALTILLO,PAN,97218,307241,145,5655,313041,579755,97218,No
2017,5,COAHUILA,30,SALTILLO,PRI,126287,307241,145,5655,313041,579755,126287,No
2017,5,COAHUILA,30,SALTILLO,PRD,3476,307241,145,5655,313041,579755,3476,No
2017,5,COAHUILA,30,SALTILLO,PT,4638,307241,145,5655,313041,579755,4638,No
2017,5,COAHUILA,30,SALTILLO,PVEM,5621,307241,145,5655,313041,579755,5621,No
2017,5,COAHUILA,30,SALTILLO,UDC,1001,307241,145,5655,313041,579755,1001,No
2017,5,COAHUILA,30,SALTILLO,MC,1088,307241,145,5655,313041,579755,1088,No
2017,5,COAHUILA,30,SALTILLO,NUAL,4224,307241,145,5655,313041,579755,4224,No
2017,5,COAHUILA,30,SALTILLO,SI,1318,307241,145,5655,313041,579755,1318,No
2017,5,COAHUILA,30,SALTILLO,PPC,621,307241,145,5655,313041,579755,621,No
2017,5,COAHUILA,30,SALTILLO,PJ,7589,307241,145,5655,313041,579755,7589,No
2017,5,COAHUILA,30,SALTILLO,PRC,607,307241,145,5655,313041,579755,607,No
2017,5,COAHUILA,30,SALTILLO,PCP,2964,307241,145,5655,313041,579755,2964,No
2017,5,COAHUILA,30,SALTILLO,MORENA,27059,307241,145,5655,313041,579755,27059,No
2017,5,COAHUILA,30,SALTILLO,ES,3406,307241,145,5655,313041,579755,3406,No
2017,5,COAHUILA,30,SALTILLO,PAN_UDC_PPC_ES,294,307241,145,5655,313041,579755,102540,Sí
2017,5,COAHUILA,30,SALTILLO,PAN_UDC_PPC,50,307241,145,5655,313041,579755,98890,Sí
2017,5,COAHUILA,30,SALTILLO,PAN_UDC_ES,40,307241,145,5655,313041,579755,101665,Sí
2017,5,COAHUILA,30,SALTILLO,PAN_PPC_ES,33,307241,145,5655,313041,579755,101278,Sí
2017,5,COAHUILA,30,SALTILLO,UDC_PPC_ES,3,307241,145,5655,313041,579755,5031,Sí
2017,5,COAHUILA,30,SALTILLO,PAN_UDC,93,307241,145,5655,313041,579755,98312,Sí
2017,5,COAHUILA,30,SALTILLO,PAN_PPC,40,307241,145,5655,313041,579755,97879,Sí
2017,5,COAHUILA,30,SALTILLO,PAN_ES,118,307241,145,5655,313041,579755,100742,Sí
2017,5,COAHUILA,30,SALTILLO,UDC_PPC,10,307241,145,5655,313041,579755,1632,Sí
2017,5,COAHUILA,30,SALTILLO,UDC_ES,4,307241,145,5655,313041,579755,4411,Sí
2017,5,COAHUILA,30,SALTILLO,PPC_ES,5,307241,145,5655,313041,579755,4032,Sí
2017,5,COAHUILA,30,SALTILLO,PRI_PVEM_NUAL_SI_PJ_PRC_PCP,121,307241,145,5655,313041,579755,148731,Sí
2017,5,COAHUILA,30,SALTILLO,PRI_PVEM_NUAL_SI_PJ_PRC,7,307241,145,5655,313041,579755,145653,Sí
2017,5,COAHUILA,30,SALTILLO,PRI_PVEM_NUAL_SI_PJ_PCP,9,307241,145,5655,313041,579755,148012,Sí
2017,5,COAHUILA,30,SALTILLO,PRI_PVEM_NUAL_SI_PRC_PCP,10,307241,145,5655,313041,579755,141031,Sí
2017,5,COAHUILA,30,SALTILLO,PRI_PVEM_NUAL_PJ_PRC_PCP,9,307241,145,5655,313041,579755,147301,Sí
2017,5,COAHUILA,30,SALTILLO,PRI_PVEM_SI_PJ_PRC_PCP,10,307241,145,5655,313041,579755,144396,Sí
2017,5,COAHUILA,30,SALTILLO,PRI_NUAL_SI_PJ_PRC_PCP,4,307241,145,5655,313041,579755,142993,Sí
2017,5,COAHUILA,30,SALTILLO,PVEM_NUAL_SI_PJ_PRC_PCP,1,307241,145,5655,313041,579755,22324,Sí
2017,5,COAHUILA,30,SALTILLO,PRI_PVEM_NUAL_SI_PJ,5,307241,145,5655,313041,579755,145044,Sí
2017,5,COAHUILA,30,SALTILLO,PRI_PVEM_NUAL_SI_PRC,5,307241,145,5655,313041,579755,138062,Sí
2017,5,COAHUILA,30,SALTILLO,PRI_PVEM_NUAL_SI_PCP,5,307241,145,5655,313041,579755,140419,Sí
2017,5,COAHUILA,30,SALTILLO,PRI_PVEM_NUAL_PJ_PRC,0,307241,145,5655,313041,579755,144328,Sí
2017,5,COAHUILA,30,SALTILLO,PRI_PVEM_NUAL_PJ_PCP,3,307241,145,5655,313041,579755,146688,Sí
2017,5,COAHUILA,30,SALTILLO,PRI_PVEM_NUAL_PRC_PCP,6,307241,145,5655,313041,579755,139709,Sí
2017,5,COAHUILA,30,SALTILLO,PRI_PVEM_SI_PJ_PRC,0,307241,145,5655,313041,579755,141422,Sí
2017,5,COAHUILA,30,SALTILLO,PRI_PVEM_SI_PJ_PCP,4,307241,145,5655,313041,579755,143783,Sí
2017,5,COAHUILA,30,SALTILLO,PRI_PVEM_SI_PRC_PCP,4,307241,145,5655,313041,579755,136801,Sí
2017,5,COAHUILA,30,SALTILLO,PRI_PVEM_PJ_PRC_PCP,4,307241,145,5655,313041,579755,143072,Sí
2017,5,COAHUILA,30,SALTILLO,PRI_NUAL_SI_PJ_PRC,2,307241,145,5655,313041,579755,140027,Sí
2017,5,COAHUILA,30,SALTILLO,PRI_NUAL_SI_PJ_PCP,1,307241,145,5655,313041,579755,142383,Sí
2017,5,COAHUILA,30,SALTILLO,PRI_NUAL_SI_PRC_PCP,0,307241,145,5655,313041,579755,135400,Sí
2017,5,COAHUILA,30,SALTILLO,PRI_NUAL_PJ_PRC_PCP,4,307241,145,5655,313041,579755,141675,Sí
2017,5,COAHUILA,30,SALTILLO,PRI_SI_PJ_PRC_PCP,1,307241,145,5655,313041,579755,138766,Sí
2017,5,COAHUILA,30,SALTILLO,PVEM_NUAL_SI_PJ_PRC,0,307241,145,5655,313041,579755,19359,Sí
2017,5,COAHUILA,30,SALTILLO,PVEM_NUAL_SI_PJ_PCP,1,307241,145,5655,313041,579755,21717,Sí
2017,5,COAHUILA,30,SALTILLO,PVEM_NUAL_SI_PRC_PCP,0,307241,145,5655,313041,579755,14734,Sí
2017,5,COAHUILA,30,SALTILLO,PVEM_NUAL_PJ_PRC_PCP,1,307241,145,5655,313041,579755,21006,Sí
2017,5,COAHUILA,30,SALTILLO,PVEM_SI_PJ_PRC_PCP,0,307241,145,5655,313041,579755,18099,Sí
2017,5,COAHUILA,30,SALTILLO,NUAL_SI_PJ_PRC_PCP,0,307241,145,5655,313041,579755,16702,Sí
2017,5,COAHUILA,30,SALTILLO,PRI_PVEM_NUAL_SI,6,307241,145,5655,313041,579755,137456,Sí
2017,5,COAHUILA,30,SALTILLO,PRI_PVEM_NUAL_PJ,6,307241,145,5655,313041,579755,143727,Sí
2017,5,COAHUILA,30,SALTILLO,PRI_PVEM_NUAL_PRC,8,307241,145,5655,313041,579755,136747,Sí
2017,5,COAHUILA,30,SALTILLO,PRI_PVEM_NUAL_PCP,2,307241,145,5655,313041,579755,139098,Sí
2017,5,COAHUILA,30,SALTILLO,PRI_PVEM_SI_PJ,7,307241,145,5655,313041,579755,140822,Sí
2017,5,COAHUILA,30,SALTILLO,PRI_PVEM_SI_PRC,1,307241,145,5655,313041,579755,133834,Sí
2017,5,COAHUILA,30,SALTILLO,PRI_PVEM_SI_PCP,2,307241,145,5655,313041,579755,136192,Sí
2017,5,COAHUILA,30,SALTILLO,PRI_PVEM_PJ_PRC,1,307241,145,5655,313041,579755,140105,Sí
2017,5,COAHUILA,30,SALTILLO,PRI_PVEM_PJ_PCP,2,307241,145,5655,313041,579755,142463,Sí
2017,5,COAHUILA,30,SALTILLO,PRI_PVEM_PRC_PCP,3,307241,145,5655,313041,579755,135482,Sí
2017,5,COAHUILA,30,SALTILLO,PRI_NUAL_SI_PJ,2,307241,145,5655,313041,579755,139420,Sí
2017,5,COAHUILA,30,SALTILLO,PRI_NUAL_SI_PRC,2,307241,145,5655,313041,579755,132438,Sí
2017,5,COAHUILA,30,SALTILLO,PRI_NUAL_SI_PCP,0,307241,145,5655,313041,579755,134793,Sí
2017,5,COAHUILA,30,SALTILLO,PRI_NUAL_PJ_PRC,1,307241,145,5655,313041,579755,138708,Sí
2017,5,COAHUILA,30,SALTILLO,PRI_NUAL_PJ_PCP,1,307241,145,5655,313041,579755,141065,Sí
2017,5,COAHUILA,30,SALTILLO,PRI_NUAL_PRC_PCP,4,307241,145,5655,313041,579755,134086,Sí
2017,5,COAHUILA,30,SALTILLO,PRI_SI_PJ_PRC,2,307241,145,5655,313041,579755,135803,Sí
2017,5,COAHUILA,30,SALTILLO,PRI_SI_PJ_PCP,1,307241,145,5655,313041,579755,138159,Sí
2017,5,COAHUILA,30,SALTILLO,PRI_SI_PRC_PCP,1,307241,145,5655,313041,579755,131177,Sí
2017,5,COAHUILA,30,SALTILLO,PRI_PJ_PRC_PCP,1,307241,145,5655,313041,579755,137448,Sí
2017,5,COAHUILA,30,SALTILLO,PVEM_NUAL_SI_PJ,0,307241,145,5655,313041,579755,18752,Sí
2017,5,COAHUILA,30,SALTILLO,PVEM_NUAL_SI_PRC,0,307241,145,5655,313041,579755,11770,Sí
2017,5,COAHUILA,30,SALTILLO,PVEM_NUAL_SI_PCP,0,307241,145,5655,313041,579755,14127,Sí
2017,5,COAHUILA,30,SALTILLO,PVEM_NUAL_PJ_PRC,0,307241,145,5655,313041,579755,18041,Sí
2017,5,COAHUILA,30,SALTILLO,PVEM_NUAL_PJ_PCP,0,307241,145,5655,313041,579755,20398,Sí
2017,5,COAHUILA,30,SALTILLO,PVEM_NUAL_PRC_PCP,3,307241,145,5655,313041,579755,13419,Sí
2017,5,COAHUILA,30,SALTILLO,PVEM_SI_PJ_PRC,0,307241,145,5655,313041,579755,15135,Sí
2017,5,COAHUILA,30,SALTILLO,PVEM_SI_PJ_PCP,2,307241,145,5655,313041,579755,17494,Sí
2017,5,COAHUILA,30,SALTILLO,PVEM_SI_PRC_PCP,0,307241,145,5655,313041,579755,10510,Sí
2017,5,COAHUILA,30,SALTILLO,PVEM_PJ_PRC_PCP,0,307241,145,5655,313041,579755,16781,Sí
2017,5,COAHUILA,30,SALTILLO,NUAL_SI_PJ_PRC,0,307241,145,5655,313041,579755,13738,Sí
2017,5,COAHUILA,30,SALTILLO,NUAL_SI_PJ_PCP,1,307241,145,5655,313041,579755,16096,Sí
2017,5,COAHUILA,30,SALTILLO,NUAL_SI_PRC_PCP,2,307241,145,5655,313041,579755,9115,Sí
2017,5,COAHUILA,30,SALTILLO,NUAL_PJ_PRC_PCP,0,307241,145,5655,313041,579755,15384,Sí
2017,5,COAHUILA,30,SALTILLO,SI_PJ_PRC_PCP,0,307241,145,5655,313041,579755,12478,Sí
2017,5,COAHUILA,30,SALTILLO,PRI_PVEM_NUAL,46,307241,145,5655,313041,579755,136178,Sí
2017,5,COAHUILA,30,SALTILLO,PRI_PVEM_SI,18,307241,145,5655,313041,579755,133244,Sí
2017,5,COAHUILA,30,SALTILLO,PRI_PVEM_PJ,20,307241,145,5655,313041,579755,139517,Sí
2017,5,COAHUILA,30,SALTILLO,PRI_PVEM_PRC,8,307241,145,5655,313041,579755,132523,Sí
2017,5,COAHUILA,30,SALTILLO,PRI_PVEM_PCP,5,307241,145,5655,313041,579755,134877,Sí
2017,5,COAHUILA,30,SALTILLO,PRI_NUAL_SI,6,307241,145,5655,313041,579755,131835,Sí
2017,5,COAHUILA,30,SALTILLO,PRI_NUAL_PJ,12,307241,145,5655,313041,579755,138112,Sí
2017,5,COAHUILA,30,SALTILLO,PRI_NUAL_PRC,21,307241,145,5655,313041,579755,131139,Sí
2017,5,COAHUILA,30,SALTILLO,PRI_NUAL_PCP,0,307241,145,5655,313041,579755,133475,Sí
2017,5,COAHUILA,30,SALTILLO,PRI_SI_PJ,5,307241,145,5655,313041,579755,135199,Sí
2017,5,COAHUILA,30,SALTILLO,PRI_SI_PRC,3,307241,145,5655,313041,579755,128215,Sí
2017,5,COAHUILA,30,SALTILLO,PRI_SI_PCP,3,307241,145,5655,313041,579755,130572,Sí
2017,5,COAHUILA,30,SALTILLO,PRI_PJ_PRC,3,307241,145,5655,313041,579755,134486,Sí
2017,5,COAHUILA,30,SALTILLO,PRI_PJ_PCP,4,307241,145,5655,313041,579755,136844,Sí
2017,5,COAHUILA,30,SALTILLO,PRI_PRC_PCP,2,307241,145,5655,313041,579755,129860,Sí
2017,5,COAHUILA,30,SALTILLO,PVEM_NUAL_SI,2,307241,145,5655,313041,579755,11165,Sí
2017,5,COAHUILA,30,SALTILLO,PVEM_NUAL_PJ,0,307241,145,5655,313041,579755,17434,Sí
2017,5,COAHUILA,30,SALTILLO,PVEM_NUAL_PRC,0,307241,145,5655,313041,579755,10452,Sí
2017,5,COAHUILA,30,SALTILLO,PVEM_NUAL_PCP,1,307241,145,5655,313041,579755,12810,Sí
2017,5,COAHUILA,30,SALTILLO,PVEM_SI_PJ,2,307241,145,5655,313041,579755,14530,Sí
2017,5,COAHUILA,30,SALTILLO,PVEM_SI_PRC,0,307241,145,5655,313041,579755,7546,Sí
2017,5,COAHUILA,30,SALTILLO,PVEM_SI_PCP,1,307241,145,5655,313041,579755,9904,Sí
2017,5,COAHUILA,30,SALTILLO,PVEM_PJ_PRC,0,307241,145,5655,313041,579755,13817,Sí
2017,5,COAHUILA,30,SALTILLO,PVEM_PJ_PCP,2,307241,145,5655,313041,579755,16176,Sí
2017,5,COAHUILA,30,SALTILLO,PVEM_PRC_PCP,0,307241,145,5655,313041,579755,9192,Sí
2017,5,COAHUILA,30,SALTILLO,NUAL_SI_PJ,0,307241,145,5655,313041,579755,13131,Sí
2017,5,COAHUILA,30,SALTILLO,NUAL_SI_PRC,0,307241,145,5655,313041,579755,6149,Sí
2017,5,COAHUILA,30,SALTILLO,NUAL_SI_PCP,1,307241,145,5655,313041,579755,8507,Sí
2017,5,COAHUILA,30,SALTILLO,NUAL_PJ_PRC,2,307241,145,5655,313041,579755,12422,Sí
2017,5,COAHUILA,30,SALTILLO,NUAL_PJ_PCP,0,307241,145,5655,313041,579755,14777,Sí
2017,5,COAHUILA,30,SALTILLO,NUAL_PRC_PCP,1,307241,145,5655,313041,579755,7796,Sí
2017,5,COAHUILA,30,SALTILLO,SI_PJ_PRC,0,307241,145,5655,313041,579755,9514,Sí
2017,5,COAHUILA,30,SALTILLO,SI_PJ_PCP,1,307241,145,5655,313041,579755,11872,Sí
2017,5,COAHUILA,30,SALTILLO,SI_PRC_PCP,0,307241,145,5655,313041,579755,4889,Sí
2017,5,COAHUILA,30,SALTILLO,PJ_PRC_PCP,0,307241,145,5655,313041,579755,11160,Sí
2017,5,COAHUILA,30,SALTILLO,PRI_PVEM,234,307241,145,5655,313041,579755,132142,Sí
2017,5,COAHUILA,30,SALTILLO,PRI_NUAL,109,307241,145,5655,313041,579755,130620,Sí
2017,5,COAHUILA,30,SALTILLO,PRI_SI,37,307241,145,5655,313041,579755,127642,Sí
2017,5,COAHUILA,30,SALTILLO,PRI_PJ,201,307241,145,5655,313041,579755,134077,Sí
2017,5,COAHUILA,30,SALTILLO,PRI_PRC,21,307241,145,5655,313041,579755,126915,Sí
2017,5,COAHUILA,30,SALTILLO,PRI_PCP,29,307241,145,5655,313041,579755,129280,Sí
2017,5,COAHUILA,30,SALTILLO,PVEM_NUAL,15,307241,145,5655,313041,579755,9860,Sí
2017,5,COAHUILA,30,SALTILLO,PVEM_SI,5,307241,145,5655,313041,579755,6944,Sí
2017,5,COAHUILA,30,SALTILLO,PVEM_PJ,4,307241,145,5655,313041,579755,13214,Sí
2017,5,COAHUILA,30,SALTILLO,PVEM_PRC,4,307241,145,5655,313041,579755,6232,Sí
2017,5,COAHUILA,30,SALTILLO,PVEM_PCP,4,307241,145,5655,313041,579755,8589,Sí
2017,5,COAHUILA,30,SALTILLO,NUAL_SI,2,307241,145,5655,313041,579755,5544,Sí
2017,5,COAHUILA,30,SALTILLO,NUAL_PJ,7,307241,145,5655,313041,579755,11820,Sí
2017,5,COAHUILA,30,SALTILLO,NUAL_PRC,1,307241,145,5655,313041,579755,4832,Sí
2017,5,COAHUILA,30,SALTILLO,NUAL_PCP,2,307241,145,5655,313041,579755,7190,Sí
2017,5,COAHUILA,30,SALTILLO,SI_PJ,9,307241,145,5655,313041,579755,8916,Sí
2017,5,COAHUILA,30,SALTILLO,SI_PRC,3,307241,145,5655,313041,579755,1928,Sí
2017,5,COAHUILA,30,SALTILLO,SI_PCP,1,307241,145,5655,313041,579755,4283,Sí
2017,5,COAHUILA,30,SALTILLO,PJ_PRC,5,307241,145,5655,313041,579755,8201,Sí
2017,5,COAHUILA,30,SALTILLO,PJ_PCP,5,307241,145,5655,313041,579755,10558,Sí
2017,5,COAHUILA,30,SALTILLO,PRC_PCP,9,307241,145,5655,313041,579755,3580,Sí
2017,5,COAHUILA,30,SALTILLO,Candidatura Independiente,10372,307241,145,5655,313041,579755,10372,No
2017,5,COAHUILA,30,SALTILLO,Candidatura Independiente,7908,307241,145,5655,313041,579755,7908,No
2017,5,COAHUILA,31,SAN BUENAVENTURA,PAN,2318,11128,3,116,11247,18207,2318,No
2017,5,COAHUILA,31,SAN BUENAVENTURA,PRI,4638,11128,3,116,11247,18207,4638,No
2017,5,COAHUILA,31,SAN BUENAVENTURA,PRD,96,11128,3,116,11247,18207,96,No
2017,5,COAHUILA,31,SAN BUENAVENTURA,PT,299,11128,3,116,11247,18207,299,No
2017,5,COAHUILA,31,SAN BUENAVENTURA,PVEM,0,11128,3,116,11247,18207,0,No
2017,5,COAHUILA,31,SAN BUENAVENTURA,UDC,34,11128,3,116,11247,18207,34,No
2017,5,COAHUILA,31,SAN BUENAVENTURA,MC,0,11128,3,116,11247,18207,0,No
2017,5,COAHUILA,31,SAN BUENAVENTURA,NUAL,2006,11128,3,116,11247,18207,2006,No
2017,5,COAHUILA,31,SAN BUENAVENTURA,SI,0,11128,3,116,11247,18207,0,No
2017,5,COAHUILA,31,SAN BUENAVENTURA,PPC,55,11128,3,116,11247,18207,55,No
2017,5,COAHUILA,31,SAN BUENAVENTURA,PJ,0,11128,3,116,11247,18207,0,No
2017,5,COAHUILA,31,SAN BUENAVENTURA,PRC,0,11128,3,116,11247,18207,0,No
2017,5,COAHUILA,31,SAN BUENAVENTURA,PCP,0,11128,3,116,11247,18207,0,No
2017,5,COAHUILA,31,SAN BUENAVENTURA,MORENA,1584,11128,3,116,11247,18207,1584,No
2017,5,COAHUILA,31,SAN BUENAVENTURA,ES,78,11128,3,116,11247,18207,78,No
2017,5,COAHUILA,31,SAN BUENAVENTURA,PAN_UDC_PPC_ES,7,11128,3,116,11247,18207,2492,Sí
2017,5,COAHUILA,31,SAN BUENAVENTURA,PAN_UDC_PPC,2,11128,3,116,11247,18207,2409,Sí
2017,5,COAHUILA,31,SAN BUENAVENTURA,PAN_UDC_ES,2,11128,3,116,11247,18207,2432,Sí
2017,5,COAHUILA,31,SAN BUENAVENTURA,PAN_PPC_ES,1,11128,3,116,11247,18207,2452,Sí
2017,5,COAHUILA,31,SAN BUENAVENTURA,UDC_PPC_ES,1,11128,3,116,11247,18207,168,Sí
2017,5,COAHUILA,31,SAN BUENAVENTURA,PAN_UDC,3,11128,3,116,11247,18207,2355,Sí
2017,5,COAHUILA,31,SAN BUENAVENTURA,PAN_PPC,0,11128,3,116,11247,18207,2373,Sí
2017,5,COAHUILA,31,SAN BUENAVENTURA,PAN_ES,3,11128,3,116,11247,18207,2399,Sí
2017,5,COAHUILA,31,SAN BUENAVENTURA,UDC_PPC,0,11128,3,116,11247,18207,89,Sí
2017,5,COAHUILA,31,SAN BUENAVENTURA,UDC_ES,1,11128,3,116,11247,18207,113,Sí
2017,5,COAHUILA,31,SAN BUENAVENTURA,PPC_ES,0,11128,3,116,11247,18207,133,Sí
2017,5,COAHUILA,31,SAN BUENAVENTURA,PRI_PVEM_NUAL_SI_PJ_PRC_PCP,0,11128,3,116,11247,18207,6644,Sí
2017,5,COAHUILA,31,SAN BUENAVENTURA,PRI_PVEM_NUAL_SI_PJ_PRC,0,11128,3,116,11247,18207,6644,Sí
2017,5,COAHUILA,31,SAN BUENAVENTURA,PRI_PVEM_NUAL_SI_PJ_PCP,0,11128,3,116,11247,18207,6644,Sí
2017,5,COAHUILA,31,SAN BUENAVENTURA,PRI_PVEM_NUAL_SI_PRC_PCP,0,11128,3,116,11247,18207,6644,Sí
2017,5,COAHUILA,31,SAN BUENAVENTURA,PRI_PVEM_NUAL_PJ_PRC_PCP,0,11128,3,116,11247,18207,6644,Sí
2017,5,COAHUILA,31,SAN BUENAVENTURA,PRI_PVEM_SI_PJ_PRC_PCP,0,11128,3,116,11247,18207,4638,Sí
2017,5,COAHUILA,31,SAN BUENAVENTURA,PRI_NUAL_SI_PJ_PRC_PCP,0,11128,3,116,11247,18207,6644,Sí
2017,5,COAHUILA,31,SAN BUENAVENTURA,PVEM_NUAL_SI_PJ_PRC_PCP,0,11128,3,116,11247,18207,2006,Sí
2017,5,COAHUILA,31,SAN BUENAVENTURA,PRI_PVEM_NUAL_SI_PJ,0,11128,3,116,11247,18207,6644,Sí
2017,5,COAHUILA,31,SAN BUENAVENTURA,PRI_PVEM_NUAL_SI_PRC,0,11128,3,116,11247,18207,6644,Sí
2017,5,COAHUILA,31,SAN BUENAVENTURA,PRI_PVEM_NUAL_SI_PCP,0,11128,3,116,11247,18207,6644,Sí
2017,5,COAHUILA,31,SAN BUENAVENTURA,PRI_PVEM_NUAL_PJ_PRC,0,11128,3,116,11247,18207,6644,Sí
2017,5,COAHUILA,31,SAN BUENAVENTURA,PRI_PVEM_NUAL_PJ_PCP,0,11128,3,116,11247,18207,6644,Sí
2017,5,COAHUILA,31,SAN BUENAVENTURA,PRI_PVEM_NUAL_PRC_PCP,0,11128,3,116,11247,18207,6644,Sí
2017,5,COAHUILA,31,SAN BUENAVENTURA,PRI_PVEM_SI_PJ_PRC,0,11128,3,116,11247,18207,4638,Sí
2017,5,COAHUILA,31,SAN BUENAVENTURA,PRI_PVEM_SI_PJ_PCP,0,11128,3,116,11247,18207,4638,Sí
2017,5,COAHUILA,31,SAN BUENAVENTURA,PRI_PVEM_SI_PRC_PCP,0,11128,3,116,11247,18207,4638,Sí
2017,5,COAHUILA,31,SAN BUENAVENTURA,PRI_PVEM_PJ_PRC_PCP,0,11128,3,116,11247,18207,4638,Sí
2017,5,COAHUILA,31,SAN BUENAVENTURA,PRI_NUAL_SI_PJ_PRC,0,11128,3,116,11247,18207,6644,Sí
2017,5,COAHUILA,31,SAN BUENAVENTURA,PRI_NUAL_SI_PJ_PCP,0,11128,3,116,11247,18207,6644,Sí
2017,5,COAHUILA,31,SAN BUENAVENTURA,PRI_NUAL_SI_PRC_PCP,0,11128,3,116,11247,18207,6644,Sí
2017,5,COAHUILA,31,SAN BUENAVENTURA,PRI_NUAL_PJ_PRC_PCP,0,11128,3,116,11247,18207,6644,Sí
2017,5,COAHUILA,31,SAN BUENAVENTURA,PRI_SI_PJ_PRC_PCP,0,11128,3,116,11247,18207,4638,Sí
2017,5,COAHUILA,31,SAN BUENAVENTURA,PVEM_NUAL_SI_PJ_PRC,0,11128,3,116,11247,18207,2006,Sí
2017,5,COAHUILA,31,SAN BUENAVENTURA,PVEM_NUAL_SI_PJ_PCP,0,11128,3,116,11247,18207,2006,Sí
2017,5,COAHUILA,31,SAN BUENAVENTURA,PVEM_NUAL_SI_PRC_PCP,0,11128,3,116,11247,18207,2006,Sí
2017,5,COAHUILA,31,SAN BUENAVENTURA,PVEM_NUAL_PJ_PRC_PCP,0,11128,3,116,11247,18207,2006,Sí
2017,5,COAHUILA,31,SAN BUENAVENTURA,PVEM_SI_PJ_PRC_PCP,0,11128,3,116,11247,18207,0,Sí
2017,5,COAHUILA,31,SAN BUENAVENTURA,NUAL_SI_PJ_PRC_PCP,0,11128,3,116,11247,18207,2006,Sí
2017,5,COAHUILA,31,SAN BUENAVENTURA,PRI_PVEM_NUAL_SI,0,11128,3,116,11247,18207,6644,Sí
2017,5,COAHUILA,31,SAN BUENAVENTURA,PRI_PVEM_NUAL_PJ,0,11128,3,116,11247,18207,6644,Sí
2017,5,COAHUILA,31,SAN BUENAVENTURA,PRI_PVEM_NUAL_PRC,0,11128,3,116,11247,18207,6644,Sí
2017,5,COAHUILA,31,SAN BUENAVENTURA,PRI_PVEM_NUAL_PCP,0,11128,3,116,11247,18207,6644,Sí
2017,5,COAHUILA,31,SAN BUENAVENTURA,PRI_PVEM_SI_PJ,0,11128,3,116,11247,18207,4638,Sí
2017,5,COAHUILA,31,SAN BUENAVENTURA,PRI_PVEM_SI_PRC,0,11128,3,116,11247,18207,4638,Sí
2017,5,COAHUILA,31,SAN BUENAVENTURA,PRI_PVEM_SI_PCP,0,11128,3,116,11247,18207,4638,Sí
2017,5,COAHUILA,31,SAN BUENAVENTURA,PRI_PVEM_PJ_PRC,0,11128,3,116,11247,18207,4638,Sí
2017,5,COAHUILA,31,SAN BUENAVENTURA,PRI_PVEM_PJ_PCP,0,11128,3,116,11247,18207,4638,Sí
2017,5,COAHUILA,31,SAN BUENAVENTURA,PRI_PVEM_PRC_PCP,0,11128,3,116,11247,18207,4638,Sí
2017,5,COAHUILA,31,SAN BUENAVENTURA,PRI_NUAL_SI_PJ,0,11128,3,116,11247,18207,6644,Sí
2017,5,COAHUILA,31,SAN BUENAVENTURA,PRI_NUAL_SI_PRC,0,11128,3,116,11247,18207,6644,Sí
2017,5,COAHUILA,31,SAN BUENAVENTURA,PRI_NUAL_SI_PCP,0,11128,3,116,11247,18207,6644,Sí
2017,5,COAHUILA,31,SAN BUENAVENTURA,PRI_NUAL_PJ_PRC,0,11128,3,116,11247,18207,6644,Sí
2017,5,COAHUILA,31,SAN BUENAVENTURA,PRI_NUAL_PJ_PCP,0,11128,3,116,11247,18207,6644,Sí
2017,5,COAHUILA,31,SAN BUENAVENTURA,PRI_NUAL_PRC_PCP,0,11128,3,116,11247,18207,6644,Sí
2017,5,COAHUILA,31,SAN BUENAVENTURA,PRI_SI_PJ_PRC,0,11128,3,116,11247,18207,4638,Sí
2017,5,COAHUILA,31,SAN BUENAVENTURA,PRI_SI_PJ_PCP,0,11128,3,116,11247,18207,4638,Sí
2017,5,COAHUILA,31,SAN BUENAVENTURA,PRI_SI_PRC_PCP,0,11128,3,116,11247,18207,4638,Sí
2017,5,COAHUILA,31,SAN BUENAVENTURA,PRI_PJ_PRC_PCP,0,11128,3,116,11247,18207,4638,Sí
2017,5,COAHUILA,31,SAN BUENAVENTURA,PVEM_NUAL_SI_PJ,0,11128,3,116,11247,18207,2006,Sí
2017,5,COAHUILA,31,SAN BUENAVENTURA,PVEM_NUAL_SI_PRC,0,11128,3,116,11247,18207,2006,Sí
2017,5,COAHUILA,31,SAN BUENAVENTURA,PVEM_NUAL_SI_PCP,0,11128,3,116,11247,18207,2006,Sí
2017,5,COAHUILA,31,SAN BUENAVENTURA,PVEM_NUAL_PJ_PRC,0,11128,3,116,11247,18207,2006,Sí
2017,5,COAHUILA,31,SAN BUENAVENTURA,PVEM_NUAL_PJ_PCP,0,11128,3,116,11247,18207,2006,Sí
2017,5,COAHUILA,31,SAN BUENAVENTURA,PVEM_NUAL_PRC_PCP,0,11128,3,116,11247,18207,2006,Sí
2017,5,COAHUILA,31,SAN BUENAVENTURA,PVEM_SI_PJ_PRC,0,11128,3,116,11247,18207,0,Sí
2017,5,COAHUILA,31,SAN BUENAVENTURA,PVEM_SI_PJ_PCP,0,11128,3,116,11247,18207,0,Sí
2017,5,COAHUILA,31,SAN BUENAVENTURA,PVEM_SI_PRC_PCP,0,11128,3,116,11247,18207,0,Sí
2017,5,COAHUILA,31,SAN BUENAVENTURA,PVEM_PJ_PRC_PCP,0,11128,3,116,11247,18207,0,Sí
2017,5,COAHUILA,31,SAN BUENAVENTURA,NUAL_SI_PJ_PRC,0,11128,3,116,11247,18207,2006,Sí
2017,5,COAHUILA,31,SAN BUENAVENTURA,NUAL_SI_PJ_PCP,0,11128,3,116,11247,18207,2006,Sí
2017,5,COAHUILA,31,SAN BUENAVENTURA,NUAL_SI_PRC_PCP,0,11128,3,116,11247,18207,2006,Sí
2017,5,COAHUILA,31,SAN BUENAVENTURA,NUAL_PJ_PRC_PCP,0,11128,3,116,11247,18207,2006,Sí
2017,5,COAHUILA,31,SAN BUENAVENTURA,SI_PJ_PRC_PCP,0,11128,3,116,11247,18207,0,Sí
2017,5,COAHUILA,31,SAN BUENAVENTURA,PRI_PVEM_NUAL,0,11128,3,116,11247,18207,6644,Sí
2017,5,COAHUILA,31,SAN BUENAVENTURA,PRI_PVEM_SI,0,11128,3,116,11247,18207,4638,Sí
2017,5,COAHUILA,31,SAN BUENAVENTURA,PRI_PVEM_PJ,0,11128,3,116,11247,18207,4638,Sí
2017,5,COAHUILA,31,SAN BUENAVENTURA,PRI_PVEM_PRC,0,11128,3,116,11247,18207,4638,Sí
2017,5,COAHUILA,31,SAN BUENAVENTURA,PRI_PVEM_PCP,0,11128,3,116,11247,18207,4638,Sí
2017,5,COAHUILA,31,SAN BUENAVENTURA,PRI_NUAL_SI,0,11128,3,116,11247,18207,6644,Sí
2017,5,COAHUILA,31,SAN BUENAVENTURA,PRI_NUAL_PJ,0,11128,3,116,11247,18207,6644,Sí
2017,5,COAHUILA,31,SAN BUENAVENTURA,PRI_NUAL_PRC,0,11128,3,116,11247,18207,6644,Sí
2017,5,COAHUILA,31,SAN BUENAVENTURA,PRI_NUAL_PCP,0,11128,3,116,11247,18207,6644,Sí
2017,5,COAHUILA,31,SAN BUENAVENTURA,PRI_SI_PJ,0,11128,3,116,11247,18207,4638,Sí
2017,5,COAHUILA,31,SAN BUENAVENTURA,PRI_SI_PRC,0,11128,3,116,11247,18207,4638,Sí
2017,5,COAHUILA,31,SAN BUENAVENTURA,PRI_SI_PCP,0,11128,3,116,11247,18207,4638,Sí
2017,5,COAHUILA,31,SAN BUENAVENTURA,PRI_PJ_PRC,0,11128,3,116,11247,18207,4638,Sí
2017,5,COAHUILA,31,SAN BUENAVENTURA,PRI_PJ_PCP,0,11128,3,116,11247,18207,4638,Sí
2017,5,COAHUILA,31,SAN BUENAVENTURA,PRI_PRC_PCP,0,11128,3,116,11247,18207,4638,Sí
2017,5,COAHUILA,31,SAN BUENAVENTURA,PVEM_NUAL_SI,0,11128,3,116,11247,18207,2006,Sí
2017,5,COAHUILA,31,SAN BUENAVENTURA,PVEM_NUAL_PJ,0,11128,3,116,11247,18207,2006,Sí
2017,5,COAHUILA,31,SAN BUENAVENTURA,PVEM_NUAL_PRC,0,11128,3,116,11247,18207,2006,Sí
2017,5,COAHUILA,31,SAN BUENAVENTURA,PVEM_NUAL_PCP,0,11128,3,116,11247,18207,2006,Sí
2017,5,COAHUILA,31,SAN BUENAVENTURA,PVEM_SI_PJ,0,11128,3,116,11247,18207,0,Sí
2017,5,COAHUILA,31,SAN BUENAVENTURA,PVEM_SI_PRC,0,11128,3,116,11247,18207,0,Sí
2017,5,COAHUILA,31,SAN BUENAVENTURA,PVEM_SI_PCP,0,11128,3,116,11247,18207,0,Sí
2017,5,COAHUILA,31,SAN BUENAVENTURA,PVEM_PJ_PRC,0,11128,3,116,11247,18207,0,Sí
2017,5,COAHUILA,31,SAN BUENAVENTURA,PVEM_PJ_PCP,0,11128,3,116,11247,18207,0,Sí
2017,5,COAHUILA,31,SAN BUENAVENTURA,PVEM_PRC_PCP,0,11128,3,116,11247,18207,0,Sí
2017,5,COAHUILA,31,SAN BUENAVENTURA,NUAL_SI_PJ,0,11128,3,116,11247,18207,2006,Sí
2017,5,COAHUILA,31,SAN BUENAVENTURA,NUAL_SI_PRC,0,11128,3,116,11247,18207,2006,Sí
2017,5,COAHUILA,31,SAN BUENAVENTURA,NUAL_SI_PCP,0,11128,3,116,11247,18207,2006,Sí
2017,5,COAHUILA,31,SAN BUENAVENTURA,NUAL_PJ_PRC,0,11128,3,116,11247,18207,2006,Sí
2017,5,COAHUILA,31,SAN BUENAVENTURA,NUAL_PJ_PCP,0,11128,3,116,11247,18207,2006,Sí
2017,5,COAHUILA,31,SAN BUENAVENTURA,NUAL_PRC_PCP,0,11128,3,116,11247,18207,2006,Sí
2017,5,COAHUILA,31,SAN BUENAVENTURA,SI_PJ_PRC,0,11128,3,116,11247,18207,0,Sí
2017,5,COAHUILA,31,SAN BUENAVENTURA,SI_PJ_PCP,0,11128,3,116,11247,18207,0,Sí
2017,5,COAHUILA,31,SAN BUENAVENTURA,SI_PRC_PCP,0,11128,3,116,11247,18207,0,Sí
2017,5,COAHUILA,31,SAN BUENAVENTURA,PJ_PRC_PCP,0,11128,3,116,11247,18207,0,Sí
2017,5,COAHUILA,31,SAN BUENAVENTURA,PRI_PVEM,0,11128,3,116,11247,18207,4638,Sí
2017,5,COAHUILA,31,SAN BUENAVENTURA,PRI_NUAL,0,11128,3,116,11247,18207,6644,Sí
2017,5,COAHUILA,31,SAN BUENAVENTURA,PRI_SI,0,11128,3,116,11247,18207,4638,Sí
2017,5,COAHUILA,31,SAN BUENAVENTURA,PRI_PJ,0,11128,3,116,11247,18207,4638,Sí
2017,5,COAHUILA,31,SAN BUENAVENTURA,PRI_PRC,0,11128,3,116,11247,18207,4638,Sí
2017,5,COAHUILA,31,SAN BUENAVENTURA,PRI_PCP,0,11128,3,116,11247,18207,4638,Sí
2017,5,COAHUILA,31,SAN BUENAVENTURA,PVEM_NUAL,0,11128,3,116,11247,18207,2006,Sí
2017,5,COAHUILA,31,SAN BUENAVENTURA,PVEM_SI,0,11128,3,116,11247,18207,0,Sí
2017,5,COAHUILA,31,SAN BUENAVENTURA,PVEM_PJ,0,11128,3,116,11247,18207,0,Sí
2017,5,COAHUILA,31,SAN BUENAVENTURA,PVEM_PRC,0,11128,3,116,11247,18207,0,Sí
2017,5,COAHUILA,31,SAN BUENAVENTURA,PVEM_PCP,0,11128,3,116,11247,18207,0,Sí
2017,5,COAHUILA,31,SAN BUENAVENTURA,NUAL_SI,0,11128,3,116,11247,18207,2006,Sí
2017,5,COAHUILA,31,SAN BUENAVENTURA,NUAL_PJ,0,11128,3,116,11247,18207,2006,Sí
2017,5,COAHUILA,31,SAN BUENAVENTURA,NUAL_PRC,0,11128,3,116,11247,18207,2006,Sí
2017,5,COAHUILA,31,SAN BUENAVENTURA,NUAL_PCP,0,11128,3,116,11247,18207,2006,Sí
2017,5,COAHUILA,31,SAN BUENAVENTURA,SI_PJ,0,11128,3,116,11247,18207,0,Sí
2017,5,COAHUILA,31,SAN BUENAVENTURA,SI_PRC,0,11128,3,116,11247,18207,0,Sí
2017,5,COAHUILA,31,SAN BUENAVENTURA,SI_PCP,0,11128,3,116,11247,18207,0,Sí
2017,5,COAHUILA,31,SAN BUENAVENTURA,PJ_PRC,0,11128,3,116,11247,18207,0,Sí
2017,5,COAHUILA,31,SAN BUENAVENTURA,PJ_PCP,0,11128,3,116,11247,18207,0,Sí
2017,5,COAHUILA,31,SAN BUENAVENTURA,PRC_PCP,0,11128,3,116,11247,18207,0,Sí
2017,5,COAHUILA,32,SAN JUAN DE SABINAS,PAN,11609,20699,0,274,20973,35176,11609,No
2017,5,COAHUILA,32,SAN JUAN DE SABINAS,PRI,6863,20699,0,274,20973,35176,6863,No
2017,5,COAHUILA,32,SAN JUAN DE SABINAS,PRD,39,20699,0,274,20973,35176,39,No
2017,5,COAHUILA,32,SAN JUAN DE SABINAS,PT,200,20699,0,274,20973,35176,200,No
2017,5,COAHUILA,32,SAN JUAN DE SABINAS,PVEM,69,20699,0,274,20973,35176,69,No
2017,5,COAHUILA,32,SAN JUAN DE SABINAS,UDC,138,20699,0,274,20973,35176,138,No
2017,5,COAHUILA,32,SAN JUAN DE SABINAS,MC,236,20699,0,274,20973,35176,236,No
2017,5,COAHUILA,32,SAN JUAN DE SABINAS,NUAL,114,20699,0,274,20973,35176,114,No
2017,5,COAHUILA,32,SAN JUAN DE SABINAS,SI,43,20699,0,274,20973,35176,43,No
2017,5,COAHUILA,32,SAN JUAN DE SABINAS,PPC,49,20699,0,274,20973,35176,49,No
2017,5,COAHUILA,32,SAN JUAN DE SABINAS,PJ,44,20699,0,274,20973,35176,44,No
2017,5,COAHUILA,32,SAN JUAN DE SABINAS,PRC,11,20699,0,274,20973,35176,11,No
2017,5,COAHUILA,32,SAN JUAN DE SABINAS,PCP,15,20699,0,274,20973,35176,15,No
2017,5,COAHUILA,32,SAN JUAN DE SABINAS,MORENA,1100,20699,0,274,20973,35176,1100,No
2017,5,COAHUILA,32,SAN JUAN DE SABINAS,ES,33,20699,0,274,20973,35176,33,No
2017,5,COAHUILA,32,SAN JUAN DE SABINAS,PAN_UDC_PPC_ES,33,20699,0,274,20973,35176,11862,Sí
2017,5,COAHUILA,32,SAN JUAN DE SABINAS,PAN_UDC_PPC,10,20699,0,274,20973,35176,11806,Sí
2017,5,COAHUILA,32,SAN JUAN DE SABINAS,PAN_UDC_ES,7,20699,0,274,20973,35176,11787,Sí
2017,5,COAHUILA,32,SAN JUAN DE SABINAS,PAN_PPC_ES,4,20699,0,274,20973,35176,11695,Sí
2017,5,COAHUILA,32,SAN JUAN DE SABINAS,UDC_PPC_ES,1,20699,0,274,20973,35176,221,Sí
2017,5,COAHUILA,32,SAN JUAN DE SABINAS,PAN_UDC,30,20699,0,274,20973,35176,11777,Sí
2017,5,COAHUILA,32,SAN JUAN DE SABINAS,PAN_PPC,5,20699,0,274,20973,35176,11663,Sí
2017,5,COAHUILA,32,SAN JUAN DE SABINAS,PAN_ES,9,20699,0,274,20973,35176,11651,Sí
2017,5,COAHUILA,32,SAN JUAN DE SABINAS,UDC_PPC,2,20699,0,274,20973,35176,189,Sí
2017,5,COAHUILA,32,SAN JUAN DE SABINAS,UDC_ES,0,20699,0,274,20973,35176,171,Sí
2017,5,COAHUILA,32,SAN JUAN DE SABINAS,PPC_ES,0,20699,0,274,20973,35176,82,Sí
2017,5,COAHUILA,32,SAN JUAN DE SABINAS,PRI_PVEM_NUAL_SI_PJ_PRC_PCP,5,20699,0,274,20973,35176,7164,Sí
2017,5,COAHUILA,32,SAN JUAN DE SABINAS,PRI_PVEM_NUAL_SI_PJ_PRC,0,20699,0,274,20973,35176,7144,Sí
2017,5,COAHUILA,32,SAN JUAN DE SABINAS,PRI_PVEM_NUAL_SI_PJ_PCP,0,20699,0,274,20973,35176,7148,Sí
2017,5,COAHUILA,32,SAN JUAN DE SABINAS,PRI_PVEM_NUAL_SI_PRC_PCP,0,20699,0,274,20973,35176,7115,Sí
2017,5,COAHUILA,32,SAN JUAN DE SABINAS,PRI_PVEM_NUAL_PJ_PRC_PCP,0,20699,0,274,20973,35176,7116,Sí
2017,5,COAHUILA,32,SAN JUAN DE SABINAS,PRI_PVEM_SI_PJ_PRC_PCP,1,20699,0,274,20973,35176,7046,Sí
2017,5,COAHUILA,32,SAN JUAN DE SABINAS,PRI_NUAL_SI_PJ_PRC_PCP,0,20699,0,274,20973,35176,7090,Sí
2017,5,COAHUILA,32,SAN JUAN DE SABINAS,PVEM_NUAL_SI_PJ_PRC_PCP,0,20699,0,274,20973,35176,296,Sí
2017,5,COAHUILA,32,SAN JUAN DE SABINAS,PRI_PVEM_NUAL_SI_PJ,1,20699,0,274,20973,35176,7134,Sí
2017,5,COAHUILA,32,SAN JUAN DE SABINAS,PRI_PVEM_NUAL_SI_PRC,0,20699,0,274,20973,35176,7100,Sí
2017,5,COAHUILA,32,SAN JUAN DE SABINAS,PRI_PVEM_NUAL_SI_PCP,0,20699,0,274,20973,35176,7104,Sí
2017,5,COAHUILA,32,SAN JUAN DE SABINAS,PRI_PVEM_NUAL_PJ_PRC,0,20699,0,274,20973,35176,7101,Sí
2017,5,COAHUILA,32,SAN JUAN DE SABINAS,PRI_PVEM_NUAL_PJ_PCP,0,20699,0,274,20973,35176,7105,Sí
2017,5,COAHUILA,32,SAN JUAN DE SABINAS,PRI_PVEM_NUAL_PRC_PCP,0,20699,0,274,20973,35176,7072,Sí
2017,5,COAHUILA,32,SAN JUAN DE SABINAS,PRI_PVEM_SI_PJ_PRC,2,20699,0,274,20973,35176,7032,Sí
2017,5,COAHUILA,32,SAN JUAN DE SABINAS,PRI_PVEM_SI_PJ_PCP,1,20699,0,274,20973,35176,7035,Sí
2017,5,COAHUILA,32,SAN JUAN DE SABINAS,PRI_PVEM_SI_PRC_PCP,0,20699,0,274,20973,35176,7001,Sí
2017,5,COAHUILA,32,SAN JUAN DE SABINAS,PRI_PVEM_PJ_PRC_PCP,0,20699,0,274,20973,35176,7002,Sí
2017,5,COAHUILA,32,SAN JUAN DE SABINAS,PRI_NUAL_SI_PJ_PRC,0,20699,0,274,20973,35176,7075,Sí
2017,5,COAHUILA,32,SAN JUAN DE SABINAS,PRI_NUAL_SI_PJ_PCP,0,20699,0,274,20973,35176,7079,Sí
2017,5,COAHUILA,32,SAN JUAN DE SABINAS,PRI_NUAL_SI_PRC_PCP,0,20699,0,274,20973,35176,7046,Sí
2017,5,COAHUILA,32,SAN JUAN DE SABINAS,PRI_NUAL_PJ_PRC_PCP,0,20699,0,274,20973,35176,7047,Sí
2017,5,COAHUILA,32,SAN JUAN DE SABINAS,PRI_SI_PJ_PRC_PCP,0,20699,0,274,20973,35176,6976,Sí
2017,5,COAHUILA,32,SAN JUAN DE SABINAS,PVEM_NUAL_SI_PJ_PRC,0,20699,0,274,20973,35176,281,Sí
2017,5,COAHUILA,32,SAN JUAN DE SABINAS,PVEM_NUAL_SI_PJ_PCP,0,20699,0,274,20973,35176,285,Sí
2017,5,COAHUILA,32,SAN JUAN DE SABINAS,PVEM_NUAL_SI_PRC_PCP,0,20699,0,274,20973,35176,252,Sí
2017,5,COAHUILA,32,SAN JUAN DE SABINAS,PVEM_NUAL_PJ_PRC_PCP,0,20699,0,274,20973,35176,253,Sí
2017,5,COAHUILA,32,SAN JUAN DE SABINAS,PVEM_SI_PJ_PRC_PCP,0,20699,0,274,20973,35176,182,Sí
2017,5,COAHUILA,32,SAN JUAN DE SABINAS,NUAL_SI_PJ_PRC_PCP,0,20699,0,274,20973,35176,227,Sí
2017,5,COAHUILA,32,SAN JUAN DE SABINAS,PRI_PVEM_NUAL_SI,0,20699,0,274,20973,35176,7089,Sí
2017,5,COAHUILA,32,SAN JUAN DE SABINAS,PRI_PVEM_NUAL_PJ,1,20699,0,274,20973,35176,7091,Sí
2017,5,COAHUILA,32,SAN JUAN DE SABINAS,PRI_PVEM_NUAL_PRC,0,20699,0,274,20973,35176,7057,Sí
2017,5,COAHUILA,32,SAN JUAN DE SABINAS,PRI_PVEM_NUAL_PCP,0,20699,0,274,20973,35176,7061,Sí
2017,5,COAHUILA,32,SAN JUAN DE SABINAS,PRI_PVEM_SI_PJ,0,20699,0,274,20973,35176,7019,Sí
2017,5,COAHUILA,32,SAN JUAN DE SABINAS,PRI_PVEM_SI_PRC,0,20699,0,274,20973,35176,6986,Sí
2017,5,COAHUILA,32,SAN JUAN DE SABINAS,PRI_PVEM_SI_PCP,1,20699,0,274,20973,35176,6991,Sí
2017,5,COAHUILA,32,SAN JUAN DE SABINAS,PRI_PVEM_PJ_PRC,0,20699,0,274,20973,35176,6987,Sí
2017,5,COAHUILA,32,SAN JUAN DE SABINAS,PRI_PVEM_PJ_PCP,0,20699,0,274,20973,35176,6991,Sí
2017,5,COAHUILA,32,SAN JUAN DE SABINAS,PRI_PVEM_PRC_PCP,0,20699,0,274,20973,35176,6958,Sí
2017,5,COAHUILA,32,SAN JUAN DE SABINAS,PRI_NUAL_SI_PJ,0,20699,0,274,20973,35176,7064,Sí
2017,5,COAHUILA,32,SAN JUAN DE SABINAS,PRI_NUAL_SI_PRC,0,20699,0,274,20973,35176,7031,Sí
2017,5,COAHUILA,32,SAN JUAN DE SABINAS,PRI_NUAL_SI_PCP,0,20699,0,274,20973,35176,7035,Sí
2017,5,COAHUILA,32,SAN JUAN DE SABINAS,PRI_NUAL_PJ_PRC,0,20699,0,274,20973,35176,7032,Sí
2017,5,COAHUILA,32,SAN JUAN DE SABINAS,PRI_NUAL_PJ_PCP,0,20699,0,274,20973,35176,7036,Sí
2017,5,COAHUILA,32,SAN JUAN DE SABINAS,PRI_NUAL_PRC_PCP,0,20699,0,274,20973,35176,7003,Sí
2017,5,COAHUILA,32,SAN JUAN DE SABINAS,PRI_SI_PJ_PRC,1,20699,0,274,20973,35176,6962,Sí
2017,5,COAHUILA,32,SAN JUAN DE SABINAS,PRI_SI_PJ_PCP,0,20699,0,274,20973,35176,6965,Sí
2017,5,COAHUILA,32,SAN JUAN DE SABINAS,PRI_SI_PRC_PCP,0,20699,0,274,20973,35176,6932,Sí
2017,5,COAHUILA,32,SAN JUAN DE SABINAS,PRI_PJ_PRC_PCP,0,20699,0,274,20973,35176,6933,Sí
2017,5,COAHUILA,32,SAN JUAN DE SABINAS,PVEM_NUAL_SI_PJ,0,20699,0,274,20973,35176,270,Sí
2017,5,COAHUILA,32,SAN JUAN DE SABINAS,PVEM_NUAL_SI_PRC,0,20699,0,274,20973,35176,237,Sí
2017,5,COAHUILA,32,SAN JUAN DE SABINAS,PVEM_NUAL_SI_PCP,0,20699,0,274,20973,35176,241,Sí
2017,5,COAHUILA,32,SAN JUAN DE SABINAS,PVEM_NUAL_PJ_PRC,0,20699,0,274,20973,35176,238,Sí
2017,5,COAHUILA,32,SAN JUAN DE SABINAS,PVEM_NUAL_PJ_PCP,0,20699,0,274,20973,35176,242,Sí
2017,5,COAHUILA,32,SAN JUAN DE SABINAS,PVEM_NUAL_PRC_PCP,0,20699,0,274,20973,35176,209,Sí
2017,5,COAHUILA,32,SAN JUAN DE SABINAS,PVEM_SI_PJ_PRC,0,20699,0,274,20973,35176,167,Sí
2017,5,COAHUILA,32,SAN JUAN DE SABINAS,PVEM_SI_PJ_PCP,0,20699,0,274,20973,35176,171,Sí
2017,5,COAHUILA,32,SAN JUAN DE SABINAS,PVEM_SI_PRC_PCP,0,20699,0,274,20973,35176,138,Sí
2017,5,COAHUILA,32,SAN JUAN DE SABINAS,PVEM_PJ_PRC_PCP,0,20699,0,274,20973,35176,139,Sí
2017,5,COAHUILA,32,SAN JUAN DE SABINAS,NUAL_SI_PJ_PRC,0,20699,0,274,20973,35176,212,Sí
2017,5,COAHUILA,32,SAN JUAN DE SABINAS,NUAL_SI_PJ_PCP,0,20699,0,274,20973,35176,216,Sí
2017,5,COAHUILA,32,SAN JUAN DE SABINAS,NUAL_SI_PRC_PCP,0,20699,0,274,20973,35176,183,Sí
2017,5,COAHUILA,32,SAN JUAN DE SABINAS,NUAL_PJ_PRC_PCP,0,20699,0,274,20973,35176,184,Sí
2017,5,COAHUILA,32,SAN JUAN DE SABINAS,SI_PJ_PRC_PCP,0,20699,0,274,20973,35176,113,Sí
2017,5,COAHUILA,32,SAN JUAN DE SABINAS,PRI_PVEM_NUAL,2,20699,0,274,20973,35176,7048,Sí
2017,5,COAHUILA,32,SAN JUAN DE SABINAS,PRI_PVEM_SI,0,20699,0,274,20973,35176,6975,Sí
2017,5,COAHUILA,32,SAN JUAN DE SABINAS,PRI_PVEM_PJ,1,20699,0,274,20973,35176,6977,Sí
2017,5,COAHUILA,32,SAN JUAN DE SABINAS,PRI_PVEM_PRC,0,20699,0,274,20973,35176,6943,Sí
2017,5,COAHUILA,32,SAN JUAN DE SABINAS,PRI_PVEM_PCP,0,20699,0,274,20973,35176,6947,Sí
2017,5,COAHUILA,32,SAN JUAN DE SABINAS,PRI_NUAL_SI,0,20699,0,274,20973,35176,7020,Sí
2017,5,COAHUILA,32,SAN JUAN DE SABINAS,PRI_NUAL_PJ,0,20699,0,274,20973,35176,7021,Sí
2017,5,COAHUILA,32,SAN JUAN DE SABINAS,PRI_NUAL_PRC,1,20699,0,274,20973,35176,6989,Sí
2017,5,COAHUILA,32,SAN JUAN DE SABINAS,PRI_NUAL_PCP,0,20699,0,274,20973,35176,6992,Sí
2017,5,COAHUILA,32,SAN JUAN DE SABINAS,PRI_SI_PJ,0,20699,0,274,20973,35176,6950,Sí
2017,5,COAHUILA,32,SAN JUAN DE SABINAS,PRI_SI_PRC,0,20699,0,274,20973,35176,6917,Sí
2017,5,COAHUILA,32,SAN JUAN DE SABINAS,PRI_SI_PCP,0,20699,0,274,20973,35176,6921,Sí
2017,5,COAHUILA,32,SAN JUAN DE SABINAS,PRI_PJ_PRC,0,20699,0,274,20973,35176,6918,Sí
2017,5,COAHUILA,32,SAN JUAN DE SABINAS,PRI_PJ_PCP,0,20699,0,274,20973,35176,6922,Sí
2017,5,COAHUILA,32,SAN JUAN DE SABINAS,PRI_PRC_PCP,0,20699,0,274,20973,35176,6889,Sí
2017,5,COAHUILA,32,SAN JUAN DE SABINAS,PVEM_NUAL_SI,0,20699,0,274,20973,35176,226,Sí
2017,5,COAHUILA,32,SAN JUAN DE SABINAS,PVEM_NUAL_PJ,0,20699,0,274,20973,35176,227,Sí
2017,5,COAHUILA,32,SAN JUAN DE SABINAS,PVEM_NUAL_PRC,0,20699,0,274,20973,35176,194,Sí
2017,5,COAHUILA,32,SAN JUAN DE SABINAS,PVEM_NUAL_PCP,0,20699,0,274,20973,35176,198,Sí
2017,5,COAHUILA,32,SAN JUAN DE SABINAS,PVEM_SI_PJ,0,20699,0,274,20973,35176,156,Sí
2017,5,COAHUILA,32,SAN JUAN DE SABINAS,PVEM_SI_PRC,0,20699,0,274,20973,35176,123,Sí
2017,5,COAHUILA,32,SAN JUAN DE SABINAS,PVEM_SI_PCP,0,20699,0,274,20973,35176,127,Sí
2017,5,COAHUILA,32,SAN JUAN DE SABINAS,PVEM_PJ_PRC,0,20699,0,274,20973,35176,124,Sí
2017,5,COAHUILA,32,SAN JUAN DE SABINAS,PVEM_PJ_PCP,0,20699,0,274,20973,35176,128,Sí
2017,5,COAHUILA,32,SAN JUAN DE SABINAS,PVEM_PRC_PCP,0,20699,0,274,20973,35176,95,Sí
2017,5,COAHUILA,32,SAN JUAN DE SABINAS,NUAL_SI_PJ,0,20699,0,274,20973,35176,201,Sí
2017,5,COAHUILA,32,SAN JUAN DE SABINAS,NUAL_SI_PRC,0,20699,0,274,20973,35176,168,Sí
2017,5,COAHUILA,32,SAN JUAN DE SABINAS,NUAL_SI_PCP,0,20699,0,274,20973,35176,172,Sí
2017,5,COAHUILA,32,SAN JUAN DE SABINAS,NUAL_PJ_PRC,0,20699,0,274,20973,35176,169,Sí
2017,5,COAHUILA,32,SAN JUAN DE SABINAS,NUAL_PJ_PCP,0,20699,0,274,20973,35176,173,Sí
2017,5,COAHUILA,32,SAN JUAN DE SABINAS,NUAL_PRC_PCP,0,20699,0,274,20973,35176,140,Sí
2017,5,COAHUILA,32,SAN JUAN DE SABINAS,SI_PJ_PRC,0,20699,0,274,20973,35176,98,Sí
2017,5,COAHUILA,32,SAN JUAN DE SABINAS,SI_PJ_PCP,0,20699,0,274,20973,35176,102,Sí
2017,5,COAHUILA,32,SAN JUAN DE SABINAS,SI_PRC_PCP,0,20699,0,274,20973,35176,69,Sí
2017,5,COAHUILA,32,SAN JUAN DE SABINAS,PJ_PRC_PCP,0,20699,0,274,20973,35176,70,Sí
2017,5,COAHUILA,32,SAN JUAN DE SABINAS,PRI_PVEM,6,20699,0,274,20973,35176,6938,Sí
2017,5,COAHUILA,32,SAN JUAN DE SABINAS,PRI_NUAL,3,20699,0,274,20973,35176,6980,Sí
2017,5,COAHUILA,32,SAN JUAN DE SABINAS,PRI_SI,2,20699,0,274,20973,35176,6908,Sí
2017,5,COAHUILA,32,SAN JUAN DE SABINAS,PRI_PJ,3,20699,0,274,20973,35176,6910,Sí
2017,5,COAHUILA,32,SAN JUAN DE SABINAS,PRI_PRC,1,20699,0,274,20973,35176,6875,Sí
2017,5,COAHUILA,32,SAN JUAN DE SABINAS,PRI_PCP,1,20699,0,274,20973,35176,6879,Sí
2017,5,COAHUILA,32,SAN JUAN DE SABINAS,PVEM_NUAL,0,20699,0,274,20973,35176,183,Sí
2017,5,COAHUILA,32,SAN JUAN DE SABINAS,PVEM_SI,1,20699,0,274,20973,35176,113,Sí
2017,5,COAHUILA,32,SAN JUAN DE SABINAS,PVEM_PJ,1,20699,0,274,20973,35176,114,Sí
2017,5,COAHUILA,32,SAN JUAN DE SABINAS,PVEM_PRC,0,20699,0,274,20973,35176,80,Sí
2017,5,COAHUILA,32,SAN JUAN DE SABINAS,PVEM_PCP,0,20699,0,274,20973,35176,84,Sí
2017,5,COAHUILA,32,SAN JUAN DE SABINAS,NUAL_SI,0,20699,0,274,20973,35176,157,Sí
2017,5,COAHUILA,32,SAN JUAN DE SABINAS,NUAL_PJ,0,20699,0,274,20973,35176,158,Sí
2017,5,COAHUILA,32,SAN JUAN DE SABINAS,NUAL_PRC,0,20699,0,274,20973,35176,125,Sí
2017,5,COAHUILA,32,SAN JUAN DE SABINAS,NUAL_PCP,0,20699,0,274,20973,35176,129,Sí
2017,5,COAHUILA,32,SAN JUAN DE SABINAS,SI_PJ,0,20699,0,274,20973,35176,87,Sí
2017,5,COAHUILA,32,SAN JUAN DE SABINAS,SI_PRC,0,20699,0,274,20973,35176,54,Sí
2017,5,COAHUILA,32,SAN JUAN DE SABINAS,SI_PCP,0,20699,0,274,20973,35176,58,Sí
2017,5,COAHUILA,32,SAN JUAN DE SABINAS,PJ_PRC,0,20699,0,274,20973,35176,55,Sí
2017,5,COAHUILA,32,SAN JUAN DE SABINAS,PJ_PCP,0,20699,0,274,20973,35176,59,Sí
2017,5,COAHUILA,32,SAN JUAN DE SABINAS,PRC_PCP,0,20699,0,274,20973,35176,26,Sí
2017,5,COAHUILA,33,SAN PEDRO,PAN,11670,45884,16,1240,47140,75444,11670,No
2017,5,COAHUILA,33,SAN PEDRO,PRI,16177,45884,16,1240,47140,75444,16177,No
2017,5,COAHUILA,33,SAN PEDRO,PRD,1364,45884,16,1240,47140,75444,1364,No
2017,5,COAHUILA,33,SAN PEDRO,PT,1021,45884,16,1240,47140,75444,1021,No
2017,5,COAHUILA,33,SAN PEDRO,PVEM,504,45884,16,1240,47140,75444,504,No
2017,5,COAHUILA,33,SAN PEDRO,UDC,3345,45884,16,1240,47140,75444,3345,No
2017,5,COAHUILA,33,SAN PEDRO,MC,4615,45884,16,1240,47140,75444,4615,No
2017,5,COAHUILA,33,SAN PEDRO,NUAL,644,45884,16,1240,47140,75444,644,No
2017,5,COAHUILA,33,SAN PEDRO,SI,275,45884,16,1240,47140,75444,275,No
2017,5,COAHUILA,33,SAN PEDRO,PPC,1400,45884,16,1240,47140,75444,1400,No
2017,5,COAHUILA,33,SAN PEDRO,PJ,688,45884,16,1240,47140,75444,688,No
2017,5,COAHUILA,33,SAN PEDRO,PRC,196,45884,16,1240,47140,75444,196,No
2017,5,COAHUILA,33,SAN PEDRO,PCP,215,45884,16,1240,47140,75444,215,No
2017,5,COAHUILA,33,SAN PEDRO,MORENA,2632,45884,16,1240,47140,75444,2632,No
2017,5,COAHUILA,33,SAN PEDRO,ES,511,45884,16,1240,47140,75444,511,No
2017,5,COAHUILA,33,SAN PEDRO,PAN_UDC_PPC_ES,92,45884,16,1240,47140,75444,17018,Sí
2017,5,COAHUILA,33,SAN PEDRO,PAN_UDC_PPC,106,45884,16,1240,47140,75444,16521,Sí
2017,5,COAHUILA,33,SAN PEDRO,PAN_UDC_ES,10,45884,16,1240,47140,75444,15536,Sí
2017,5,COAHUILA,33,SAN PEDRO,PAN_PPC_ES,7,45884,16,1240,47140,75444,13588,Sí
2017,5,COAHUILA,33,SAN PEDRO,UDC_PPC_ES,3,45884,16,1240,47140,75444,5259,Sí
2017,5,COAHUILA,33,SAN PEDRO,PAN_UDC,169,45884,16,1240,47140,75444,15184,Sí
2017,5,COAHUILA,33,SAN PEDRO,PAN_PPC,56,45884,16,1240,47140,75444,13126,Sí
2017,5,COAHUILA,33,SAN PEDRO,PAN_ES,15,45884,16,1240,47140,75444,12196,Sí
2017,5,COAHUILA,33,SAN PEDRO,UDC_PPC,20,45884,16,1240,47140,75444,4765,Sí
2017,5,COAHUILA,33,SAN PEDRO,UDC_ES,5,45884,16,1240,47140,75444,3861,Sí
2017,5,COAHUILA,33,SAN PEDRO,PPC_ES,4,45884,16,1240,47140,75444,1915,Sí
2017,5,COAHUILA,33,SAN PEDRO,PRI_PVEM_NUAL_SI_PJ_PRC_PCP,11,45884,16,1240,47140,75444,18710,Sí
2017,5,COAHUILA,33,SAN PEDRO,PRI_PVEM_NUAL_SI_PJ_PRC,1,45884,16,1240,47140,75444,18485,Sí
2017,5,COAHUILA,33,SAN PEDRO,PRI_PVEM_NUAL_SI_PJ_PCP,0,45884,16,1240,47140,75444,18503,Sí
2017,5,COAHUILA,33,SAN PEDRO,PRI_PVEM_NUAL_SI_PRC_PCP,0,45884,16,1240,47140,75444,18011,Sí
2017,5,COAHUILA,33,SAN PEDRO,PRI_PVEM_NUAL_PJ_PRC_PCP,0,45884,16,1240,47140,75444,18424,Sí
2017,5,COAHUILA,33,SAN PEDRO,PRI_PVEM_SI_PJ_PRC_PCP,1,45884,16,1240,47140,75444,18056,Sí
2017,5,COAHUILA,33,SAN PEDRO,PRI_NUAL_SI_PJ_PRC_PCP,2,45884,16,1240,47140,75444,18197,Sí
2017,5,COAHUILA,33,SAN PEDRO,PVEM_NUAL_SI_PJ_PRC_PCP,0,45884,16,1240,47140,75444,2522,Sí
2017,5,COAHUILA,33,SAN PEDRO,PRI_PVEM_NUAL_SI_PJ,1,45884,16,1240,47140,75444,18289,Sí
2017,5,COAHUILA,33,SAN PEDRO,PRI_PVEM_NUAL_SI_PRC,1,45884,16,1240,47140,75444,17797,Sí
2017,5,COAHUILA,33,SAN PEDRO,PRI_PVEM_NUAL_SI_PCP,1,45884,16,1240,47140,75444,17816,Sí
2017,5,COAHUILA,33,SAN PEDRO,PRI_PVEM_NUAL_PJ_PRC,0,45884,16,1240,47140,75444,18209,Sí
2017,5,COAHUILA,33,SAN PEDRO,PRI_PVEM_NUAL_PJ_PCP,0,45884,16,1240,47140,75444,18228,Sí
2017,5,COAHUILA,33,SAN PEDRO,PRI_PVEM_NUAL_PRC_PCP,0,45884,16,1240,47140,75444,17736,Sí
2017,5,COAHUILA,33,SAN PEDRO,PRI_PVEM_SI_PJ_PRC,0,45884,16,1240,47140,75444,17840,Sí
2017,5,COAHUILA,33,SAN PEDRO,PRI_PVEM_SI_PJ_PCP,0,45884,16,1240,47140,75444,17859,Sí
2017,5,COAHUILA,33,SAN PEDRO,PRI_PVEM_SI_PRC_PCP,0,45884,16,1240,47140,75444,17367,Sí
2017,5,COAHUILA,33,SAN PEDRO,PRI_PVEM_PJ_PRC_PCP,1,45884,16,1240,47140,75444,17781,Sí
2017,5,COAHUILA,33,SAN PEDRO,PRI_NUAL_SI_PJ_PRC,0,45884,16,1240,47140,75444,17980,Sí
2017,5,COAHUILA,33,SAN PEDRO,PRI_NUAL_SI_PJ_PCP,0,45884,16,1240,47140,75444,17999,Sí
2017,5,COAHUILA,33,SAN PEDRO,PRI_NUAL_SI_PRC_PCP,0,45884,16,1240,47140,75444,17507,Sí
2017,5,COAHUILA,33,SAN PEDRO,PRI_NUAL_PJ_PRC_PCP,0,45884,16,1240,47140,75444,17920,Sí
2017,5,COAHUILA,33,SAN PEDRO,PRI_SI_PJ_PRC_PCP,0,45884,16,1240,47140,75444,17551,Sí
2017,5,COAHUILA,33,SAN PEDRO,PVEM_NUAL_SI_PJ_PRC,0,45884,16,1240,47140,75444,2307,Sí
2017,5,COAHUILA,33,SAN PEDRO,PVEM_NUAL_SI_PJ_PCP,0,45884,16,1240,47140,75444,2326,Sí
2017,5,COAHUILA,33,SAN PEDRO,PVEM_NUAL_SI_PRC_PCP,0,45884,16,1240,47140,75444,1834,Sí
2017,5,COAHUILA,33,SAN PEDRO,PVEM_NUAL_PJ_PRC_PCP,0,45884,16,1240,47140,75444,2247,Sí
2017,5,COAHUILA,33,SAN PEDRO,PVEM_SI_PJ_PRC_PCP,0,45884,16,1240,47140,75444,1878,Sí
2017,5,COAHUILA,33,SAN PEDRO,NUAL_SI_PJ_PRC_PCP,0,45884,16,1240,47140,75444,2018,Sí
2017,5,COAHUILA,33,SAN PEDRO,PRI_PVEM_NUAL_SI,4,45884,16,1240,47140,75444,17604,Sí
2017,5,COAHUILA,33,SAN PEDRO,PRI_PVEM_NUAL_PJ,0,45884,16,1240,47140,75444,18013,Sí
2017,5,COAHUILA,33,SAN PEDRO,PRI_PVEM_NUAL_PRC,0,45884,16,1240,47140,75444,17521,Sí
2017,5,COAHUILA,33,SAN PEDRO,PRI_PVEM_NUAL_PCP,1,45884,16,1240,47140,75444,17541,Sí
2017,5,COAHUILA,33,SAN PEDRO,PRI_PVEM_SI_PJ,2,45884,16,1240,47140,75444,17646,Sí
2017,5,COAHUILA,33,SAN PEDRO,PRI_PVEM_SI_PRC,0,45884,16,1240,47140,75444,17152,Sí
2017,5,COAHUILA,33,SAN PEDRO,PRI_PVEM_SI_PCP,0,45884,16,1240,47140,75444,17171,Sí
2017,5,COAHUILA,33,SAN PEDRO,PRI_PVEM_PJ_PRC,0,45884,16,1240,47140,75444,17565,Sí
2017,5,COAHUILA,33,SAN PEDRO,PRI_PVEM_PJ_PCP,1,45884,16,1240,47140,75444,17585,Sí
2017,5,COAHUILA,33,SAN PEDRO,PRI_PVEM_PRC_PCP,0,45884,16,1240,47140,75444,17092,Sí
2017,5,COAHUILA,33,SAN PEDRO,PRI_NUAL_SI_PJ,0,45884,16,1240,47140,75444,17784,Sí
2017,5,COAHUILA,33,SAN PEDRO,PRI_NUAL_SI_PRC,0,45884,16,1240,47140,75444,17292,Sí
2017,5,COAHUILA,33,SAN PEDRO,PRI_NUAL_SI_PCP,0,45884,16,1240,47140,75444,17311,Sí
2017,5,COAHUILA,33,SAN PEDRO,PRI_NUAL_PJ_PRC,0,45884,16,1240,47140,75444,17705,Sí
2017,5,COAHUILA,33,SAN PEDRO,PRI_NUAL_PJ_PCP,0,45884,16,1240,47140,75444,17724,Sí
2017,5,COAHUILA,33,SAN PEDRO,PRI_NUAL_PRC_PCP,0,45884,16,1240,47140,75444,17232,Sí
2017,5,COAHUILA,33,SAN PEDRO,PRI_SI_PJ_PRC,2,45884,16,1240,47140,75444,17338,Sí
2017,5,COAHUILA,33,SAN PEDRO,PRI_SI_PJ_PCP,0,45884,16,1240,47140,75444,17355,Sí
2017,5,COAHUILA,33,SAN PEDRO,PRI_SI_PRC_PCP,0,45884,16,1240,47140,75444,16863,Sí
2017,5,COAHUILA,33,SAN PEDRO,PRI_PJ_PRC_PCP,0,45884,16,1240,47140,75444,17276,Sí
2017,5,COAHUILA,33,SAN PEDRO,PVEM_NUAL_SI_PJ,0,45884,16,1240,47140,75444,2111,Sí
2017,5,COAHUILA,33,SAN PEDRO,PVEM_NUAL_SI_PRC,0,45884,16,1240,47140,75444,1619,Sí
2017,5,COAHUILA,33,SAN PEDRO,PVEM_NUAL_SI_PCP,0,45884,16,1240,47140,75444,1638,Sí
2017,5,COAHUILA,33,SAN PEDRO,PVEM_NUAL_PJ_PRC,0,45884,16,1240,47140,75444,2032,Sí
2017,5,COAHUILA,33,SAN PEDRO,PVEM_NUAL_PJ_PCP,0,45884,16,1240,47140,75444,2051,Sí
2017,5,COAHUILA,33,SAN PEDRO,PVEM_NUAL_PRC_PCP,0,45884,16,1240,47140,75444,1559,Sí
2017,5,COAHUILA,33,SAN PEDRO,PVEM_SI_PJ_PRC,0,45884,16,1240,47140,75444,1663,Sí
2017,5,COAHUILA,33,SAN PEDRO,PVEM_SI_PJ_PCP,0,45884,16,1240,47140,75444,1682,Sí
2017,5,COAHUILA,33,SAN PEDRO,PVEM_SI_PRC_PCP,0,45884,16,1240,47140,75444,1190,Sí
2017,5,COAHUILA,33,SAN PEDRO,PVEM_PJ_PRC_PCP,0,45884,16,1240,47140,75444,1603,Sí
2017,5,COAHUILA,33,SAN PEDRO,NUAL_SI_PJ_PRC,0,45884,16,1240,47140,75444,1803,Sí
2017,5,COAHUILA,33,SAN PEDRO,NUAL_SI_PJ_PCP,0,45884,16,1240,47140,75444,1822,Sí
2017,5,COAHUILA,33,SAN PEDRO,NUAL_SI_PRC_PCP,0,45884,16,1240,47140,75444,1330,Sí
2017,5,COAHUILA,33,SAN PEDRO,NUAL_PJ_PRC_PCP,0,45884,16,1240,47140,75444,1743,Sí
2017,5,COAHUILA,33,SAN PEDRO,SI_PJ_PRC_PCP,0,45884,16,1240,47140,75444,1374,Sí
2017,5,COAHUILA,33,SAN PEDRO,PRI_PVEM_NUAL,6,45884,16,1240,47140,75444,17331,Sí
2017,5,COAHUILA,33,SAN PEDRO,PRI_PVEM_SI,3,45884,16,1240,47140,75444,16959,Sí
2017,5,COAHUILA,33,SAN PEDRO,PRI_PVEM_PJ,4,45884,16,1240,47140,75444,17373,Sí
2017,5,COAHUILA,33,SAN PEDRO,PRI_PVEM_PRC,1,45884,16,1240,47140,75444,16878,Sí
2017,5,COAHUILA,33,SAN PEDRO,PRI_PVEM_PCP,0,45884,16,1240,47140,75444,16896,Sí
2017,5,COAHUILA,33,SAN PEDRO,PRI_NUAL_SI,0,45884,16,1240,47140,75444,17096,Sí
2017,5,COAHUILA,33,SAN PEDRO,PRI_NUAL_PJ,1,45884,16,1240,47140,75444,17510,Sí
2017,5,COAHUILA,33,SAN PEDRO,PRI_NUAL_PRC,2,45884,16,1240,47140,75444,17019,Sí
2017,5,COAHUILA,33,SAN PEDRO,PRI_NUAL_PCP,0,45884,16,1240,47140,75444,17036,Sí
2017,5,COAHUILA,33,SAN PEDRO,PRI_SI_PJ,3,45884,16,1240,47140,75444,17143,Sí
2017,5,COAHUILA,33,SAN PEDRO,PRI_SI_PRC,1,45884,16,1240,47140,75444,16649,Sí
2017,5,COAHUILA,33,SAN PEDRO,PRI_SI_PCP,0,45884,16,1240,47140,75444,16667,Sí
2017,5,COAHUILA,33,SAN PEDRO,PRI_PJ_PRC,0,45884,16,1240,47140,75444,17061,Sí
2017,5,COAHUILA,33,SAN PEDRO,PRI_PJ_PCP,0,45884,16,1240,47140,75444,17080,Sí
2017,5,COAHUILA,33,SAN PEDRO,PRI_PRC_PCP,0,45884,16,1240,47140,75444,16588,Sí
2017,5,COAHUILA,33,SAN PEDRO,PVEM_NUAL_SI,0,45884,16,1240,47140,75444,1423,Sí
2017,5,COAHUILA,33,SAN PEDRO,PVEM_NUAL_PJ,0,45884,16,1240,47140,75444,1836,Sí
2017,5,COAHUILA,33,SAN PEDRO,PVEM_NUAL_PRC,0,45884,16,1240,47140,75444,1344,Sí
2017,5,COAHUILA,33,SAN PEDRO,PVEM_NUAL_PCP,0,45884,16,1240,47140,75444,1363,Sí
2017,5,COAHUILA,33,SAN PEDRO,PVEM_SI_PJ,1,45884,16,1240,47140,75444,1468,Sí
2017,5,COAHUILA,33,SAN PEDRO,PVEM_SI_PRC,0,45884,16,1240,47140,75444,975,Sí
2017,5,COAHUILA,33,SAN PEDRO,PVEM_SI_PCP,0,45884,16,1240,47140,75444,994,Sí
2017,5,COAHUILA,33,SAN PEDRO,PVEM_PJ_PRC,0,45884,16,1240,47140,75444,1388,Sí
2017,5,COAHUILA,33,SAN PEDRO,PVEM_PJ_PCP,0,45884,16,1240,47140,75444,1407,Sí
2017,5,COAHUILA,33,SAN PEDRO,PVEM_PRC_PCP,0,45884,16,1240,47140,75444,915,Sí
2017,5,COAHUILA,33,SAN PEDRO,NUAL_SI_PJ,2,45884,16,1240,47140,75444,1609,Sí
2017,5,COAHUILA,33,SAN PEDRO,NUAL_SI_PRC,0,45884,16,1240,47140,75444,1115,Sí
2017,5,COAHUILA,33,SAN PEDRO,NUAL_SI_PCP,0,45884,16,1240,47140,75444,1134,Sí
2017,5,COAHUILA,33,SAN PEDRO,NUAL_PJ_PRC,0,45884,16,1240,47140,75444,1528,Sí
2017,5,COAHUILA,33,SAN PEDRO,NUAL_PJ_PCP,0,45884,16,1240,47140,75444,1547,Sí
2017,5,COAHUILA,33,SAN PEDRO,NUAL_PRC_PCP,0,45884,16,1240,47140,75444,1055,Sí
2017,5,COAHUILA,33,SAN PEDRO,SI_PJ_PRC,0,45884,16,1240,47140,75444,1159,Sí
2017,5,COAHUILA,33,SAN PEDRO,SI_PJ_PCP,0,45884,16,1240,47140,75444,1178,Sí
2017,5,COAHUILA,33,SAN PEDRO,SI_PRC_PCP,0,45884,16,1240,47140,75444,686,Sí
2017,5,COAHUILA,33,SAN PEDRO,PJ_PRC_PCP,0,45884,16,1240,47140,75444,1099,Sí
2017,5,COAHUILA,33,SAN PEDRO,PRI_PVEM,31,45884,16,1240,47140,75444,16712,Sí
2017,5,COAHUILA,33,SAN PEDRO,PRI_NUAL,13,45884,16,1240,47140,75444,16834,Sí
2017,5,COAHUILA,33,SAN PEDRO,PRI_SI,7,45884,16,1240,47140,75444,16459,Sí
2017,5,COAHUILA,33,SAN PEDRO,PRI_PJ,12,45884,16,1240,47140,75444,16877,Sí
2017,5,COAHUILA,33,SAN PEDRO,PRI_PRC,4,45884,16,1240,47140,75444,16377,Sí
2017,5,COAHUILA,33,SAN PEDRO,PRI_PCP,4,45884,16,1240,47140,75444,16396,Sí
2017,5,COAHUILA,33,SAN PEDRO,PVEM_NUAL,2,45884,16,1240,47140,75444,1150,Sí
2017,5,COAHUILA,33,SAN PEDRO,PVEM_SI,2,45884,16,1240,47140,75444,781,Sí
2017,5,COAHUILA,33,SAN PEDRO,PVEM_PJ,2,45884,16,1240,47140,75444,1194,Sí
2017,5,COAHUILA,33,SAN PEDRO,PVEM_PRC,1,45884,16,1240,47140,75444,701,Sí
2017,5,COAHUILA,33,SAN PEDRO,PVEM_PCP,0,45884,16,1240,47140,75444,719,Sí
2017,5,COAHUILA,33,SAN PEDRO,NUAL_SI,0,45884,16,1240,47140,75444,919,Sí
2017,5,COAHUILA,33,SAN PEDRO,NUAL_PJ,2,45884,16,1240,47140,75444,1334,Sí
2017,5,COAHUILA,33,SAN PEDRO,NUAL_PRC,3,45884,16,1240,47140,75444,843,Sí
2017,5,COAHUILA,33,SAN PEDRO,NUAL_PCP,1,45884,16,1240,47140,75444,860,Sí
2017,5,COAHUILA,33,SAN PEDRO,SI_PJ,1,45884,16,1240,47140,75444,964,Sí
2017,5,COAHUILA,33,SAN PEDRO,SI_PRC,0,45884,16,1240,47140,75444,471,Sí
2017,5,COAHUILA,33,SAN PEDRO,SI_PCP,0,45884,16,1240,47140,75444,490,Sí
2017,5,COAHUILA,33,SAN PEDRO,PJ_PRC,0,45884,16,1240,47140,75444,884,Sí
2017,5,COAHUILA,33,SAN PEDRO,PJ_PCP,1,45884,16,1240,47140,75444,904,Sí
2017,5,COAHUILA,33,SAN PEDRO,PRC_PCP,1,45884,16,1240,47140,75444,412,Sí
2017,5,COAHUILA,34,SIERRA MOJADA,PAN,313,2099,0,31,2130,4140,313,No
2017,5,COAHUILA,34,SIERRA MOJADA,PRI,803,2099,0,31,2130,4140,803,No
2017,5,COAHUILA,34,SIERRA MOJADA,PRD,0,2099,0,31,2130,4140,0,No
2017,5,COAHUILA,34,SIERRA MOJADA,PT,0,2099,0,31,2130,4140,0,No
2017,5,COAHUILA,34,SIERRA MOJADA,PVEM,4,2099,0,31,2130,4140,4,No
2017,5,COAHUILA,34,SIERRA MOJADA,UDC,23,2099,0,31,2130,4140,23,No
2017,5,COAHUILA,34,SIERRA MOJADA,MC,283,2099,0,31,2130,4140,283,No
2017,5,COAHUILA,34,SIERRA MOJADA,NUAL,1,2099,0,31,2130,4140,1,No
2017,5,COAHUILA,34,SIERRA MOJADA,SI,0,2099,0,31,2130,4140,0,No
2017,5,COAHUILA,34,SIERRA MOJADA,PPC,484,2099,0,31,2130,4140,484,No
2017,5,COAHUILA,34,SIERRA MOJADA,PJ,0,2099,0,31,2130,4140,0,No
2017,5,COAHUILA,34,SIERRA MOJADA,PRC,4,2099,0,31,2130,4140,4,No
2017,5,COAHUILA,34,SIERRA MOJADA,PCP,1,2099,0,31,2130,4140,1,No
2017,5,COAHUILA,34,SIERRA MOJADA,MORENA,133,2099,0,31,2130,4140,133,No
2017,5,COAHUILA,34,SIERRA MOJADA,ES,3,2099,0,31,2130,4140,3,No
2017,5,COAHUILA,34,SIERRA MOJADA,PAN_UDC_PPC_ES,6,2099,0,31,2130,4140,829,Sí
2017,5,COAHUILA,34,SIERRA MOJADA,PAN_UDC_PPC,1,2099,0,31,2130,4140,821,Sí
2017,5,COAHUILA,34,SIERRA MOJADA,PAN_UDC_ES,0,2099,0,31,2130,4140,339,Sí
2017,5,COAHUILA,34,SIERRA MOJADA,PAN_PPC_ES,1,2099,0,31,2130,4140,801,Sí
2017,5,COAHUILA,34,SIERRA MOJADA,UDC_PPC_ES,0,2099,0,31,2130,4140,510,Sí
2017,5,COAHUILA,34,SIERRA MOJADA,PAN_UDC,4,2099,0,31,2130,4140,340,Sí
2017,5,COAHUILA,34,SIERRA MOJADA,PAN_PPC,17,2099,0,31,2130,4140,814,Sí
2017,5,COAHUILA,34,SIERRA MOJADA,PAN_ES,1,2099,0,31,2130,4140,317,Sí
2017,5,COAHUILA,34,SIERRA MOJADA,UDC_PPC,3,2099,0,31,2130,4140,510,Sí
2017,5,COAHUILA,34,SIERRA MOJADA,UDC_ES,0,2099,0,31,2130,4140,26,Sí
2017,5,COAHUILA,34,SIERRA MOJADA,PPC_ES,0,2099,0,31,2130,4140,487,Sí
2017,5,COAHUILA,34,SIERRA MOJADA,PRI_PVEM_NUAL_SI_PJ_PRC_PCP,3,2099,0,31,2130,4140,816,Sí
2017,5,COAHUILA,34,SIERRA MOJADA,PRI_PVEM_NUAL_SI_PJ_PRC,0,2099,0,31,2130,4140,812,Sí
2017,5,COAHUILA,34,SIERRA MOJADA,PRI_PVEM_NUAL_SI_PJ_PCP,0,2099,0,31,2130,4140,809,Sí
2017,5,COAHUILA,34,SIERRA MOJADA,PRI_PVEM_NUAL_SI_PRC_PCP,0,2099,0,31,2130,4140,813,Sí
2017,5,COAHUILA,34,SIERRA MOJADA,PRI_PVEM_NUAL_PJ_PRC_PCP,0,2099,0,31,2130,4140,813,Sí
2017,5,COAHUILA,34,SIERRA MOJADA,PRI_PVEM_SI_PJ_PRC_PCP,0,2099,0,31,2130,4140,812,Sí
2017,5,COAHUILA,34,SIERRA MOJADA,PRI_NUAL_SI_PJ_PRC_PCP,0,2099,0,31,2130,4140,809,Sí
2017,5,COAHUILA,34,SIERRA MOJADA,PVEM_NUAL_SI_PJ_PRC_PCP,0,2099,0,31,2130,4140,10,Sí
2017,5,COAHUILA,34,SIERRA MOJADA,PRI_PVEM_NUAL_SI_PJ,1,2099,0,31,2130,4140,809,Sí
2017,5,COAHUILA,34,SIERRA MOJADA,PRI_PVEM_NUAL_SI_PRC,1,2099,0,31,2130,4140,813,Sí
2017,5,COAHUILA,34,SIERRA MOJADA,PRI_PVEM_NUAL_SI_PCP,1,2099,0,31,2130,4140,810,Sí
2017,5,COAHUILA,34,SIERRA MOJADA,PRI_PVEM_NUAL_PJ_PRC,0,2099,0,31,2130,4140,812,Sí
2017,5,COAHUILA,34,SIERRA MOJADA,PRI_PVEM_NUAL_PJ_PCP,0,2099,0,31,2130,4140,809,Sí
2017,5,COAHUILA,34,SIERRA MOJADA,PRI_PVEM_NUAL_PRC_PCP,0,2099,0,31,2130,4140,813,Sí
2017,5,COAHUILA,34,SIERRA MOJADA,PRI_PVEM_SI_PJ_PRC,0,2099,0,31,2130,4140,811,Sí
2017,5,COAHUILA,34,SIERRA MOJADA,PRI_PVEM_SI_PJ_PCP,0,2099,0,31,2130,4140,808,Sí
2017,5,COAHUILA,34,SIERRA MOJADA,PRI_PVEM_SI_PRC_PCP,0,2099,0,31,2130,4140,812,Sí
2017,5,COAHUILA,34,SIERRA MOJADA,PRI_PVEM_PJ_PRC_PCP,0,2099,0,31,2130,4140,812,Sí
2017,5,COAHUILA,34,SIERRA MOJADA,PRI_NUAL_SI_PJ_PRC,0,2099,0,31,2130,4140,808,Sí
2017,5,COAHUILA,34,SIERRA MOJADA,PRI_NUAL_SI_PJ_PCP,0,2099,0,31,2130,4140,805,Sí
2017,5,COAHUILA,34,SIERRA MOJADA,PRI_NUAL_SI_PRC_PCP,0,2099,0,31,2130,4140,809,Sí
2017,5,COAHUILA,34,SIERRA MOJADA,PRI_NUAL_PJ_PRC_PCP,0,2099,0,31,2130,4140,809,Sí
2017,5,COAHUILA,34,SIERRA MOJADA,PRI_SI_PJ_PRC_PCP,0,2099,0,31,2130,4140,808,Sí
2017,5,COAHUILA,34,SIERRA MOJADA,PVEM_NUAL_SI_PJ_PRC,0,2099,0,31,2130,4140,9,Sí
2017,5,COAHUILA,34,SIERRA MOJADA,PVEM_NUAL_SI_PJ_PCP,0,2099,0,31,2130,4140,6,Sí
2017,5,COAHUILA,34,SIERRA MOJADA,PVEM_NUAL_SI_PRC_PCP,0,2099,0,31,2130,4140,10,Sí
2017,5,COAHUILA,34,SIERRA MOJADA,PVEM_NUAL_PJ_PRC_PCP,0,2099,0,31,2130,4140,10,Sí
2017,5,COAHUILA,34,SIERRA MOJADA,PVEM_SI_PJ_PRC_PCP,0,2099,0,31,2130,4140,9,Sí
2017,5,COAHUILA,34,SIERRA MOJADA,NUAL_SI_PJ_PRC_PCP,0,2099,0,31,2130,4140,6,Sí
2017,5,COAHUILA,34,SIERRA MOJADA,PRI_PVEM_NUAL_SI,0,2099,0,31,2130,4140,808,Sí
2017,5,COAHUILA,34,SIERRA MOJADA,PRI_PVEM_NUAL_PJ,0,2099,0,31,2130,4140,808,Sí
2017,5,COAHUILA,34,SIERRA MOJADA,PRI_PVEM_NUAL_PRC,0,2099,0,31,2130,4140,812,Sí
2017,5,COAHUILA,34,SIERRA MOJADA,PRI_PVEM_NUAL_PCP,0,2099,0,31,2130,4140,809,Sí
2017,5,COAHUILA,34,SIERRA MOJADA,PRI_PVEM_SI_PJ,0,2099,0,31,2130,4140,807,Sí
2017,5,COAHUILA,34,SIERRA MOJADA,PRI_PVEM_SI_PRC,0,2099,0,31,2130,4140,811,Sí
2017,5,COAHUILA,34,SIERRA MOJADA,PRI_PVEM_SI_PCP,0,2099,0,31,2130,4140,808,Sí
2017,5,COAHUILA,34,SIERRA MOJADA,PRI_PVEM_PJ_PRC,0,2099,0,31,2130,4140,811,Sí
2017,5,COAHUILA,34,SIERRA MOJADA,PRI_PVEM_PJ_PCP,0,2099,0,31,2130,4140,808,Sí
2017,5,COAHUILA,34,SIERRA MOJADA,PRI_PVEM_PRC_PCP,0,2099,0,31,2130,4140,812,Sí
2017,5,COAHUILA,34,SIERRA MOJADA,PRI_NUAL_SI_PJ,0,2099,0,31,2130,4140,804,Sí
2017,5,COAHUILA,34,SIERRA MOJADA,PRI_NUAL_SI_PRC,0,2099,0,31,2130,4140,808,Sí
2017,5,COAHUILA,34,SIERRA MOJADA,PRI_NUAL_SI_PCP,0,2099,0,31,2130,4140,805,Sí
2017,5,COAHUILA,34,SIERRA MOJADA,PRI_NUAL_PJ_PRC,0,2099,0,31,2130,4140,808,Sí
2017,5,COAHUILA,34,SIERRA MOJADA,PRI_NUAL_PJ_PCP,1,2099,0,31,2130,4140,806,Sí
2017,5,COAHUILA,34,SIERRA MOJADA,PRI_NUAL_PRC_PCP,0,2099,0,31,2130,4140,809,Sí
2017,5,COAHUILA,34,SIERRA MOJADA,PRI_SI_PJ_PRC,0,2099,0,31,2130,4140,807,Sí
2017,5,COAHUILA,34,SIERRA MOJADA,PRI_SI_PJ_PCP,0,2099,0,31,2130,4140,804,Sí
2017,5,COAHUILA,34,SIERRA MOJADA,PRI_SI_PRC_PCP,0,2099,0,31,2130,4140,808,Sí
2017,5,COAHUILA,34,SIERRA MOJADA,PRI_PJ_PRC_PCP,0,2099,0,31,2130,4140,808,Sí
2017,5,COAHUILA,34,SIERRA MOJADA,PVEM_NUAL_SI_PJ,0,2099,0,31,2130,4140,5,Sí
2017,5,COAHUILA,34,SIERRA MOJADA,PVEM_NUAL_SI_PRC,0,2099,0,31,2130,4140,9,Sí
2017,5,COAHUILA,34,SIERRA MOJADA,PVEM_NUAL_SI_PCP,0,2099,0,31,2130,4140,6,Sí
2017,5,COAHUILA,34,SIERRA MOJADA,PVEM_NUAL_PJ_PRC,0,2099,0,31,2130,4140,9,Sí
2017,5,COAHUILA,34,SIERRA MOJADA,PVEM_NUAL_PJ_PCP,0,2099,0,31,2130,4140,6,Sí
2017,5,COAHUILA,34,SIERRA MOJADA,PVEM_NUAL_PRC_PCP,0,2099,0,31,2130,4140,10,Sí
2017,5,COAHUILA,34,SIERRA MOJADA,PVEM_SI_PJ_PRC,0,2099,0,31,2130,4140,8,Sí
2017,5,COAHUILA,34,SIERRA MOJADA,PVEM_SI_PJ_PCP,0,2099,0,31,2130,4140,5,Sí
2017,5,COAHUILA,34,SIERRA MOJADA,PVEM_SI_PRC_PCP,0,2099,0,31,2130,4140,9,Sí
2017,5,COAHUILA,34,SIERRA MOJADA,PVEM_PJ_PRC_PCP,0,2099,0,31,2130,4140,9,Sí
2017,5,COAHUILA,34,SIERRA MOJADA,NUAL_SI_PJ_PRC,0,2099,0,31,2130,4140,5,Sí
2017,5,COAHUILA,34,SIERRA MOJADA,NUAL_SI_PJ_PCP,0,2099,0,31,2130,4140,2,Sí
2017,5,COAHUILA,34,SIERRA MOJADA,NUAL_SI_PRC_PCP,0,2099,0,31,2130,4140,6,Sí
2017,5,COAHUILA,34,SIERRA MOJADA,NUAL_PJ_PRC_PCP,0,2099,0,31,2130,4140,6,Sí
2017,5,COAHUILA,34,SIERRA MOJADA,SI_PJ_PRC_PCP,0,2099,0,31,2130,4140,5,Sí
2017,5,COAHUILA,34,SIERRA MOJADA,PRI_PVEM_NUAL,0,2099,0,31,2130,4140,808,Sí
2017,5,COAHUILA,34,SIERRA MOJADA,PRI_PVEM_SI,0,2099,0,31,2130,4140,807,Sí
2017,5,COAHUILA,34,SIERRA MOJADA,PRI_PVEM_PJ,0,2099,0,31,2130,4140,807,Sí
2017,5,COAHUILA,34,SIERRA MOJADA,PRI_PVEM_PRC,0,2099,0,31,2130,4140,811,Sí
2017,5,COAHUILA,34,SIERRA MOJADA,PRI_PVEM_PCP,0,2099,0,31,2130,4140,808,Sí
2017,5,COAHUILA,34,SIERRA MOJADA,PRI_NUAL_SI,0,2099,0,31,2130,4140,804,Sí
2017,5,COAHUILA,34,SIERRA MOJADA,PRI_NUAL_PJ,0,2099,0,31,2130,4140,804,Sí
2017,5,COAHUILA,34,SIERRA MOJADA,PRI_NUAL_PRC,0,2099,0,31,2130,4140,808,Sí
2017,5,COAHUILA,34,SIERRA MOJADA,PRI_NUAL_PCP,0,2099,0,31,2130,4140,805,Sí
2017,5,COAHUILA,34,SIERRA MOJADA,PRI_SI_PJ,0,2099,0,31,2130,4140,803,Sí
2017,5,COAHUILA,34,SIERRA MOJADA,PRI_SI_PRC,0,2099,0,31,2130,4140,807,Sí
2017,5,COAHUILA,34,SIERRA MOJADA,PRI_SI_PCP,0,2099,0,31,2130,4140,804,Sí
2017,5,COAHUILA,34,SIERRA MOJADA,PRI_PJ_PRC,0,2099,0,31,2130,4140,807,Sí
2017,5,COAHUILA,34,SIERRA MOJADA,PRI_PJ_PCP,0,2099,0,31,2130,4140,804,Sí
2017,5,COAHUILA,34,SIERRA MOJADA,PRI_PRC_PCP,1,2099,0,31,2130,4140,809,Sí
2017,5,COAHUILA,34,SIERRA MOJADA,PVEM_NUAL_SI,0,2099,0,31,2130,4140,5,Sí
2017,5,COAHUILA,34,SIERRA MOJADA,PVEM_NUAL_PJ,0,2099,0,31,2130,4140,5,Sí
2017,5,COAHUILA,34,SIERRA MOJADA,PVEM_NUAL_PRC,0,2099,0,31,2130,4140,9,Sí
2017,5,COAHUILA,34,SIERRA MOJADA,PVEM_NUAL_PCP,0,2099,0,31,2130,4140,6,Sí
2017,5,COAHUILA,34,SIERRA MOJADA,PVEM_SI_PJ,0,2099,0,31,2130,4140,4,Sí
2017,5,COAHUILA,34,SIERRA MOJADA,PVEM_SI_PRC,0,2099,0,31,2130,4140,8,Sí
2017,5,COAHUILA,34,SIERRA MOJADA,PVEM_SI_PCP,0,2099,0,31,2130,4140,5,Sí
2017,5,COAHUILA,34,SIERRA MOJADA,PVEM_PJ_PRC,0,2099,0,31,2130,4140,8,Sí
2017,5,COAHUILA,34,SIERRA MOJADA,PVEM_PJ_PCP,0,2099,0,31,2130,4140,5,Sí
2017,5,COAHUILA,34,SIERRA MOJADA,PVEM_PRC_PCP,0,2099,0,31,2130,4140,9,Sí
2017,5,COAHUILA,34,SIERRA MOJADA,NUAL_SI_PJ,0,2099,0,31,2130,4140,1,Sí
2017,5,COAHUILA,34,SIERRA MOJADA,NUAL_SI_PRC,0,2099,0,31,2130,4140,5,Sí
2017,5,COAHUILA,34,SIERRA MOJADA,NUAL_SI_PCP,0,2099,0,31,2130,4140,2,Sí
2017,5,COAHUILA,34,SIERRA MOJADA,NUAL_PJ_PRC,0,2099,0,31,2130,4140,5,Sí
2017,5,COAHUILA,34,SIERRA MOJADA,NUAL_PJ_PCP,0,2099,0,31,2130,4140,2,Sí
2017,5,COAHUILA,34,SIERRA MOJADA,NUAL_PRC_PCP,0,2099,0,31,2130,4140,6,Sí
2017,5,COAHUILA,34,SIERRA MOJADA,SI_PJ_PRC,0,2099,0,31,2130,4140,4,Sí
2017,5,COAHUILA,34,SIERRA MOJADA,SI_PJ_PCP,0,2099,0,31,2130,4140,1,Sí
2017,5,COAHUILA,34,SIERRA MOJADA,SI_PRC_PCP,0,2099,0,31,2130,4140,5,Sí
2017,5,COAHUILA,34,SIERRA MOJADA,PJ_PRC_PCP,0,2099,0,31,2130,4140,5,Sí
2017,5,COAHUILA,34,SIERRA MOJADA,PRI_PVEM,2,2099,0,31,2130,4140,809,Sí
2017,5,COAHUILA,34,SIERRA MOJADA,PRI_NUAL,1,2099,0,31,2130,4140,805,Sí
2017,5,COAHUILA,34,SIERRA MOJADA,PRI_SI,1,2099,0,31,2130,4140,804,Sí
2017,5,COAHUILA,34,SIERRA MOJADA,PRI_PJ,2,2099,0,31,2130,4140,805,Sí
2017,5,COAHUILA,34,SIERRA MOJADA,PRI_PRC,0,2099,0,31,2130,4140,807,Sí
2017,5,COAHUILA,34,SIERRA MOJADA,PRI_PCP,0,2099,0,31,2130,4140,804,Sí
2017,5,COAHUILA,34,SIERRA MOJADA,PVEM_NUAL,0,2099,0,31,2130,4140,5,Sí
2017,5,COAHUILA,34,SIERRA MOJADA,PVEM_SI,0,2099,0,31,2130,4140,4,Sí
2017,5,COAHUILA,34,SIERRA MOJADA,PVEM_PJ,0,2099,0,31,2130,4140,4,Sí
2017,5,COAHUILA,34,SIERRA MOJADA,PVEM_PRC,0,2099,0,31,2130,4140,8,Sí
2017,5,COAHUILA,34,SIERRA MOJADA,PVEM_PCP,0,2099,0,31,2130,4140,5,Sí
2017,5,COAHUILA,34,SIERRA MOJADA,NUAL_SI,0,2099,0,31,2130,4140,1,Sí
2017,5,COAHUILA,34,SIERRA MOJADA,NUAL_PJ,0,2099,0,31,2130,4140,1,Sí
2017,5,COAHUILA,34,SIERRA MOJADA,NUAL_PRC,0,2099,0,31,2130,4140,5,Sí
2017,5,COAHUILA,34,SIERRA MOJADA,NUAL_PCP,0,2099,0,31,2130,4140,2,Sí
2017,5,COAHUILA,34,SIERRA MOJADA,SI_PJ,0,2099,0,31,2130,4140,0,Sí
2017,5,COAHUILA,34,SIERRA MOJADA,SI_PRC,0,2099,0,31,2130,4140,4,Sí
2017,5,COAHUILA,34,SIERRA MOJADA,SI_PCP,0,2099,0,31,2130,4140,1,Sí
2017,5,COAHUILA,34,SIERRA MOJADA,PJ_PRC,0,2099,0,31,2130,4140,4,Sí
2017,5,COAHUILA,34,SIERRA MOJADA,PJ_PCP,0,2099,0,31,2130,4140,1,Sí
2017,5,COAHUILA,34,SIERRA MOJADA,PRC_PCP,0,2099,0,31,2130,4140,5,Sí
2017,5,COAHUILA,35,TORREON,PAN,133619,291194,104,4249,295547,509526,133619,No
2017,5,COAHUILA,35,TORREON,PRI,98218,291194,104,4249,295547,509526,98218,No
2017,5,COAHUILA,35,TORREON,PRD,7994,291194,104,4249,295547,509526,7994,No
2017,5,COAHUILA,35,TORREON,PT,4013,291194,104,4249,295547,509526,4013,No
2017,5,COAHUILA,35,TORREON,PVEM,5033,291194,104,4249,295547,509526,5033,No
2017,5,COAHUILA,35,TORREON,UDC,795,291194,104,4249,295547,509526,795,No
2017,5,COAHUILA,35,TORREON,MC,1868,291194,104,4249,295547,509526,1868,No
2017,5,COAHUILA,35,TORREON,NUAL,3139,291194,104,4249,295547,509526,3139,No
2017,5,COAHUILA,35,TORREON,SI,1698,291194,104,4249,295547,509526,1698,No
2017,5,COAHUILA,35,TORREON,PPC,1575,291194,104,4249,295547,509526,1575,No
2017,5,COAHUILA,35,TORREON,PJ,1148,291194,104,4249,295547,509526,1148,No
2017,5,COAHUILA,35,TORREON,PRC,1069,291194,104,4249,295547,509526,1069,No
2017,5,COAHUILA,35,TORREON,PCP,376,291194,104,4249,295547,509526,376,No
2017,5,COAHUILA,35,TORREON,MORENA,27493,291194,104,4249,295547,509526,27493,No
2017,5,COAHUILA,35,TORREON,ES,1399,291194,104,4249,295547,509526,1399,No
2017,5,COAHUILA,35,TORREON,PAN_UDC_PPC_ES,432,291194,104,4249,295547,509526,137820,Sí
2017,5,COAHUILA,35,TORREON,PAN_UDC_PPC,139,291194,104,4249,295547,509526,136128,Sí
2017,5,COAHUILA,35,TORREON,PAN_UDC_ES,49,291194,104,4249,295547,509526,135862,Sí
2017,5,COAHUILA,35,TORREON,PAN_PPC_ES,50,291194,104,4249,295547,509526,136643,Sí
2017,5,COAHUILA,35,TORREON,UDC_PPC_ES,1,291194,104,4249,295547,509526,3770,Sí
2017,5,COAHUILA,35,TORREON,PAN_UDC,110,291194,104,4249,295547,509526,134524,Sí
2017,5,COAHUILA,35,TORREON,PAN_PPC,67,291194,104,4249,295547,509526,135261,Sí
2017,5,COAHUILA,35,TORREON,PAN_ES,80,291194,104,4249,295547,509526,135098,Sí
2017,5,COAHUILA,35,TORREON,UDC_PPC,7,291194,104,4249,295547,509526,2377,Sí
2017,5,COAHUILA,35,TORREON,UDC_ES,5,291194,104,4249,295547,509526,2199,Sí
2017,5,COAHUILA,35,TORREON,PPC_ES,0,291194,104,4249,295547,509526,2974,Sí
2017,5,COAHUILA,35,TORREON,PRI_PVEM_NUAL_SI_PJ_PRC_PCP,122,291194,104,4249,295547,509526,110803,Sí
2017,5,COAHUILA,35,TORREON,PRI_PVEM_NUAL_SI_PJ_PRC,6,291194,104,4249,295547,509526,110311,Sí
2017,5,COAHUILA,35,TORREON,PRI_PVEM_NUAL_SI_PJ_PCP,6,291194,104,4249,295547,509526,109618,Sí
2017,5,COAHUILA,35,TORREON,PRI_PVEM_NUAL_SI_PRC_PCP,15,291194,104,4249,295547,509526,109548,Sí
2017,5,COAHUILA,35,TORREON,PRI_PVEM_NUAL_PJ_PRC_PCP,2,291194,104,4249,295547,509526,108985,Sí
2017,5,COAHUILA,35,TORREON,PRI_PVEM_SI_PJ_PRC_PCP,4,291194,104,4249,295547,509526,107546,Sí
2017,5,COAHUILA,35,TORREON,PRI_NUAL_SI_PJ_PRC_PCP,4,291194,104,4249,295547,509526,105652,Sí
2017,5,COAHUILA,35,TORREON,PVEM_NUAL_SI_PJ_PRC_PCP,2,291194,104,4249,295547,509526,12465,Sí
2017,5,COAHUILA,35,TORREON,PRI_PVEM_NUAL_SI_PJ,1,291194,104,4249,295547,509526,109237,Sí
2017,5,COAHUILA,35,TORREON,PRI_PVEM_NUAL_SI_PRC,4,291194,104,4249,295547,509526,109161,Sí
2017,5,COAHUILA,35,TORREON,PRI_PVEM_NUAL_SI_PCP,1,291194,104,4249,295547,509526,108465,Sí
2017,5,COAHUILA,35,TORREON,PRI_PVEM_NUAL_PJ_PRC,2,291194,104,4249,295547,509526,108609,Sí
2017,5,COAHUILA,35,TORREON,PRI_PVEM_NUAL_PJ_PCP,0,291194,104,4249,295547,509526,107914,Sí
2017,5,COAHUILA,35,TORREON,PRI_PVEM_NUAL_PRC_PCP,1,291194,104,4249,295547,509526,107836,Sí
2017,5,COAHUILA,35,TORREON,PRI_PVEM_SI_PJ_PRC,3,291194,104,4249,295547,509526,107169,Sí
2017,5,COAHUILA,35,TORREON,PRI_PVEM_SI_PJ_PCP,1,291194,104,4249,295547,509526,106474,Sí
2017,5,COAHUILA,35,TORREON,PRI_PVEM_SI_PRC_PCP,1,291194,104,4249,295547,509526,106395,Sí
2017,5,COAHUILA,35,TORREON,PRI_PVEM_PJ_PRC_PCP,3,291194,104,4249,295547,509526,105847,Sí
2017,5,COAHUILA,35,TORREON,PRI_NUAL_SI_PJ_PRC,0,291194,104,4249,295547,509526,105272,Sí
2017,5,COAHUILA,35,TORREON,PRI_NUAL_SI_PJ_PCP,2,291194,104,4249,295547,509526,104581,Sí
2017,5,COAHUILA,35,TORREON,PRI_NUAL_SI_PRC_PCP,1,291194,104,4249,295547,509526,104501,Sí
2017,5,COAHUILA,35,TORREON,PRI_NUAL_PJ_PRC_PCP,0,291194,104,4249,295547,509526,103950,Sí
2017,5,COAHUILA,35,TORREON,PRI_SI_PJ_PRC_PCP,0,291194,104,4249,295547,509526,102509,Sí
2017,5,COAHUILA,35,TORREON,PVEM_NUAL_SI_PJ_PRC,0,291194,104,4249,295547,509526,12087,Sí
2017,5,COAHUILA,35,TORREON,PVEM_NUAL_SI_PJ_PCP,0,291194,104,4249,295547,509526,11394,Sí
2017,5,COAHUILA,35,TORREON,PVEM_NUAL_SI_PRC_PCP,0,291194,104,4249,295547,509526,11315,Sí
2017,5,COAHUILA,35,TORREON,PVEM_NUAL_PJ_PRC_PCP,0,291194,104,4249,295547,509526,10765,Sí
2017,5,COAHUILA,35,TORREON,PVEM_SI_PJ_PRC_PCP,1,291194,104,4249,295547,509526,9325,Sí
2017,5,COAHUILA,35,TORREON,NUAL_SI_PJ_PRC_PCP,0,291194,104,4249,295547,509526,7430,Sí
2017,5,COAHUILA,35,TORREON,PRI_PVEM_NUAL_SI,10,291194,104,4249,295547,509526,108098,Sí
2017,5,COAHUILA,35,TORREON,PRI_PVEM_NUAL_PJ,2,291194,104,4249,295547,509526,107540,Sí
2017,5,COAHUILA,35,TORREON,PRI_PVEM_NUAL_PRC,3,291194,104,4249,295547,509526,107462,Sí
2017,5,COAHUILA,35,TORREON,PRI_PVEM_NUAL_PCP,1,291194,104,4249,295547,509526,106767,Sí
2017,5,COAHUILA,35,TORREON,PRI_PVEM_SI_PJ,3,291194,104,4249,295547,509526,106100,Sí
2017,5,COAHUILA,35,TORREON,PRI_PVEM_SI_PRC,0,291194,104,4249,295547,509526,106018,Sí
2017,5,COAHUILA,35,TORREON,PRI_PVEM_SI_PCP,2,291194,104,4249,295547,509526,105327,Sí
2017,5,COAHUILA,35,TORREON,PRI_PVEM_PJ_PRC,1,291194,104,4249,295547,509526,105469,Sí
2017,5,COAHUILA,35,TORREON,PRI_PVEM_PJ_PCP,0,291194,104,4249,295547,509526,104775,Sí
2017,5,COAHUILA,35,TORREON,PRI_PVEM_PRC_PCP,1,291194,104,4249,295547,509526,104697,Sí
2017,5,COAHUILA,35,TORREON,PRI_NUAL_SI_PJ,0,291194,104,4249,295547,509526,104203,Sí
2017,5,COAHUILA,35,TORREON,PRI_NUAL_SI_PRC,1,291194,104,4249,295547,509526,104125,Sí
2017,5,COAHUILA,35,TORREON,PRI_NUAL_SI_PCP,2,291194,104,4249,295547,509526,103433,Sí
2017,5,COAHUILA,35,TORREON,PRI_NUAL_PJ_PRC,0,291194,104,4249,295547,509526,103574,Sí
2017,5,COAHUILA,35,TORREON,PRI_NUAL_PJ_PCP,1,291194,104,4249,295547,509526,102882,Sí
2017,5,COAHUILA,35,TORREON,PRI_NUAL_PRC_PCP,1,291194,104,4249,295547,509526,102803,Sí
2017,5,COAHUILA,35,TORREON,PRI_SI_PJ_PRC,1,291194,104,4249,295547,509526,102134,Sí
2017,5,COAHUILA,35,TORREON,PRI_SI_PJ_PCP,0,291194,104,4249,295547,509526,101440,Sí
2017,5,COAHUILA,35,TORREON,PRI_SI_PRC_PCP,1,291194,104,4249,295547,509526,101362,Sí
2017,5,COAHUILA,35,TORREON,PRI_PJ_PRC_PCP,0,291194,104,4249,295547,509526,100811,Sí
2017,5,COAHUILA,35,TORREON,PVEM_NUAL_SI_PJ,0,291194,104,4249,295547,509526,11018,Sí
2017,5,COAHUILA,35,TORREON,PVEM_NUAL_SI_PRC,0,291194,104,4249,295547,509526,10939,Sí
2017,5,COAHUILA,35,TORREON,PVEM_NUAL_SI_PCP,0,291194,104,4249,295547,509526,10246,Sí
2017,5,COAHUILA,35,TORREON,PVEM_NUAL_PJ_PRC,0,291194,104,4249,295547,509526,10389,Sí
2017,5,COAHUILA,35,TORREON,PVEM_NUAL_PJ_PCP,0,291194,104,4249,295547,509526,9696,Sí
2017,5,COAHUILA,35,TORREON,PVEM_NUAL_PRC_PCP,0,291194,104,4249,295547,509526,9617,Sí
2017,5,COAHUILA,35,TORREON,PVEM_SI_PJ_PRC,1,291194,104,4249,295547,509526,8949,Sí
2017,5,COAHUILA,35,TORREON,PVEM_SI_PJ_PCP,0,291194,104,4249,295547,509526,8255,Sí
2017,5,COAHUILA,35,TORREON,PVEM_SI_PRC_PCP,0,291194,104,4249,295547,509526,8176,Sí
2017,5,COAHUILA,35,TORREON,PVEM_PJ_PRC_PCP,0,291194,104,4249,295547,509526,7626,Sí
2017,5,COAHUILA,35,TORREON,NUAL_SI_PJ_PRC,0,291194,104,4249,295547,509526,7054,Sí
2017,5,COAHUILA,35,TORREON,NUAL_SI_PJ_PCP,0,291194,104,4249,295547,509526,6361,Sí
2017,5,COAHUILA,35,TORREON,NUAL_SI_PRC_PCP,0,291194,104,4249,295547,509526,6282,Sí
2017,5,COAHUILA,35,TORREON,NUAL_PJ_PRC_PCP,0,291194,104,4249,295547,509526,5732,Sí
2017,5,COAHUILA,35,TORREON,SI_PJ_PRC_PCP,0,291194,104,4249,295547,509526,4291,Sí
2017,5,COAHUILA,35,TORREON,PRI_PVEM_NUAL,43,291194,104,4249,295547,509526,106433,Sí
2017,5,COAHUILA,35,TORREON,PRI_PVEM_SI,10,291194,104,4249,295547,509526,104959,Sí
2017,5,COAHUILA,35,TORREON,PRI_PVEM_PJ,10,291194,104,4249,295547,509526,104409,Sí
2017,5,COAHUILA,35,TORREON,PRI_PVEM_PRC,7,291194,104,4249,295547,509526,104327,Sí
2017,5,COAHUILA,35,TORREON,PRI_PVEM_PCP,5,291194,104,4249,295547,509526,103632,Sí
2017,5,COAHUILA,35,TORREON,PRI_NUAL_SI,5,291194,104,4249,295547,509526,103060,Sí
2017,5,COAHUILA,35,TORREON,PRI_NUAL_PJ,2,291194,104,4249,295547,509526,102507,Sí
2017,5,COAHUILA,35,TORREON,PRI_NUAL_PRC,16,291194,104,4249,295547,509526,102442,Sí
2017,5,COAHUILA,35,TORREON,PRI_NUAL_PCP,2,291194,104,4249,295547,509526,101735,Sí
2017,5,COAHUILA,35,TORREON,PRI_SI_PJ,1,291194,104,4249,295547,509526,101065,Sí
2017,5,COAHUILA,35,TORREON,PRI_SI_PRC,2,291194,104,4249,295547,509526,100987,Sí
2017,5,COAHUILA,35,TORREON,PRI_SI_PCP,0,291194,104,4249,295547,509526,100292,Sí
2017,5,COAHUILA,35,TORREON,PRI_PJ_PRC,3,291194,104,4249,295547,509526,100438,Sí
2017,5,COAHUILA,35,TORREON,PRI_PJ_PCP,0,291194,104,4249,295547,509526,99742,Sí
2017,5,COAHUILA,35,TORREON,PRI_PRC_PCP,2,291194,104,4249,295547,509526,99665,Sí
2017,5,COAHUILA,35,TORREON,PVEM_NUAL_SI,1,291194,104,4249,295547,509526,9871,Sí
2017,5,COAHUILA,35,TORREON,PVEM_NUAL_PJ,0,291194,104,4249,295547,509526,9320,Sí
2017,5,COAHUILA,35,TORREON,PVEM_NUAL_PRC,0,291194,104,4249,295547,509526,9241,Sí
2017,5,COAHUILA,35,TORREON,PVEM_NUAL_PCP,0,291194,104,4249,295547,509526,8548,Sí
2017,5,COAHUILA,35,TORREON,PVEM_SI_PJ,1,291194,104,4249,295547,509526,7880,Sí
2017,5,COAHUILA,35,TORREON,PVEM_SI_PRC,0,291194,104,4249,295547,509526,7800,Sí
2017,5,COAHUILA,35,TORREON,PVEM_SI_PCP,0,291194,104,4249,295547,509526,7107,Sí
2017,5,COAHUILA,35,TORREON,PVEM_PJ_PRC,1,291194,104,4249,295547,509526,7251,Sí
2017,5,COAHUILA,35,TORREON,PVEM_PJ_PCP,0,291194,104,4249,295547,509526,6557,Sí
2017,5,COAHUILA,35,TORREON,PVEM_PRC_PCP,1,291194,104,4249,295547,509526,6479,Sí
2017,5,COAHUILA,35,TORREON,NUAL_SI_PJ,0,291194,104,4249,295547,509526,5985,Sí
2017,5,COAHUILA,35,TORREON,NUAL_SI_PRC,0,291194,104,4249,295547,509526,5906,Sí
2017,5,COAHUILA,35,TORREON,NUAL_SI_PCP,0,291194,104,4249,295547,509526,5213,Sí
2017,5,COAHUILA,35,TORREON,NUAL_PJ_PRC,0,291194,104,4249,295547,509526,5356,Sí
2017,5,COAHUILA,35,TORREON,NUAL_PJ_PCP,0,291194,104,4249,295547,509526,4663,Sí
2017,5,COAHUILA,35,TORREON,NUAL_PRC_PCP,0,291194,104,4249,295547,509526,4584,Sí
2017,5,COAHUILA,35,TORREON,SI_PJ_PRC,0,291194,104,4249,295547,509526,3915,Sí
2017,5,COAHUILA,35,TORREON,SI_PJ_PCP,0,291194,104,4249,295547,509526,3222,Sí
2017,5,COAHUILA,35,TORREON,SI_PRC_PCP,1,291194,104,4249,295547,509526,3144,Sí
2017,5,COAHUILA,35,TORREON,PJ_PRC_PCP,0,291194,104,4249,295547,509526,2593,Sí
2017,5,COAHUILA,35,TORREON,PRI_PVEM,319,291194,104,4249,295547,509526,103570,Sí
2017,5,COAHUILA,35,TORREON,PRI_NUAL,47,291194,104,4249,295547,509526,101404,Sí
2017,5,COAHUILA,35,TORREON,PRI_SI,32,291194,104,4249,295547,509526,99948,Sí
2017,5,COAHUILA,35,TORREON,PRI_PJ,18,291194,104,4249,295547,509526,99384,Sí
2017,5,COAHUILA,35,TORREON,PRI_PRC,26,291194,104,4249,295547,509526,99313,Sí
2017,5,COAHUILA,35,TORREON,PRI_PCP,8,291194,104,4249,295547,509526,98602,Sí
2017,5,COAHUILA,35,TORREON,PVEM_NUAL,14,291194,104,4249,295547,509526,8186,Sí
2017,5,COAHUILA,35,TORREON,PVEM_SI,2,291194,104,4249,295547,509526,6733,Sí
2017,5,COAHUILA,35,TORREON,PVEM_PJ,5,291194,104,4249,295547,509526,6186,Sí
2017,5,COAHUILA,35,TORREON,PVEM_PRC,3,291194,104,4249,295547,509526,6105,Sí
2017,5,COAHUILA,35,TORREON,PVEM_PCP,0,291194,104,4249,295547,509526,5409,Sí
2017,5,COAHUILA,35,TORREON,NUAL_SI,2,291194,104,4249,295547,509526,4839,Sí
2017,5,COAHUILA,35,TORREON,NUAL_PJ,2,291194,104,4249,295547,509526,4289,Sí
2017,5,COAHUILA,35,TORREON,NUAL_PRC,1,291194,104,4249,295547,509526,4209,Sí
2017,5,COAHUILA,35,TORREON,NUAL_PCP,0,291194,104,4249,295547,509526,3515,Sí
2017,5,COAHUILA,35,TORREON,SI_PJ,3,291194,104,4249,295547,509526,2849,Sí
2017,5,COAHUILA,35,TORREON,SI_PRC,1,291194,104,4249,295547,509526,2768,Sí
2017,5,COAHUILA,35,TORREON,SI_PCP,1,291194,104,4249,295547,509526,2075,Sí
2017,5,COAHUILA,35,TORREON,PJ_PRC,0,291194,104,4249,295547,509526,2217,Sí
2017,5,COAHUILA,35,TORREON,PJ_PCP,3,291194,104,4249,295547,509526,1527,Sí
2017,5,COAHUILA,35,TORREON,PRC_PCP,4,291194,104,4249,295547,509526,1449,Sí
2017,5,COAHUILA,36,VIESCA,PAN,950,10174,0,205,10379,15628,950,No
2017,5,COAHUILA,36,VIESCA,PRI,4502,10174,0,205,10379,15628,4502,No
2017,5,COAHUILA,36,VIESCA,PRD,750,10174,0,205,10379,15628,750,No
2017,5,COAHUILA,36,VIESCA,PT,0,10174,0,205,10379,15628,0,No
2017,5,COAHUILA,36,VIESCA,PVEM,80,10174,0,205,10379,15628,80,No
2017,5,COAHUILA,36,VIESCA,UDC,179,10174,0,205,10379,15628,179,No
2017,5,COAHUILA,36,VIESCA,MC,0,10174,0,205,10379,15628,0,No
2017,5,COAHUILA,36,VIESCA,NUAL,173,10174,0,205,10379,15628,173,No
2017,5,COAHUILA,36,VIESCA,SI,55,10174,0,205,10379,15628,55,No
2017,5,COAHUILA,36,VIESCA,PPC,1931,10174,0,205,10379,15628,1931,No
2017,5,COAHUILA,36,VIESCA,PJ,440,10174,0,205,10379,15628,440,No
2017,5,COAHUILA,36,VIESCA,PRC,619,10174,0,205,10379,15628,619,No
2017,5,COAHUILA,36,VIESCA,PCP,33,10174,0,205,10379,15628,33,No
2017,5,COAHUILA,36,VIESCA,MORENA,359,10174,0,205,10379,15628,359,No
2017,5,COAHUILA,36,VIESCA,ES,14,10174,0,205,10379,15628,14,No
2017,5,COAHUILA,36,VIESCA,PAN_UDC_PPC_ES,10,10174,0,205,10379,15628,3084,Sí
2017,5,COAHUILA,36,VIESCA,PAN_UDC_PPC,17,10174,0,205,10379,15628,3077,Sí
2017,5,COAHUILA,36,VIESCA,PAN_UDC_ES,0,10174,0,205,10379,15628,1143,Sí
2017,5,COAHUILA,36,VIESCA,PAN_PPC_ES,3,10174,0,205,10379,15628,2898,Sí
2017,5,COAHUILA,36,VIESCA,UDC_PPC_ES,0,10174,0,205,10379,15628,2124,Sí
2017,5,COAHUILA,36,VIESCA,PAN_UDC,4,10174,0,205,10379,15628,1133,Sí
2017,5,COAHUILA,36,VIESCA,PAN_PPC,51,10174,0,205,10379,15628,2932,Sí
2017,5,COAHUILA,36,VIESCA,PAN_ES,0,10174,0,205,10379,15628,964,Sí
2017,5,COAHUILA,36,VIESCA,UDC_PPC,4,10174,0,205,10379,15628,2114,Sí
2017,5,COAHUILA,36,VIESCA,UDC_ES,0,10174,0,205,10379,15628,193,Sí
2017,5,COAHUILA,36,VIESCA,PPC_ES,0,10174,0,205,10379,15628,1945,Sí
2017,5,COAHUILA,36,VIESCA,PRI_PVEM_NUAL_SI_PJ_PRC_PCP,0,10174,0,205,10379,15628,5902,Sí
2017,5,COAHUILA,36,VIESCA,PRI_PVEM_NUAL_SI_PJ_PRC,0,10174,0,205,10379,15628,5869,Sí
2017,5,COAHUILA,36,VIESCA,PRI_PVEM_NUAL_SI_PJ_PCP,0,10174,0,205,10379,15628,5283,Sí
2017,5,COAHUILA,36,VIESCA,PRI_PVEM_NUAL_SI_PRC_PCP,0,10174,0,205,10379,15628,5462,Sí
2017,5,COAHUILA,36,VIESCA,PRI_PVEM_NUAL_PJ_PRC_PCP,0,10174,0,205,10379,15628,5847,Sí
2017,5,COAHUILA,36,VIESCA,PRI_PVEM_SI_PJ_PRC_PCP,0,10174,0,205,10379,15628,5729,Sí
2017,5,COAHUILA,36,VIESCA,PRI_NUAL_SI_PJ_PRC_PCP,0,10174,0,205,10379,15628,5822,Sí
2017,5,COAHUILA,36,VIESCA,PVEM_NUAL_SI_PJ_PRC_PCP,0,10174,0,205,10379,15628,1400,Sí
2017,5,COAHUILA,36,VIESCA,PRI_PVEM_NUAL_SI_PJ,0,10174,0,205,10379,15628,5250,Sí
2017,5,COAHUILA,36,VIESCA,PRI_PVEM_NUAL_SI_PRC,0,10174,0,205,10379,15628,5429,Sí
2017,5,COAHUILA,36,VIESCA,PRI_PVEM_NUAL_SI_PCP,0,10174,0,205,10379,15628,4843,Sí
2017,5,COAHUILA,36,VIESCA,PRI_PVEM_NUAL_PJ_PRC,0,10174,0,205,10379,15628,5814,Sí
2017,5,COAHUILA,36,VIESCA,PRI_PVEM_NUAL_PJ_PCP,0,10174,0,205,10379,15628,5228,Sí
2017,5,COAHUILA,36,VIESCA,PRI_PVEM_NUAL_PRC_PCP,0,10174,0,205,10379,15628,5407,Sí
2017,5,COAHUILA,36,VIESCA,PRI_PVEM_SI_PJ_PRC,0,10174,0,205,10379,15628,5696,Sí
2017,5,COAHUILA,36,VIESCA,PRI_PVEM_SI_PJ_PCP,0,10174,0,205,10379,15628,5110,Sí
2017,5,COAHUILA,36,VIESCA,PRI_PVEM_SI_PRC_PCP,0,10174,0,205,10379,15628,5289,Sí
2017,5,COAHUILA,36,VIESCA,PRI_PVEM_PJ_PRC_PCP,0,10174,0,205,10379,15628,5674,Sí
2017,5,COAHUILA,36,VIESCA,PRI_NUAL_SI_PJ_PRC,0,10174,0,205,10379,15628,5789,Sí
2017,5,COAHUILA,36,VIESCA,PRI_NUAL_SI_PJ_PCP,0,10174,0,205,10379,15628,5203,Sí
2017,5,COAHUILA,36,VIESCA,PRI_NUAL_SI_PRC_PCP,0,10174,0,205,10379,15628,5382,Sí
2017,5,COAHUILA,36,VIESCA,PRI_NUAL_PJ_PRC_PCP,0,10174,0,205,10379,15628,5767,Sí
2017,5,COAHUILA,36,VIESCA,PRI_SI_PJ_PRC_PCP,0,10174,0,205,10379,15628,5649,Sí
2017,5,COAHUILA,36,VIESCA,PVEM_NUAL_SI_PJ_PRC,0,10174,0,205,10379,15628,1367,Sí
2017,5,COAHUILA,36,VIESCA,PVEM_NUAL_SI_PJ_PCP,0,10174,0,205,10379,15628,781,Sí
2017,5,COAHUILA,36,VIESCA,PVEM_NUAL_SI_PRC_PCP,0,10174,0,205,10379,15628,960,Sí
2017,5,COAHUILA,36,VIESCA,PVEM_NUAL_PJ_PRC_PCP,0,10174,0,205,10379,15628,1345,Sí
2017,5,COAHUILA,36,VIESCA,PVEM_SI_PJ_PRC_PCP,0,10174,0,205,10379,15628,1227,Sí
2017,5,COAHUILA,36,VIESCA,NUAL_SI_PJ_PRC_PCP,0,10174,0,205,10379,15628,1320,Sí
2017,5,COAHUILA,36,VIESCA,PRI_PVEM_NUAL_SI,0,10174,0,205,10379,15628,4810,Sí
2017,5,COAHUILA,36,VIESCA,PRI_PVEM_NUAL_PJ,0,10174,0,205,10379,15628,5195,Sí
2017,5,COAHUILA,36,VIESCA,PRI_PVEM_NUAL_PRC,0,10174,0,205,10379,15628,5374,Sí
2017,5,COAHUILA,36,VIESCA,PRI_PVEM_NUAL_PCP,0,10174,0,205,10379,15628,4788,Sí
2017,5,COAHUILA,36,VIESCA,PRI_PVEM_SI_PJ,0,10174,0,205,10379,15628,5077,Sí
2017,5,COAHUILA,36,VIESCA,PRI_PVEM_SI_PRC,0,10174,0,205,10379,15628,5256,Sí
2017,5,COAHUILA,36,VIESCA,PRI_PVEM_SI_PCP,0,10174,0,205,10379,15628,4670,Sí
2017,5,COAHUILA,36,VIESCA,PRI_PVEM_PJ_PRC,0,10174,0,205,10379,15628,5641,Sí
2017,5,COAHUILA,36,VIESCA,PRI_PVEM_PJ_PCP,0,10174,0,205,10379,15628,5055,Sí
2017,5,COAHUILA,36,VIESCA,PRI_PVEM_PRC_PCP,0,10174,0,205,10379,15628,5234,Sí
2017,5,COAHUILA,36,VIESCA,PRI_NUAL_SI_PJ,0,10174,0,205,10379,15628,5170,Sí
2017,5,COAHUILA,36,VIESCA,PRI_NUAL_SI_PRC,0,10174,0,205,10379,15628,5349,Sí
2017,5,COAHUILA,36,VIESCA,PRI_NUAL_SI_PCP,0,10174,0,205,10379,15628,4763,Sí
2017,5,COAHUILA,36,VIESCA,PRI_NUAL_PJ_PRC,0,10174,0,205,10379,15628,5734,Sí
2017,5,COAHUILA,36,VIESCA,PRI_NUAL_PJ_PCP,0,10174,0,205,10379,15628,5148,Sí
2017,5,COAHUILA,36,VIESCA,PRI_NUAL_PRC_PCP,0,10174,0,205,10379,15628,5327,Sí
2017,5,COAHUILA,36,VIESCA,PRI_SI_PJ_PRC,0,10174,0,205,10379,15628,5616,Sí
2017,5,COAHUILA,36,VIESCA,PRI_SI_PJ_PCP,0,10174,0,205,10379,15628,5030,Sí
2017,5,COAHUILA,36,VIESCA,PRI_SI_PRC_PCP,0,10174,0,205,10379,15628,5209,Sí
2017,5,COAHUILA,36,VIESCA,PRI_PJ_PRC_PCP,0,10174,0,205,10379,15628,5594,Sí
2017,5,COAHUILA,36,VIESCA,PVEM_NUAL_SI_PJ,0,10174,0,205,10379,15628,748,Sí
2017,5,COAHUILA,36,VIESCA,PVEM_NUAL_SI_PRC,0,10174,0,205,10379,15628,927,Sí
2017,5,COAHUILA,36,VIESCA,PVEM_NUAL_SI_PCP,0,10174,0,205,10379,15628,341,Sí
2017,5,COAHUILA,36,VIESCA,PVEM_NUAL_PJ_PRC,0,10174,0,205,10379,15628,1312,Sí
2017,5,COAHUILA,36,VIESCA,PVEM_NUAL_PJ_PCP,0,10174,0,205,10379,15628,726,Sí
2017,5,COAHUILA,36,VIESCA,PVEM_NUAL_PRC_PCP,0,10174,0,205,10379,15628,905,Sí
2017,5,COAHUILA,36,VIESCA,PVEM_SI_PJ_PRC,0,10174,0,205,10379,15628,1194,Sí
2017,5,COAHUILA,36,VIESCA,PVEM_SI_PJ_PCP,0,10174,0,205,10379,15628,608,Sí
2017,5,COAHUILA,36,VIESCA,PVEM_SI_PRC_PCP,0,10174,0,205,10379,15628,787,Sí
2017,5,COAHUILA,36,VIESCA,PVEM_PJ_PRC_PCP,0,10174,0,205,10379,15628,1172,Sí
2017,5,COAHUILA,36,VIESCA,NUAL_SI_PJ_PRC,0,10174,0,205,10379,15628,1287,Sí
2017,5,COAHUILA,36,VIESCA,NUAL_SI_PJ_PCP,0,10174,0,205,10379,15628,701,Sí
2017,5,COAHUILA,36,VIESCA,NUAL_SI_PRC_PCP,0,10174,0,205,10379,15628,880,Sí
2017,5,COAHUILA,36,VIESCA,NUAL_PJ_PRC_PCP,0,10174,0,205,10379,15628,1265,Sí
2017,5,COAHUILA,36,VIESCA,SI_PJ_PRC_PCP,0,10174,0,205,10379,15628,1147,Sí
2017,5,COAHUILA,36,VIESCA,PRI_PVEM_NUAL,0,10174,0,205,10379,15628,4755,Sí
2017,5,COAHUILA,36,VIESCA,PRI_PVEM_SI,0,10174,0,205,10379,15628,4637,Sí
2017,5,COAHUILA,36,VIESCA,PRI_PVEM_PJ,0,10174,0,205,10379,15628,5022,Sí
2017,5,COAHUILA,36,VIESCA,PRI_PVEM_PRC,0,10174,0,205,10379,15628,5201,Sí
2017,5,COAHUILA,36,VIESCA,PRI_PVEM_PCP,0,10174,0,205,10379,15628,4615,Sí
2017,5,COAHUILA,36,VIESCA,PRI_NUAL_SI,0,10174,0,205,10379,15628,4730,Sí
2017,5,COAHUILA,36,VIESCA,PRI_NUAL_PJ,0,10174,0,205,10379,15628,5115,Sí
2017,5,COAHUILA,36,VIESCA,PRI_NUAL_PRC,0,10174,0,205,10379,15628,5294,Sí
2017,5,COAHUILA,36,VIESCA,PRI_NUAL_PCP,0,10174,0,205,10379,15628,4708,Sí
2017,5,COAHUILA,36,VIESCA,PRI_SI_PJ,0,10174,0,205,10379,15628,4997,Sí
2017,5,COAHUILA,36,VIESCA,PRI_SI_PRC,0,10174,0,205,10379,15628,5176,Sí
2017,5,COAHUILA,36,VIESCA,PRI_SI_PCP,0,10174,0,205,10379,15628,4590,Sí
2017,5,COAHUILA,36,VIESCA,PRI_PJ_PRC,0,10174,0,205,10379,15628,5561,Sí
2017,5,COAHUILA,36,VIESCA,PRI_PJ_PCP,0,10174,0,205,10379,15628,4975,Sí
2017,5,COAHUILA,36,VIESCA,PRI_PRC_PCP,0,10174,0,205,10379,15628,5154,Sí
2017,5,COAHUILA,36,VIESCA,PVEM_NUAL_SI,0,10174,0,205,10379,15628,308,Sí
2017,5,COAHUILA,36,VIESCA,PVEM_NUAL_PJ,0,10174,0,205,10379,15628,693,Sí
2017,5,COAHUILA,36,VIESCA,PVEM_NUAL_PRC,0,10174,0,205,10379,15628,872,Sí
2017,5,COAHUILA,36,VIESCA,PVEM_NUAL_PCP,0,10174,0,205,10379,15628,286,Sí
2017,5,COAHUILA,36,VIESCA,PVEM_SI_PJ,0,10174,0,205,10379,15628,575,Sí
2017,5,COAHUILA,36,VIESCA,PVEM_SI_PRC,0,10174,0,205,10379,15628,754,Sí
2017,5,COAHUILA,36,VIESCA,PVEM_SI_PCP,0,10174,0,205,10379,15628,168,Sí
2017,5,COAHUILA,36,VIESCA,PVEM_PJ_PRC,0,10174,0,205,10379,15628,1139,Sí
2017,5,COAHUILA,36,VIESCA,PVEM_PJ_PCP,0,10174,0,205,10379,15628,553,Sí
2017,5,COAHUILA,36,VIESCA,PVEM_PRC_PCP,0,10174,0,205,10379,15628,732,Sí
2017,5,COAHUILA,36,VIESCA,NUAL_SI_PJ,0,10174,0,205,10379,15628,668,Sí
2017,5,COAHUILA,36,VIESCA,NUAL_SI_PRC,0,10174,0,205,10379,15628,847,Sí
2017,5,COAHUILA,36,VIESCA,NUAL_SI_PCP,0,10174,0,205,10379,15628,261,Sí
2017,5,COAHUILA,36,VIESCA,NUAL_PJ_PRC,0,10174,0,205,10379,15628,1232,Sí
2017,5,COAHUILA,36,VIESCA,NUAL_PJ_PCP,0,10174,0,205,10379,15628,646,Sí
2017,5,COAHUILA,36,VIESCA,NUAL_PRC_PCP,0,10174,0,205,10379,15628,825,Sí
2017,5,COAHUILA,36,VIESCA,SI_PJ_PRC,0,10174,0,205,10379,15628,1114,Sí
2017,5,COAHUILA,36,VIESCA,SI_PJ_PCP,0,10174,0,205,10379,15628,528,Sí
2017,5,COAHUILA,36,VIESCA,SI_PRC_PCP,0,10174,0,205,10379,15628,707,Sí
2017,5,COAHUILA,36,VIESCA,PJ_PRC_PCP,0,10174,0,205,10379,15628,1092,Sí
2017,5,COAHUILA,36,VIESCA,PRI_PVEM,0,10174,0,205,10379,15628,4582,Sí
2017,5,COAHUILA,36,VIESCA,PRI_NUAL,0,10174,0,205,10379,15628,4675,Sí
2017,5,COAHUILA,36,VIESCA,PRI_SI,0,10174,0,205,10379,15628,4557,Sí
2017,5,COAHUILA,36,VIESCA,PRI_PJ,0,10174,0,205,10379,15628,4942,Sí
2017,5,COAHUILA,36,VIESCA,PRI_PRC,0,10174,0,205,10379,15628,5121,Sí
2017,5,COAHUILA,36,VIESCA,PRI_PCP,0,10174,0,205,10379,15628,4535,Sí
2017,5,COAHUILA,36,VIESCA,PVEM_NUAL,0,10174,0,205,10379,15628,253,Sí
2017,5,COAHUILA,36,VIESCA,PVEM_SI,0,10174,0,205,10379,15628,135,Sí
2017,5,COAHUILA,36,VIESCA,PVEM_PJ,0,10174,0,205,10379,15628,520,Sí
2017,5,COAHUILA,36,VIESCA,PVEM_PRC,0,10174,0,205,10379,15628,699,Sí
2017,5,COAHUILA,36,VIESCA,PVEM_PCP,0,10174,0,205,10379,15628,113,Sí
2017,5,COAHUILA,36,VIESCA,NUAL_SI,0,10174,0,205,10379,15628,228,Sí
2017,5,COAHUILA,36,VIESCA,NUAL_PJ,0,10174,0,205,10379,15628,613,Sí
2017,5,COAHUILA,36,VIESCA,NUAL_PRC,0,10174,0,205,10379,15628,792,Sí
2017,5,COAHUILA,36,VIESCA,NUAL_PCP,0,10174,0,205,10379,15628,206,Sí
2017,5,COAHUILA,36,VIESCA,SI_PJ,0,10174,0,205,10379,15628,495,Sí
2017,5,COAHUILA,36,VIESCA,SI_PRC,0,10174,0,205,10379,15628,674,Sí
2017,5,COAHUILA,36,VIESCA,SI_PCP,0,10174,0,205,10379,15628,88,Sí
2017,5,COAHUILA,36,VIESCA,PJ_PRC,0,10174,0,205,10379,15628,1059,Sí
2017,5,COAHUILA,36,VIESCA,PJ_PCP,0,10174,0,205,10379,15628,473,Sí
2017,5,COAHUILA,36,VIESCA,PRC_PCP,0,10174,0,205,10379,15628,652,Sí
2017,5,COAHUILA,37,VILLA UNION,PAN,1074,3087,2,90,3179,5317,1074,No
2017,5,COAHUILA,37,VILLA UNION,PRI,1331,3087,2,90,3179,5317,1331,No
2017,5,COAHUILA,37,VILLA UNION,PRD,518,3087,2,90,3179,5317,518,No
2017,5,COAHUILA,37,VILLA UNION,PT,0,3087,2,90,3179,5317,0,No
2017,5,COAHUILA,37,VILLA UNION,PVEM,3,3087,2,90,3179,5317,3,No
2017,5,COAHUILA,37,VILLA UNION,UDC,16,3087,2,90,3179,5317,16,No
2017,5,COAHUILA,37,VILLA UNION,MC,0,3087,2,90,3179,5317,0,No
2017,5,COAHUILA,37,VILLA UNION,NUAL,6,3087,2,90,3179,5317,6,No
2017,5,COAHUILA,37,VILLA UNION,SI,2,3087,2,90,3179,5317,2,No
2017,5,COAHUILA,37,VILLA UNION,PPC,4,3087,2,90,3179,5317,4,No
2017,5,COAHUILA,37,VILLA UNION,PJ,5,3087,2,90,3179,5317,5,No
2017,5,COAHUILA,37,VILLA UNION,PRC,8,3087,2,90,3179,5317,8,No
2017,5,COAHUILA,37,VILLA UNION,PCP,1,3087,2,90,3179,5317,1,No
2017,5,COAHUILA,37,VILLA UNION,MORENA,57,3087,2,90,3179,5317,57,No
2017,5,COAHUILA,37,VILLA UNION,ES,1,3087,2,90,3179,5317,1,No
2017,5,COAHUILA,37,VILLA UNION,PAN_UDC_PPC_ES,10,3087,2,90,3179,5317,1105,Sí
2017,5,COAHUILA,37,VILLA UNION,PAN_UDC_PPC,3,3087,2,90,3179,5317,1097,Sí
2017,5,COAHUILA,37,VILLA UNION,PAN_UDC_ES,3,3087,2,90,3179,5317,1094,Sí
2017,5,COAHUILA,37,VILLA UNION,PAN_PPC_ES,2,3087,2,90,3179,5317,1081,Sí
2017,5,COAHUILA,37,VILLA UNION,UDC_PPC_ES,0,3087,2,90,3179,5317,21,Sí
2017,5,COAHUILA,37,VILLA UNION,PAN_UDC,9,3087,2,90,3179,5317,1099,Sí
2017,5,COAHUILA,37,VILLA UNION,PAN_PPC,3,3087,2,90,3179,5317,1081,Sí
2017,5,COAHUILA,37,VILLA UNION,PAN_ES,3,3087,2,90,3179,5317,1078,Sí
2017,5,COAHUILA,37,VILLA UNION,UDC_PPC,1,3087,2,90,3179,5317,21,Sí
2017,5,COAHUILA,37,VILLA UNION,UDC_ES,0,3087,2,90,3179,5317,17,Sí
2017,5,COAHUILA,37,VILLA UNION,PPC_ES,0,3087,2,90,3179,5317,5,Sí
2017,5,COAHUILA,37,VILLA UNION,PRI_PVEM_NUAL_SI_PJ_PRC_PCP,7,3087,2,90,3179,5317,1363,Sí
2017,5,COAHUILA,37,VILLA UNION,PRI_PVEM_NUAL_SI_PJ_PRC,0,3087,2,90,3179,5317,1355,Sí
2017,5,COAHUILA,37,VILLA UNION,PRI_PVEM_NUAL_SI_PJ_PCP,1,3087,2,90,3179,5317,1349,Sí
2017,5,COAHUILA,37,VILLA UNION,PRI_PVEM_NUAL_SI_PRC_PCP,0,3087,2,90,3179,5317,1351,Sí
2017,5,COAHUILA,37,VILLA UNION,PRI_PVEM_NUAL_PJ_PRC_PCP,2,3087,2,90,3179,5317,1356,Sí
2017,5,COAHUILA,37,VILLA UNION,PRI_PVEM_SI_PJ_PRC_PCP,0,3087,2,90,3179,5317,1350,Sí
2017,5,COAHUILA,37,VILLA UNION,PRI_NUAL_SI_PJ_PRC_PCP,0,3087,2,90,3179,5317,1353,Sí
2017,5,COAHUILA,37,VILLA UNION,PVEM_NUAL_SI_PJ_PRC_PCP,0,3087,2,90,3179,5317,25,Sí
2017,5,COAHUILA,37,VILLA UNION,PRI_PVEM_NUAL_SI_PJ,0,3087,2,90,3179,5317,1347,Sí
2017,5,COAHUILA,37,VILLA UNION,PRI_PVEM_NUAL_SI_PRC,0,3087,2,90,3179,5317,1350,Sí
2017,5,COAHUILA,37,VILLA UNION,PRI_PVEM_NUAL_SI_PCP,0,3087,2,90,3179,5317,1343,Sí
2017,5,COAHUILA,37,VILLA UNION,PRI_PVEM_NUAL_PJ_PRC,0,3087,2,90,3179,5317,1353,Sí
2017,5,COAHUILA,37,VILLA UNION,PRI_PVEM_NUAL_PJ_PCP,0,3087,2,90,3179,5317,1346,Sí
2017,5,COAHUILA,37,VILLA UNION,PRI_PVEM_NUAL_PRC_PCP,0,3087,2,90,3179,5317,1349,Sí
2017,5,COAHUILA,37,VILLA UNION,PRI_PVEM_SI_PJ_PRC,0,3087,2,90,3179,5317,1349,Sí
2017,5,COAHUILA,37,VILLA UNION,PRI_PVEM_SI_PJ_PCP,0,3087,2,90,3179,5317,1342,Sí
2017,5,COAHUILA,37,VILLA UNION,PRI_PVEM_SI_PRC_PCP,0,3087,2,90,3179,5317,1345,Sí
2017,5,COAHUILA,37,VILLA UNION,PRI_PVEM_PJ_PRC_PCP,0,3087,2,90,3179,5317,1348,Sí
2017,5,COAHUILA,37,VILLA UNION,PRI_NUAL_SI_PJ_PRC,0,3087,2,90,3179,5317,1352,Sí
2017,5,COAHUILA,37,VILLA UNION,PRI_NUAL_SI_PJ_PCP,0,3087,2,90,3179,5317,1345,Sí
2017,5,COAHUILA,37,VILLA UNION,PRI_NUAL_SI_PRC_PCP,1,3087,2,90,3179,5317,1349,Sí
2017,5,COAHUILA,37,VILLA UNION,PRI_NUAL_PJ_PRC_PCP,0,3087,2,90,3179,5317,1351,Sí
2017,5,COAHUILA,37,VILLA UNION,PRI_SI_PJ_PRC_PCP,0,3087,2,90,3179,5317,1347,Sí
2017,5,COAHUILA,37,VILLA UNION,PVEM_NUAL_SI_PJ_PRC,0,3087,2,90,3179,5317,24,Sí
2017,5,COAHUILA,37,VILLA UNION,PVEM_NUAL_SI_PJ_PCP,0,3087,2,90,3179,5317,17,Sí
2017,5,COAHUILA,37,VILLA UNION,PVEM_NUAL_SI_PRC_PCP,0,3087,2,90,3179,5317,20,Sí
2017,5,COAHUILA,37,VILLA UNION,PVEM_NUAL_PJ_PRC_PCP,0,3087,2,90,3179,5317,23,Sí
2017,5,COAHUILA,37,VILLA UNION,PVEM_SI_PJ_PRC_PCP,0,3087,2,90,3179,5317,19,Sí
2017,5,COAHUILA,37,VILLA UNION,NUAL_SI_PJ_PRC_PCP,0,3087,2,90,3179,5317,22,Sí
2017,5,COAHUILA,37,VILLA UNION,PRI_PVEM_NUAL_SI,0,3087,2,90,3179,5317,1342,Sí
2017,5,COAHUILA,37,VILLA UNION,PRI_PVEM_NUAL_PJ,0,3087,2,90,3179,5317,1345,Sí
2017,5,COAHUILA,37,VILLA UNION,PRI_PVEM_NUAL_PRC,0,3087,2,90,3179,5317,1348,Sí
2017,5,COAHUILA,37,VILLA UNION,PRI_PVEM_NUAL_PCP,0,3087,2,90,3179,5317,1341,Sí
2017,5,COAHUILA,37,VILLA UNION,PRI_PVEM_SI_PJ,0,3087,2,90,3179,5317,1341,Sí
2017,5,COAHUILA,37,VILLA UNION,PRI_PVEM_SI_PRC,0,3087,2,90,3179,5317,1344,Sí
2017,5,COAHUILA,37,VILLA UNION,PRI_PVEM_SI_PCP,0,3087,2,90,3179,5317,1337,Sí
2017,5,COAHUILA,37,VILLA UNION,PRI_PVEM_PJ_PRC,0,3087,2,90,3179,5317,1347,Sí
2017,5,COAHUILA,37,VILLA UNION,PRI_PVEM_PJ_PCP,0,3087,2,90,3179,5317,1340,Sí
2017,5,COAHUILA,37,VILLA UNION,PRI_PVEM_PRC_PCP,1,3087,2,90,3179,5317,1344,Sí
2017,5,COAHUILA,37,VILLA UNION,PRI_NUAL_SI_PJ,0,3087,2,90,3179,5317,1344,Sí
2017,5,COAHUILA,37,VILLA UNION,PRI_NUAL_SI_PRC,0,3087,2,90,3179,5317,1347,Sí
2017,5,COAHUILA,37,VILLA UNION,PRI_NUAL_SI_PCP,0,3087,2,90,3179,5317,1340,Sí
2017,5,COAHUILA,37,VILLA UNION,PRI_NUAL_PJ_PRC,0,3087,2,90,3179,5317,1350,Sí
2017,5,COAHUILA,37,VILLA UNION,PRI_NUAL_PJ_PCP,0,3087,2,90,3179,5317,1343,Sí
2017,5,COAHUILA,37,VILLA UNION,PRI_NUAL_PRC_PCP,0,3087,2,90,3179,5317,1346,Sí
2017,5,COAHUILA,37,VILLA UNION,PRI_SI_PJ_PRC,0,3087,2,90,3179,5317,1346,Sí
2017,5,COAHUILA,37,VILLA UNION,PRI_SI_PJ_PCP,0,3087,2,90,3179,5317,1339,Sí
2017,5,COAHUILA,37,VILLA UNION,PRI_SI_PRC_PCP,0,3087,2,90,3179,5317,1342,Sí
2017,5,COAHUILA,37,VILLA UNION,PRI_PJ_PRC_PCP,0,3087,2,90,3179,5317,1345,Sí
2017,5,COAHUILA,37,VILLA UNION,PVEM_NUAL_SI_PJ,0,3087,2,90,3179,5317,16,Sí
2017,5,COAHUILA,37,VILLA UNION,PVEM_NUAL_SI_PRC,0,3087,2,90,3179,5317,19,Sí
2017,5,COAHUILA,37,VILLA UNION,PVEM_NUAL_SI_PCP,0,3087,2,90,3179,5317,12,Sí
2017,5,COAHUILA,37,VILLA UNION,PVEM_NUAL_PJ_PRC,0,3087,2,90,3179,5317,22,Sí
2017,5,COAHUILA,37,VILLA UNION,PVEM_NUAL_PJ_PCP,0,3087,2,90,3179,5317,15,Sí
2017,5,COAHUILA,37,VILLA UNION,PVEM_NUAL_PRC_PCP,0,3087,2,90,3179,5317,18,Sí
2017,5,COAHUILA,37,VILLA UNION,PVEM_SI_PJ_PRC,0,3087,2,90,3179,5317,18,Sí
2017,5,COAHUILA,37,VILLA UNION,PVEM_SI_PJ_PCP,0,3087,2,90,3179,5317,11,Sí
2017,5,COAHUILA,37,VILLA UNION,PVEM_SI_PRC_PCP,0,3087,2,90,3179,5317,14,Sí
2017,5,COAHUILA,37,VILLA UNION,PVEM_PJ_PRC_PCP,0,3087,2,90,3179,5317,17,Sí
2017,5,COAHUILA,37,VILLA UNION,NUAL_SI_PJ_PRC,0,3087,2,90,3179,5317,21,Sí
2017,5,COAHUILA,37,VILLA UNION,NUAL_SI_PJ_PCP,0,3087,2,90,3179,5317,14,Sí
2017,5,COAHUILA,37,VILLA UNION,NUAL_SI_PRC_PCP,0,3087,2,90,3179,5317,17,Sí
2017,5,COAHUILA,37,VILLA UNION,NUAL_PJ_PRC_PCP,0,3087,2,90,3179,5317,20,Sí
2017,5,COAHUILA,37,VILLA UNION,SI_PJ_PRC_PCP,0,3087,2,90,3179,5317,16,Sí
2017,5,COAHUILA,37,VILLA UNION,PRI_PVEM_NUAL,2,3087,2,90,3179,5317,1342,Sí
2017,5,COAHUILA,37,VILLA UNION,PRI_PVEM_SI,0,3087,2,90,3179,5317,1336,Sí
2017,5,COAHUILA,37,VILLA UNION,PRI_PVEM_PJ,0,3087,2,90,3179,5317,1339,Sí
2017,5,COAHUILA,37,VILLA UNION,PRI_PVEM_PRC,0,3087,2,90,3179,5317,1342,Sí
2017,5,COAHUILA,37,VILLA UNION,PRI_PVEM_PCP,0,3087,2,90,3179,5317,1335,Sí
2017,5,COAHUILA,37,VILLA UNION,PRI_NUAL_SI,0,3087,2,90,3179,5317,1339,Sí
2017,5,COAHUILA,37,VILLA UNION,PRI_NUAL_PJ,0,3087,2,90,3179,5317,1342,Sí
2017,5,COAHUILA,37,VILLA UNION,PRI_NUAL_PRC,0,3087,2,90,3179,5317,1345,Sí
2017,5,COAHUILA,37,VILLA UNION,PRI_NUAL_PCP,0,3087,2,90,3179,5317,1338,Sí
2017,5,COAHUILA,37,VILLA UNION,PRI_SI_PJ,1,3087,2,90,3179,5317,1339,Sí
2017,5,COAHUILA,37,VILLA UNION,PRI_SI_PRC,0,3087,2,90,3179,5317,1341,Sí
2017,5,COAHUILA,37,VILLA UNION,PRI_SI_PCP,0,3087,2,90,3179,5317,1334,Sí
2017,5,COAHUILA,37,VILLA UNION,PRI_PJ_PRC,0,3087,2,90,3179,5317,1344,Sí
2017,5,COAHUILA,37,VILLA UNION,PRI_PJ_PCP,0,3087,2,90,3179,5317,1337,Sí
2017,5,COAHUILA,37,VILLA UNION,PRI_PRC_PCP,0,3087,2,90,3179,5317,1340,Sí
2017,5,COAHUILA,37,VILLA UNION,PVEM_NUAL_SI,0,3087,2,90,3179,5317,11,Sí
2017,5,COAHUILA,37,VILLA UNION,PVEM_NUAL_PJ,0,3087,2,90,3179,5317,14,Sí
2017,5,COAHUILA,37,VILLA UNION,PVEM_NUAL_PRC,0,3087,2,90,3179,5317,17,Sí
2017,5,COAHUILA,37,VILLA UNION,PVEM_NUAL_PCP,0,3087,2,90,3179,5317,10,Sí
2017,5,COAHUILA,37,VILLA UNION,PVEM_SI_PJ,0,3087,2,90,3179,5317,10,Sí
2017,5,COAHUILA,37,VILLA UNION,PVEM_SI_PRC,0,3087,2,90,3179,5317,13,Sí
2017,5,COAHUILA,37,VILLA UNION,PVEM_SI_PCP,0,3087,2,90,3179,5317,6,Sí
2017,5,COAHUILA,37,VILLA UNION,PVEM_PJ_PRC,0,3087,2,90,3179,5317,16,Sí
2017,5,COAHUILA,37,VILLA UNION,PVEM_PJ_PCP,0,3087,2,90,3179,5317,9,Sí
2017,5,COAHUILA,37,VILLA UNION,PVEM_PRC_PCP,0,3087,2,90,3179,5317,12,Sí
2017,5,COAHUILA,37,VILLA UNION,NUAL_SI_PJ,0,3087,2,90,3179,5317,13,Sí
2017,5,COAHUILA,37,VILLA UNION,NUAL_SI_PRC,0,3087,2,90,3179,5317,16,Sí
2017,5,COAHUILA,37,VILLA UNION,NUAL_SI_PCP,0,3087,2,90,3179,5317,9,Sí
2017,5,COAHUILA,37,VILLA UNION,NUAL_PJ_PRC,0,3087,2,90,3179,5317,19,Sí
2017,5,COAHUILA,37,VILLA UNION,NUAL_PJ_PCP,0,3087,2,90,3179,5317,12,Sí
2017,5,COAHUILA,37,VILLA UNION,NUAL_PRC_PCP,0,3087,2,90,3179,5317,15,Sí
2017,5,COAHUILA,37,VILLA UNION,SI_PJ_PRC,0,3087,2,90,3179,5317,15,Sí
2017,5,COAHUILA,37,VILLA UNION,SI_PJ_PCP,0,3087,2,90,3179,5317,8,Sí
2017,5,COAHUILA,37,VILLA UNION,SI_PRC_PCP,0,3087,2,90,3179,5317,11,Sí
2017,5,COAHUILA,37,VILLA UNION,PJ_PRC_PCP,0,3087,2,90,3179,5317,14,Sí
2017,5,COAHUILA,37,VILLA UNION,PRI_PVEM,3,3087,2,90,3179,5317,1337,Sí
2017,5,COAHUILA,37,VILLA UNION,PRI_NUAL,1,3087,2,90,3179,5317,1338,Sí
2017,5,COAHUILA,37,VILLA UNION,PRI_SI,6,3087,2,90,3179,5317,1339,Sí
2017,5,COAHUILA,37,VILLA UNION,PRI_PJ,0,3087,2,90,3179,5317,1336,Sí
2017,5,COAHUILA,37,VILLA UNION,PRI_PRC,0,3087,2,90,3179,5317,1339,Sí
2017,5,COAHUILA,37,VILLA UNION,PRI_PCP,2,3087,2,90,3179,5317,1334,Sí
2017,5,COAHUILA,37,VILLA UNION,PVEM_NUAL,0,3087,2,90,3179,5317,9,Sí
2017,5,COAHUILA,37,VILLA UNION,PVEM_SI,0,3087,2,90,3179,5317,5,Sí
2017,5,COAHUILA,37,VILLA UNION,PVEM_PJ,0,3087,2,90,3179,5317,8,Sí
2017,5,COAHUILA,37,VILLA UNION,PVEM_PRC,0,3087,2,90,3179,5317,11,Sí
2017,5,COAHUILA,37,VILLA UNION,PVEM_PCP,0,3087,2,90,3179,5317,4,Sí
2017,5,COAHUILA,37,VILLA UNION,NUAL_SI,0,3087,2,90,3179,5317,8,Sí
2017,5,COAHUILA,37,VILLA UNION,NUAL_PJ,0,3087,2,90,3179,5317,11,Sí
2017,5,COAHUILA,37,VILLA UNION,NUAL_PRC,0,3087,2,90,3179,5317,14,Sí
2017,5,COAHUILA,37,VILLA UNION,NUAL_PCP,0,3087,2,90,3179,5317,7,Sí
2017,5,COAHUILA,37,VILLA UNION,SI_PJ,0,3087,2,90,3179,5317,7,Sí
2017,5,COAHUILA,37,VILLA UNION,SI_PRC,0,3087,2,90,3179,5317,10,Sí
2017,5,COAHUILA,37,VILLA UNION,SI_PCP,0,3087,2,90,3179,5317,3,Sí
2017,5,COAHUILA,37,VILLA UNION,PJ_PRC,0,3087,2,90,3179,5317,13,Sí
2017,5,COAHUILA,37,VILLA UNION,PJ_PCP,0,3087,2,90,3179,5317,6,Sí
2017,5,COAHUILA,37,VILLA UNION,PRC_PCP,0,3087,2,90,3179,5317,9,Sí
2017,5,COAHUILA,38,ZARAGOZA,PAN,1668,6263,3,142,6408,10695,1668,No
2017,5,COAHUILA,38,ZARAGOZA,PRI,2401,6263,3,142,6408,10695,2401,No
2017,5,COAHUILA,38,ZARAGOZA,PRD,1628,6263,3,142,6408,10695,1628,No
2017,5,COAHUILA,38,ZARAGOZA,PT,0,6263,3,142,6408,10695,0,No
2017,5,COAHUILA,38,ZARAGOZA,PVEM,0,6263,3,142,6408,10695,0,No
2017,5,COAHUILA,38,ZARAGOZA,UDC,69,6263,3,142,6408,10695,69,No
2017,5,COAHUILA,38,ZARAGOZA,MC,0,6263,3,142,6408,10695,0,No
2017,5,COAHUILA,38,ZARAGOZA,NUAL,74,6263,3,142,6408,10695,74,No
2017,5,COAHUILA,38,ZARAGOZA,SI,50,6263,3,142,6408,10695,50,No
2017,5,COAHUILA,38,ZARAGOZA,PPC,10,6263,3,142,6408,10695,10,No
2017,5,COAHUILA,38,ZARAGOZA,PJ,23,6263,3,142,6408,10695,23,No
2017,5,COAHUILA,38,ZARAGOZA,PRC,0,6263,3,142,6408,10695,0,No
2017,5,COAHUILA,38,ZARAGOZA,PCP,0,6263,3,142,6408,10695,0,No
2017,5,COAHUILA,38,ZARAGOZA,MORENA,271,6263,3,142,6408,10695,271,No
2017,5,COAHUILA,38,ZARAGOZA,ES,19,6263,3,142,6408,10695,19,No
2017,5,COAHUILA,38,ZARAGOZA,PAN_UDC_PPC_ES,8,6263,3,142,6408,10695,1774,Sí
2017,5,COAHUILA,38,ZARAGOZA,PAN_UDC_PPC,7,6263,3,142,6408,10695,1754,Sí
2017,5,COAHUILA,38,ZARAGOZA,PAN_UDC_ES,2,6263,3,142,6408,10695,1758,Sí
2017,5,COAHUILA,38,ZARAGOZA,PAN_PPC_ES,0,6263,3,142,6408,10695,1697,Sí
2017,5,COAHUILA,38,ZARAGOZA,UDC_PPC_ES,0,6263,3,142,6408,10695,98,Sí
2017,5,COAHUILA,38,ZARAGOZA,PAN_UDC,29,6263,3,142,6408,10695,1766,Sí
2017,5,COAHUILA,38,ZARAGOZA,PAN_PPC,3,6263,3,142,6408,10695,1681,Sí
2017,5,COAHUILA,38,ZARAGOZA,PAN_ES,0,6263,3,142,6408,10695,1687,Sí
2017,5,COAHUILA,38,ZARAGOZA,UDC_PPC,1,6263,3,142,6408,10695,80,Sí
2017,5,COAHUILA,38,ZARAGOZA,UDC_ES,0,6263,3,142,6408,10695,88,Sí
2017,5,COAHUILA,38,ZARAGOZA,PPC_ES,0,6263,3,142,6408,10695,29,Sí
2017,5,COAHUILA,38,ZARAGOZA,PRI_PVEM_NUAL_SI_PJ_PRC_PCP,0,6263,3,142,6408,10695,2548,Sí
2017,5,COAHUILA,38,ZARAGOZA,PRI_PVEM_NUAL_SI_PJ_PRC,0,6263,3,142,6408,10695,2548,Sí
2017,5,COAHUILA,38,ZARAGOZA,PRI_PVEM_NUAL_SI_PJ_PCP,0,6263,3,142,6408,10695,2548,Sí
2017,5,COAHUILA,38,ZARAGOZA,PRI_PVEM_NUAL_SI_PRC_PCP,0,6263,3,142,6408,10695,2525,Sí
2017,5,COAHUILA,38,ZARAGOZA,PRI_PVEM_NUAL_PJ_PRC_PCP,0,6263,3,142,6408,10695,2498,Sí
2017,5,COAHUILA,38,ZARAGOZA,PRI_PVEM_SI_PJ_PRC_PCP,0,6263,3,142,6408,10695,2474,Sí
2017,5,COAHUILA,38,ZARAGOZA,PRI_NUAL_SI_PJ_PRC_PCP,0,6263,3,142,6408,10695,2548,Sí
2017,5,COAHUILA,38,ZARAGOZA,PVEM_NUAL_SI_PJ_PRC_PCP,0,6263,3,142,6408,10695,147,Sí
2017,5,COAHUILA,38,ZARAGOZA,PRI_PVEM_NUAL_SI_PJ,0,6263,3,142,6408,10695,2548,Sí
2017,5,COAHUILA,38,ZARAGOZA,PRI_PVEM_NUAL_SI_PRC,0,6263,3,142,6408,10695,2525,Sí
2017,5,COAHUILA,38,ZARAGOZA,PRI_PVEM_NUAL_SI_PCP,0,6263,3,142,6408,10695,2525,Sí
2017,5,COAHUILA,38,ZARAGOZA,PRI_PVEM_NUAL_PJ_PRC,0,6263,3,142,6408,10695,2498,Sí
2017,5,COAHUILA,38,ZARAGOZA,PRI_PVEM_NUAL_PJ_PCP,0,6263,3,142,6408,10695,2498,Sí
2017,5,COAHUILA,38,ZARAGOZA,PRI_PVEM_NUAL_PRC_PCP,0,6263,3,142,6408,10695,2475,Sí
2017,5,COAHUILA,38,ZARAGOZA,PRI_PVEM_SI_PJ_PRC,0,6263,3,142,6408,10695,2474,Sí
2017,5,COAHUILA,38,ZARAGOZA,PRI_PVEM_SI_PJ_PCP,0,6263,3,142,6408,10695,2474,Sí
2017,5,COAHUILA,38,ZARAGOZA,PRI_PVEM_SI_PRC_PCP,0,6263,3,142,6408,10695,2451,Sí
2017,5,COAHUILA,38,ZARAGOZA,PRI_PVEM_PJ_PRC_PCP,0,6263,3,142,6408,10695,2424,Sí
2017,5,COAHUILA,38,ZARAGOZA,PRI_NUAL_SI_PJ_PRC,0,6263,3,142,6408,10695,2548,Sí
2017,5,COAHUILA,38,ZARAGOZA,PRI_NUAL_SI_PJ_PCP,0,6263,3,142,6408,10695,2548,Sí
2017,5,COAHUILA,38,ZARAGOZA,PRI_NUAL_SI_PRC_PCP,0,6263,3,142,6408,10695,2525,Sí
2017,5,COAHUILA,38,ZARAGOZA,PRI_NUAL_PJ_PRC_PCP,0,6263,3,142,6408,10695,2498,Sí
2017,5,COAHUILA,38,ZARAGOZA,PRI_SI_PJ_PRC_PCP,0,6263,3,142,6408,10695,2474,Sí
2017,5,COAHUILA,38,ZARAGOZA,PVEM_NUAL_SI_PJ_PRC,0,6263,3,142,6408,10695,147,Sí
2017,5,COAHUILA,38,ZARAGOZA,PVEM_NUAL_SI_PJ_PCP,0,6263,3,142,6408,10695,147,Sí
2017,5,COAHUILA,38,ZARAGOZA,PVEM_NUAL_SI_PRC_PCP,0,6263,3,142,6408,10695,124,Sí
2017,5,COAHUILA,38,ZARAGOZA,PVEM_NUAL_PJ_PRC_PCP,0,6263,3,142,6408,10695,97,Sí
2017,5,COAHUILA,38,ZARAGOZA,PVEM_SI_PJ_PRC_PCP,0,6263,3,142,6408,10695,73,Sí
2017,5,COAHUILA,38,ZARAGOZA,NUAL_SI_PJ_PRC_PCP,0,6263,3,142,6408,10695,147,Sí
2017,5,COAHUILA,38,ZARAGOZA,PRI_PVEM_NUAL_SI,0,6263,3,142,6408,10695,2525,Sí
2017,5,COAHUILA,38,ZARAGOZA,PRI_PVEM_NUAL_PJ,0,6263,3,142,6408,10695,2498,Sí
2017,5,COAHUILA,38,ZARAGOZA,PRI_PVEM_NUAL_PRC,0,6263,3,142,6408,10695,2475,Sí
2017,5,COAHUILA,38,ZARAGOZA,PRI_PVEM_NUAL_PCP,0,6263,3,142,6408,10695,2475,Sí
2017,5,COAHUILA,38,ZARAGOZA,PRI_PVEM_SI_PJ,0,6263,3,142,6408,10695,2474,Sí
2017,5,COAHUILA,38,ZARAGOZA,PRI_PVEM_SI_PRC,0,6263,3,142,6408,10695,2451,Sí
2017,5,COAHUILA,38,ZARAGOZA,PRI_PVEM_SI_PCP,0,6263,3,142,6408,10695,2451,Sí
2017,5,COAHUILA,38,ZARAGOZA,PRI_PVEM_PJ_PRC,0,6263,3,142,6408,10695,2424,Sí
2017,5,COAHUILA,38,ZARAGOZA,PRI_PVEM_PJ_PCP,0,6263,3,142,6408,10695,2424,Sí
2017,5,COAHUILA,38,ZARAGOZA,PRI_PVEM_PRC_PCP,0,6263,3,142,6408,10695,2401,Sí
2017,5,COAHUILA,38,ZARAGOZA,PRI_NUAL_SI_PJ,0,6263,3,142,6408,10695,2548,Sí
2017,5,COAHUILA,38,ZARAGOZA,PRI_NUAL_SI_PRC,0,6263,3,142,6408,10695,2525,Sí
2017,5,COAHUILA,38,ZARAGOZA,PRI_NUAL_SI_PCP,0,6263,3,142,6408,10695,2525,Sí
2017,5,COAHUILA,38,ZARAGOZA,PRI_NUAL_PJ_PRC,0,6263,3,142,6408,10695,2498,Sí
2017,5,COAHUILA,38,ZARAGOZA,PRI_NUAL_PJ_PCP,0,6263,3,142,6408,10695,2498,Sí
2017,5,COAHUILA,38,ZARAGOZA,PRI_NUAL_PRC_PCP,0,6263,3,142,6408,10695,2475,Sí
2017,5,COAHUILA,38,ZARAGOZA,PRI_SI_PJ_PRC,0,6263,3,142,6408,10695,2474,Sí
2017,5,COAHUILA,38,ZARAGOZA,PRI_SI_PJ_PCP,0,6263,3,142,6408,10695,2474,Sí
2017,5,COAHUILA,38,ZARAGOZA,PRI_SI_PRC_PCP,0,6263,3,142,6408,10695,2451,Sí
2017,5,COAHUILA,38,ZARAGOZA,PRI_PJ_PRC_PCP,0,6263,3,142,6408,10695,2424,Sí
2017,5,COAHUILA,38,ZARAGOZA,PVEM_NUAL_SI_PJ,0,6263,3,142,6408,10695,147,Sí
2017,5,COAHUILA,38,ZARAGOZA,PVEM_NUAL_SI_PRC,0,6263,3,142,6408,10695,124,Sí
2017,5,COAHUILA,38,ZARAGOZA,PVEM_NUAL_SI_PCP,0,6263,3,142,6408,10695,124,Sí
2017,5,COAHUILA,38,ZARAGOZA,PVEM_NUAL_PJ_PRC,0,6263,3,142,6408,10695,97,Sí
2017,5,COAHUILA,38,ZARAGOZA,PVEM_NUAL_PJ_PCP,0,6263,3,142,6408,10695,97,Sí
2017,5,COAHUILA,38,ZARAGOZA,PVEM_NUAL_PRC_PCP,0,6263,3,142,6408,10695,74,Sí
2017,5,COAHUILA,38,ZARAGOZA,PVEM_SI_PJ_PRC,0,6263,3,142,6408,10695,73,Sí
2017,5,COAHUILA,38,ZARAGOZA,PVEM_SI_PJ_PCP,0,6263,3,142,6408,10695,73,Sí
2017,5,COAHUILA,38,ZARAGOZA,PVEM_SI_PRC_PCP,0,6263,3,142,6408,10695,50,Sí
2017,5,COAHUILA,38,ZARAGOZA,PVEM_PJ_PRC_PCP,0,6263,3,142,6408,10695,23,Sí
2017,5,COAHUILA,38,ZARAGOZA,NUAL_SI_PJ_PRC,0,6263,3,142,6408,10695,147,Sí
2017,5,COAHUILA,38,ZARAGOZA,NUAL_SI_PJ_PCP,0,6263,3,142,6408,10695,147,Sí
2017,5,COAHUILA,38,ZARAGOZA,NUAL_SI_PRC_PCP,0,6263,3,142,6408,10695,124,Sí
2017,5,COAHUILA,38,ZARAGOZA,NUAL_PJ_PRC_PCP,0,6263,3,142,6408,10695,97,Sí
2017,5,COAHUILA,38,ZARAGOZA,SI_PJ_PRC_PCP,0,6263,3,142,6408,10695,73,Sí
2017,5,COAHUILA,38,ZARAGOZA,PRI_PVEM_NUAL,0,6263,3,142,6408,10695,2475,Sí
2017,5,COAHUILA,38,ZARAGOZA,PRI_PVEM_SI,0,6263,3,142,6408,10695,2451,Sí
2017,5,COAHUILA,38,ZARAGOZA,PRI_PVEM_PJ,0,6263,3,142,6408,10695,2424,Sí
2017,5,COAHUILA,38,ZARAGOZA,PRI_PVEM_PRC,0,6263,3,142,6408,10695,2401,Sí
2017,5,COAHUILA,38,ZARAGOZA,PRI_PVEM_PCP,0,6263,3,142,6408,10695,2401,Sí
2017,5,COAHUILA,38,ZARAGOZA,PRI_NUAL_SI,0,6263,3,142,6408,10695,2525,Sí
2017,5,COAHUILA,38,ZARAGOZA,PRI_NUAL_PJ,0,6263,3,142,6408,10695,2498,Sí
2017,5,COAHUILA,38,ZARAGOZA,PRI_NUAL_PRC,0,6263,3,142,6408,10695,2475,Sí
2017,5,COAHUILA,38,ZARAGOZA,PRI_NUAL_PCP,0,6263,3,142,6408,10695,2475,Sí
2017,5,COAHUILA,38,ZARAGOZA,PRI_SI_PJ,0,6263,3,142,6408,10695,2474,Sí
2017,5,COAHUILA,38,ZARAGOZA,PRI_SI_PRC,0,6263,3,142,6408,10695,2451,Sí
2017,5,COAHUILA,38,ZARAGOZA,PRI_SI_PCP,0,6263,3,142,6408,10695,2451,Sí
2017,5,COAHUILA,38,ZARAGOZA,PRI_PJ_PRC,0,6263,3,142,6408,10695,2424,Sí
2017,5,COAHUILA,38,ZARAGOZA,PRI_PJ_PCP,0,6263,3,142,6408,10695,2424,Sí
2017,5,COAHUILA,38,ZARAGOZA,PRI_PRC_PCP,0,6263,3,142,6408,10695,2401,Sí
2017,5,COAHUILA,38,ZARAGOZA,PVEM_NUAL_SI,0,6263,3,142,6408,10695,124,Sí
2017,5,COAHUILA,38,ZARAGOZA,PVEM_NUAL_PJ,0,6263,3,142,6408,10695,97,Sí
2017,5,COAHUILA,38,ZARAGOZA,PVEM_NUAL_PRC,0,6263,3,142,6408,10695,74,Sí
2017,5,COAHUILA,38,ZARAGOZA,PVEM_NUAL_PCP,0,6263,3,142,6408,10695,74,Sí
2017,5,COAHUILA,38,ZARAGOZA,PVEM_SI_PJ,0,6263,3,142,6408,10695,73,Sí
2017,5,COAHUILA,38,ZARAGOZA,PVEM_SI_PRC,0,6263,3,142,6408,10695,50,Sí
2017,5,COAHUILA,38,ZARAGOZA,PVEM_SI_PCP,0,6263,3,142,6408,10695,50,Sí
2017,5,COAHUILA,38,ZARAGOZA,PVEM_PJ_PRC,0,6263,3,142,6408,10695,23,Sí
2017,5,COAHUILA,38,ZARAGOZA,PVEM_PJ_PCP,0,6263,3,142,6408,10695,23,Sí
2017,5,COAHUILA,38,ZARAGOZA,PVEM_PRC_PCP,0,6263,3,142,6408,10695,0,Sí
2017,5,COAHUILA,38,ZARAGOZA,NUAL_SI_PJ,0,6263,3,142,6408,10695,147,Sí
2017,5,COAHUILA,38,ZARAGOZA,NUAL_SI_PRC,0,6263,3,142,6408,10695,124,Sí
2017,5,COAHUILA,38,ZARAGOZA,NUAL_SI_PCP,0,6263,3,142,6408,10695,124,Sí
2017,5,COAHUILA,38,ZARAGOZA,NUAL_PJ_PRC,0,6263,3,142,6408,10695,97,Sí
2017,5,COAHUILA,38,ZARAGOZA,NUAL_PJ_PCP,0,6263,3,142,6408,10695,97,Sí
2017,5,COAHUILA,38,ZARAGOZA,NUAL_PRC_PCP,0,6263,3,142,6408,10695,74,Sí
2017,5,COAHUILA,38,ZARAGOZA,SI_PJ_PRC,0,6263,3,142,6408,10695,73,Sí
2017,5,COAHUILA,38,ZARAGOZA,SI_PJ_PCP,0,6263,3,142,6408,10695,73,Sí
2017,5,COAHUILA,38,ZARAGOZA,SI_PRC_PCP,0,6263,3,142,6408,10695,50,Sí
2017,5,COAHUILA,38,ZARAGOZA,PJ_PRC_PCP,0,6263,3,142,6408,10695,23,Sí
2017,5,COAHUILA,38,ZARAGOZA,PRI_PVEM,0,6263,3,142,6408,10695,2401,Sí
2017,5,COAHUILA,38,ZARAGOZA,PRI_NUAL,0,6263,3,142,6408,10695,2475,Sí
2017,5,COAHUILA,38,ZARAGOZA,PRI_SI,0,6263,3,142,6408,10695,2451,Sí
2017,5,COAHUILA,38,ZARAGOZA,PRI_PJ,0,6263,3,142,6408,10695,2424,Sí
2017,5,COAHUILA,38,ZARAGOZA,PRI_PRC,0,6263,3,142,6408,10695,2401,Sí
2017,5,COAHUILA,38,ZARAGOZA,PRI_PCP,0,6263,3,142,6408,10695,2401,Sí
2017,5,COAHUILA,38,ZARAGOZA,PVEM_NUAL,0,6263,3,142,6408,10695,74,Sí
2017,5,COAHUILA,38,ZARAGOZA,PVEM_SI,0,6263,3,142,6408,10695,50,Sí
2017,5,COAHUILA,38,ZARAGOZA,PVEM_PJ,0,6263,3,142,6408,10695,23,Sí
2017,5,COAHUILA,38,ZARAGOZA,PVEM_PRC,0,6263,3,142,6408,10695,0,Sí
2017,5,COAHUILA,38,ZARAGOZA,PVEM_PCP,0,6263,3,142,6408,10695,0,Sí
2017,5,COAHUILA,38,ZARAGOZA,NUAL_SI,0,6263,3,142,6408,10695,124,Sí
2017,5,COAHUILA,38,ZARAGOZA,NUAL_PJ,0,6263,3,142,6408,10695,97,Sí
2017,5,COAHUILA,38,ZARAGOZA,NUAL_PRC,0,6263,3,142,6408,10695,74,Sí
2017,5,COAHUILA,38,ZARAGOZA,NUAL_PCP,0,6263,3,142,6408,10695,74,Sí
2017,5,COAHUILA,38,ZARAGOZA,SI_PJ,0,6263,3,142,6408,10695,73,Sí
2017,5,COAHUILA,38,ZARAGOZA,SI_PRC,0,6263,3,142,6408,10695,50,Sí
2017,5,COAHUILA,38,ZARAGOZA,SI_PCP,0,6263,3,142,6408,10695,50,Sí
2017,5,COAHUILA,38,ZARAGOZA,PJ_PRC,0,6263,3,142,6408,10695,23,Sí
2017,5,COAHUILA,38,ZARAGOZA,PJ_PCP,0,6263,3,142,6408,10695,23,Sí
2017,5,COAHUILA,38,ZARAGOZA,PRC_PCP,0,6263,3,142,6408,10695,0,Sí
2017,18,NAYARIT,1,ACAPONETA,PAN,780,17150,3,803,17956,25837,780,No
2017,18,NAYARIT,1,ACAPONETA,PRI,4704,17150,3,803,17956,25837,4704,No
2017,18,NAYARIT,1,ACAPONETA,PRD,2012,17150,3,803,17956,25837,2012,No
2017,18,NAYARIT,1,ACAPONETA,PT,112,17150,3,803,17956,25837,112,No
2017,18,NAYARIT,1,ACAPONETA,PVEM,570,17150,3,803,17956,25837,570,No
2017,18,NAYARIT,1,ACAPONETA,PRS,61,17150,3,803,17956,25837,61,No
2017,18,NAYARIT,1,ACAPONETA,MC,348,17150,3,803,17956,25837,348,No
2017,18,NAYARIT,1,ACAPONETA,NUAL,175,17150,3,803,17956,25837,175,No
2017,18,NAYARIT,1,ACAPONETA,MORENA,7090,17150,3,803,17956,25837,7090,No
2017,18,NAYARIT,1,ACAPONETA,ES,302,17150,3,803,17956,25837,302,No
2017,18,NAYARIT,1,ACAPONETA,PAN_PRD_PT_PRS,49,17150,3,803,17956,25837,3014,Sí
2017,18,NAYARIT,1,ACAPONETA,PAN_PRD_PT,16,17150,3,803,17956,25837,2920,Sí
2017,18,NAYARIT,1,ACAPONETA,PAN_PRD_PRS,1,17150,3,803,17956,25837,2854,Sí
2017,18,NAYARIT,1,ACAPONETA,PAN_PT_PRS,3,17150,3,803,17956,25837,956,Sí
2017,18,NAYARIT,1,ACAPONETA,PRD_PT_PRS,3,17150,3,803,17956,25837,2188,Sí
2017,18,NAYARIT,1,ACAPONETA,PAN_PRD,64,17150,3,803,17956,25837,2856,Sí
2017,18,NAYARIT,1,ACAPONETA,PAN_PT,1,17150,3,803,17956,25837,893,Sí
2017,18,NAYARIT,1,ACAPONETA,PAN_PRS,1,17150,3,803,17956,25837,842,Sí
2017,18,NAYARIT,1,ACAPONETA,PRD_PT,17,17150,3,803,17956,25837,2141,Sí
2017,18,NAYARIT,1,ACAPONETA,PRD_PRS,1,17150,3,803,17956,25837,2074,Sí
2017,18,NAYARIT,1,ACAPONETA,PT_PRS,5,17150,3,803,17956,25837,178,Sí
2017,18,NAYARIT,1,ACAPONETA,Candidatura Independiente,835,17150,3,803,17956,25837,835,No
2017,18,NAYARIT,2,AHUACATLAN,PAN,1877,8133,1,211,8345,11841,1877,No
2017,18,NAYARIT,2,AHUACATLAN,PRI,3012,8133,1,211,8345,11841,3012,No
2017,18,NAYARIT,2,AHUACATLAN,PRD,43,8133,1,211,8345,11841,43,No
2017,18,NAYARIT,2,AHUACATLAN,PT,73,8133,1,211,8345,11841,73,No
2017,18,NAYARIT,2,AHUACATLAN,PVEM,0,8133,1,211,8345,11841,0,No
2017,18,NAYARIT,2,AHUACATLAN,PRS,43,8133,1,211,8345,11841,43,No
2017,18,NAYARIT,2,AHUACATLAN,MC,2169,8133,1,211,8345,11841,2169,No
2017,18,NAYARIT,2,AHUACATLAN,NUAL,30,8133,1,211,8345,11841,30,No
2017,18,NAYARIT,2,AHUACATLAN,MORENA,231,8133,1,211,8345,11841,231,No
2017,18,NAYARIT,2,AHUACATLAN,ES,0,8133,1,211,8345,11841,0,No
2017,18,NAYARIT,2,AHUACATLAN,PAN_PRD_PT_PRS,21,8133,1,211,8345,11841,2057,Sí
2017,18,NAYARIT,2,AHUACATLAN,PAN_PRD_PT,5,8133,1,211,8345,11841,1998,Sí
2017,18,NAYARIT,2,AHUACATLAN,PAN_PRD_PRS,4,8133,1,211,8345,11841,1967,Sí
2017,18,NAYARIT,2,AHUACATLAN,PAN_PT_PRS,2,8133,1,211,8345,11841,1995,Sí
2017,18,NAYARIT,2,AHUACATLAN,PRD_PT_PRS,0,8133,1,211,8345,11841,159,Sí
2017,18,NAYARIT,2,AHUACATLAN,PAN_PRD,4,8133,1,211,8345,11841,1924,Sí
2017,18,NAYARIT,2,AHUACATLAN,PAN_PT,11,8133,1,211,8345,11841,1961,Sí
2017,18,NAYARIT,2,AHUACATLAN,PAN_PRS,1,8133,1,211,8345,11841,1921,Sí
2017,18,NAYARIT,2,AHUACATLAN,PRD_PT,0,8133,1,211,8345,11841,116,Sí
2017,18,NAYARIT,2,AHUACATLAN,PRD_PRS,0,8133,1,211,8345,11841,86,Sí
2017,18,NAYARIT,2,AHUACATLAN,PT_PRS,1,8133,1,211,8345,11841,117,Sí
2017,18,NAYARIT,2,AHUACATLAN,Candidatura Independiente,606,8133,1,211,8345,11841,606,No
2017,18,NAYARIT,3,AMATLAN DE CAÑAS,PAN,1018,6405,0,221,6626,9290,1018,No
2017,18,NAYARIT,3,AMATLAN DE CAÑAS,PRI,1531,6405,0,221,6626,9290,1531,No
2017,18,NAYARIT,3,AMATLAN DE CAÑAS,PRD,392,6405,0,221,6626,9290,392,No
2017,18,NAYARIT,3,AMATLAN DE CAÑAS,PT,65,6405,0,221,6626,9290,65,No
2017,18,NAYARIT,3,AMATLAN DE CAÑAS,PVEM,0,6405,0,221,6626,9290,0,No
2017,18,NAYARIT,3,AMATLAN DE CAÑAS,PRS,14,6405,0,221,6626,9290,14,No
2017,18,NAYARIT,3,AMATLAN DE CAÑAS,MC,191,6405,0,221,6626,9290,191,No
2017,18,NAYARIT,3,AMATLAN DE CAÑAS,NUAL,756,6405,0,221,6626,9290,756,No
2017,18,NAYARIT,3,AMATLAN DE CAÑAS,MORENA,493,6405,0,221,6626,9290,493,No
2017,18,NAYARIT,3,AMATLAN DE CAÑAS,ES,1913,6405,0,221,6626,9290,1913,No
2017,18,NAYARIT,3,AMATLAN DE CAÑAS,PAN_PRD_PT_PRS,10,6405,0,221,6626,9290,1499,Sí
2017,18,NAYARIT,3,AMATLAN DE CAÑAS,PAN_PRD_PT,3,6405,0,221,6626,9290,1478,Sí
2017,18,NAYARIT,3,AMATLAN DE CAÑAS,PAN_PRD_PRS,1,6405,0,221,6626,9290,1425,Sí
2017,18,NAYARIT,3,AMATLAN DE CAÑAS,PAN_PT_PRS,0,6405,0,221,6626,9290,1097,Sí
2017,18,NAYARIT,3,AMATLAN DE CAÑAS,PRD_PT_PRS,0,6405,0,221,6626,9290,471,Sí
2017,18,NAYARIT,3,AMATLAN DE CAÑAS,PAN_PRD,4,6405,0,221,6626,9290,1414,Sí
2017,18,NAYARIT,3,AMATLAN DE CAÑAS,PAN_PT,9,6405,0,221,6626,9290,1092,Sí
2017,18,NAYARIT,3,AMATLAN DE CAÑAS,PAN_PRS,1,6405,0,221,6626,9290,1033,Sí
2017,18,NAYARIT,3,AMATLAN DE CAÑAS,PRD_PT,1,6405,0,221,6626,9290,458,Sí
2017,18,NAYARIT,3,AMATLAN DE CAÑAS,PRD_PRS,1,6405,0,221,6626,9290,407,Sí
2017,18,NAYARIT,3,AMATLAN DE CAÑAS,PT_PRS,2,6405,0,221,6626,9290,81,Sí
2017,18,NAYARIT,4,BAHIA DE BANDERAS,PAN,13486,46493,5,1475,47973,96718,13486,No
2017,18,NAYARIT,4,BAHIA DE BANDERAS,PRI,13747,46493,5,1475,47973,96718,13747,No
2017,18,NAYARIT,4,BAHIA DE BANDERAS,PRD,1094,46493,5,1475,47973,96718,1094,No
2017,18,NAYARIT,4,BAHIA DE BANDERAS,PT,2042,46493,5,1475,47973,96718,2042,No
2017,18,NAYARIT,4,BAHIA DE BANDERAS,PVEM,327,46493,5,1475,47973,96718,327,No
2017,18,NAYARIT,4,BAHIA DE BANDERAS,PRS,432,46493,5,1475,47973,96718,432,No
2017,18,NAYARIT,4,BAHIA DE BANDERAS,MC,4263,46493,5,1475,47973,96718,4263,No
2017,18,NAYARIT,4,BAHIA DE BANDERAS,NUAL,590,46493,5,1475,47973,96718,590,No
2017,18,NAYARIT,4,BAHIA DE BANDERAS,MORENA,1389,46493,5,1475,47973,96718,1389,No
2017,18,NAYARIT,4,BAHIA DE BANDERAS,ES,0,46493,5,1475,47973,96718,0,No
2017,18,NAYARIT,4,BAHIA DE BANDERAS,PAN_PRD_PT_PRS,550,46493,5,1475,47973,96718,17604,Sí
2017,18,NAYARIT,4,BAHIA DE BANDERAS,PAN_PRD_PT,106,46493,5,1475,47973,96718,16728,Sí
2017,18,NAYARIT,4,BAHIA DE BANDERAS,PAN_PRD_PRS,13,46493,5,1475,47973,96718,15025,Sí
2017,18,NAYARIT,4,BAHIA DE BANDERAS,PAN_PT_PRS,11,46493,5,1475,47973,96718,15971,Sí
2017,18,NAYARIT,4,BAHIA DE BANDERAS,PRD_PT_PRS,4,46493,5,1475,47973,96718,3572,Sí
2017,18,NAYARIT,4,BAHIA DE BANDERAS,PAN_PRD,105,46493,5,1475,47973,96718,14685,Sí
2017,18,NAYARIT,4,BAHIA DE BANDERAS,PAN_PT,67,46493,5,1475,47973,96718,15595,Sí
2017,18,NAYARIT,4,BAHIA DE BANDERAS,PAN_PRS,11,46493,5,1475,47973,96718,13929,Sí
2017,18,NAYARIT,4,BAHIA DE BANDERAS,PRD_PT,32,46493,5,1475,47973,96718,3168,Sí
2017,18,NAYARIT,4,BAHIA DE BANDERAS,PRD_PRS,1,46493,5,1475,47973,96718,1527,Sí
2017,18,NAYARIT,4,BAHIA DE BANDERAS,PT_PRS,9,46493,5,1475,47973,96718,2483,Sí
2017,18,NAYARIT,4,BAHIA DE BANDERAS,Candidatura Independiente,8214,46493,5,1475,47973,96718,8214,No
2017,18,NAYARIT,5,COMPOSTELA,PAN,10044,30730,9,1223,31962,54393,10044,No
2017,18,NAYARIT,5,COMPOSTELA,PRI,8440,30730,9,1223,31962,54393,8440,No
2017,18,NAYARIT,5,COMPOSTELA,PRD,552,30730,9,1223,31962,54393,552,No
2017,18,NAYARIT,5,COMPOSTELA,PT,945,30730,9,1223,31962,54393,945,No
2017,18,NAYARIT,5,COMPOSTELA,PVEM,431,30730,9,1223,31962,54393,431,No
2017,18,NAYARIT,5,COMPOSTELA,PRS,301,30730,9,1223,31962,54393,301,No
2017,18,NAYARIT,5,COMPOSTELA,MC,2416,30730,9,1223,31962,54393,2416,No
2017,18,NAYARIT,5,COMPOSTELA,NUAL,337,30730,9,1223,31962,54393,337,No
2017,18,NAYARIT,5,COMPOSTELA,MORENA,3603,30730,9,1223,31962,54393,3603,No
2017,18,NAYARIT,5,COMPOSTELA,ES,501,30730,9,1223,31962,54393,501,No
2017,18,NAYARIT,5,COMPOSTELA,PAN_PRD_PT_PRS,101,30730,9,1223,31962,54393,11943,Sí
2017,18,NAYARIT,5,COMPOSTELA,PAN_PRD_PT,37,30730,9,1223,31962,54393,11578,Sí
2017,18,NAYARIT,5,COMPOSTELA,PAN_PRD_PRS,7,30730,9,1223,31962,54393,10904,Sí
2017,18,NAYARIT,5,COMPOSTELA,PAN_PT_PRS,8,30730,9,1223,31962,54393,11298,Sí
2017,18,NAYARIT,5,COMPOSTELA,PRD_PT_PRS,2,30730,9,1223,31962,54393,1800,Sí
2017,18,NAYARIT,5,COMPOSTELA,PAN_PRD,37,30730,9,1223,31962,54393,10633,Sí
2017,18,NAYARIT,5,COMPOSTELA,PAN_PT,52,30730,9,1223,31962,54393,11041,Sí
2017,18,NAYARIT,5,COMPOSTELA,PAN_PRS,11,30730,9,1223,31962,54393,10356,Sí
2017,18,NAYARIT,5,COMPOSTELA,PRD_PT,13,30730,9,1223,31962,54393,1510,Sí
2017,18,NAYARIT,5,COMPOSTELA,PRD_PRS,1,30730,9,1223,31962,54393,854,Sí
2017,18,NAYARIT,5,COMPOSTELA,PT_PRS,6,30730,9,1223,31962,54393,1252,Sí
2017,18,NAYARIT,5,COMPOSTELA,Candidatura Independiente,2885,30730,9,1223,31962,54393,2885,No
2017,18,NAYARIT,6,HUAJICORI,PAN,111,5871,0,222,6093,7764,111,No
2017,18,NAYARIT,6,HUAJICORI,PRI,2597,5871,0,222,6093,7764,2597,No
2017,18,NAYARIT,6,HUAJICORI,PRD,751,5871,0,222,6093,7764,751,No
2017,18,NAYARIT,6,HUAJICORI,PT,23,5871,0,222,6093,7764,23,No
2017,18,NAYARIT,6,HUAJICORI,PVEM,0,5871,0,222,6093,7764,0,No
2017,18,NAYARIT,6,HUAJICORI,PRS,17,5871,0,222,6093,7764,17,No
2017,18,NAYARIT,6,HUAJICORI,MC,39,5871,0,222,6093,7764,39,No
2017,18,NAYARIT,6,HUAJICORI,NUAL,40,5871,0,222,6093,7764,40,No
2017,18,NAYARIT,6,HUAJICORI,MORENA,2252,5871,0,222,6093,7764,2252,No
2017,18,NAYARIT,6,HUAJICORI,ES,0,5871,0,222,6093,7764,0,No
2017,18,NAYARIT,6,HUAJICORI,PAN_PRD_PT_PRS,11,5871,0,222,6093,7764,913,Sí
2017,18,NAYARIT,6,HUAJICORI,PAN_PRD_PT,2,5871,0,222,6093,7764,887,Sí
2017,18,NAYARIT,6,HUAJICORI,PAN_PRD_PRS,0,5871,0,222,6093,7764,879,Sí
2017,18,NAYARIT,6,HUAJICORI,PAN_PT_PRS,1,5871,0,222,6093,7764,152,Sí
2017,18,NAYARIT,6,HUAJICORI,PRD_PT_PRS,1,5871,0,222,6093,7764,792,Sí
2017,18,NAYARIT,6,HUAJICORI,PAN_PRD,17,5871,0,222,6093,7764,879,Sí
2017,18,NAYARIT,6,HUAJICORI,PAN_PT,1,5871,0,222,6093,7764,135,Sí
2017,18,NAYARIT,6,HUAJICORI,PAN_PRS,1,5871,0,222,6093,7764,129,Sí
2017,18,NAYARIT,6,HUAJICORI,PRD_PT,7,5871,0,222,6093,7764,781,Sí
2017,18,NAYARIT,6,HUAJICORI,PRD_PRS,0,5871,0,222,6093,7764,768,Sí
2017,18,NAYARIT,6,HUAJICORI,PT_PRS,0,5871,0,222,6093,7764,40,Sí
2017,18,NAYARIT,7,IXTLAN DEL RIO,PAN,3464,12768,3,535,13306,20223,3464,No
2017,18,NAYARIT,7,IXTLAN DEL RIO,PRI,1552,12768,3,535,13306,20223,1552,No
2017,18,NAYARIT,7,IXTLAN DEL RIO,PRD,84,12768,3,535,13306,20223,84,No
2017,18,NAYARIT,7,IXTLAN DEL RIO,PT,285,12768,3,535,13306,20223,285,No
2017,18,NAYARIT,7,IXTLAN DEL RIO,PVEM,1842,12768,3,535,13306,20223,1842,No
2017,18,NAYARIT,7,IXTLAN DEL RIO,PRS,25,12768,3,535,13306,20223,25,No
2017,18,NAYARIT,7,IXTLAN DEL RIO,MC,4443,12768,3,535,13306,20223,4443,No
2017,18,NAYARIT,7,IXTLAN DEL RIO,NUAL,44,12768,3,535,13306,20223,44,No
2017,18,NAYARIT,7,IXTLAN DEL RIO,MORENA,253,12768,3,535,13306,20223,253,No
2017,18,NAYARIT,7,IXTLAN DEL RIO,ES,180,12768,3,535,13306,20223,180,No
2017,18,NAYARIT,7,IXTLAN DEL RIO,PAN_PRD_PT_PRS,30,12768,3,535,13306,20223,3888,Sí
2017,18,NAYARIT,7,IXTLAN DEL RIO,PAN_PRD_PT,9,12768,3,535,13306,20223,3842,Sí
2017,18,NAYARIT,7,IXTLAN DEL RIO,PAN_PRD_PRS,1,12768,3,535,13306,20223,3574,Sí
2017,18,NAYARIT,7,IXTLAN DEL RIO,PAN_PT_PRS,0,12768,3,535,13306,20223,3774,Sí
2017,18,NAYARIT,7,IXTLAN DEL RIO,PRD_PT_PRS,1,12768,3,535,13306,20223,395,Sí
2017,18,NAYARIT,7,IXTLAN DEL RIO,PAN_PRD,4,12768,3,535,13306,20223,3552,Sí
2017,18,NAYARIT,7,IXTLAN DEL RIO,PAN_PT,30,12768,3,535,13306,20223,3779,Sí
2017,18,NAYARIT,7,IXTLAN DEL RIO,PAN_PRS,1,12768,3,535,13306,20223,3490,Sí
2017,18,NAYARIT,7,IXTLAN DEL RIO,PRD_PT,5,12768,3,535,13306,20223,374,Sí
2017,18,NAYARIT,7,IXTLAN DEL RIO,PRD_PRS,0,12768,3,535,13306,20223,109,Sí
2017,18,NAYARIT,7,IXTLAN DEL RIO,PT_PRS,0,12768,3,535,13306,20223,310,Sí
2017,18,NAYARIT,7,IXTLAN DEL RIO,Candidatura Independiente,515,12768,3,535,13306,20223,515,No
2017,18,NAYARIT,8,JALA,PAN,3299,9463,0,282,9745,12805,3299,No
2017,18,NAYARIT,8,JALA,PRI,3472,9463,0,282,9745,12805,3472,No
2017,18,NAYARIT,8,JALA,PRD,38,9463,0,282,9745,12805,38,No
2017,18,NAYARIT,8,JALA,PT,15,9463,0,282,9745,12805,15,No
2017,18,NAYARIT,8,JALA,PVEM,66,9463,0,282,9745,12805,66,No
2017,18,NAYARIT,8,JALA,PRS,5,9463,0,282,9745,12805,5,No
2017,18,NAYARIT,8,JALA,MC,733,9463,0,282,9745,12805,733,No
2017,18,NAYARIT,8,JALA,NUAL,1251,9463,0,282,9745,12805,1251,No
2017,18,NAYARIT,8,JALA,MORENA,251,9463,0,282,9745,12805,251,No
2017,18,NAYARIT,8,JALA,ES,48,9463,0,282,9745,12805,48,No
2017,18,NAYARIT,8,JALA,PAN_PRD_PT_PRS,15,9463,0,282,9745,12805,3372,Sí
2017,18,NAYARIT,8,JALA,PAN_PRD_PT,3,9463,0,282,9745,12805,3355,Sí
2017,18,NAYARIT,8,JALA,PAN_PRD_PRS,2,9463,0,282,9745,12805,3344,Sí
2017,18,NAYARIT,8,JALA,PAN_PT_PRS,1,9463,0,282,9745,12805,3320,Sí
2017,18,NAYARIT,8,JALA,PRD_PT_PRS,0,9463,0,282,9745,12805,58,Sí
2017,18,NAYARIT,8,JALA,PAN_PRD,8,9463,0,282,9745,12805,3345,Sí
2017,18,NAYARIT,8,JALA,PAN_PT,2,9463,0,282,9745,12805,3316,Sí
2017,18,NAYARIT,8,JALA,PAN_PRS,2,9463,0,282,9745,12805,3306,Sí
2017,18,NAYARIT,8,JALA,PRD_PT,0,9463,0,282,9745,12805,53,Sí
2017,18,NAYARIT,8,JALA,PRD_PRS,0,9463,0,282,9745,12805,43,Sí
2017,18,NAYARIT,8,JALA,PT_PRS,1,9463,0,282,9745,12805,21,Sí
2017,18,NAYARIT,8,JALA,Candidatura Independiente,251,9463,0,282,9745,12805,251,No
2017,18,NAYARIT,9,DEL NAYAR,PAN,7101,15185,0,1137,16322,24778,7101,No
2017,18,NAYARIT,9,DEL NAYAR,PRI,2694,15185,0,1137,16322,24778,2694,No
2017,18,NAYARIT,9,DEL NAYAR,PRD,588,15185,0,1137,16322,24778,588,No
2017,18,NAYARIT,9,DEL NAYAR,PT,116,15185,0,1137,16322,24778,116,No
2017,18,NAYARIT,9,DEL NAYAR,PVEM,496,15185,0,1137,16322,24778,496,No
2017,18,NAYARIT,9,DEL NAYAR,PRS,82,15185,0,1137,16322,24778,82,No
2017,18,NAYARIT,9,DEL NAYAR,MC,756,15185,0,1137,16322,24778,756,No
2017,18,NAYARIT,9,DEL NAYAR,NUAL,226,15185,0,1137,16322,24778,226,No
2017,18,NAYARIT,9,DEL NAYAR,MORENA,879,15185,0,1137,16322,24778,879,No
2017,18,NAYARIT,9,DEL NAYAR,ES,350,15185,0,1137,16322,24778,350,No
2017,18,NAYARIT,9,DEL NAYAR,PAN_PRD_PT_PRS,87,15185,0,1137,16322,24778,7974,Sí
2017,18,NAYARIT,9,DEL NAYAR,PAN_PRD_PT,14,15185,0,1137,16322,24778,7819,Sí
2017,18,NAYARIT,9,DEL NAYAR,PAN_PRD_PRS,4,15185,0,1137,16322,24778,7775,Sí
2017,18,NAYARIT,9,DEL NAYAR,PAN_PT_PRS,2,15185,0,1137,16322,24778,7301,Sí
2017,18,NAYARIT,9,DEL NAYAR,PRD_PT_PRS,0,15185,0,1137,16322,24778,786,Sí
2017,18,NAYARIT,9,DEL NAYAR,PAN_PRD,54,15185,0,1137,16322,24778,7743,Sí
2017,18,NAYARIT,9,DEL NAYAR,PAN_PT,14,15185,0,1137,16322,24778,7231,Sí
2017,18,NAYARIT,9,DEL NAYAR,PAN_PRS,15,15185,0,1137,16322,24778,7198,Sí
2017,18,NAYARIT,9,DEL NAYAR,PRD_PT,7,15185,0,1137,16322,24778,711,Sí
2017,18,NAYARIT,9,DEL NAYAR,PRD_PRS,2,15185,0,1137,16322,24778,672,Sí
2017,18,NAYARIT,9,DEL NAYAR,PT_PRS,0,15185,0,1137,16322,24778,198,Sí
2017,18,NAYARIT,9,DEL NAYAR,Candidatura Independiente,1553,15185,0,1137,16322,24778,1553,No
2017,18,NAYARIT,9,DEL NAYAR,Candidatura Independiente,145,15185,0,1137,16322,24778,145,No
2017,18,NAYARIT,10,ROSAMORADA,PAN,2307,17196,0,686,17882,25130,2307,No
2017,18,NAYARIT,10,ROSAMORADA,PRI,4433,17196,0,686,17882,25130,4433,No
2017,18,NAYARIT,10,ROSAMORADA,PRD,756,17196,0,686,17882,25130,756,No
2017,18,NAYARIT,10,ROSAMORADA,PT,1164,17196,0,686,17882,25130,1164,No
2017,18,NAYARIT,10,ROSAMORADA,PVEM,155,17196,0,686,17882,25130,155,No
2017,18,NAYARIT,10,ROSAMORADA,PRS,78,17196,0,686,17882,25130,78,No
2017,18,NAYARIT,10,ROSAMORADA,MC,258,17196,0,686,17882,25130,258,No
2017,18,NAYARIT,10,ROSAMORADA,NUAL,4363,17196,0,686,17882,25130,4363,No
2017,18,NAYARIT,10,ROSAMORADA,MORENA,2293,17196,0,686,17882,25130,2293,No
2017,18,NAYARIT,10,ROSAMORADA,ES,138,17196,0,686,17882,25130,138,No
2017,18,NAYARIT,10,ROSAMORADA,PAN_PRD_PT_PRS,76,17196,0,686,17882,25130,4381,Sí
2017,18,NAYARIT,10,ROSAMORADA,PAN_PRD_PT,15,17196,0,686,17882,25130,4242,Sí
2017,18,NAYARIT,10,ROSAMORADA,PAN_PRD_PRS,2,17196,0,686,17882,25130,3143,Sí
2017,18,NAYARIT,10,ROSAMORADA,PAN_PT_PRS,7,17196,0,686,17882,25130,3556,Sí
2017,18,NAYARIT,10,ROSAMORADA,PRD_PT_PRS,2,17196,0,686,17882,25130,2000,Sí
2017,18,NAYARIT,10,ROSAMORADA,PAN_PRD,28,17196,0,686,17882,25130,3091,Sí
2017,18,NAYARIT,10,ROSAMORADA,PAN_PT,30,17196,0,686,17882,25130,3501,Sí
2017,18,NAYARIT,10,ROSAMORADA,PAN_PRS,3,17196,0,686,17882,25130,2388,Sí
2017,18,NAYARIT,10,ROSAMORADA,PRD_PT,15,17196,0,686,17882,25130,1935,Sí
2017,18,NAYARIT,10,ROSAMORADA,PRD_PRS,2,17196,0,686,17882,25130,836,Sí
2017,18,NAYARIT,10,ROSAMORADA,PT_PRS,3,17196,0,686,17882,25130,1245,Sí
2017,18,NAYARIT,10,ROSAMORADA,Candidatura Independiente,1068,17196,0,686,17882,25130,1068,No
2017,18,NAYARIT,11,RUIZ,PAN,6390,11442,3,317,11762,16748,6390,No
2017,18,NAYARIT,11,RUIZ,PRI,3475,11442,3,317,11762,16748,3475,No
2017,18,NAYARIT,11,RUIZ,PRD,126,11442,3,317,11762,16748,126,No
2017,18,NAYARIT,11,RUIZ,PT,122,11442,3,317,11762,16748,122,No
2017,18,NAYARIT,11,RUIZ,PVEM,0,11442,3,317,11762,16748,0,No
2017,18,NAYARIT,11,RUIZ,PRS,31,11442,3,317,11762,16748,31,No
2017,18,NAYARIT,11,RUIZ,MC,673,11442,3,317,11762,16748,673,No
2017,18,NAYARIT,11,RUIZ,NUAL,0,11442,3,317,11762,16748,0,No
2017,18,NAYARIT,11,RUIZ,MORENA,289,11442,3,317,11762,16748,289,No
2017,18,NAYARIT,11,RUIZ,ES,72,11442,3,317,11762,16748,72,No
2017,18,NAYARIT,11,RUIZ,PAN_PRD_PT_PRS,60,11442,3,317,11762,16748,6729,Sí
2017,18,NAYARIT,11,RUIZ,PAN_PRD_PT,16,11442,3,317,11762,16748,6654,Sí
2017,18,NAYARIT,11,RUIZ,PAN_PRD_PRS,8,11442,3,317,11762,16748,6555,Sí
2017,18,NAYARIT,11,RUIZ,PAN_PT_PRS,1,11442,3,317,11762,16748,6544,Sí
2017,18,NAYARIT,11,RUIZ,PRD_PT_PRS,0,11442,3,317,11762,16748,279,Sí
2017,18,NAYARIT,11,RUIZ,PAN_PRD,26,11442,3,317,11762,16748,6542,Sí
2017,18,NAYARIT,11,RUIZ,PAN_PT,6,11442,3,317,11762,16748,6518,Sí
2017,18,NAYARIT,11,RUIZ,PAN_PRS,9,11442,3,317,11762,16748,6430,Sí
2017,18,NAYARIT,11,RUIZ,PRD_PT,2,11442,3,317,11762,16748,250,Sí
2017,18,NAYARIT,11,RUIZ,PRD_PRS,0,11442,3,317,11762,16748,157,Sí
2017,18,NAYARIT,11,RUIZ,PT_PRS,3,11442,3,317,11762,16748,156,Sí
2017,18,NAYARIT,11,RUIZ,Candidatura Independiente,133,11442,3,317,11762,16748,133,No
2017,18,NAYARIT,12,SAN BLAS,PAN,3205,17689,4,1042,18735,28811,3205,No
2017,18,NAYARIT,12,SAN BLAS,PRI,4387,17689,4,1042,18735,28811,4387,No
2017,18,NAYARIT,12,SAN BLAS,PRD,491,17689,4,1042,18735,28811,491,No
2017,18,NAYARIT,12,SAN BLAS,PT,176,17689,4,1042,18735,28811,176,No
2017,18,NAYARIT,12,SAN BLAS,PVEM,357,17689,4,1042,18735,28811,357,No
2017,18,NAYARIT,12,SAN BLAS,PRS,123,17689,4,1042,18735,28811,123,No
2017,18,NAYARIT,12,SAN BLAS,MC,779,17689,4,1042,18735,28811,779,No
2017,18,NAYARIT,12,SAN BLAS,NUAL,2621,17689,4,1042,18735,28811,2621,No
2017,18,NAYARIT,12,SAN BLAS,MORENA,1338,17689,4,1042,18735,28811,1338,No
2017,18,NAYARIT,12,SAN BLAS,ES,253,17689,4,1042,18735,28811,253,No
2017,18,NAYARIT,12,SAN BLAS,PAN_PRD_PT_PRS,28,17689,4,1042,18735,28811,4023,Sí
2017,18,NAYARIT,12,SAN BLAS,PAN_PRD_PT,9,17689,4,1042,18735,28811,3881,Sí
2017,18,NAYARIT,12,SAN BLAS,PAN_PRD_PRS,4,17689,4,1042,18735,28811,3823,Sí
2017,18,NAYARIT,12,SAN BLAS,PAN_PT_PRS,1,17689,4,1042,18735,28811,3505,Sí
2017,18,NAYARIT,12,SAN BLAS,PRD_PT_PRS,1,17689,4,1042,18735,28811,791,Sí
2017,18,NAYARIT,12,SAN BLAS,PAN_PRD,25,17689,4,1042,18735,28811,3721,Sí
2017,18,NAYARIT,12,SAN BLAS,PAN_PT,15,17689,4,1042,18735,28811,3396,Sí
2017,18,NAYARIT,12,SAN BLAS,PAN_PRS,3,17689,4,1042,18735,28811,3331,Sí
2017,18,NAYARIT,12,SAN BLAS,PRD_PT,4,17689,4,1042,18735,28811,671,Sí
2017,18,NAYARIT,12,SAN BLAS,PRD_PRS,2,17689,4,1042,18735,28811,616,Sí
2017,18,NAYARIT,12,SAN BLAS,PT_PRS,3,17689,4,1042,18735,28811,302,Sí
2017,18,NAYARIT,12,SAN BLAS,Candidatura Independiente,326,17689,4,1042,18735,28811,326,No
2017,18,NAYARIT,12,SAN BLAS,Candidatura Independiente,3538,17689,4,1042,18735,28811,3538,No
2017,18,NAYARIT,13,SAN PEDRO LAGUNILLAS,PAN,1620,4258,0,160,4418,6216,1620,No
2017,18,NAYARIT,13,SAN PEDRO LAGUNILLAS,PRI,986,4258,0,160,4418,6216,986,No
2017,18,NAYARIT,13,SAN PEDRO LAGUNILLAS,PRD,82,4258,0,160,4418,6216,82,No
2017,18,NAYARIT,13,SAN PEDRO LAGUNILLAS,PT,25,4258,0,160,4418,6216,25,No
2017,18,NAYARIT,13,SAN PEDRO LAGUNILLAS,PVEM,616,4258,0,160,4418,6216,616,No
2017,18,NAYARIT,13,SAN PEDRO LAGUNILLAS,PRS,9,4258,0,160,4418,6216,9,No
2017,18,NAYARIT,13,SAN PEDRO LAGUNILLAS,MC,56,4258,0,160,4418,6216,56,No
2017,18,NAYARIT,13,SAN PEDRO LAGUNILLAS,NUAL,14,4258,0,160,4418,6216,14,No
2017,18,NAYARIT,13,SAN PEDRO LAGUNILLAS,MORENA,374,4258,0,160,4418,6216,374,No
2017,18,NAYARIT,13,SAN PEDRO LAGUNILLAS,ES,0,4258,0,160,4418,6216,0,No
2017,18,NAYARIT,13,SAN PEDRO LAGUNILLAS,PAN_PRD_PT_PRS,15,4258,0,160,4418,6216,1751,Sí
2017,18,NAYARIT,13,SAN PEDRO LAGUNILLAS,PAN_PRD_PT,3,4258,0,160,4418,6216,1730,Sí
2017,18,NAYARIT,13,SAN PEDRO LAGUNILLAS,PAN_PRD_PRS,1,4258,0,160,4418,6216,1712,Sí
2017,18,NAYARIT,13,SAN PEDRO LAGUNILLAS,PAN_PT_PRS,0,4258,0,160,4418,6216,1654,Sí
2017,18,NAYARIT,13,SAN PEDRO LAGUNILLAS,PRD_PT_PRS,0,4258,0,160,4418,6216,116,Sí
2017,18,NAYARIT,13,SAN PEDRO LAGUNILLAS,PAN_PRD,11,4258,0,160,4418,6216,1713,Sí
2017,18,NAYARIT,13,SAN PEDRO LAGUNILLAS,PAN_PT,4,4258,0,160,4418,6216,1649,Sí
2017,18,NAYARIT,13,SAN PEDRO LAGUNILLAS,PAN_PRS,1,4258,0,160,4418,6216,1630,Sí
2017,18,NAYARIT,13,SAN PEDRO LAGUNILLAS,PRD_PT,1,4258,0,160,4418,6216,108,Sí
2017,18,NAYARIT,13,SAN PEDRO LAGUNILLAS,PRD_PRS,0,4258,0,160,4418,6216,91,Sí
2017,18,NAYARIT,13,SAN PEDRO LAGUNILLAS,PT_PRS,3,4258,0,160,4418,6216,37,Sí
2017,18,NAYARIT,13,SAN PEDRO LAGUNILLAS,Candidatura Independiente,437,4258,0,160,4418,6216,437,No
2017,18,NAYARIT,14,SANTA MARIA DEL ORO,PAN,1040,11401,3,623,12027,17397,1040,No
2017,18,NAYARIT,14,SANTA MARIA DEL ORO,PRI,3411,11401,3,623,12027,17397,3411,No
2017,18,NAYARIT,14,SANTA MARIA DEL ORO,PRD,700,11401,3,623,12027,17397,700,No
2017,18,NAYARIT,14,SANTA MARIA DEL ORO,PT,680,11401,3,623,12027,17397,680,No
2017,18,NAYARIT,14,SANTA MARIA DEL ORO,PVEM,471,11401,3,623,12027,17397,471,No
2017,18,NAYARIT,14,SANTA MARIA DEL ORO,PRS,50,11401,3,623,12027,17397,50,No
2017,18,NAYARIT,14,SANTA MARIA DEL ORO,MC,1259,11401,3,623,12027,17397,1259,No
2017,18,NAYARIT,14,SANTA MARIA DEL ORO,NUAL,2426,11401,3,623,12027,17397,2426,No
2017,18,NAYARIT,14,SANTA MARIA DEL ORO,MORENA,1271,11401,3,623,12027,17397,1271,No
2017,18,NAYARIT,14,SANTA MARIA DEL ORO,ES,0,11401,3,623,12027,17397,0,No
2017,18,NAYARIT,14,SANTA MARIA DEL ORO,PAN_PRD_PT_PRS,21,11401,3,623,12027,17397,2491,Sí
2017,18,NAYARIT,14,SANTA MARIA DEL ORO,PAN_PRD_PT,14,11401,3,623,12027,17397,2434,Sí
2017,18,NAYARIT,14,SANTA MARIA DEL ORO,PAN_PRD_PRS,1,11401,3,623,12027,17397,1791,Sí
2017,18,NAYARIT,14,SANTA MARIA DEL ORO,PAN_PT_PRS,2,11401,3,623,12027,17397,1772,Sí
2017,18,NAYARIT,14,SANTA MARIA DEL ORO,PRD_PT_PRS,1,11401,3,623,12027,17397,1431,Sí
2017,18,NAYARIT,14,SANTA MARIA DEL ORO,PAN_PRD,15,11401,3,623,12027,17397,1755,Sí
2017,18,NAYARIT,14,SANTA MARIA DEL ORO,PAN_PT,15,11401,3,623,12027,17397,1735,Sí
2017,18,NAYARIT,14,SANTA MARIA DEL ORO,PAN_PRS,2,11401,3,623,12027,17397,1092,Sí
2017,18,NAYARIT,14,SANTA MARIA DEL ORO,PRD_PT,18,11401,3,623,12027,17397,1398,Sí
2017,18,NAYARIT,14,SANTA MARIA DEL ORO,PRD_PRS,3,11401,3,623,12027,17397,753,Sí
2017,18,NAYARIT,14,SANTA MARIA DEL ORO,PT_PRS,1,11401,3,623,12027,17397,731,Sí
2017,18,NAYARIT,15,SANTIAGO IXCUINTLA,PAN,9329,42698,7,1691,44396,69121,9329,No
2017,18,NAYARIT,15,SANTIAGO IXCUINTLA,PRI,12551,42698,7,1691,44396,69121,12551,No
2017,18,NAYARIT,15,SANTIAGO IXCUINTLA,PRD,9858,42698,7,1691,44396,69121,9858,No
2017,18,NAYARIT,15,SANTIAGO IXCUINTLA,PT,1918,42698,7,1691,44396,69121,1918,No
2017,18,NAYARIT,15,SANTIAGO IXCUINTLA,PVEM,797,42698,7,1691,44396,69121,797,No
2017,18,NAYARIT,15,SANTIAGO IXCUINTLA,PRS,653,42698,7,1691,44396,69121,653,No
2017,18,NAYARIT,15,SANTIAGO IXCUINTLA,MC,1078,42698,7,1691,44396,69121,1078,No
2017,18,NAYARIT,15,SANTIAGO IXCUINTLA,NUAL,549,42698,7,1691,44396,69121,549,No
2017,18,NAYARIT,15,SANTIAGO IXCUINTLA,MORENA,2956,42698,7,1691,44396,69121,2956,No
2017,18,NAYARIT,15,SANTIAGO IXCUINTLA,ES,321,42698,7,1691,44396,69121,321,No
2017,18,NAYARIT,15,SANTIAGO IXCUINTLA,PAN_PRD_PT_PRS,392,42698,7,1691,44396,69121,22150,Sí
2017,18,NAYARIT,15,SANTIAGO IXCUINTLA,PAN_PRD_PT,125,42698,7,1691,44396,69121,21230,Sí
2017,18,NAYARIT,15,SANTIAGO IXCUINTLA,PAN_PRD_PRS,22,42698,7,1691,44396,69121,19862,Sí
2017,18,NAYARIT,15,SANTIAGO IXCUINTLA,PAN_PT_PRS,5,42698,7,1691,44396,69121,11905,Sí
2017,18,NAYARIT,15,SANTIAGO IXCUINTLA,PRD_PT_PRS,24,42698,7,1691,44396,69121,12453,Sí
2017,18,NAYARIT,15,SANTIAGO IXCUINTLA,PAN_PRD,291,42698,7,1691,44396,69121,19478,Sí
2017,18,NAYARIT,15,SANTIAGO IXCUINTLA,PAN_PT,35,42698,7,1691,44396,69121,11282,Sí
2017,18,NAYARIT,15,SANTIAGO IXCUINTLA,PAN_PRS,14,42698,7,1691,44396,69121,9996,Sí
2017,18,NAYARIT,15,SANTIAGO IXCUINTLA,PRD_PT,91,42698,7,1691,44396,69121,11867,Sí
2017,18,NAYARIT,15,SANTIAGO IXCUINTLA,PRD_PRS,15,42698,7,1691,44396,69121,10526,Sí
2017,18,NAYARIT,15,SANTIAGO IXCUINTLA,PT_PRS,14,42698,7,1691,44396,69121,2585,Sí
2017,18,NAYARIT,15,SANTIAGO IXCUINTLA,Candidatura Independiente,1660,42698,7,1691,44396,69121,1660,No
2017,18,NAYARIT,16,TECUALA,PAN,1382,18159,0,842,19001,28594,1382,No
2017,18,NAYARIT,16,TECUALA,PRI,6006,18159,0,842,19001,28594,6006,No
2017,18,NAYARIT,16,TECUALA,PRD,2180,18159,0,842,19001,28594,2180,No
2017,18,NAYARIT,16,TECUALA,PT,118,18159,0,842,19001,28594,118,No
2017,18,NAYARIT,16,TECUALA,PVEM,447,18159,0,842,19001,28594,447,No
2017,18,NAYARIT,16,TECUALA,PRS,93,18159,0,842,19001,28594,93,No
2017,18,NAYARIT,16,TECUALA,MC,740,18159,0,842,19001,28594,740,No
2017,18,NAYARIT,16,TECUALA,NUAL,462,18159,0,842,19001,28594,462,No
2017,18,NAYARIT,16,TECUALA,MORENA,985,18159,0,842,19001,28594,985,No
2017,18,NAYARIT,16,TECUALA,ES,74,18159,0,842,19001,28594,74,No
2017,18,NAYARIT,16,TECUALA,PAN_PRD_PT_PRS,47,18159,0,842,19001,28594,3820,Sí
2017,18,NAYARIT,16,TECUALA,PAN_PRD_PT,13,18159,0,842,19001,28594,3693,Sí
2017,18,NAYARIT,16,TECUALA,PAN_PRD_PRS,4,18159,0,842,19001,28594,3659,Sí
2017,18,NAYARIT,16,TECUALA,PAN_PT_PRS,2,18159,0,842,19001,28594,1595,Sí
2017,18,NAYARIT,16,TECUALA,PRD_PT_PRS,4,18159,0,842,19001,28594,2395,Sí
2017,18,NAYARIT,16,TECUALA,PAN_PRD,65,18159,0,842,19001,28594,3627,Sí
2017,18,NAYARIT,16,TECUALA,PAN_PT,3,18159,0,842,19001,28594,1503,Sí
2017,18,NAYARIT,16,TECUALA,PAN_PRS,2,18159,0,842,19001,28594,1477,Sí
2017,18,NAYARIT,16,TECUALA,PRD_PT,17,18159,0,842,19001,28594,2315,Sí
2017,18,NAYARIT,16,TECUALA,PRD_PRS,5,18159,0,842,19001,28594,2278,Sí
2017,18,NAYARIT,16,TECUALA,PT_PRS,1,18159,0,842,19001,28594,212,Sí
2017,18,NAYARIT,16,TECUALA,Candidatura Independiente,5509,18159,0,842,19001,28594,5509,No
2017,18,NAYARIT,17,TEPIC,PAN,31510,172723,57,4679,177459,290823,31510,No
2017,18,NAYARIT,17,TEPIC,PRI,28825,172723,57,4679,177459,290823,28825,No
2017,18,NAYARIT,17,TEPIC,PRD,13823,172723,57,4679,177459,290823,13823,No
2017,18,NAYARIT,17,TEPIC,PT,3210,172723,57,4679,177459,290823,3210,No
2017,18,NAYARIT,17,TEPIC,PVEM,3417,172723,57,4679,177459,290823,3417,No
2017,18,NAYARIT,17,TEPIC,PRS,577,172723,57,4679,177459,290823,577,No
2017,18,NAYARIT,17,TEPIC,MC,4184,172723,57,4679,177459,290823,4184,No
2017,18,NAYARIT,17,TEPIC,NUAL,2436,172723,57,4679,177459,290823,2436,No
2017,18,NAYARIT,17,TEPIC,MORENA,16965,172723,57,4679,177459,290823,16965,No
2017,18,NAYARIT,17,TEPIC,ES,1360,172723,57,4679,177459,290823,1360,No
2017,18,NAYARIT,17,TEPIC,PAN_PRD_PT_PRS,1003,172723,57,4679,177459,290823,50123,Sí
2017,18,NAYARIT,17,TEPIC,PAN_PRD_PT,322,172723,57,4679,177459,290823,48865,Sí
2017,18,NAYARIT,17,TEPIC,PAN_PRD_PRS,29,172723,57,4679,177459,290823,45939,Sí
2017,18,NAYARIT,17,TEPIC,PAN_PT_PRS,16,172723,57,4679,177459,290823,35313,Sí
2017,18,NAYARIT,17,TEPIC,PRD_PT_PRS,26,172723,57,4679,177459,290823,17636,Sí
2017,18,NAYARIT,17,TEPIC,PAN_PRD,705,172723,57,4679,177459,290823,46038,Sí
2017,18,NAYARIT,17,TEPIC,PAN_PT,91,172723,57,4679,177459,290823,34811,Sí
2017,18,NAYARIT,17,TEPIC,PAN_PRS,26,172723,57,4679,177459,290823,32113,Sí
2017,18,NAYARIT,17,TEPIC,PRD_PT,124,172723,57,4679,177459,290823,17157,Sí
2017,18,NAYARIT,17,TEPIC,PRD_PRS,11,172723,57,4679,177459,290823,14411,Sí
2017,18,NAYARIT,17,TEPIC,PT_PRS,49,172723,57,4679,177459,290823,3836,Sí
2017,18,NAYARIT,17,TEPIC,Candidatura Independiente,26476,172723,57,4679,177459,290823,26476,No
2017,18,NAYARIT,17,TEPIC,Candidatura Independiente,2456,172723,57,4679,177459,290823,2456,No
2017,18,NAYARIT,17,TEPIC,Candidatura Independiente,35082,172723,57,4679,177459,290823,35082,No
2017,18,NAYARIT,18,TUXPAN,PAN,4559,14646,4,535,15185,22045,4559,No
2017,18,NAYARIT,18,TUXPAN,PRI,4993,14646,4,535,15185,22045,4993,No
2017,18,NAYARIT,18,TUXPAN,PRD,1165,14646,4,535,15185,22045,1165,No
2017,18,NAYARIT,18,TUXPAN,PT,515,14646,4,535,15185,22045,515,No
2017,18,NAYARIT,18,TUXPAN,PVEM,94,14646,4,535,15185,22045,94,No
2017,18,NAYARIT,18,TUXPAN,PRS,86,14646,4,535,15185,22045,86,No
2017,18,NAYARIT,18,TUXPAN,MC,354,14646,4,535,15185,22045,354,No
2017,18,NAYARIT,18,TUXPAN,NUAL,957,14646,4,535,15185,22045,957,No
2017,18,NAYARIT,18,TUXPAN,MORENA,711,14646,4,535,15185,22045,711,No
2017,18,NAYARIT,18,TUXPAN,ES,362,14646,4,535,15185,22045,362,No
2017,18,NAYARIT,18,TUXPAN,PAN_PRD_PT_PRS,48,14646,4,535,15185,22045,6373,Sí
2017,18,NAYARIT,18,TUXPAN,PAN_PRD_PT,17,14646,4,535,15185,22045,6256,Sí
2017,18,NAYARIT,18,TUXPAN,PAN_PRD_PRS,3,14646,4,535,15185,22045,5813,Sí
2017,18,NAYARIT,18,TUXPAN,PAN_PT_PRS,0,14646,4,535,15185,22045,5160,Sí
2017,18,NAYARIT,18,TUXPAN,PRD_PT_PRS,2,14646,4,535,15185,22045,1768,Sí
2017,18,NAYARIT,18,TUXPAN,PAN_PRD,47,14646,4,535,15185,22045,5771,Sí
2017,18,NAYARIT,18,TUXPAN,PAN_PT,15,14646,4,535,15185,22045,5089,Sí
2017,18,NAYARIT,18,TUXPAN,PAN_PRS,2,14646,4,535,15185,22045,4647,Sí
2017,18,NAYARIT,18,TUXPAN,PRD_PT,10,14646,4,535,15185,22045,1690,Sí
2017,18,NAYARIT,18,TUXPAN,PRD_PRS,0,14646,4,535,15185,22045,1251,Sí
2017,18,NAYARIT,18,TUXPAN,PT_PRS,0,14646,4,535,15185,22045,601,Sí
2017,18,NAYARIT,18,TUXPAN,Candidatura Independiente,423,14646,4,535,15185,22045,423,No
2017,18,NAYARIT,18,TUXPAN,Candidatura Independiente,283,14646,4,535,15185,22045,283,No
2017,18,NAYARIT,19,XALISCO,PAN,8362,22448,3,723,23174,37730,8362,No
2017,18,NAYARIT,19,XALISCO,PRI,4344,22448,3,723,23174,37730,4344,No
2017,18,NAYARIT,19,XALISCO,PRD,477,22448,3,723,23174,37730,477,No
2017,18,NAYARIT,19,XALISCO,PT,269,22448,3,723,23174,37730,269,No
2017,18,NAYARIT,19,XALISCO,PVEM,274,22448,3,723,23174,37730,274,No
2017,18,NAYARIT,19,XALISCO,PRS,46,22448,3,723,23174,37730,46,No
2017,18,NAYARIT,19,XALISCO,MC,1007,22448,3,723,23174,37730,1007,No
2017,18,NAYARIT,19,XALISCO,NUAL,415,22448,3,723,23174,37730,415,No
2017,18,NAYARIT,19,XALISCO,MORENA,2476,22448,3,723,23174,37730,2476,No
2017,18,NAYARIT,19,XALISCO,ES,229,22448,3,723,23174,37730,229,No
2017,18,NAYARIT,19,XALISCO,PAN_PRD_PT_PRS,91,22448,3,723,23174,37730,9245,Sí
2017,18,NAYARIT,19,XALISCO,PAN_PRD_PT,26,22448,3,723,23174,37730,9134,Sí
2017,18,NAYARIT,19,XALISCO,PAN_PRD_PRS,2,22448,3,723,23174,37730,8887,Sí
2017,18,NAYARIT,19,XALISCO,PAN_PT_PRS,1,22448,3,723,23174,37730,8678,Sí
2017,18,NAYARIT,19,XALISCO,PRD_PT_PRS,2,22448,3,723,23174,37730,794,Sí
2017,18,NAYARIT,19,XALISCO,PAN_PRD,73,22448,3,723,23174,37730,8912,Sí
2017,18,NAYARIT,19,XALISCO,PAN_PT,10,22448,3,723,23174,37730,8641,Sí
2017,18,NAYARIT,19,XALISCO,PAN_PRS,3,22448,3,723,23174,37730,8411,Sí
2017,18,NAYARIT,19,XALISCO,PRD_PT,9,22448,3,723,23174,37730,755,Sí
2017,18,NAYARIT,19,XALISCO,PRD_PRS,0,22448,3,723,23174,37730,523,Sí
2017,18,NAYARIT,19,XALISCO,PT_PRS,2,22448,3,723,23174,37730,317,Sí
2017,18,NAYARIT,19,XALISCO,Candidatura Independiente,610,22448,3,723,23174,37730,610,No
2017,18,NAYARIT,19,XALISCO,Candidatura Independiente,3720,22448,3,723,23174,37730,3720,No
2017,18,NAYARIT,20,LA YESCA,PAN,521,5266,0,227,5493,7846,521,No
2017,18,NAYARIT,20,LA YESCA,PRI,861,5266,0,227,5493,7846,861,No
2017,18,NAYARIT,20,LA YESCA,PRD,25,5266,0,227,5493,7846,25,No
2017,18,NAYARIT,20,LA YESCA,PT,115,5266,0,227,5493,7846,115,No
2017,18,NAYARIT,20,LA YESCA,PVEM,0,5266,0,227,5493,7846,0,No
2017,18,NAYARIT,20,LA YESCA,PRS,27,5266,0,227,5493,7846,27,No
2017,18,NAYARIT,20,LA YESCA,MC,1741,5266,0,227,5493,7846,1741,No
2017,18,NAYARIT,20,LA YESCA,NUAL,0,5266,0,227,5493,7846,0,No
2017,18,NAYARIT,20,LA YESCA,MORENA,1711,5266,0,227,5493,7846,1711,No
2017,18,NAYARIT,20,LA YESCA,ES,0,5266,0,227,5493,7846,0,No
2017,18,NAYARIT,20,LA YESCA,PAN_PRD_PT_PRS,20,5266,0,227,5493,7846,708,Sí
2017,18,NAYARIT,20,LA YESCA,PAN_PRD_PT,7,5266,0,227,5493,7846,668,Sí
2017,18,NAYARIT,20,LA YESCA,PAN_PRD_PRS,6,5266,0,227,5493,7846,579,Sí
2017,18,NAYARIT,20,LA YESCA,PAN_PT_PRS,4,5266,0,227,5493,7846,667,Sí
2017,18,NAYARIT,20,LA YESCA,PRD_PT_PRS,0,5266,0,227,5493,7846,167,Sí
2017,18,NAYARIT,20,LA YESCA,PAN_PRD,2,5266,0,227,5493,7846,548,Sí
2017,18,NAYARIT,20,LA YESCA,PAN_PT,13,5266,0,227,5493,7846,649,Sí
2017,18,NAYARIT,20,LA YESCA,PAN_PRS,2,5266,0,227,5493,7846,550,Sí
2017,18,NAYARIT,20,LA YESCA,PRD_PT,1,5266,0,227,5493,7846,141,Sí
2017,18,NAYARIT,20,LA YESCA,PRD_PRS,1,5266,0,227,5493,7846,53,Sí
2017,18,NAYARIT,20,LA YESCA,PT_PRS,0,5266,0,227,5493,7846,142,Sí
2017,18,NAYARIT,20,LA YESCA,Candidatura Independiente,108,5266,0,227,5493,7846,108,No
2017,18,NAYARIT,20,LA YESCA,Candidatura Independiente,101,5266,0,227,5493,7846,101,No
