Año,ID_ESTADO,NOMBRE_ESTADO,ID_MUNICIPIO,MUNICIPIO,Partido,Votos,NUM_VOTOS_VALIDOS,NUM_VOTOS_CAN_NREG,NUM_VOTOS_NULOS,TOTAL_VOTOS,LISTA_NOMINAL,votos_coalicion,Coalición
2019,1,AGUASCALIENTES,1,AGUASCALIENTES,PAN,111404,210350,133,6481,216964,651231,111404,No
2019,1,AGUASCALIENTES,1,AGUASCALIENTES,PRI,14146,210350,133,6481,216964,651231,14146,No
2019,1,AGUASCALIENTES,1,AGUASCALIENTES,PRD,17514,210350,133,6481,216964,651231,17514,No
2019,1,AGUASCALIENTES,1,AGUASCALIENTES,PT,1656,210350,133,6481,216964,651231,1656,No
2019,1,AGUASCALIENTES,1,AGUASCALIENTES,PVEM,3089,210350,133,6481,216964,651231,3089,No
2019,1,AGUASCALIENTES,1,AGUASCALIENTES,MC,2212,210350,133,6481,216964,651231,2212,No
2019,1,AGUASCALIENTES,1,AGUASCALIENTES,MORENA,52944,210350,133,6481,216964,651231,52944,No
2019,1,AGUASCALIENTES,1,AGUASCALIENTES,UPM,1459,210350,133,6481,216964,651231,1459,No
2019,1,AGUASCALIENTES,1,AGUASCALIENTES,PLA,2892,210350,133,6481,216964,651231,2892,No
2019,1,AGUASCALIENTES,1,AGUASCALIENTES,NAA,3034,210350,133,6481,216964,651231,3034,No
2019,1,AGUASCALIENTES,2,ASIENTOS,PAN,6848,21802,8,519,22329,34499,6848,No
2019,1,AGUASCALIENTES,2,ASIENTOS,PRI,3687,21802,8,519,22329,34499,3687,No
2019,1,AGUASCALIENTES,2,ASIENTOS,PRD,178,21802,8,519,22329,34499,178,No
2019,1,AGUASCALIENTES,2,ASIENTOS,PT,214,21802,8,519,22329,34499,214,No
2019,1,AGUASCALIENTES,2,ASIENTOS,PVEM,211,21802,8,519,22329,34499,211,No
2019,1,AGUASCALIENTES,2,ASIENTOS,MC,321,21802,8,519,22329,34499,321,No
2019,1,AGUASCALIENTES,2,ASIENTOS,MORENA,9585,21802,8,519,22329,34499,9585,No
2019,1,AGUASCALIENTES,2,ASIENTOS,PLA,362,21802,8,519,22329,34499,362,No
2019,1,AGUASCALIENTES,2,ASIENTOS,NAA,396,21802,8,519,22329,34499,396,No
2019,1,AGUASCALIENTES,3,CALVILLO,PAN,8752,20251,18,1023,21292,46919,8752,No
2019,1,AGUASCALIENTES,3,CALVILLO,PRI,770,20251,18,1023,21292,46919,770,No
2019,1,AGUASCALIENTES,3,CALVILLO,PRD,342,20251,18,1023,21292,46919,342,No
2019,1,AGUASCALIENTES,3,CALVILLO,PT,381,20251,18,1023,21292,46919,381,No
2019,1,AGUASCALIENTES,3,CALVILLO,PVEM,601,20251,18,1023,21292,46919,601,No
2019,1,AGUASCALIENTES,3,CALVILLO,MORENA,3453,20251,18,1023,21292,46919,3453,No
2019,1,AGUASCALIENTES,3,CALVILLO,PLA,4821,20251,18,1023,21292,46919,4821,No
2019,1,AGUASCALIENTES,3,CALVILLO,NAA,1131,20251,18,1023,21292,46919,1131,No
2019,1,AGUASCALIENTES,4,COSIO,PAN,650,8237,2,101,8340,11698,650,No
2019,1,AGUASCALIENTES,4,COSIO,PRI,2289,8237,2,101,8340,11698,2289,No
2019,1,AGUASCALIENTES,4,COSIO,PT,662,8237,2,101,8340,11698,662,No
2019,1,AGUASCALIENTES,4,COSIO,PVEM,2537,8237,2,101,8340,11698,2537,No
2019,1,AGUASCALIENTES,4,COSIO,MC,1917,8237,2,101,8340,11698,1917,No
2019,1,AGUASCALIENTES,4,COSIO,MORENA,160,8237,2,101,8340,11698,160,No
2019,1,AGUASCALIENTES,4,COSIO,PLA,22,8237,2,101,8340,11698,22,No
2019,1,AGUASCALIENTES,4,COSIO,NAA,0,8237,2,101,8340,11698,0,No
2019,1,AGUASCALIENTES,5,JESUS MARIA,PAN,12171,28209,18,912,29139,81736,12171,No
2019,1,AGUASCALIENTES,5,JESUS MARIA,PRI,1477,28209,18,912,29139,81736,1477,No
2019,1,AGUASCALIENTES,5,JESUS MARIA,PRD,458,28209,18,912,29139,81736,458,No
2019,1,AGUASCALIENTES,5,JESUS MARIA,PT,328,28209,18,912,29139,81736,328,No
2019,1,AGUASCALIENTES,5,JESUS MARIA,PVEM,627,28209,18,912,29139,81736,627,No
2019,1,AGUASCALIENTES,5,JESUS MARIA,MC,191,28209,18,912,29139,81736,191,No
2019,1,AGUASCALIENTES,5,JESUS MARIA,MORENA,3165,28209,18,912,29139,81736,3165,No
2019,1,AGUASCALIENTES,5,JESUS MARIA,UPM,416,28209,18,912,29139,81736,416,No
2019,1,AGUASCALIENTES,5,JESUS MARIA,PLA,2124,28209,18,912,29139,81736,2124,No
2019,1,AGUASCALIENTES,5,JESUS MARIA,NAA,510,28209,18,912,29139,81736,510,No
2019,1,AGUASCALIENTES,5,JESUS MARIA,Candidatura Independiente,6020,28209,18,912,29139,81736,6020,No
2019,1,AGUASCALIENTES,5,JESUS MARIA,Candidatura Independiente,365,28209,18,912,29139,81736,365,No
2019,1,AGUASCALIENTES,5,JESUS MARIA,Candidatura Independiente,357,28209,18,912,29139,81736,357,No
2019,1,AGUASCALIENTES,6,PABELLON DE ARTEAGA,PAN,1640,17121,3,501,17625,31321,1640,No
2019,1,AGUASCALIENTES,6,PABELLON DE ARTEAGA,PRI,457,17121,3,501,17625,31321,457,No
2019,1,AGUASCALIENTES,6,PABELLON DE ARTEAGA,PRD,9298,17121,3,501,17625,31321,9298,No
2019,1,AGUASCALIENTES,6,PABELLON DE ARTEAGA,PT,392,17121,3,501,17625,31321,392,No
2019,1,AGUASCALIENTES,6,PABELLON DE ARTEAGA,PVEM,418,17121,3,501,17625,31321,418,No
2019,1,AGUASCALIENTES,6,PABELLON DE ARTEAGA,MC,317,17121,3,501,17625,31321,317,No
2019,1,AGUASCALIENTES,6,PABELLON DE ARTEAGA,MORENA,3723,17121,3,501,17625,31321,3723,No
2019,1,AGUASCALIENTES,6,PABELLON DE ARTEAGA,UPM,45,17121,3,501,17625,31321,45,No
2019,1,AGUASCALIENTES,6,PABELLON DE ARTEAGA,PLA,82,17121,3,501,17625,31321,82,No
2019,1,AGUASCALIENTES,6,PABELLON DE ARTEAGA,NAA,749,17121,3,501,17625,31321,749,No
2019,1,AGUASCALIENTES,7,RINCON DE ROMOS,PAN,5487,16005,9,534,16548,37810,5487,No
2019,1,AGUASCALIENTES,7,RINCON DE ROMOS,PRI,984,16005,9,534,16548,37810,984,No
2019,1,AGUASCALIENTES,7,RINCON DE ROMOS,PRD,145,16005,9,534,16548,37810,145,No
2019,1,AGUASCALIENTES,7,RINCON DE ROMOS,PT,803,16005,9,534,16548,37810,803,No
2019,1,AGUASCALIENTES,7,RINCON DE ROMOS,PVEM,392,16005,9,534,16548,37810,392,No
2019,1,AGUASCALIENTES,7,RINCON DE ROMOS,MC,215,16005,9,534,16548,37810,215,No
2019,1,AGUASCALIENTES,7,RINCON DE ROMOS,MORENA,963,16005,9,534,16548,37810,963,No
2019,1,AGUASCALIENTES,7,RINCON DE ROMOS,PLA,2094,16005,9,534,16548,37810,2094,No
2019,1,AGUASCALIENTES,7,RINCON DE ROMOS,NAA,4922,16005,9,534,16548,37810,4922,No
2019,1,AGUASCALIENTES,8,SAN JOSE DE GRACIA,PAN,2573,5008,3,69,5080,6952,2573,No
2019,1,AGUASCALIENTES,8,SAN JOSE DE GRACIA,PRI,240,5008,3,69,5080,6952,240,No
2019,1,AGUASCALIENTES,8,SAN JOSE DE GRACIA,PT,637,5008,3,69,5080,6952,637,No
2019,1,AGUASCALIENTES,8,SAN JOSE DE GRACIA,PVEM,45,5008,3,69,5080,6952,45,No
2019,1,AGUASCALIENTES,8,SAN JOSE DE GRACIA,MORENA,1289,5008,3,69,5080,6952,1289,No
2019,1,AGUASCALIENTES,8,SAN JOSE DE GRACIA,UPM,33,5008,3,69,5080,6952,33,No
2019,1,AGUASCALIENTES,8,SAN JOSE DE GRACIA,PLA,21,5008,3,69,5080,6952,21,No
2019,1,AGUASCALIENTES,8,SAN JOSE DE GRACIA,NAA,76,5008,3,69,5080,6952,76,No
2019,1,AGUASCALIENTES,8,SAN JOSE DE GRACIA,Candidatura Independiente,94,5008,3,69,5080,6952,94,No
2019,1,AGUASCALIENTES,9,TEPEZALA,PAN,2609,10783,2,227,11012,15551,2609,No
2019,1,AGUASCALIENTES,9,TEPEZALA,PRI,2376,10783,2,227,11012,15551,2376,No
2019,1,AGUASCALIENTES,9,TEPEZALA,PRD,1607,10783,2,227,11012,15551,1607,No
2019,1,AGUASCALIENTES,9,TEPEZALA,PT,94,10783,2,227,11012,15551,94,No
2019,1,AGUASCALIENTES,9,TEPEZALA,PVEM,3281,10783,2,227,11012,15551,3281,No
2019,1,AGUASCALIENTES,9,TEPEZALA,MORENA,761,10783,2,227,11012,15551,761,No
2019,1,AGUASCALIENTES,9,TEPEZALA,NAA,55,10783,2,227,11012,15551,55,No
2019,1,AGUASCALIENTES,10,SAN FRANCISCO DE LOS ROMO,PAN,2592,13421,13,511,13945,33855,2592,No
2019,1,AGUASCALIENTES,10,SAN FRANCISCO DE LOS ROMO,PRI,4555,13421,13,511,13945,33855,4555,No
2019,1,AGUASCALIENTES,10,SAN FRANCISCO DE LOS ROMO,PRD,145,13421,13,511,13945,33855,145,No
2019,1,AGUASCALIENTES,10,SAN FRANCISCO DE LOS ROMO,PT,1606,13421,13,511,13945,33855,1606,No
2019,1,AGUASCALIENTES,10,SAN FRANCISCO DE LOS ROMO,PVEM,211,13421,13,511,13945,33855,211,No
2019,1,AGUASCALIENTES,10,SAN FRANCISCO DE LOS ROMO,MC,156,13421,13,511,13945,33855,156,No
2019,1,AGUASCALIENTES,10,SAN FRANCISCO DE LOS ROMO,MORENA,3577,13421,13,511,13945,33855,3577,No
2019,1,AGUASCALIENTES,10,SAN FRANCISCO DE LOS ROMO,UPM,65,13421,13,511,13945,33855,65,No
2019,1,AGUASCALIENTES,10,SAN FRANCISCO DE LOS ROMO,PLA,102,13421,13,511,13945,33855,102,No
2019,1,AGUASCALIENTES,10,SAN FRANCISCO DE LOS ROMO,NAA,412,13421,13,511,13945,33855,412,No
2019,1,AGUASCALIENTES,11,EL LLANO,PAN,511,10322,0,284,10606,15183,511,No
2019,1,AGUASCALIENTES,11,EL LLANO,PRI,1906,10322,0,284,10606,15183,1906,No
2019,1,AGUASCALIENTES,11,EL LLANO,PRD,1668,10322,0,284,10606,15183,1668,No
2019,1,AGUASCALIENTES,11,EL LLANO,PT,2684,10322,0,284,10606,15183,2684,No
2019,1,AGUASCALIENTES,11,EL LLANO,PVEM,55,10322,0,284,10606,15183,55,No
2019,1,AGUASCALIENTES,11,EL LLANO,MC,293,10322,0,284,10606,15183,293,No
2019,1,AGUASCALIENTES,11,EL LLANO,MORENA,618,10322,0,284,10606,15183,618,No
2019,1,AGUASCALIENTES,11,EL LLANO,UPM,261,10322,0,284,10606,15183,261,No
2019,1,AGUASCALIENTES,11,EL LLANO,PLA,103,10322,0,284,10606,15183,103,No
2019,1,AGUASCALIENTES,11,EL LLANO,NAA,2223,10322,0,284,10606,15183,2223,No
2019,2,BAJA CALIFORNIA,1,ENSENADA,PAN,21598,112920,158,3516,116594,393324,21598,No
2019,2,BAJA CALIFORNIA,1,ENSENADA,PRI,7717,112920,158,3516,116594,393324,7717,No
2019,2,BAJA CALIFORNIA,1,ENSENADA,PRD,3432,112920,158,3516,116594,393324,3432,No
2019,2,BAJA CALIFORNIA,1,ENSENADA,PVEM,1940,112920,158,3516,116594,393324,1940,No
2019,2,BAJA CALIFORNIA,1,ENSENADA,PT,6281,112920,158,3516,116594,393324,6281,No
2019,2,BAJA CALIFORNIA,1,ENSENADA,MC,4881,112920,158,3516,116594,393324,4881,No
2019,2,BAJA CALIFORNIA,1,ENSENADA,MORENA,48410,112920,158,3516,116594,393324,48410,No
2019,2,BAJA CALIFORNIA,1,ENSENADA,PVEM_PT_TRANS_MORENA,217,112920,158,3516,116594,393324,59329,Sí
2019,2,BAJA CALIFORNIA,1,ENSENADA,PVEM_PT_TRANS,61,112920,158,3516,116594,393324,10763,Sí
2019,2,BAJA CALIFORNIA,1,ENSENADA,PVEM_PT_MORENA,148,112920,158,3516,116594,393324,56779,Sí
2019,2,BAJA CALIFORNIA,1,ENSENADA,PVEM_TRANS_MORENA,45,112920,158,3516,116594,393324,52876,Sí
2019,2,BAJA CALIFORNIA,1,ENSENADA,PT_TRANS_MORENA,229,112920,158,3516,116594,393324,57401,Sí
2019,2,BAJA CALIFORNIA,1,ENSENADA,PVEM_PT,70,112920,158,3516,116594,393324,8291,Sí
2019,2,BAJA CALIFORNIA,1,ENSENADA,PVEM_TRANS,21,112920,158,3516,116594,393324,4442,Sí
2019,2,BAJA CALIFORNIA,1,ENSENADA,PVEM_MORENA,104,112920,158,3516,116594,393324,50454,Sí
2019,2,BAJA CALIFORNIA,1,ENSENADA,PT_TRANS,52,112920,158,3516,116594,393324,8814,Sí
2019,2,BAJA CALIFORNIA,1,ENSENADA,PT_MORENA,422,112920,158,3516,116594,393324,55113,Sí
2019,2,BAJA CALIFORNIA,1,ENSENADA,TRANS_MORENA,275,112920,158,3516,116594,393324,51166,Sí
2019,2,BAJA CALIFORNIA,1,ENSENADA,PBC,2708,112920,158,3516,116594,393324,2708,No
2019,2,BAJA CALIFORNIA,1,ENSENADA,TRANS,2481,112920,158,3516,116594,393324,2481,No
2019,2,BAJA CALIFORNIA,1,ENSENADA,Candidatura Independiente,5834,112920,158,3516,116594,393324,5834,No
2019,2,BAJA CALIFORNIA,1,ENSENADA,Candidatura Independiente,5994,112920,158,3516,116594,393324,5994,No
2019,2,BAJA CALIFORNIA,2,MEXICALI,PAN,84287,253291,291,6619,260201,794900,84287,No
2019,2,BAJA CALIFORNIA,2,MEXICALI,PRI,10219,253291,291,6619,260201,794900,10219,No
2019,2,BAJA CALIFORNIA,2,MEXICALI,PRD,8348,253291,291,6619,260201,794900,8348,No
2019,2,BAJA CALIFORNIA,2,MEXICALI,PVEM,4686,253291,291,6619,260201,794900,4686,No
2019,2,BAJA CALIFORNIA,2,MEXICALI,PT,5952,253291,291,6619,260201,794900,5952,No
2019,2,BAJA CALIFORNIA,2,MEXICALI,MC,13010,253291,291,6619,260201,794900,13010,No
2019,2,BAJA CALIFORNIA,2,MEXICALI,MORENA,102310,253291,291,6619,260201,794900,102310,No
2019,2,BAJA CALIFORNIA,2,MEXICALI,PVEM_PT_TRANS_MORENA,582,253291,291,6619,260201,794900,120371,Sí
2019,2,BAJA CALIFORNIA,2,MEXICALI,PVEM_PT_TRANS,122,253291,291,6619,260201,794900,17601,Sí
2019,2,BAJA CALIFORNIA,2,MEXICALI,PVEM_PT_MORENA,136,253291,291,6619,260201,794900,113084,Sí
2019,2,BAJA CALIFORNIA,2,MEXICALI,PVEM_TRANS_MORENA,133,253291,291,6619,260201,794900,113970,Sí
2019,2,BAJA CALIFORNIA,2,MEXICALI,PT_TRANS_MORENA,428,253291,291,6619,260201,794900,115531,Sí
2019,2,BAJA CALIFORNIA,2,MEXICALI,PVEM_PT,64,253291,291,6619,260201,794900,10702,Sí
2019,2,BAJA CALIFORNIA,2,MEXICALI,PVEM_TRANS,38,253291,291,6619,260201,794900,11565,Sí
2019,2,BAJA CALIFORNIA,2,MEXICALI,PVEM_MORENA,206,253291,291,6619,260201,794900,107202,Sí
2019,2,BAJA CALIFORNIA,2,MEXICALI,PT_TRANS,76,253291,291,6619,260201,794900,12869,Sí
2019,2,BAJA CALIFORNIA,2,MEXICALI,PT_MORENA,339,253291,291,6619,260201,794900,108601,Sí
2019,2,BAJA CALIFORNIA,2,MEXICALI,TRANS_MORENA,928,253291,291,6619,260201,794900,110079,Sí
2019,2,BAJA CALIFORNIA,2,MEXICALI,PBC,14586,253291,291,6619,260201,794900,14586,No
2019,2,BAJA CALIFORNIA,2,MEXICALI,TRANS,6841,253291,291,6619,260201,794900,6841,No
2019,2,BAJA CALIFORNIA,3,TECATE,PAN,6927,27835,36,805,28676,86267,6927,No
2019,2,BAJA CALIFORNIA,3,TECATE,PRI,5379,27835,36,805,28676,86267,5379,No
2019,2,BAJA CALIFORNIA,3,TECATE,PRD,552,27835,36,805,28676,86267,552,No
2019,2,BAJA CALIFORNIA,3,TECATE,PVEM,551,27835,36,805,28676,86267,551,No
2019,2,BAJA CALIFORNIA,3,TECATE,PT,557,27835,36,805,28676,86267,557,No
2019,2,BAJA CALIFORNIA,3,TECATE,MC,1229,27835,36,805,28676,86267,1229,No
2019,2,BAJA CALIFORNIA,3,TECATE,MORENA,8816,27835,36,805,28676,86267,8816,No
2019,2,BAJA CALIFORNIA,3,TECATE,PVEM_PT_TRANS_MORENA,61,27835,36,805,28676,86267,10657,Sí
2019,2,BAJA CALIFORNIA,3,TECATE,PVEM_PT_TRANS,18,27835,36,805,28676,86267,1798,Sí
2019,2,BAJA CALIFORNIA,3,TECATE,PVEM_PT_MORENA,20,27835,36,805,28676,86267,9944,Sí
2019,2,BAJA CALIFORNIA,3,TECATE,PVEM_TRANS_MORENA,13,27835,36,805,28676,86267,10052,Sí
2019,2,BAJA CALIFORNIA,3,TECATE,PT_TRANS_MORENA,24,27835,36,805,28676,86267,10069,Sí
2019,2,BAJA CALIFORNIA,3,TECATE,PVEM_PT,15,27835,36,805,28676,86267,1123,Sí
2019,2,BAJA CALIFORNIA,3,TECATE,PVEM_TRANS,14,27835,36,805,28676,86267,1237,Sí
2019,2,BAJA CALIFORNIA,3,TECATE,PVEM_MORENA,33,27835,36,805,28676,86267,9400,Sí
2019,2,BAJA CALIFORNIA,3,TECATE,PT_TRANS,15,27835,36,805,28676,86267,1244,Sí
2019,2,BAJA CALIFORNIA,3,TECATE,PT_MORENA,39,27835,36,805,28676,86267,9412,Sí
2019,2,BAJA CALIFORNIA,3,TECATE,TRANS_MORENA,80,27835,36,805,28676,86267,9568,Sí
2019,2,BAJA CALIFORNIA,3,TECATE,PBC,357,27835,36,805,28676,86267,357,No
2019,2,BAJA CALIFORNIA,3,TECATE,TRANS,672,27835,36,805,28676,86267,672,No
2019,2,BAJA CALIFORNIA,3,TECATE,Candidatura Independiente,2463,27835,36,805,28676,86267,2463,No
2019,2,BAJA CALIFORNIA,4,TIJUANA,PAN,42802,392664,213,9259,402136,1431102,42802,No
2019,2,BAJA CALIFORNIA,4,TIJUANA,PRI,16487,392664,213,9259,402136,1431102,16487,No
2019,2,BAJA CALIFORNIA,4,TIJUANA,PRD,139475,392664,213,9259,402136,1431102,139475,No
2019,2,BAJA CALIFORNIA,4,TIJUANA,PVEM,7401,392664,213,9259,402136,1431102,7401,No
2019,2,BAJA CALIFORNIA,4,TIJUANA,PT,8675,392664,213,9259,402136,1431102,8675,No
2019,2,BAJA CALIFORNIA,4,TIJUANA,MC,16348,392664,213,9259,402136,1431102,16348,No
2019,2,BAJA CALIFORNIA,4,TIJUANA,MORENA,143216,392664,213,9259,402136,1431102,143216,No
2019,2,BAJA CALIFORNIA,4,TIJUANA,PVEM_PT_TRANS_MORENA,750,392664,213,9259,402136,1431102,165990,Sí
2019,2,BAJA CALIFORNIA,4,TIJUANA,PVEM_PT_TRANS,167,392664,213,9259,402136,1431102,22191,Sí
2019,2,BAJA CALIFORNIA,4,TIJUANA,PVEM_PT_MORENA,220,392664,213,9259,402136,1431102,159512,Sí
2019,2,BAJA CALIFORNIA,4,TIJUANA,PVEM_TRANS_MORENA,145,392664,213,9259,402136,1431102,156710,Sí
2019,2,BAJA CALIFORNIA,4,TIJUANA,PT_TRANS_MORENA,449,392664,213,9259,402136,1431102,158288,Sí
2019,2,BAJA CALIFORNIA,4,TIJUANA,PVEM_PT,107,392664,213,9259,402136,1431102,16183,Sí
2019,2,BAJA CALIFORNIA,4,TIJUANA,PVEM_TRANS,69,392664,213,9259,402136,1431102,13418,Sí
2019,2,BAJA CALIFORNIA,4,TIJUANA,PVEM_MORENA,271,392664,213,9259,402136,1431102,150888,Sí
2019,2,BAJA CALIFORNIA,4,TIJUANA,PT_TRANS,131,392664,213,9259,402136,1431102,14754,Sí
2019,2,BAJA CALIFORNIA,4,TIJUANA,PT_MORENA,603,392664,213,9259,402136,1431102,152494,Sí
2019,2,BAJA CALIFORNIA,4,TIJUANA,TRANS_MORENA,874,392664,213,9259,402136,1431102,150038,Sí
2019,2,BAJA CALIFORNIA,4,TIJUANA,PBC,8526,392664,213,9259,402136,1431102,8526,No
2019,2,BAJA CALIFORNIA,4,TIJUANA,TRANS,5948,392664,213,9259,402136,1431102,5948,No
2019,2,BAJA CALIFORNIA,5,ROSARITO,PAN,7810,26982,15,654,27651,105482,7810,No
2019,2,BAJA CALIFORNIA,5,ROSARITO,PRI,799,26982,15,654,27651,105482,799,No
2019,2,BAJA CALIFORNIA,5,ROSARITO,PRD,670,26982,15,654,27651,105482,670,No
2019,2,BAJA CALIFORNIA,5,ROSARITO,PVEM,238,26982,15,654,27651,105482,238,No
2019,2,BAJA CALIFORNIA,5,ROSARITO,PT,318,26982,15,654,27651,105482,318,No
2019,2,BAJA CALIFORNIA,5,ROSARITO,MC,3362,26982,15,654,27651,105482,3362,No
2019,2,BAJA CALIFORNIA,5,ROSARITO,MORENA,11201,26982,15,654,27651,105482,11201,No
2019,2,BAJA CALIFORNIA,5,ROSARITO,PVEM_PT_TRANS_MORENA,49,26982,15,654,27651,105482,12222,Sí
2019,2,BAJA CALIFORNIA,5,ROSARITO,PVEM_PT_TRANS,12,26982,15,654,27651,105482,984,Sí
2019,2,BAJA CALIFORNIA,5,ROSARITO,PVEM_PT_MORENA,18,26982,15,654,27651,105482,11775,Sí
2019,2,BAJA CALIFORNIA,5,ROSARITO,PVEM_TRANS_MORENA,15,26982,15,654,27651,105482,11870,Sí
2019,2,BAJA CALIFORNIA,5,ROSARITO,PT_TRANS_MORENA,57,26982,15,654,27651,105482,11992,Sí
2019,2,BAJA CALIFORNIA,5,ROSARITO,PVEM_PT,3,26982,15,654,27651,105482,559,Sí
2019,2,BAJA CALIFORNIA,5,ROSARITO,PVEM_TRANS,2,26982,15,654,27651,105482,656,Sí
2019,2,BAJA CALIFORNIA,5,ROSARITO,PVEM_MORENA,19,26982,15,654,27651,105482,11458,Sí
2019,2,BAJA CALIFORNIA,5,ROSARITO,PT_TRANS,8,26982,15,654,27651,105482,742,Sí
2019,2,BAJA CALIFORNIA,5,ROSARITO,PT_MORENA,42,26982,15,654,27651,105482,11561,Sí
2019,2,BAJA CALIFORNIA,5,ROSARITO,TRANS_MORENA,140,26982,15,654,27651,105482,11757,Sí
2019,2,BAJA CALIFORNIA,5,ROSARITO,PBC,476,26982,15,654,27651,105482,476,No
2019,2,BAJA CALIFORNIA,5,ROSARITO,TRANS,416,26982,15,654,27651,105482,416,No
2019,2,BAJA CALIFORNIA,5,ROSARITO,Candidatura Independiente,1327,26982,15,654,27651,105482,1327,No
2019,10,DURANGO,1,CANATLAN,PAN,4377,14477,5,264,14746,24600,4377,No
2019,10,DURANGO,1,CANATLAN,PRI,3839,14477,5,264,14746,24600,3839,No
2019,10,DURANGO,1,CANATLAN,PRD,58,14477,5,264,14746,24600,58,No
2019,10,DURANGO,1,CANATLAN,PVEM,3625,14477,5,264,14746,24600,3625,No
2019,10,DURANGO,1,CANATLAN,PT,318,14477,5,264,14746,24600,318,No
2019,10,DURANGO,1,CANATLAN,MC,1347,14477,5,264,14746,24600,1347,No
2019,10,DURANGO,1,CANATLAN,PD,119,14477,5,264,14746,24600,119,No
2019,10,DURANGO,1,CANATLAN,MORENA,736,14477,5,264,14746,24600,736,No
2019,10,DURANGO,1,CANATLAN,PAN_PRD,58,14477,5,264,14746,24600,4493,Sí
2019,10,DURANGO,2,CANELAS,PAN,869,2062,0,31,2093,3229,869,No
2019,10,DURANGO,2,CANELAS,PRI,442,2062,0,31,2093,3229,442,No
2019,10,DURANGO,2,CANELAS,PRD,33,2062,0,31,2093,3229,33,No
2019,10,DURANGO,2,CANELAS,MORENA,701,2062,0,31,2093,3229,701,No
2019,10,DURANGO,2,CANELAS,PAN_PRD,17,2062,0,31,2093,3229,919,Sí
2019,10,DURANGO,3,CONETO DE COMONFORT,PAN,286,2284,0,16,2300,3419,286,No
2019,10,DURANGO,3,CONETO DE COMONFORT,PRD,9,2284,0,16,2300,3419,9,No
2019,10,DURANGO,3,CONETO DE COMONFORT,PVEM,270,2284,0,16,2300,3419,270,No
2019,10,DURANGO,3,CONETO DE COMONFORT,MC,390,2284,0,16,2300,3419,390,No
2019,10,DURANGO,3,CONETO DE COMONFORT,PD,1187,2284,0,16,2300,3419,1187,No
2019,10,DURANGO,3,CONETO DE COMONFORT,MORENA,137,2284,0,16,2300,3419,137,No
2019,10,DURANGO,3,CONETO DE COMONFORT,PAN_PRD,5,2284,0,16,2300,3419,300,Sí
2019,10,DURANGO,4,CUENCAME,PAN,1831,13876,55,401,14332,25664,1831,No
2019,10,DURANGO,4,CUENCAME,PRI,4960,13876,55,401,14332,25664,4960,No
2019,10,DURANGO,4,CUENCAME,PRD,2164,13876,55,401,14332,25664,2164,No
2019,10,DURANGO,4,CUENCAME,PT,142,13876,55,401,14332,25664,142,No
2019,10,DURANGO,4,CUENCAME,MC,147,13876,55,401,14332,25664,147,No
2019,10,DURANGO,4,CUENCAME,PD,29,13876,55,401,14332,25664,29,No
2019,10,DURANGO,4,CUENCAME,MORENA,3255,13876,55,401,14332,25664,3255,No
2019,10,DURANGO,4,CUENCAME,PAN_PRD,747,13876,55,401,14332,25664,4742,Sí
2019,10,DURANGO,4,CUENCAME,Candidatura Independiente,601,13876,55,401,14332,25664,601,No
2019,10,DURANGO,5,DURANGO,PAN,73295,196635,79,4912,201626,481519,73295,No
2019,10,DURANGO,5,DURANGO,PRI,18449,196635,79,4912,201626,481519,18449,No
2019,10,DURANGO,5,DURANGO,PVEM,4819,196635,79,4912,201626,481519,4819,No
2019,10,DURANGO,5,DURANGO,PT,24842,196635,79,4912,201626,481519,24842,No
2019,10,DURANGO,5,DURANGO,MC,51897,196635,79,4912,201626,481519,51897,No
2019,10,DURANGO,5,DURANGO,PD,1068,196635,79,4912,201626,481519,1068,No
2019,10,DURANGO,5,DURANGO,MORENA,17823,196635,79,4912,201626,481519,17823,No
2019,10,DURANGO,5,DURANGO,Candidatura Independiente,4442,196635,79,4912,201626,481519,4442,No
2019,10,DURANGO,6,SIMON BOLIVAR,PAN,2047,5255,0,95,5350,7778,2047,No
2019,10,DURANGO,6,SIMON BOLIVAR,PRI,1326,5255,0,95,5350,7778,1326,No
2019,10,DURANGO,6,SIMON BOLIVAR,PRD,10,5255,0,95,5350,7778,10,No
2019,10,DURANGO,6,SIMON BOLIVAR,PVEM,1562,5255,0,95,5350,7778,1562,No
2019,10,DURANGO,6,SIMON BOLIVAR,PD,117,5255,0,95,5350,7778,117,No
2019,10,DURANGO,6,SIMON BOLIVAR,MORENA,81,5255,0,95,5350,7778,81,No
2019,10,DURANGO,6,SIMON BOLIVAR,PAN_PRD,112,5255,0,95,5350,7778,2169,Sí
2019,10,DURANGO,7,GOMEZ PALACIO,PAN,12414,72142,1159,2681,75982,257507,12414,No
2019,10,DURANGO,7,GOMEZ PALACIO,PRI,24628,72142,1159,2681,75982,257507,24628,No
2019,10,DURANGO,7,GOMEZ PALACIO,PVEM,2492,72142,1159,2681,75982,257507,2492,No
2019,10,DURANGO,7,GOMEZ PALACIO,PT,2304,72142,1159,2681,75982,257507,2304,No
2019,10,DURANGO,7,GOMEZ PALACIO,MC,1701,72142,1159,2681,75982,257507,1701,No
2019,10,DURANGO,7,GOMEZ PALACIO,PD,1474,72142,1159,2681,75982,257507,1474,No
2019,10,DURANGO,7,GOMEZ PALACIO,MORENA,27129,72142,1159,2681,75982,257507,27129,No
2019,10,DURANGO,8,GUADALUPE VICTORIA,PAN,1918,16164,7,389,16560,29125,1918,No
2019,10,DURANGO,8,GUADALUPE VICTORIA,PRI,4602,16164,7,389,16560,29125,4602,No
2019,10,DURANGO,8,GUADALUPE VICTORIA,PRD,2717,16164,7,389,16560,29125,2717,No
2019,10,DURANGO,8,GUADALUPE VICTORIA,PVEM,4217,16164,7,389,16560,29125,4217,No
2019,10,DURANGO,8,GUADALUPE VICTORIA,PT,258,16164,7,389,16560,29125,258,No
2019,10,DURANGO,8,GUADALUPE VICTORIA,MC,456,16164,7,389,16560,29125,456,No
2019,10,DURANGO,8,GUADALUPE VICTORIA,PD,489,16164,7,389,16560,29125,489,No
2019,10,DURANGO,8,GUADALUPE VICTORIA,MORENA,1163,16164,7,389,16560,29125,1163,No
2019,10,DURANGO,8,GUADALUPE VICTORIA,PAN_PRD,344,16164,7,389,16560,29125,4979,Sí
2019,10,DURANGO,9,GUANACEVI,PAN,1423,5052,0,64,5116,7421,1423,No
2019,10,DURANGO,9,GUANACEVI,PRI,3138,5052,0,64,5116,7421,3138,No
2019,10,DURANGO,9,GUANACEVI,PRD,40,5052,0,64,5116,7421,40,No
2019,10,DURANGO,9,GUANACEVI,PD,33,5052,0,64,5116,7421,33,No
2019,10,DURANGO,9,GUANACEVI,MORENA,398,5052,0,64,5116,7421,398,No
2019,10,DURANGO,9,GUANACEVI,PAN_PRD,20,5052,0,64,5116,7421,1483,Sí
2019,10,DURANGO,10,HIDALGO,PAN,588,2150,0,31,2181,3295,588,No
2019,10,DURANGO,10,HIDALGO,PRI,294,2150,0,31,2181,3295,294,No
2019,10,DURANGO,10,HIDALGO,PRD,42,2150,0,31,2181,3295,42,No
2019,10,DURANGO,10,HIDALGO,PT,711,2150,0,31,2181,3295,711,No
2019,10,DURANGO,10,HIDALGO,MORENA,501,2150,0,31,2181,3295,501,No
2019,10,DURANGO,10,HIDALGO,PAN_PRD,14,2150,0,31,2181,3295,644,Sí
2019,10,DURANGO,11,INDE,PRI,2255,2255,20,188,2463,4387,2255,No
2019,10,DURANGO,12,LERDO,PAN,6780,45278,16,1335,46629,109000,6780,No
2019,10,DURANGO,12,LERDO,PRI,14321,45278,16,1335,46629,109000,14321,No
2019,10,DURANGO,12,LERDO,PVEM,970,45278,16,1335,46629,109000,970,No
2019,10,DURANGO,12,LERDO,PT,1181,45278,16,1335,46629,109000,1181,No
2019,10,DURANGO,12,LERDO,MC,6243,45278,16,1335,46629,109000,6243,No
2019,10,DURANGO,12,LERDO,PD,680,45278,16,1335,46629,109000,680,No
2019,10,DURANGO,12,LERDO,MORENA,13697,45278,16,1335,46629,109000,13697,No
2019,10,DURANGO,12,LERDO,Candidatura Independiente,1406,45278,16,1335,46629,109000,1406,No
2019,10,DURANGO,13,MAPIMI,PAN,2294,9092,3,217,9312,18169,2294,No
2019,10,DURANGO,13,MAPIMI,PRI,2823,9092,3,217,9312,18169,2823,No
2019,10,DURANGO,13,MAPIMI,PRD,265,9092,3,217,9312,18169,265,No
2019,10,DURANGO,13,MAPIMI,PVEM,248,9092,3,217,9312,18169,248,No
2019,10,DURANGO,13,MAPIMI,PT,124,9092,3,217,9312,18169,124,No
2019,10,DURANGO,13,MAPIMI,MC,263,9092,3,217,9312,18169,263,No
2019,10,DURANGO,13,MAPIMI,PD,721,9092,3,217,9312,18169,721,No
2019,10,DURANGO,13,MAPIMI,MORENA,2262,9092,3,217,9312,18169,2262,No
2019,10,DURANGO,13,MAPIMI,PAN_PRD,92,9092,3,217,9312,18169,2651,Sí
2019,10,DURANGO,14,MEZQUITAL,PAN,456,17294,4,561,17859,29539,456,No
2019,10,DURANGO,14,MEZQUITAL,PRI,8226,17294,4,561,17859,29539,8226,No
2019,10,DURANGO,14,MEZQUITAL,PRD,405,17294,4,561,17859,29539,405,No
2019,10,DURANGO,14,MEZQUITAL,PVEM,861,17294,4,561,17859,29539,861,No
2019,10,DURANGO,14,MEZQUITAL,PD,301,17294,4,561,17859,29539,301,No
2019,10,DURANGO,14,MEZQUITAL,MORENA,7019,17294,4,561,17859,29539,7019,No
2019,10,DURANGO,14,MEZQUITAL,PAN_PRD,26,17294,4,561,17859,29539,887,Sí
2019,10,DURANGO,15,NAZAS,PAN,2440,6472,2,72,6546,9512,2440,No
2019,10,DURANGO,15,NAZAS,PRI,917,6472,2,72,6546,9512,917,No
2019,10,DURANGO,15,NAZAS,PT,1522,6472,2,72,6546,9512,1522,No
2019,10,DURANGO,15,NAZAS,PD,464,6472,2,72,6546,9512,464,No
2019,10,DURANGO,15,NAZAS,MORENA,1129,6472,2,72,6546,9512,1129,No
2019,10,DURANGO,16,NOMBRE DE DIOS,PAN,273,7889,1,225,8115,14664,273,No
2019,10,DURANGO,16,NOMBRE DE DIOS,PRI,527,7889,1,225,8115,14664,527,No
2019,10,DURANGO,16,NOMBRE DE DIOS,PRD,2334,7889,1,225,8115,14664,2334,No
2019,10,DURANGO,16,NOMBRE DE DIOS,PVEM,144,7889,1,225,8115,14664,144,No
2019,10,DURANGO,16,NOMBRE DE DIOS,PT,1975,7889,1,225,8115,14664,1975,No
2019,10,DURANGO,16,NOMBRE DE DIOS,MC,1141,7889,1,225,8115,14664,1141,No
2019,10,DURANGO,16,NOMBRE DE DIOS,PD,153,7889,1,225,8115,14664,153,No
2019,10,DURANGO,16,NOMBRE DE DIOS,MORENA,1245,7889,1,225,8115,14664,1245,No
2019,10,DURANGO,16,NOMBRE DE DIOS,PAN_PRD,54,7889,1,225,8115,14664,2661,Sí
2019,10,DURANGO,16,NOMBRE DE DIOS,Candidatura Independiente,43,7889,1,225,8115,14664,43,No
2019,10,DURANGO,17,NUEVO IDEAL,PAN,5227,10418,5,178,10601,21229,5227,No
2019,10,DURANGO,17,NUEVO IDEAL,PRI,2727,10418,5,178,10601,21229,2727,No
2019,10,DURANGO,17,NUEVO IDEAL,PRD,63,10418,5,178,10601,21229,63,No
2019,10,DURANGO,17,NUEVO IDEAL,MC,476,10418,5,178,10601,21229,476,No
2019,10,DURANGO,17,NUEVO IDEAL,PD,32,10418,5,178,10601,21229,32,No
2019,10,DURANGO,17,NUEVO IDEAL,MORENA,1602,10418,5,178,10601,21229,1602,No
2019,10,DURANGO,17,NUEVO IDEAL,PAN_PRD,291,10418,5,178,10601,21229,5581,Sí
2019,10,DURANGO,18,OCAMPO,PAN,1232,4488,1,69,4558,6803,1232,No
2019,10,DURANGO,18,OCAMPO,PRI,1716,4488,1,69,4558,6803,1716,No
2019,10,DURANGO,18,OCAMPO,PRD,12,4488,1,69,4558,6803,12,No
2019,10,DURANGO,18,OCAMPO,PT,74,4488,1,69,4558,6803,74,No
2019,10,DURANGO,18,OCAMPO,MC,647,4488,1,69,4558,6803,647,No
2019,10,DURANGO,18,OCAMPO,MORENA,682,4488,1,69,4558,6803,682,No
2019,10,DURANGO,18,OCAMPO,PAN_PRD,9,4488,1,69,4558,6803,1253,Sí
2019,10,DURANGO,18,OCAMPO,Candidatura Independiente,116,4488,1,69,4558,6803,116,No
2019,10,DURANGO,19,EL ORO,PAN,2369,5256,2,103,5361,9787,2369,No
2019,10,DURANGO,19,EL ORO,PRI,1416,5256,2,103,5361,9787,1416,No
2019,10,DURANGO,19,EL ORO,PRD,22,5256,2,103,5361,9787,22,No
2019,10,DURANGO,19,EL ORO,PT,1099,5256,2,103,5361,9787,1099,No
2019,10,DURANGO,19,EL ORO,MC,40,5256,2,103,5361,9787,40,No
2019,10,DURANGO,19,EL ORO,MORENA,301,5256,2,103,5361,9787,301,No
2019,10,DURANGO,19,EL ORO,PAN_PRD,9,5256,2,103,5361,9787,2400,Sí
2019,10,DURANGO,20,OTAEZ,PAN,12,2738,0,33,2771,3867,12,No
2019,10,DURANGO,20,OTAEZ,PRI,371,2738,0,33,2771,3867,371,No
2019,10,DURANGO,20,OTAEZ,PRD,16,2738,0,33,2771,3867,16,No
2019,10,DURANGO,20,OTAEZ,PT,107,2738,0,33,2771,3867,107,No
2019,10,DURANGO,20,OTAEZ,MC,811,2738,0,33,2771,3867,811,No
2019,10,DURANGO,20,OTAEZ,MORENA,1421,2738,0,33,2771,3867,1421,No
2019,10,DURANGO,20,OTAEZ,PAN_PRD,0,2738,0,33,2771,3867,28,Sí
2019,10,DURANGO,21,PANUCO DE CORONADO,PAN,2211,6295,0,124,6419,10942,2211,No
2019,10,DURANGO,21,PANUCO DE CORONADO,PRI,3194,6295,0,124,6419,10942,3194,No
2019,10,DURANGO,21,PANUCO DE CORONADO,PRD,33,6295,0,124,6419,10942,33,No
2019,10,DURANGO,21,PANUCO DE CORONADO,PVEM,79,6295,0,124,6419,10942,79,No
2019,10,DURANGO,21,PANUCO DE CORONADO,PT,269,6295,0,124,6419,10942,269,No
2019,10,DURANGO,21,PANUCO DE CORONADO,PD,43,6295,0,124,6419,10942,43,No
2019,10,DURANGO,21,PANUCO DE CORONADO,MORENA,427,6295,0,124,6419,10942,427,No
2019,10,DURANGO,21,PANUCO DE CORONADO,PAN_PRD,39,6295,0,124,6419,10942,2283,Sí
2019,10,DURANGO,22,PEÑON BLANCO,PAN,1483,5160,0,99,5259,8442,1483,No
2019,10,DURANGO,22,PEÑON BLANCO,PRI,2053,5160,0,99,5259,8442,2053,No
2019,10,DURANGO,22,PEÑON BLANCO,PRD,25,5160,0,99,5259,8442,25,No
2019,10,DURANGO,22,PEÑON BLANCO,PVEM,70,5160,0,99,5259,8442,70,No
2019,10,DURANGO,22,PEÑON BLANCO,PD,130,5160,0,99,5259,8442,130,No
2019,10,DURANGO,22,PEÑON BLANCO,MORENA,1366,5160,0,99,5259,8442,1366,No
2019,10,DURANGO,22,PEÑON BLANCO,PAN_PRD,33,5160,0,99,5259,8442,1541,Sí
2019,10,DURANGO,23,POANAS,PAN,3046,11788,5,214,12007,19569,3046,No
2019,10,DURANGO,23,POANAS,PRI,3253,11788,5,214,12007,19569,3253,No
2019,10,DURANGO,23,POANAS,PRD,134,11788,5,214,12007,19569,134,No
2019,10,DURANGO,23,POANAS,PVEM,612,11788,5,214,12007,19569,612,No
2019,10,DURANGO,23,POANAS,PT,127,11788,5,214,12007,19569,127,No
2019,10,DURANGO,23,POANAS,MC,4034,11788,5,214,12007,19569,4034,No
2019,10,DURANGO,23,POANAS,PD,22,11788,5,214,12007,19569,22,No
2019,10,DURANGO,23,POANAS,MORENA,502,11788,5,214,12007,19569,502,No
2019,10,DURANGO,23,POANAS,PAN_PRD,58,11788,5,214,12007,19569,3238,Sí
2019,10,DURANGO,24,PUEBLO NUEVO,PAN,4262,15630,6,422,16058,33109,4262,No
2019,10,DURANGO,24,PUEBLO NUEVO,PRI,5702,15630,6,422,16058,33109,5702,No
2019,10,DURANGO,24,PUEBLO NUEVO,PRD,353,15630,6,422,16058,33109,353,No
2019,10,DURANGO,24,PUEBLO NUEVO,PVEM,439,15630,6,422,16058,33109,439,No
2019,10,DURANGO,24,PUEBLO NUEVO,PT,155,15630,6,422,16058,33109,155,No
2019,10,DURANGO,24,PUEBLO NUEVO,MC,272,15630,6,422,16058,33109,272,No
2019,10,DURANGO,24,PUEBLO NUEVO,PD,161,15630,6,422,16058,33109,161,No
2019,10,DURANGO,24,PUEBLO NUEVO,MORENA,4180,15630,6,422,16058,33109,4180,No
2019,10,DURANGO,24,PUEBLO NUEVO,PAN_PRD,106,15630,6,422,16058,33109,4721,Sí
2019,10,DURANGO,25,RODEO,PAN,1317,5773,10,91,5874,9957,1317,No
2019,10,DURANGO,25,RODEO,PRI,1186,5773,10,91,5874,9957,1186,No
2019,10,DURANGO,25,RODEO,PRD,1521,5773,10,91,5874,9957,1521,No
2019,10,DURANGO,25,RODEO,MC,866,5773,10,91,5874,9957,866,No
2019,10,DURANGO,25,RODEO,PD,67,5773,10,91,5874,9957,67,No
2019,10,DURANGO,25,RODEO,MORENA,410,5773,10,91,5874,9957,410,No
2019,10,DURANGO,25,RODEO,PAN_PRD,406,5773,10,91,5874,9957,3244,Sí
2019,10,DURANGO,26,SAN BERNARDO,PAN,898,1789,0,22,1811,2736,898,No
2019,10,DURANGO,26,SAN BERNARDO,PRI,757,1789,0,22,1811,2736,757,No
2019,10,DURANGO,26,SAN BERNARDO,PRD,27,1789,0,22,1811,2736,27,No
2019,10,DURANGO,26,SAN BERNARDO,MORENA,74,1789,0,22,1811,2736,74,No
2019,10,DURANGO,26,SAN BERNARDO,PAN_PRD,33,1789,0,22,1811,2736,958,Sí
2019,10,DURANGO,27,SAN DIMAS,PAN,2862,7541,0,114,7655,13711,2862,No
2019,10,DURANGO,27,SAN DIMAS,PRI,2043,7541,0,114,7655,13711,2043,No
2019,10,DURANGO,27,SAN DIMAS,PRD,28,7541,0,114,7655,13711,28,No
2019,10,DURANGO,27,SAN DIMAS,MC,481,7541,0,114,7655,13711,481,No
2019,10,DURANGO,27,SAN DIMAS,PD,86,7541,0,114,7655,13711,86,No
2019,10,DURANGO,27,SAN DIMAS,MORENA,1819,7541,0,114,7655,13711,1819,No
2019,10,DURANGO,27,SAN DIMAS,PAN_PRD,222,7541,0,114,7655,13711,3112,Sí
2019,10,DURANGO,28,SAN JUAN DE GUADALUPE,PAN,272,3113,0,34,3147,4340,272,No
2019,10,DURANGO,28,SAN JUAN DE GUADALUPE,PRI,1080,3113,0,34,3147,4340,1080,No
2019,10,DURANGO,28,SAN JUAN DE GUADALUPE,PRD,609,3113,0,34,3147,4340,609,No
2019,10,DURANGO,28,SAN JUAN DE GUADALUPE,PVEM,787,3113,0,34,3147,4340,787,No
2019,10,DURANGO,28,SAN JUAN DE GUADALUPE,PD,12,3113,0,34,3147,4340,12,No
2019,10,DURANGO,28,SAN JUAN DE GUADALUPE,MORENA,160,3113,0,34,3147,4340,160,No
2019,10,DURANGO,28,SAN JUAN DE GUADALUPE,PAN_PRD,193,3113,0,34,3147,4340,1074,Sí
2019,10,DURANGO,29,SAN JUAN DEL RIO,PAN,1028,6193,0,110,6303,9966,1028,No
2019,10,DURANGO,29,SAN JUAN DEL RIO,PRI,2531,6193,0,110,6303,9966,2531,No
2019,10,DURANGO,29,SAN JUAN DEL RIO,PRD,27,6193,0,110,6303,9966,27,No
2019,10,DURANGO,29,SAN JUAN DEL RIO,PVEM,300,6193,0,110,6303,9966,300,No
2019,10,DURANGO,29,SAN JUAN DEL RIO,PD,503,6193,0,110,6303,9966,503,No
2019,10,DURANGO,29,SAN JUAN DEL RIO,MORENA,1799,6193,0,110,6303,9966,1799,No
2019,10,DURANGO,29,SAN JUAN DEL RIO,PAN_PRD,5,6193,0,110,6303,9966,1060,Sí
2019,10,DURANGO,30,SAN LUIS DEL CORDERO,PAN,665,1204,0,12,1216,1868,665,No
2019,10,DURANGO,30,SAN LUIS DEL CORDERO,PRI,89,1204,0,12,1216,1868,89,No
2019,10,DURANGO,30,SAN LUIS DEL CORDERO,PRD,14,1204,0,12,1216,1868,14,No
2019,10,DURANGO,30,SAN LUIS DEL CORDERO,PT,83,1204,0,12,1216,1868,83,No
2019,10,DURANGO,30,SAN LUIS DEL CORDERO,MORENA,346,1204,0,12,1216,1868,346,No
2019,10,DURANGO,30,SAN LUIS DEL CORDERO,PAN_PRD,7,1204,0,12,1216,1868,686,Sí
2019,10,DURANGO,31,SAN PEDRO DEL GALLO,PAN,442,1085,0,4,1089,1480,442,No
2019,10,DURANGO,31,SAN PEDRO DEL GALLO,PRI,436,1085,0,4,1089,1480,436,No
2019,10,DURANGO,31,SAN PEDRO DEL GALLO,PRD,61,1085,0,4,1089,1480,61,No
2019,10,DURANGO,31,SAN PEDRO DEL GALLO,PT,107,1085,0,4,1089,1480,107,No
2019,10,DURANGO,31,SAN PEDRO DEL GALLO,MORENA,22,1085,0,4,1089,1480,22,No
2019,10,DURANGO,31,SAN PEDRO DEL GALLO,PAN_PRD,17,1085,0,4,1089,1480,520,Sí
2019,10,DURANGO,32,SANTA CLARA,PAN,459,3729,0,67,3796,5334,459,No
2019,10,DURANGO,32,SANTA CLARA,PRI,1229,3729,0,67,3796,5334,1229,No
2019,10,DURANGO,32,SANTA CLARA,PRD,469,3729,0,67,3796,5334,469,No
2019,10,DURANGO,32,SANTA CLARA,PT,123,3729,0,67,3796,5334,123,No
2019,10,DURANGO,32,SANTA CLARA,PD,48,3729,0,67,3796,5334,48,No
2019,10,DURANGO,32,SANTA CLARA,MORENA,1219,3729,0,67,3796,5334,1219,No
2019,10,DURANGO,32,SANTA CLARA,PAN_PRD,182,3729,0,67,3796,5334,1110,Sí
2019,10,DURANGO,33,SANTIAGO PAPASQUIARO,PAN,11816,17825,7,435,18267,37127,11816,No
2019,10,DURANGO,33,SANTIAGO PAPASQUIARO,PRI,1763,17825,7,435,18267,37127,1763,No
2019,10,DURANGO,33,SANTIAGO PAPASQUIARO,PRD,694,17825,7,435,18267,37127,694,No
2019,10,DURANGO,33,SANTIAGO PAPASQUIARO,PVEM,275,17825,7,435,18267,37127,275,No
2019,10,DURANGO,33,SANTIAGO PAPASQUIARO,PD,96,17825,7,435,18267,37127,96,No
2019,10,DURANGO,33,SANTIAGO PAPASQUIARO,MORENA,2974,17825,7,435,18267,37127,2974,No
2019,10,DURANGO,33,SANTIAGO PAPASQUIARO,PAN_PRD,207,17825,7,435,18267,37127,12717,Sí
2019,10,DURANGO,34,SUCHIL,PAN,1091,3615,0,18,3633,5344,1091,No
2019,10,DURANGO,34,SUCHIL,PRI,1102,3615,0,18,3633,5344,1102,No
2019,10,DURANGO,34,SUCHIL,PRD,14,3615,0,18,3633,5344,14,No
2019,10,DURANGO,34,SUCHIL,PT,237,3615,0,18,3633,5344,237,No
2019,10,DURANGO,34,SUCHIL,MC,9,3615,0,18,3633,5344,9,No
2019,10,DURANGO,34,SUCHIL,PD,21,3615,0,18,3633,5344,21,No
2019,10,DURANGO,34,SUCHIL,MORENA,188,3615,0,18,3633,5344,188,No
2019,10,DURANGO,34,SUCHIL,PAN_PRD,7,3615,0,18,3633,5344,1112,Sí
2019,10,DURANGO,34,SUCHIL,Candidatura Independiente,946,3615,0,18,3633,5344,946,No
2019,10,DURANGO,35,TAMAZULA,PAN,1712,9999,3,80,10082,16245,1712,No
2019,10,DURANGO,35,TAMAZULA,PRI,4308,9999,3,80,10082,16245,4308,No
2019,10,DURANGO,35,TAMAZULA,PRD,81,9999,3,80,10082,16245,81,No
2019,10,DURANGO,35,TAMAZULA,MORENA,3881,9999,3,80,10082,16245,3881,No
2019,10,DURANGO,35,TAMAZULA,PAN_PRD,17,9999,3,80,10082,16245,1810,Sí
2019,10,DURANGO,36,TEPEHUANES,PAN,140,5618,0,96,5714,9941,140,No
2019,10,DURANGO,36,TEPEHUANES,PRI,2191,5618,0,96,5714,9941,2191,No
2019,10,DURANGO,36,TEPEHUANES,PRD,89,5618,0,96,5714,9941,89,No
2019,10,DURANGO,36,TEPEHUANES,PVEM,1791,5618,0,96,5714,9941,1791,No
2019,10,DURANGO,36,TEPEHUANES,MORENA,1406,5618,0,96,5714,9941,1406,No
2019,10,DURANGO,36,TEPEHUANES,PAN_PRD,1,5618,0,96,5714,9941,230,Sí
2019,10,DURANGO,37,TLAHUALILO,PAN,3266,9395,2,160,9557,14967,3266,No
2019,10,DURANGO,37,TLAHUALILO,PRI,3844,9395,2,160,9557,14967,3844,No
2019,10,DURANGO,37,TLAHUALILO,PRD,81,9395,2,160,9557,14967,81,No
2019,10,DURANGO,37,TLAHUALILO,PT,256,9395,2,160,9557,14967,256,No
2019,10,DURANGO,37,TLAHUALILO,PD,486,9395,2,160,9557,14967,486,No
2019,10,DURANGO,37,TLAHUALILO,MORENA,1408,9395,2,160,9557,14967,1408,No
2019,10,DURANGO,37,TLAHUALILO,PAN_PRD,54,9395,2,160,9557,14967,3401,Sí
2019,10,DURANGO,38,TOPIA,PAN,1222,3395,0,59,3454,5773,1222,No
2019,10,DURANGO,38,TOPIA,PRI,895,3395,0,59,3454,5773,895,No
2019,10,DURANGO,38,TOPIA,PRD,16,3395,0,59,3454,5773,16,No
2019,10,DURANGO,38,TOPIA,PT,28,3395,0,59,3454,5773,28,No
2019,10,DURANGO,38,TOPIA,MC,279,3395,0,59,3454,5773,279,No
2019,10,DURANGO,38,TOPIA,MORENA,939,3395,0,59,3454,5773,939,No
2019,10,DURANGO,38,TOPIA,PAN_PRD,16,3395,0,59,3454,5773,1254,Sí
2019,10,DURANGO,39,VICENTE GUERRERO,PAN,3090,9395,0,163,9558,17222,3090,No
2019,10,DURANGO,39,VICENTE GUERRERO,PRI,1834,9395,0,163,9558,17222,1834,No
2019,10,DURANGO,39,VICENTE GUERRERO,PRD,65,9395,0,163,9558,17222,65,No
2019,10,DURANGO,39,VICENTE GUERRERO,PT,3083,9395,0,163,9558,17222,3083,No
2019,10,DURANGO,39,VICENTE GUERRERO,MC,305,9395,0,163,9558,17222,305,No
2019,10,DURANGO,39,VICENTE GUERRERO,PD,26,9395,0,163,9558,17222,26,No
2019,10,DURANGO,39,VICENTE GUERRERO,MORENA,930,9395,0,163,9558,17222,930,No
2019,10,DURANGO,39,VICENTE GUERRERO,PAN_PRD,62,9395,0,163,9558,17222,3217,Sí
2019,13,HIDALGO,1,ACATLAN,PAN,2664,10030,3,167,10200,16736,2664,No
2019,13,HIDALGO,1,ACATLAN,PRI,3074,10030,3,167,10200,16736,3074,No
2019,13,HIDALGO,1,ACATLAN,PRD,17,10030,3,167,10200,16736,17,No
2019,13,HIDALGO,1,ACATLAN,PT,162,10030,3,167,10200,16736,162,No
2019,13,HIDALGO,1,ACATLAN,MORENA,347,10030,3,167,10200,16736,347,No
2019,13,HIDALGO,1,ACATLAN,PODEMOS,122,10030,3,167,10200,16736,122,No
2019,13,HIDALGO,1,ACATLAN,NUAL,3583,10030,3,167,10200,16736,3583,No
2019,13,HIDALGO,1,ACATLAN,ESH,61,10030,3,167,10200,16736,61,No
2019,13,HIDALGO,3,ACTOPAN,PAN,122,21374,2,587,21963,45468,122,No
2019,13,HIDALGO,3,ACTOPAN,PRI,3767,21374,2,587,21963,45468,3767,No
2019,13,HIDALGO,3,ACTOPAN,PRD,302,21374,2,587,21963,45468,302,No
2019,13,HIDALGO,3,ACTOPAN,PVEM,91,21374,2,587,21963,45468,91,No
2019,13,HIDALGO,3,ACTOPAN,PT,286,21374,2,587,21963,45468,286,No
2019,13,HIDALGO,3,ACTOPAN,MC,215,21374,2,587,21963,45468,215,No
2019,13,HIDALGO,3,ACTOPAN,MORENA,4141,21374,2,587,21963,45468,4141,No
2019,13,HIDALGO,3,ACTOPAN,PODEMOS,4560,21374,2,587,21963,45468,4560,No
2019,13,HIDALGO,3,ACTOPAN,MAS_X_HIDALGO,1980,21374,2,587,21963,45468,1980,Sí
2019,13,HIDALGO,3,ACTOPAN,NUAL,1700,21374,2,587,21963,45468,1700,No
2019,13,HIDALGO,3,ACTOPAN,ESH,122,21374,2,587,21963,45468,122,No
2019,13,HIDALGO,3,ACTOPAN,PAN_PRD,21,21374,2,587,21963,45468,445,Sí
2019,13,HIDALGO,3,ACTOPAN,PVEM_PT_MORENA_ESH,110,21374,2,587,21963,45468,4750,Sí
2019,13,HIDALGO,3,ACTOPAN,PVEM_PT_MORENA,16,21374,2,587,21963,45468,4534,Sí
2019,13,HIDALGO,3,ACTOPAN,PVEM_PT_ESH,1,21374,2,587,21963,45468,500,Sí
2019,13,HIDALGO,3,ACTOPAN,PVEM_PT,3,21374,2,587,21963,45468,380,Sí
2019,13,HIDALGO,3,ACTOPAN,PVEM_MORENA,19,21374,2,587,21963,45468,4251,Sí
2019,13,HIDALGO,3,ACTOPAN,PVEM_ESH,2,21374,2,587,21963,45468,215,Sí
2019,13,HIDALGO,3,ACTOPAN,PVEM_MORENA_ESH,13,21374,2,587,21963,45468,4367,Sí
2019,13,HIDALGO,3,ACTOPAN,PT_MORENA_ESH,25,21374,2,587,21963,45468,4574,Sí
2019,13,HIDALGO,3,ACTOPAN,PT_MORENA,74,21374,2,587,21963,45468,4501,Sí
2019,13,HIDALGO,3,ACTOPAN,PT_ESH,2,21374,2,587,21963,45468,410,Sí
2019,13,HIDALGO,3,ACTOPAN,MORENA_ESH,9,21374,2,587,21963,45468,4272,Sí
2019,13,HIDALGO,3,ACTOPAN,Candidatura Independiente,3793,21374,2,587,21963,45468,3793,No
2019,13,HIDALGO,4,AGUA BLANCA DE ITURBIDE,PAN,1255,5480,0,105,5585,7320,1255,No
2019,13,HIDALGO,4,AGUA BLANCA DE ITURBIDE,PRI,2152,5480,0,105,5585,7320,2152,No
2019,13,HIDALGO,4,AGUA BLANCA DE ITURBIDE,PVEM,69,5480,0,105,5585,7320,69,No
2019,13,HIDALGO,4,AGUA BLANCA DE ITURBIDE,PT,121,5480,0,105,5585,7320,121,No
2019,13,HIDALGO,4,AGUA BLANCA DE ITURBIDE,MORENA,359,5480,0,105,5585,7320,359,No
2019,13,HIDALGO,4,AGUA BLANCA DE ITURBIDE,PODEMOS,47,5480,0,105,5585,7320,47,No
2019,13,HIDALGO,4,AGUA BLANCA DE ITURBIDE,NUAL,1124,5480,0,105,5585,7320,1124,No
2019,13,HIDALGO,4,AGUA BLANCA DE ITURBIDE,ESH,298,5480,0,105,5585,7320,298,No
2019,13,HIDALGO,4,AGUA BLANCA DE ITURBIDE,PVEM_PT_MORENA_ESH,25,5480,0,105,5585,7320,872,Sí
2019,13,HIDALGO,4,AGUA BLANCA DE ITURBIDE,PVEM_PT_MORENA,4,5480,0,105,5585,7320,553,Sí
2019,13,HIDALGO,4,AGUA BLANCA DE ITURBIDE,PVEM_PT_ESH,2,5480,0,105,5585,7320,490,Sí
2019,13,HIDALGO,4,AGUA BLANCA DE ITURBIDE,PVEM_PT,0,5480,0,105,5585,7320,190,Sí
2019,13,HIDALGO,4,AGUA BLANCA DE ITURBIDE,PVEM_MORENA,0,5480,0,105,5585,7320,428,Sí
2019,13,HIDALGO,4,AGUA BLANCA DE ITURBIDE,PVEM_ESH,0,5480,0,105,5585,7320,367,Sí
2019,13,HIDALGO,4,AGUA BLANCA DE ITURBIDE,PVEM_MORENA_ESH,3,5480,0,105,5585,7320,729,Sí
2019,13,HIDALGO,4,AGUA BLANCA DE ITURBIDE,PT_MORENA_ESH,6,5480,0,105,5585,7320,784,Sí
2019,13,HIDALGO,4,AGUA BLANCA DE ITURBIDE,PT_MORENA,1,5480,0,105,5585,7320,481,Sí
2019,13,HIDALGO,4,AGUA BLANCA DE ITURBIDE,PT_ESH,7,5480,0,105,5585,7320,426,Sí
2019,13,HIDALGO,4,AGUA BLANCA DE ITURBIDE,MORENA_ESH,7,5480,0,105,5585,7320,664,Sí
2019,13,HIDALGO,5,AJACUBA,PAN,1725,9114,5,135,9254,13580,1725,No
2019,13,HIDALGO,5,AJACUBA,PRI,1876,9114,5,135,9254,13580,1876,No
2019,13,HIDALGO,5,AJACUBA,PRD,632,9114,5,135,9254,13580,632,No
2019,13,HIDALGO,5,AJACUBA,PVEM,1119,9114,5,135,9254,13580,1119,No
2019,13,HIDALGO,5,AJACUBA,PT,1109,9114,5,135,9254,13580,1109,No
2019,13,HIDALGO,5,AJACUBA,MC,68,9114,5,135,9254,13580,68,No
2019,13,HIDALGO,5,AJACUBA,MORENA,818,9114,5,135,9254,13580,818,No
2019,13,HIDALGO,5,AJACUBA,PODEMOS,128,9114,5,135,9254,13580,128,No
2019,13,HIDALGO,5,AJACUBA,MAS_X_HIDALGO,135,9114,5,135,9254,13580,135,Sí
2019,13,HIDALGO,5,AJACUBA,NUAL,1357,9114,5,135,9254,13580,1357,No
2019,13,HIDALGO,5,AJACUBA,ESH,147,9114,5,135,9254,13580,147,No
2019,13,HIDALGO,6,ALFAJAYUCAN,PAN,47,9304,2,194,9500,15037,47,No
2019,13,HIDALGO,6,ALFAJAYUCAN,PRI,1483,9304,2,194,9500,15037,1483,No
2019,13,HIDALGO,6,ALFAJAYUCAN,PRD,273,9304,2,194,9500,15037,273,No
2019,13,HIDALGO,6,ALFAJAYUCAN,PVEM,2387,9304,2,194,9500,15037,2387,No
2019,13,HIDALGO,6,ALFAJAYUCAN,PT,2025,9304,2,194,9500,15037,2025,No
2019,13,HIDALGO,6,ALFAJAYUCAN,MORENA,746,9304,2,194,9500,15037,746,No
2019,13,HIDALGO,6,ALFAJAYUCAN,PODEMOS,295,9304,2,194,9500,15037,295,No
2019,13,HIDALGO,6,ALFAJAYUCAN,MAS_X_HIDALGO,58,9304,2,194,9500,15037,58,Sí
2019,13,HIDALGO,6,ALFAJAYUCAN,NUAL,702,9304,2,194,9500,15037,702,No
2019,13,HIDALGO,6,ALFAJAYUCAN,ESH,1288,9304,2,194,9500,15037,1288,No
2019,13,HIDALGO,7,ALMOLOYA,PAN,1130,5476,1,103,5580,9093,1130,No
2019,13,HIDALGO,7,ALMOLOYA,PRI,1202,5476,1,103,5580,9093,1202,No
2019,13,HIDALGO,7,ALMOLOYA,PRD,301,5476,1,103,5580,9093,301,No
2019,13,HIDALGO,7,ALMOLOYA,PVEM,20,5476,1,103,5580,9093,20,No
2019,13,HIDALGO,7,ALMOLOYA,PT,549,5476,1,103,5580,9093,549,No
2019,13,HIDALGO,7,ALMOLOYA,MC,316,5476,1,103,5580,9093,316,No
2019,13,HIDALGO,7,ALMOLOYA,MORENA,57,5476,1,103,5580,9093,57,No
2019,13,HIDALGO,7,ALMOLOYA,PODEMOS,105,5476,1,103,5580,9093,105,No
2019,13,HIDALGO,7,ALMOLOYA,MAS_X_HIDALGO,369,5476,1,103,5580,9093,369,Sí
2019,13,HIDALGO,7,ALMOLOYA,NUAL,200,5476,1,103,5580,9093,200,No
2019,13,HIDALGO,7,ALMOLOYA,ESH,8,5476,1,103,5580,9093,8,No
2019,13,HIDALGO,7,ALMOLOYA,PVEM_PT_MORENA_ESH,7,5476,1,103,5580,9093,641,Sí
2019,13,HIDALGO,7,ALMOLOYA,PVEM_PT_MORENA,3,5476,1,103,5580,9093,629,Sí
2019,13,HIDALGO,7,ALMOLOYA,PVEM_PT_ESH,2,5476,1,103,5580,9093,579,Sí
2019,13,HIDALGO,7,ALMOLOYA,PVEM_PT,4,5476,1,103,5580,9093,573,Sí
2019,13,HIDALGO,7,ALMOLOYA,PVEM_MORENA,0,5476,1,103,5580,9093,77,Sí
2019,13,HIDALGO,7,ALMOLOYA,PVEM_ESH,0,5476,1,103,5580,9093,28,Sí
2019,13,HIDALGO,7,ALMOLOYA,PVEM_MORENA_ESH,0,5476,1,103,5580,9093,85,Sí
2019,13,HIDALGO,7,ALMOLOYA,PT_MORENA_ESH,0,5476,1,103,5580,9093,614,Sí
2019,13,HIDALGO,7,ALMOLOYA,PT_MORENA,7,5476,1,103,5580,9093,613,Sí
2019,13,HIDALGO,7,ALMOLOYA,PT_ESH,0,5476,1,103,5580,9093,557,Sí
2019,13,HIDALGO,7,ALMOLOYA,MORENA_ESH,1,5476,1,103,5580,9093,66,Sí
2019,13,HIDALGO,7,ALMOLOYA,Candidatura Independiente,1195,5476,1,103,5580,9093,1195,No
2019,13,HIDALGO,8,APAN,PAN,477,17799,16,395,18210,33928,477,No
2019,13,HIDALGO,8,APAN,PRI,4419,17799,16,395,18210,33928,4419,No
2019,13,HIDALGO,8,APAN,PRD,1157,17799,16,395,18210,33928,1157,No
2019,13,HIDALGO,8,APAN,PVEM,584,17799,16,395,18210,33928,584,No
2019,13,HIDALGO,8,APAN,PT,3883,17799,16,395,18210,33928,3883,No
2019,13,HIDALGO,8,APAN,MC,827,17799,16,395,18210,33928,827,No
2019,13,HIDALGO,8,APAN,MORENA,1133,17799,16,395,18210,33928,1133,No
2019,13,HIDALGO,8,APAN,PODEMOS,435,17799,16,395,18210,33928,435,No
2019,13,HIDALGO,8,APAN,MAS_X_HIDALGO,545,17799,16,395,18210,33928,545,Sí
2019,13,HIDALGO,8,APAN,NUAL,2132,17799,16,395,18210,33928,2132,No
2019,13,HIDALGO,8,APAN,ESH,1819,17799,16,395,18210,33928,1819,No
2019,13,HIDALGO,8,APAN,Candidatura Independiente,388,17799,16,395,18210,33928,388,No
2019,13,HIDALGO,9,ATITALAQUIA,PAN,1220,11883,3,211,12097,20927,1220,No
2019,13,HIDALGO,9,ATITALAQUIA,PRI,2255,11883,3,211,12097,20927,2255,No
2019,13,HIDALGO,9,ATITALAQUIA,PRD,716,11883,3,211,12097,20927,716,No
2019,13,HIDALGO,9,ATITALAQUIA,PVEM,1933,11883,3,211,12097,20927,1933,No
2019,13,HIDALGO,9,ATITALAQUIA,PT,314,11883,3,211,12097,20927,314,No
2019,13,HIDALGO,9,ATITALAQUIA,MC,1471,11883,3,211,12097,20927,1471,No
2019,13,HIDALGO,9,ATITALAQUIA,MORENA,1363,11883,3,211,12097,20927,1363,No
2019,13,HIDALGO,9,ATITALAQUIA,PODEMOS,80,11883,3,211,12097,20927,80,No
2019,13,HIDALGO,9,ATITALAQUIA,MAS_X_HIDALGO,810,11883,3,211,12097,20927,810,Sí
2019,13,HIDALGO,9,ATITALAQUIA,NUAL,546,11883,3,211,12097,20927,546,No
2019,13,HIDALGO,9,ATITALAQUIA,ESH,1175,11883,3,211,12097,20927,1175,No
2019,13,HIDALGO,10,ATLAPEXCO,PAN,970,11177,79,307,11563,14483,970,No
2019,13,HIDALGO,10,ATLAPEXCO,PRI,3070,11177,79,307,11563,14483,3070,No
2019,13,HIDALGO,10,ATLAPEXCO,PRD,50,11177,79,307,11563,14483,50,No
2019,13,HIDALGO,10,ATLAPEXCO,PT,156,11177,79,307,11563,14483,156,No
2019,13,HIDALGO,10,ATLAPEXCO,PODEMOS,137,11177,79,307,11563,14483,137,No
2019,13,HIDALGO,10,ATLAPEXCO,NUAL,3039,11177,79,307,11563,14483,3039,No
2019,13,HIDALGO,10,ATLAPEXCO,ESH,3755,11177,79,307,11563,14483,3755,No
2019,13,HIDALGO,11,ATOTONILCO EL GRANDE,PAN,1314,13399,2,338,13739,23134,1314,No
2019,13,HIDALGO,11,ATOTONILCO EL GRANDE,PRI,2338,13399,2,338,13739,23134,2338,No
2019,13,HIDALGO,11,ATOTONILCO EL GRANDE,PRD,295,13399,2,338,13739,23134,295,No
2019,13,HIDALGO,11,ATOTONILCO EL GRANDE,PVEM,272,13399,2,338,13739,23134,272,No
2019,13,HIDALGO,11,ATOTONILCO EL GRANDE,PT,953,13399,2,338,13739,23134,953,No
2019,13,HIDALGO,11,ATOTONILCO EL GRANDE,MC,1037,13399,2,338,13739,23134,1037,No
2019,13,HIDALGO,11,ATOTONILCO EL GRANDE,MORENA,1826,13399,2,338,13739,23134,1826,No
2019,13,HIDALGO,11,ATOTONILCO EL GRANDE,PODEMOS,2567,13399,2,338,13739,23134,2567,No
2019,13,HIDALGO,11,ATOTONILCO EL GRANDE,MAS_X_HIDALGO,556,13399,2,338,13739,23134,556,Sí
2019,13,HIDALGO,11,ATOTONILCO EL GRANDE,NUAL,2019,13399,2,338,13739,23134,2019,No
2019,13,HIDALGO,11,ATOTONILCO EL GRANDE,ESH,89,13399,2,338,13739,23134,89,No
2019,13,HIDALGO,11,ATOTONILCO EL GRANDE,PAN_PRD,133,13399,2,338,13739,23134,1742,Sí
2019,13,HIDALGO,12,ATOTONILCO DE TULA,PAN,1124,17409,16,379,17804,34947,1124,No
2019,13,HIDALGO,12,ATOTONILCO DE TULA,PRI,1427,17409,16,379,17804,34947,1427,No
2019,13,HIDALGO,12,ATOTONILCO DE TULA,PRD,1647,17409,16,379,17804,34947,1647,No
2019,13,HIDALGO,12,ATOTONILCO DE TULA,PVEM,870,17409,16,379,17804,34947,870,No
2019,13,HIDALGO,12,ATOTONILCO DE TULA,PT,2607,17409,16,379,17804,34947,2607,No
2019,13,HIDALGO,12,ATOTONILCO DE TULA,MC,210,17409,16,379,17804,34947,210,No
2019,13,HIDALGO,12,ATOTONILCO DE TULA,MORENA,1730,17409,16,379,17804,34947,1730,No
2019,13,HIDALGO,12,ATOTONILCO DE TULA,PODEMOS,197,17409,16,379,17804,34947,197,No
2019,13,HIDALGO,12,ATOTONILCO DE TULA,MAS_X_HIDALGO,3103,17409,16,379,17804,34947,3103,Sí
2019,13,HIDALGO,12,ATOTONILCO DE TULA,NUAL,1305,17409,16,379,17804,34947,1305,No
2019,13,HIDALGO,12,ATOTONILCO DE TULA,ESH,865,17409,16,379,17804,34947,865,No
2019,13,HIDALGO,12,ATOTONILCO DE TULA,PAN_PRD,1089,17409,16,379,17804,34947,3860,Sí
2019,13,HIDALGO,12,ATOTONILCO DE TULA,Candidatura Independiente,1235,17409,16,379,17804,34947,1235,No
2019,13,HIDALGO,13,CALNALI,PAN,2604,9778,0,291,10069,12147,2604,No
2019,13,HIDALGO,13,CALNALI,PRI,1838,9778,0,291,10069,12147,1838,No
2019,13,HIDALGO,13,CALNALI,PRD,7,9778,0,291,10069,12147,7,No
2019,13,HIDALGO,13,CALNALI,PT,146,9778,0,291,10069,12147,146,No
2019,13,HIDALGO,13,CALNALI,MC,560,9778,0,291,10069,12147,560,No
2019,13,HIDALGO,13,CALNALI,MORENA,135,9778,0,291,10069,12147,135,No
2019,13,HIDALGO,13,CALNALI,PODEMOS,67,9778,0,291,10069,12147,67,No
2019,13,HIDALGO,13,CALNALI,NUAL,1522,9778,0,291,10069,12147,1522,No
2019,13,HIDALGO,13,CALNALI,ESH,2899,9778,0,291,10069,12147,2899,No
2019,13,HIDALGO,14,CARDONAL,PAN,58,9109,6,192,9307,14580,58,No
2019,13,HIDALGO,14,CARDONAL,PRI,1670,9109,6,192,9307,14580,1670,No
2019,13,HIDALGO,14,CARDONAL,PRD,768,9109,6,192,9307,14580,768,No
2019,13,HIDALGO,14,CARDONAL,PVEM,430,9109,6,192,9307,14580,430,No
2019,13,HIDALGO,14,CARDONAL,PT,2254,9109,6,192,9307,14580,2254,No
2019,13,HIDALGO,14,CARDONAL,MC,139,9109,6,192,9307,14580,139,No
2019,13,HIDALGO,14,CARDONAL,MORENA,1273,9109,6,192,9307,14580,1273,No
2019,13,HIDALGO,14,CARDONAL,PODEMOS,972,9109,6,192,9307,14580,972,No
2019,13,HIDALGO,14,CARDONAL,NUAL,767,9109,6,192,9307,14580,767,No
2019,13,HIDALGO,14,CARDONAL,ESH,12,9109,6,192,9307,14580,12,No
2019,13,HIDALGO,14,CARDONAL,Candidatura Independiente,766,9109,6,192,9307,14580,766,No
2019,13,HIDALGO,15,CUAUTEPEC DE HINOJOSA,PAN,700,20235,6,475,20716,43005,700,No
2019,13,HIDALGO,15,CUAUTEPEC DE HINOJOSA,PRI,5364,20235,6,475,20716,43005,5364,No
2019,13,HIDALGO,15,CUAUTEPEC DE HINOJOSA,PRD,479,20235,6,475,20716,43005,479,No
2019,13,HIDALGO,15,CUAUTEPEC DE HINOJOSA,PVEM,774,20235,6,475,20716,43005,774,No
2019,13,HIDALGO,15,CUAUTEPEC DE HINOJOSA,PT,121,20235,6,475,20716,43005,121,No
2019,13,HIDALGO,15,CUAUTEPEC DE HINOJOSA,MC,4207,20235,6,475,20716,43005,4207,No
2019,13,HIDALGO,15,CUAUTEPEC DE HINOJOSA,MORENA,2006,20235,6,475,20716,43005,2006,No
2019,13,HIDALGO,15,CUAUTEPEC DE HINOJOSA,PODEMOS,379,20235,6,475,20716,43005,379,No
2019,13,HIDALGO,15,CUAUTEPEC DE HINOJOSA,MAS_X_HIDALGO,439,20235,6,475,20716,43005,439,Sí
2019,13,HIDALGO,15,CUAUTEPEC DE HINOJOSA,NUAL,1226,20235,6,475,20716,43005,1226,No
2019,13,HIDALGO,15,CUAUTEPEC DE HINOJOSA,ESH,2676,20235,6,475,20716,43005,2676,No
2019,13,HIDALGO,15,CUAUTEPEC DE HINOJOSA,PAN_PRD,116,20235,6,475,20716,43005,1295,Sí
2019,13,HIDALGO,15,CUAUTEPEC DE HINOJOSA,Candidatura Independiente,1748,20235,6,475,20716,43005,1748,No
2019,13,HIDALGO,16,CHAPANTONGO,PAN,93,7033,0,128,7161,9828,93,No
2019,13,HIDALGO,16,CHAPANTONGO,PRI,2696,7033,0,128,7161,9828,2696,No
2019,13,HIDALGO,16,CHAPANTONGO,PRD,15,7033,0,128,7161,9828,15,No
2019,13,HIDALGO,16,CHAPANTONGO,PVEM,2795,7033,0,128,7161,9828,2795,No
2019,13,HIDALGO,16,CHAPANTONGO,PT,15,7033,0,128,7161,9828,15,No
2019,13,HIDALGO,16,CHAPANTONGO,MORENA,227,7033,0,128,7161,9828,227,No
2019,13,HIDALGO,16,CHAPANTONGO,PODEMOS,37,7033,0,128,7161,9828,37,No
2019,13,HIDALGO,16,CHAPANTONGO,MAS_X_HIDALGO,592,7033,0,128,7161,9828,592,Sí
2019,13,HIDALGO,16,CHAPANTONGO,NUAL,449,7033,0,128,7161,9828,449,No
2019,13,HIDALGO,16,CHAPANTONGO,ESH,38,7033,0,128,7161,9828,38,No
2019,13,HIDALGO,16,CHAPANTONGO,PAN_PRD,1,7033,0,128,7161,9828,109,Sí
2019,13,HIDALGO,16,CHAPANTONGO,PVEM_PT_MORENA_ESH,16,7033,0,128,7161,9828,3091,Sí
2019,13,HIDALGO,16,CHAPANTONGO,PVEM_PT_MORENA,13,7033,0,128,7161,9828,3050,Sí
2019,13,HIDALGO,16,CHAPANTONGO,PVEM_PT_ESH,4,7033,0,128,7161,9828,2852,Sí
2019,13,HIDALGO,16,CHAPANTONGO,PVEM_PT,4,7033,0,128,7161,9828,2814,Sí
2019,13,HIDALGO,16,CHAPANTONGO,PVEM_MORENA,26,7033,0,128,7161,9828,3048,Sí
2019,13,HIDALGO,16,CHAPANTONGO,PVEM_ESH,3,7033,0,128,7161,9828,2836,Sí
2019,13,HIDALGO,16,CHAPANTONGO,PVEM_MORENA_ESH,8,7033,0,128,7161,9828,3068,Sí
2019,13,HIDALGO,16,CHAPANTONGO,PT_MORENA_ESH,0,7033,0,128,7161,9828,280,Sí
2019,13,HIDALGO,16,CHAPANTONGO,PT_MORENA,1,7033,0,128,7161,9828,243,Sí
2019,13,HIDALGO,16,CHAPANTONGO,PT_ESH,0,7033,0,128,7161,9828,53,Sí
2019,13,HIDALGO,16,CHAPANTONGO,MORENA_ESH,0,7033,0,128,7161,9828,265,Sí
2019,13,HIDALGO,17,CHAPULHUACAN,PRI,2439,10304,11,314,10629,16286,2439,No
2019,13,HIDALGO,17,CHAPULHUACAN,PRD,4995,10304,11,314,10629,16286,4995,No
2019,13,HIDALGO,17,CHAPULHUACAN,MORENA,578,10304,11,314,10629,16286,578,No
2019,13,HIDALGO,17,CHAPULHUACAN,PODEMOS,78,10304,11,314,10629,16286,78,No
2019,13,HIDALGO,17,CHAPULHUACAN,NUAL,152,10304,11,314,10629,16286,152,No
2019,13,HIDALGO,17,CHAPULHUACAN,ESH,2062,10304,11,314,10629,16286,2062,No
2019,13,HIDALGO,18,CHILCUAUTLA,PAN,161,9153,0,233,9386,13628,161,No
2019,13,HIDALGO,18,CHILCUAUTLA,PRI,1678,9153,0,233,9386,13628,1678,No
2019,13,HIDALGO,18,CHILCUAUTLA,PRD,2365,9153,0,233,9386,13628,2365,No
2019,13,HIDALGO,18,CHILCUAUTLA,PVEM,692,9153,0,233,9386,13628,692,No
2019,13,HIDALGO,18,CHILCUAUTLA,PT,813,9153,0,233,9386,13628,813,No
2019,13,HIDALGO,18,CHILCUAUTLA,MORENA,1795,9153,0,233,9386,13628,1795,No
2019,13,HIDALGO,18,CHILCUAUTLA,PODEMOS,494,9153,0,233,9386,13628,494,No
2019,13,HIDALGO,18,CHILCUAUTLA,MAS_X_HIDALGO,44,9153,0,233,9386,13628,44,Sí
2019,13,HIDALGO,18,CHILCUAUTLA,NUAL,273,9153,0,233,9386,13628,273,No
2019,13,HIDALGO,18,CHILCUAUTLA,ESH,16,9153,0,233,9386,13628,16,No
2019,13,HIDALGO,18,CHILCUAUTLA,Candidatura Independiente,822,9153,0,233,9386,13628,822,No
2019,13,HIDALGO,19,EL ARENAL,PAN,274,8457,0,137,8594,13851,274,No
2019,13,HIDALGO,19,EL ARENAL,PRI,2788,8457,0,137,8594,13851,2788,No
2019,13,HIDALGO,19,EL ARENAL,PRD,39,8457,0,137,8594,13851,39,No
2019,13,HIDALGO,19,EL ARENAL,PT,1283,8457,0,137,8594,13851,1283,No
2019,13,HIDALGO,19,EL ARENAL,MC,1935,8457,0,137,8594,13851,1935,No
2019,13,HIDALGO,19,EL ARENAL,MORENA,1343,8457,0,137,8594,13851,1343,No
2019,13,HIDALGO,19,EL ARENAL,PODEMOS,92,8457,0,137,8594,13851,92,No
2019,13,HIDALGO,19,EL ARENAL,MAS_X_HIDALGO,254,8457,0,137,8594,13851,254,Sí
2019,13,HIDALGO,19,EL ARENAL,NUAL,363,8457,0,137,8594,13851,363,No
2019,13,HIDALGO,19,EL ARENAL,ESH,59,8457,0,137,8594,13851,59,No
2019,13,HIDALGO,19,EL ARENAL,PAN_PRD,27,8457,0,137,8594,13851,340,Sí
2019,13,HIDALGO,20,ELOXOCHITLAN,PAN,1,2293,1,27,2321,2585,1,No
2019,13,HIDALGO,20,ELOXOCHITLAN,PRI,44,2293,1,27,2321,2585,44,No
2019,13,HIDALGO,20,ELOXOCHITLAN,PRD,1119,2293,1,27,2321,2585,1119,No
2019,13,HIDALGO,20,ELOXOCHITLAN,PVEM,1,2293,1,27,2321,2585,1,No
2019,13,HIDALGO,20,ELOXOCHITLAN,PT,4,2293,1,27,2321,2585,4,No
2019,13,HIDALGO,20,ELOXOCHITLAN,MC,3,2293,1,27,2321,2585,3,No
2019,13,HIDALGO,20,ELOXOCHITLAN,MORENA,32,2293,1,27,2321,2585,32,No
2019,13,HIDALGO,20,ELOXOCHITLAN,PODEMOS,1087,2293,1,27,2321,2585,1087,No
2019,13,HIDALGO,20,ELOXOCHITLAN,NUAL,1,2293,1,27,2321,2585,1,No
2019,13,HIDALGO,20,ELOXOCHITLAN,ESH,0,2293,1,27,2321,2585,0,No
2019,13,HIDALGO,20,ELOXOCHITLAN,PVEM_PT_MORENA_ESH,0,2293,1,27,2321,2585,37,Sí
2019,13,HIDALGO,20,ELOXOCHITLAN,PVEM_PT_MORENA,0,2293,1,27,2321,2585,37,Sí
2019,13,HIDALGO,20,ELOXOCHITLAN,PVEM_PT_ESH,0,2293,1,27,2321,2585,5,Sí
2019,13,HIDALGO,20,ELOXOCHITLAN,PVEM_PT,0,2293,1,27,2321,2585,5,Sí
2019,13,HIDALGO,20,ELOXOCHITLAN,PVEM_MORENA,0,2293,1,27,2321,2585,33,Sí
2019,13,HIDALGO,20,ELOXOCHITLAN,PVEM_ESH,0,2293,1,27,2321,2585,1,Sí
2019,13,HIDALGO,20,ELOXOCHITLAN,PVEM_MORENA_ESH,0,2293,1,27,2321,2585,33,Sí
2019,13,HIDALGO,20,ELOXOCHITLAN,PT_MORENA_ESH,0,2293,1,27,2321,2585,36,Sí
2019,13,HIDALGO,20,ELOXOCHITLAN,PT_MORENA,1,2293,1,27,2321,2585,37,Sí
2019,13,HIDALGO,20,ELOXOCHITLAN,PT_ESH,0,2293,1,27,2321,2585,4,Sí
2019,13,HIDALGO,20,ELOXOCHITLAN,MORENA_ESH,0,2293,1,27,2321,2585,32,Sí
2019,13,HIDALGO,21,EMILIANO ZAPATA,PAN,328,6321,7,157,6485,11207,328,No
2019,13,HIDALGO,21,EMILIANO ZAPATA,PRI,1968,6321,7,157,6485,11207,1968,No
2019,13,HIDALGO,21,EMILIANO ZAPATA,PVEM,40,6321,7,157,6485,11207,40,No
2019,13,HIDALGO,21,EMILIANO ZAPATA,PT,28,6321,7,157,6485,11207,28,No
2019,13,HIDALGO,21,EMILIANO ZAPATA,MORENA,571,6321,7,157,6485,11207,571,No
2019,13,HIDALGO,21,EMILIANO ZAPATA,PODEMOS,380,6321,7,157,6485,11207,380,No
2019,13,HIDALGO,21,EMILIANO ZAPATA,MAS_X_HIDALGO,190,6321,7,157,6485,11207,190,Sí
2019,13,HIDALGO,21,EMILIANO ZAPATA,NUAL,2182,6321,7,157,6485,11207,2182,No
2019,13,HIDALGO,21,EMILIANO ZAPATA,ESH,86,6321,7,157,6485,11207,86,No
2019,13,HIDALGO,21,EMILIANO ZAPATA,PVEM_PT_MORENA_ESH,13,6321,7,157,6485,11207,738,Sí
2019,13,HIDALGO,21,EMILIANO ZAPATA,PVEM_PT_MORENA,6,6321,7,157,6485,11207,645,Sí
2019,13,HIDALGO,21,EMILIANO ZAPATA,PVEM_PT_ESH,0,6321,7,157,6485,11207,154,Sí
2019,13,HIDALGO,21,EMILIANO ZAPATA,PVEM_PT,1,6321,7,157,6485,11207,69,Sí
2019,13,HIDALGO,21,EMILIANO ZAPATA,PVEM_MORENA,1,6321,7,157,6485,11207,612,Sí
2019,13,HIDALGO,21,EMILIANO ZAPATA,PVEM_ESH,2,6321,7,157,6485,11207,128,Sí
2019,13,HIDALGO,21,EMILIANO ZAPATA,PVEM_MORENA_ESH,2,6321,7,157,6485,11207,699,Sí
2019,13,HIDALGO,21,EMILIANO ZAPATA,PT_MORENA_ESH,2,6321,7,157,6485,11207,687,Sí
2019,13,HIDALGO,21,EMILIANO ZAPATA,PT_MORENA,1,6321,7,157,6485,11207,600,Sí
2019,13,HIDALGO,21,EMILIANO ZAPATA,PT_ESH,0,6321,7,157,6485,11207,114,Sí
2019,13,HIDALGO,21,EMILIANO ZAPATA,MORENA_ESH,3,6321,7,157,6485,11207,660,Sí
2019,13,HIDALGO,21,EMILIANO ZAPATA,Candidatura Independiente,517,6321,7,157,6485,11207,517,No
2019,13,HIDALGO,22,EPAZOYUCAN,PAN,1348,6772,0,138,6910,11938,1348,No
2019,13,HIDALGO,22,EPAZOYUCAN,PRI,1796,6772,0,138,6910,11938,1796,No
2019,13,HIDALGO,22,EPAZOYUCAN,PRD,60,6772,0,138,6910,11938,60,No
2019,13,HIDALGO,22,EPAZOYUCAN,PVEM,22,6772,0,138,6910,11938,22,No
2019,13,HIDALGO,22,EPAZOYUCAN,PT,21,6772,0,138,6910,11938,21,No
2019,13,HIDALGO,22,EPAZOYUCAN,MC,1497,6772,0,138,6910,11938,1497,No
2019,13,HIDALGO,22,EPAZOYUCAN,MORENA,811,6772,0,138,6910,11938,811,No
2019,13,HIDALGO,22,EPAZOYUCAN,PODEMOS,253,6772,0,138,6910,11938,253,No
2019,13,HIDALGO,22,EPAZOYUCAN,MAS_X_HIDALGO,60,6772,0,138,6910,11938,60,Sí
2019,13,HIDALGO,22,EPAZOYUCAN,NUAL,255,6772,0,138,6910,11938,255,No
2019,13,HIDALGO,22,EPAZOYUCAN,ESH,628,6772,0,138,6910,11938,628,No
2019,13,HIDALGO,22,EPAZOYUCAN,PAN_PRD,21,6772,0,138,6910,11938,1429,Sí
2019,13,HIDALGO,23,FRANCISCO I. MADERO,PAN,29,16230,5,308,16543,27171,29,No
2019,13,HIDALGO,23,FRANCISCO I. MADERO,PRI,2420,16230,5,308,16543,27171,2420,No
2019,13,HIDALGO,23,FRANCISCO I. MADERO,PRD,256,16230,5,308,16543,27171,256,No
2019,13,HIDALGO,23,FRANCISCO I. MADERO,PVEM,1219,16230,5,308,16543,27171,1219,No
2019,13,HIDALGO,23,FRANCISCO I. MADERO,PT,1004,16230,5,308,16543,27171,1004,No
2019,13,HIDALGO,23,FRANCISCO I. MADERO,MC,511,16230,5,308,16543,27171,511,No
2019,13,HIDALGO,23,FRANCISCO I. MADERO,MORENA,2896,16230,5,308,16543,27171,2896,No
2019,13,HIDALGO,23,FRANCISCO I. MADERO,PODEMOS,1763,16230,5,308,16543,27171,1763,No
2019,13,HIDALGO,23,FRANCISCO I. MADERO,NUAL,5700,16230,5,308,16543,27171,5700,No
2019,13,HIDALGO,23,FRANCISCO I. MADERO,ESH,411,16230,5,308,16543,27171,411,No
2019,13,HIDALGO,23,FRANCISCO I. MADERO,PAN_PRD,21,16230,5,308,16543,27171,306,Sí
2019,13,HIDALGO,24,HUASCA DE OCAMPO,PAN,5140,8258,0,159,8417,13941,5140,No
2019,13,HIDALGO,24,HUASCA DE OCAMPO,PRI,658,8258,0,159,8417,13941,658,No
2019,13,HIDALGO,24,HUASCA DE OCAMPO,PRD,44,8258,0,159,8417,13941,44,No
2019,13,HIDALGO,24,HUASCA DE OCAMPO,PVEM,22,8258,0,159,8417,13941,22,No
2019,13,HIDALGO,24,HUASCA DE OCAMPO,MC,151,8258,0,159,8417,13941,151,No
2019,13,HIDALGO,24,HUASCA DE OCAMPO,MORENA,1645,8258,0,159,8417,13941,1645,No
2019,13,HIDALGO,24,HUASCA DE OCAMPO,PODEMOS,46,8258,0,159,8417,13941,46,No
2019,13,HIDALGO,24,HUASCA DE OCAMPO,NUAL,414,8258,0,159,8417,13941,414,No
2019,13,HIDALGO,24,HUASCA DE OCAMPO,ESH,15,8258,0,159,8417,13941,15,No
2019,13,HIDALGO,24,HUASCA DE OCAMPO,Candidatura Independiente,123,8258,0,159,8417,13941,123,No
2019,13,HIDALGO,25,HUAUTLA,PAN,398,11708,1,274,11983,15766,398,No
2019,13,HIDALGO,25,HUAUTLA,PRI,999,11708,1,274,11983,15766,999,No
2019,13,HIDALGO,25,HUAUTLA,PRD,116,11708,1,274,11983,15766,116,No
2019,13,HIDALGO,25,HUAUTLA,PVEM,489,11708,1,274,11983,15766,489,No
2019,13,HIDALGO,25,HUAUTLA,PT,503,11708,1,274,11983,15766,503,No
2019,13,HIDALGO,25,HUAUTLA,MC,114,11708,1,274,11983,15766,114,No
2019,13,HIDALGO,25,HUAUTLA,MORENA,2067,11708,1,274,11983,15766,2067,No
2019,13,HIDALGO,25,HUAUTLA,PODEMOS,788,11708,1,274,11983,15766,788,No
2019,13,HIDALGO,25,HUAUTLA,NUAL,2585,11708,1,274,11983,15766,2585,No
2019,13,HIDALGO,25,HUAUTLA,ESH,3455,11708,1,274,11983,15766,3455,No
2019,13,HIDALGO,25,HUAUTLA,Candidatura Independiente,194,11708,1,274,11983,15766,194,No
2019,13,HIDALGO,26,HUAZALINGO,PAN,17,6964,2,175,7141,8938,17,No
2019,13,HIDALGO,26,HUAZALINGO,PRI,3563,6964,2,175,7141,8938,3563,No
2019,13,HIDALGO,26,HUAZALINGO,PRD,2809,6964,2,175,7141,8938,2809,No
2019,13,HIDALGO,26,HUAZALINGO,PT,26,6964,2,175,7141,8938,26,No
2019,13,HIDALGO,26,HUAZALINGO,MORENA,352,6964,2,175,7141,8938,352,No
2019,13,HIDALGO,26,HUAZALINGO,PODEMOS,34,6964,2,175,7141,8938,34,No
2019,13,HIDALGO,26,HUAZALINGO,MAS_X_HIDALGO,95,6964,2,175,7141,8938,95,Sí
2019,13,HIDALGO,26,HUAZALINGO,NUAL,16,6964,2,175,7141,8938,16,No
2019,13,HIDALGO,26,HUAZALINGO,ESH,52,6964,2,175,7141,8938,52,No
2019,13,HIDALGO,27,HUEHUETLA,PAN,20,12002,304,348,12654,16729,20,No
2019,13,HIDALGO,27,HUEHUETLA,PRI,3287,12002,304,348,12654,16729,3287,No
2019,13,HIDALGO,27,HUEHUETLA,PRD,17,12002,304,348,12654,16729,17,No
2019,13,HIDALGO,27,HUEHUETLA,PVEM,194,12002,304,348,12654,16729,194,No
2019,13,HIDALGO,27,HUEHUETLA,PT,275,12002,304,348,12654,16729,275,No
2019,13,HIDALGO,27,HUEHUETLA,MORENA,94,12002,304,348,12654,16729,94,No
2019,13,HIDALGO,27,HUEHUETLA,PODEMOS,4202,12002,304,348,12654,16729,4202,No
2019,13,HIDALGO,27,HUEHUETLA,MAS_X_HIDALGO,76,12002,304,348,12654,16729,76,Sí
2019,13,HIDALGO,27,HUEHUETLA,NUAL,2762,12002,304,348,12654,16729,2762,No
2019,13,HIDALGO,27,HUEHUETLA,ESH,15,12002,304,348,12654,16729,15,No
2019,13,HIDALGO,27,HUEHUETLA,Candidatura Independiente,1060,12002,304,348,12654,16729,1060,No
2019,13,HIDALGO,28,HUEJUTLA DE REYES,PAN,11181,52135,2,2000,54137,90549,11181,No
2019,13,HIDALGO,28,HUEJUTLA DE REYES,PRI,11725,52135,2,2000,54137,90549,11725,No
2019,13,HIDALGO,28,HUEJUTLA DE REYES,PRD,347,52135,2,2000,54137,90549,347,No
2019,13,HIDALGO,28,HUEJUTLA DE REYES,PVEM,369,52135,2,2000,54137,90549,369,No
2019,13,HIDALGO,28,HUEJUTLA DE REYES,PT,947,52135,2,2000,54137,90549,947,No
2019,13,HIDALGO,28,HUEJUTLA DE REYES,MORENA,6476,52135,2,2000,54137,90549,6476,No
2019,13,HIDALGO,28,HUEJUTLA DE REYES,PODEMOS,1100,52135,2,2000,54137,90549,1100,No
2019,13,HIDALGO,28,HUEJUTLA DE REYES,NUAL,2036,52135,2,2000,54137,90549,2036,No
2019,13,HIDALGO,28,HUEJUTLA DE REYES,ESH,16393,52135,2,2000,54137,90549,16393,No
2019,13,HIDALGO,28,HUEJUTLA DE REYES,PAN_PRD,201,52135,2,2000,54137,90549,11729,Sí
2019,13,HIDALGO,28,HUEJUTLA DE REYES,Candidatura Independiente,1360,52135,2,2000,54137,90549,1360,No
2019,13,HIDALGO,29,HUICHAPAN,PAN,325,19496,1,410,19907,34909,325,No
2019,13,HIDALGO,29,HUICHAPAN,PRI,4502,19496,1,410,19907,34909,4502,No
2019,13,HIDALGO,29,HUICHAPAN,PRD,61,19496,1,410,19907,34909,61,No
2019,13,HIDALGO,29,HUICHAPAN,PVEM,5894,19496,1,410,19907,34909,5894,No
2019,13,HIDALGO,29,HUICHAPAN,PT,3318,19496,1,410,19907,34909,3318,No
2019,13,HIDALGO,29,HUICHAPAN,MC,118,19496,1,410,19907,34909,118,No
2019,13,HIDALGO,29,HUICHAPAN,MORENA,4668,19496,1,410,19907,34909,4668,No
2019,13,HIDALGO,29,HUICHAPAN,PODEMOS,160,19496,1,410,19907,34909,160,No
2019,13,HIDALGO,29,HUICHAPAN,NUAL,369,19496,1,410,19907,34909,369,No
2019,13,HIDALGO,29,HUICHAPAN,ESH,49,19496,1,410,19907,34909,49,No
2019,13,HIDALGO,29,HUICHAPAN,PAN_PRD,32,19496,1,410,19907,34909,418,Sí
2019,13,HIDALGO,31,JACALA DE LEDEZMA,PAN,1410,6450,0,139,6589,9615,1410,No
2019,13,HIDALGO,31,JACALA DE LEDEZMA,PRI,2395,6450,0,139,6589,9615,2395,No
2019,13,HIDALGO,31,JACALA DE LEDEZMA,PRD,1037,6450,0,139,6589,9615,1037,No
2019,13,HIDALGO,31,JACALA DE LEDEZMA,PT,83,6450,0,139,6589,9615,83,No
2019,13,HIDALGO,31,JACALA DE LEDEZMA,MORENA,952,6450,0,139,6589,9615,952,No
2019,13,HIDALGO,31,JACALA DE LEDEZMA,PODEMOS,87,6450,0,139,6589,9615,87,No
2019,13,HIDALGO,31,JACALA DE LEDEZMA,NUAL,475,6450,0,139,6589,9615,475,No
2019,13,HIDALGO,31,JACALA DE LEDEZMA,ESH,11,6450,0,139,6589,9615,11,No
2019,13,HIDALGO,32,JALTOCAN,PAN,266,5784,1,112,5897,7664,266,No
2019,13,HIDALGO,32,JALTOCAN,PRI,1548,5784,1,112,5897,7664,1548,No
2019,13,HIDALGO,32,JALTOCAN,PRD,1975,5784,1,112,5897,7664,1975,No
2019,13,HIDALGO,32,JALTOCAN,MC,18,5784,1,112,5897,7664,18,No
2019,13,HIDALGO,32,JALTOCAN,MORENA,1500,5784,1,112,5897,7664,1500,No
2019,13,HIDALGO,32,JALTOCAN,PODEMOS,153,5784,1,112,5897,7664,153,No
2019,13,HIDALGO,32,JALTOCAN,NUAL,70,5784,1,112,5897,7664,70,No
2019,13,HIDALGO,32,JALTOCAN,ESH,86,5784,1,112,5897,7664,86,No
2019,13,HIDALGO,32,JALTOCAN,Candidatura Independiente,168,5784,1,112,5897,7664,168,No
2019,13,HIDALGO,33,JUAREZ HIDALGO,PRI,783,1967,0,26,1993,2417,783,No
2019,13,HIDALGO,33,JUAREZ HIDALGO,PRD,818,1967,0,26,1993,2417,818,No
2019,13,HIDALGO,33,JUAREZ HIDALGO,PODEMOS,133,1967,0,26,1993,2417,133,No
2019,13,HIDALGO,33,JUAREZ HIDALGO,MAS_X_HIDALGO,204,1967,0,26,1993,2417,204,Sí
2019,13,HIDALGO,33,JUAREZ HIDALGO,NUAL,29,1967,0,26,1993,2417,29,No
2019,13,HIDALGO,34,LA MISION,PAN,31,5433,1,169,5603,7907,31,No
2019,13,HIDALGO,34,LA MISION,PRI,213,5433,1,169,5603,7907,213,No
2019,13,HIDALGO,34,LA MISION,PRD,3564,5433,1,169,5603,7907,3564,No
2019,13,HIDALGO,34,LA MISION,MORENA,1292,5433,1,169,5603,7907,1292,No
2019,13,HIDALGO,34,LA MISION,PODEMOS,108,5433,1,169,5603,7907,108,No
2019,13,HIDALGO,34,LA MISION,NUAL,172,5433,1,169,5603,7907,172,No
2019,13,HIDALGO,34,LA MISION,ESH,8,5433,1,169,5603,7907,8,No
2019,13,HIDALGO,34,LA MISION,PAN_PRD,45,5433,1,169,5603,7907,3640,Sí
2019,13,HIDALGO,35,LOLOTLA,PAN,109,5244,0,171,5415,6816,109,No
2019,13,HIDALGO,35,LOLOTLA,PRI,2020,5244,0,171,5415,6816,2020,No
2019,13,HIDALGO,35,LOLOTLA,PRD,788,5244,0,171,5415,6816,788,No
2019,13,HIDALGO,35,LOLOTLA,PVEM,32,5244,0,171,5415,6816,32,No
2019,13,HIDALGO,35,LOLOTLA,PT,71,5244,0,171,5415,6816,71,No
2019,13,HIDALGO,35,LOLOTLA,MC,1192,5244,0,171,5415,6816,1192,No
2019,13,HIDALGO,35,LOLOTLA,MORENA,577,5244,0,171,5415,6816,577,No
2019,13,HIDALGO,35,LOLOTLA,PODEMOS,172,5244,0,171,5415,6816,172,No
2019,13,HIDALGO,35,LOLOTLA,MAS_X_HIDALGO,76,5244,0,171,5415,6816,76,Sí
2019,13,HIDALGO,35,LOLOTLA,NUAL,32,5244,0,171,5415,6816,32,No
2019,13,HIDALGO,35,LOLOTLA,ESH,147,5244,0,171,5415,6816,147,No
2019,13,HIDALGO,35,LOLOTLA,PVEM_PT_MORENA_ESH,9,5244,0,171,5415,6816,836,Sí
2019,13,HIDALGO,35,LOLOTLA,PVEM_PT_MORENA,2,5244,0,171,5415,6816,682,Sí
2019,13,HIDALGO,35,LOLOTLA,PVEM_PT_ESH,0,5244,0,171,5415,6816,250,Sí
2019,13,HIDALGO,35,LOLOTLA,PVEM_PT,2,5244,0,171,5415,6816,105,Sí
2019,13,HIDALGO,35,LOLOTLA,PVEM_MORENA,1,5244,0,171,5415,6816,610,Sí
2019,13,HIDALGO,35,LOLOTLA,PVEM_ESH,1,5244,0,171,5415,6816,180,Sí
2019,13,HIDALGO,35,LOLOTLA,PVEM_MORENA_ESH,3,5244,0,171,5415,6816,759,Sí
2019,13,HIDALGO,35,LOLOTLA,PT_MORENA_ESH,4,5244,0,171,5415,6816,799,Sí
2019,13,HIDALGO,35,LOLOTLA,PT_MORENA,2,5244,0,171,5415,6816,650,Sí
2019,13,HIDALGO,35,LOLOTLA,PT_ESH,1,5244,0,171,5415,6816,219,Sí
2019,13,HIDALGO,35,LOLOTLA,MORENA_ESH,3,5244,0,171,5415,6816,727,Sí
2019,13,HIDALGO,36,METEPEC,PAN,27,6772,7,124,6903,9239,27,No
2019,13,HIDALGO,36,METEPEC,PRI,182,6772,7,124,6903,9239,182,No
2019,13,HIDALGO,36,METEPEC,PRD,98,6772,7,124,6903,9239,98,No
2019,13,HIDALGO,36,METEPEC,PVEM,191,6772,7,124,6903,9239,191,No
2019,13,HIDALGO,36,METEPEC,PT,92,6772,7,124,6903,9239,92,No
2019,13,HIDALGO,36,METEPEC,MORENA,1025,6772,7,124,6903,9239,1025,No
2019,13,HIDALGO,36,METEPEC,PODEMOS,117,6772,7,124,6903,9239,117,No
2019,13,HIDALGO,36,METEPEC,NUAL,1671,6772,7,124,6903,9239,1671,No
2019,13,HIDALGO,36,METEPEC,ESH,2961,6772,7,124,6903,9239,2961,No
2019,13,HIDALGO,36,METEPEC,PAN_PRD,21,6772,7,124,6903,9239,146,Sí
2019,13,HIDALGO,36,METEPEC,PVEM_PT_MORENA_ESH,145,6772,7,124,6903,9239,4414,Sí
2019,13,HIDALGO,36,METEPEC,PVEM_PT_MORENA,16,6772,7,124,6903,9239,1324,Sí
2019,13,HIDALGO,36,METEPEC,PVEM_PT_ESH,20,6772,7,124,6903,9239,3264,Sí
2019,13,HIDALGO,36,METEPEC,PVEM_PT,4,6772,7,124,6903,9239,287,Sí
2019,13,HIDALGO,36,METEPEC,PVEM_MORENA,21,6772,7,124,6903,9239,1237,Sí
2019,13,HIDALGO,36,METEPEC,PVEM_ESH,24,6772,7,124,6903,9239,3176,Sí
2019,13,HIDALGO,36,METEPEC,PVEM_MORENA_ESH,41,6772,7,124,6903,9239,4218,Sí
2019,13,HIDALGO,36,METEPEC,PT_MORENA_ESH,25,6772,7,124,6903,9239,4103,Sí
2019,13,HIDALGO,36,METEPEC,PT_MORENA,11,6772,7,124,6903,9239,1128,Sí
2019,13,HIDALGO,36,METEPEC,PT_ESH,8,6772,7,124,6903,9239,3061,Sí
2019,13,HIDALGO,36,METEPEC,MORENA_ESH,72,6772,7,124,6903,9239,4058,Sí
2019,13,HIDALGO,37,METZTITLAN,PAN,14,12067,7,190,12264,16591,14,No
2019,13,HIDALGO,37,METZTITLAN,PRI,6827,12067,7,190,12264,16591,6827,No
2019,13,HIDALGO,37,METZTITLAN,PRD,4712,12067,7,190,12264,16591,4712,No
2019,13,HIDALGO,37,METZTITLAN,PODEMOS,224,12067,7,190,12264,16591,224,No
2019,13,HIDALGO,37,METZTITLAN,NUAL,57,12067,7,190,12264,16591,57,No
2019,13,HIDALGO,37,METZTITLAN,PAN_PRD,233,12067,7,190,12264,16591,4959,Sí
2019,13,HIDALGO,38,MINERAL DEL CHICO,PAN,31,4665,1,111,4777,6900,31,No
2019,13,HIDALGO,38,MINERAL DEL CHICO,PRI,1568,4665,1,111,4777,6900,1568,No
2019,13,HIDALGO,38,MINERAL DEL CHICO,PRD,2081,4665,1,111,4777,6900,2081,No
2019,13,HIDALGO,38,MINERAL DEL CHICO,PT,308,4665,1,111,4777,6900,308,No
2019,13,HIDALGO,38,MINERAL DEL CHICO,MC,251,4665,1,111,4777,6900,251,No
2019,13,HIDALGO,38,MINERAL DEL CHICO,PODEMOS,97,4665,1,111,4777,6900,97,No
2019,13,HIDALGO,38,MINERAL DEL CHICO,NUAL,293,4665,1,111,4777,6900,293,No
2019,13,HIDALGO,38,MINERAL DEL CHICO,ESH,36,4665,1,111,4777,6900,36,No
2019,13,HIDALGO,39,MINERAL DEL MONTE,PAN,114,7048,7,206,7261,11136,114,No
2019,13,HIDALGO,39,MINERAL DEL MONTE,PRI,1345,7048,7,206,7261,11136,1345,No
2019,13,HIDALGO,39,MINERAL DEL MONTE,PRD,14,7048,7,206,7261,11136,14,No
2019,13,HIDALGO,39,MINERAL DEL MONTE,PVEM,429,7048,7,206,7261,11136,429,No
2019,13,HIDALGO,39,MINERAL DEL MONTE,PT,291,7048,7,206,7261,11136,291,No
2019,13,HIDALGO,39,MINERAL DEL MONTE,MC,599,7048,7,206,7261,11136,599,No
2019,13,HIDALGO,39,MINERAL DEL MONTE,MORENA,327,7048,7,206,7261,11136,327,No
2019,13,HIDALGO,39,MINERAL DEL MONTE,PODEMOS,1051,7048,7,206,7261,11136,1051,No
2019,13,HIDALGO,39,MINERAL DEL MONTE,MAS_X_HIDALGO,40,7048,7,206,7261,11136,40,Sí
2019,13,HIDALGO,39,MINERAL DEL MONTE,NUAL,925,7048,7,206,7261,11136,925,No
2019,13,HIDALGO,39,MINERAL DEL MONTE,ESH,215,7048,7,206,7261,11136,215,No
2019,13,HIDALGO,39,MINERAL DEL MONTE,PAN_PRD,5,7048,7,206,7261,11136,133,Sí
2019,13,HIDALGO,39,MINERAL DEL MONTE,Candidatura Independiente,1269,7048,7,206,7261,11136,1269,No
2019,13,HIDALGO,39,MINERAL DEL MONTE,Candidatura Independiente,424,7048,7,206,7261,11136,424,No
2019,13,HIDALGO,40,MINERAL DE LA REFORMA,PAN,3475,45675,42,1228,46945,126788,3475,No
2019,13,HIDALGO,40,MINERAL DE LA REFORMA,PRI,21001,45675,42,1228,46945,126788,21001,No
2019,13,HIDALGO,40,MINERAL DE LA REFORMA,PRD,438,45675,42,1228,46945,126788,438,No
2019,13,HIDALGO,40,MINERAL DE LA REFORMA,PVEM,349,45675,42,1228,46945,126788,349,No
2019,13,HIDALGO,40,MINERAL DE LA REFORMA,PT,538,45675,42,1228,46945,126788,538,No
2019,13,HIDALGO,40,MINERAL DE LA REFORMA,MC,583,45675,42,1228,46945,126788,583,No
2019,13,HIDALGO,40,MINERAL DE LA REFORMA,MORENA,13700,45675,42,1228,46945,126788,13700,No
2019,13,HIDALGO,40,MINERAL DE LA REFORMA,PODEMOS,2547,45675,42,1228,46945,126788,2547,No
2019,13,HIDALGO,40,MINERAL DE LA REFORMA,MAS_X_HIDALGO,534,45675,42,1228,46945,126788,534,Sí
2019,13,HIDALGO,40,MINERAL DE LA REFORMA,NUAL,2094,45675,42,1228,46945,126788,2094,No
2019,13,HIDALGO,40,MINERAL DE LA REFORMA,ESH,239,45675,42,1228,46945,126788,239,No
2019,13,HIDALGO,40,MINERAL DE LA REFORMA,PVEM_PT_MORENA_ESH,37,45675,42,1228,46945,126788,14863,Sí
2019,13,HIDALGO,40,MINERAL DE LA REFORMA,PVEM_PT_MORENA,26,45675,42,1228,46945,126788,14613,Sí
2019,13,HIDALGO,40,MINERAL DE LA REFORMA,PVEM_PT_ESH,3,45675,42,1228,46945,126788,1129,Sí
2019,13,HIDALGO,40,MINERAL DE LA REFORMA,PVEM_PT,4,45675,42,1228,46945,126788,891,Sí
2019,13,HIDALGO,40,MINERAL DE LA REFORMA,PVEM_MORENA,27,45675,42,1228,46945,126788,14076,Sí
2019,13,HIDALGO,40,MINERAL DE LA REFORMA,PVEM_ESH,2,45675,42,1228,46945,126788,590,Sí
2019,13,HIDALGO,40,MINERAL DE LA REFORMA,PVEM_MORENA_ESH,3,45675,42,1228,46945,126788,14291,Sí
2019,13,HIDALGO,40,MINERAL DE LA REFORMA,PT_MORENA_ESH,5,45675,42,1228,46945,126788,14482,Sí
2019,13,HIDALGO,40,MINERAL DE LA REFORMA,PT_MORENA,55,45675,42,1228,46945,126788,14293,Sí
2019,13,HIDALGO,40,MINERAL DE LA REFORMA,PT_ESH,1,45675,42,1228,46945,126788,778,Sí
2019,13,HIDALGO,40,MINERAL DE LA REFORMA,MORENA_ESH,14,45675,42,1228,46945,126788,13953,Sí
2019,13,HIDALGO,41,MIXQUIAHUALA DE JUAREZ,PRI,796,17337,7,363,17707,32819,796,No
2019,13,HIDALGO,41,MIXQUIAHUALA DE JUAREZ,PRD,58,17337,7,363,17707,32819,58,No
2019,13,HIDALGO,41,MIXQUIAHUALA DE JUAREZ,PVEM,4833,17337,7,363,17707,32819,4833,No
2019,13,HIDALGO,41,MIXQUIAHUALA DE JUAREZ,PT,1410,17337,7,363,17707,32819,1410,No
2019,13,HIDALGO,41,MIXQUIAHUALA DE JUAREZ,MC,169,17337,7,363,17707,32819,169,No
2019,13,HIDALGO,41,MIXQUIAHUALA DE JUAREZ,MORENA,5459,17337,7,363,17707,32819,5459,No
2019,13,HIDALGO,41,MIXQUIAHUALA DE JUAREZ,PODEMOS,321,17337,7,363,17707,32819,321,No
2019,13,HIDALGO,41,MIXQUIAHUALA DE JUAREZ,MAS_X_HIDALGO,320,17337,7,363,17707,32819,320,Sí
2019,13,HIDALGO,41,MIXQUIAHUALA DE JUAREZ,NUAL,457,17337,7,363,17707,32819,457,No
2019,13,HIDALGO,41,MIXQUIAHUALA DE JUAREZ,ESH,2542,17337,7,363,17707,32819,2542,No
2019,13,HIDALGO,41,MIXQUIAHUALA DE JUAREZ,Candidatura Independiente,972,17337,7,363,17707,32819,972,No
2019,13,HIDALGO,42,MOLANGO DE ESCAMILLA,PAN,187,5771,1,188,5960,8075,187,No
2019,13,HIDALGO,42,MOLANGO DE ESCAMILLA,PRI,1238,5771,1,188,5960,8075,1238,No
2019,13,HIDALGO,42,MOLANGO DE ESCAMILLA,PRD,1122,5771,1,188,5960,8075,1122,No
2019,13,HIDALGO,42,MOLANGO DE ESCAMILLA,PVEM,223,5771,1,188,5960,8075,223,No
2019,13,HIDALGO,42,MOLANGO DE ESCAMILLA,PT,379,5771,1,188,5960,8075,379,No
2019,13,HIDALGO,42,MOLANGO DE ESCAMILLA,MC,625,5771,1,188,5960,8075,625,No
2019,13,HIDALGO,42,MOLANGO DE ESCAMILLA,MORENA,254,5771,1,188,5960,8075,254,No
2019,13,HIDALGO,42,MOLANGO DE ESCAMILLA,PODEMOS,247,5771,1,188,5960,8075,247,No
2019,13,HIDALGO,42,MOLANGO DE ESCAMILLA,MAS_X_HIDALGO,201,5771,1,188,5960,8075,201,Sí
2019,13,HIDALGO,42,MOLANGO DE ESCAMILLA,NUAL,731,5771,1,188,5960,8075,731,No
2019,13,HIDALGO,42,MOLANGO DE ESCAMILLA,ESH,564,5771,1,188,5960,8075,564,No
2019,13,HIDALGO,43,NICOLAS FLORES,PAN,1630,3762,2,70,3834,5058,1630,No
2019,13,HIDALGO,43,NICOLAS FLORES,PRI,541,3762,2,70,3834,5058,541,No
2019,13,HIDALGO,43,NICOLAS FLORES,PRD,21,3762,2,70,3834,5058,21,No
2019,13,HIDALGO,43,NICOLAS FLORES,PVEM,117,3762,2,70,3834,5058,117,No
2019,13,HIDALGO,43,NICOLAS FLORES,PT,131,3762,2,70,3834,5058,131,No
2019,13,HIDALGO,43,NICOLAS FLORES,MORENA,1181,3762,2,70,3834,5058,1181,No
2019,13,HIDALGO,43,NICOLAS FLORES,PODEMOS,36,3762,2,70,3834,5058,36,No
2019,13,HIDALGO,43,NICOLAS FLORES,NUAL,20,3762,2,70,3834,5058,20,No
2019,13,HIDALGO,43,NICOLAS FLORES,ESH,18,3762,2,70,3834,5058,18,No
2019,13,HIDALGO,43,NICOLAS FLORES,PAN_PRD,9,3762,2,70,3834,5058,1660,Sí
2019,13,HIDALGO,43,NICOLAS FLORES,PVEM_PT_MORENA_ESH,10,3762,2,70,3834,5058,1457,Sí
2019,13,HIDALGO,43,NICOLAS FLORES,PVEM_PT_MORENA,7,3762,2,70,3834,5058,1436,Sí
2019,13,HIDALGO,43,NICOLAS FLORES,PVEM_PT_ESH,1,3762,2,70,3834,5058,267,Sí
2019,13,HIDALGO,43,NICOLAS FLORES,PVEM_PT,4,3762,2,70,3834,5058,252,Sí
2019,13,HIDALGO,43,NICOLAS FLORES,PVEM_MORENA,10,3762,2,70,3834,5058,1308,Sí
2019,13,HIDALGO,43,NICOLAS FLORES,PVEM_ESH,0,3762,2,70,3834,5058,135,Sí
2019,13,HIDALGO,43,NICOLAS FLORES,PVEM_MORENA_ESH,5,3762,2,70,3834,5058,1321,Sí
2019,13,HIDALGO,43,NICOLAS FLORES,PT_MORENA_ESH,4,3762,2,70,3834,5058,1334,Sí
2019,13,HIDALGO,43,NICOLAS FLORES,PT_MORENA,14,3762,2,70,3834,5058,1326,Sí
2019,13,HIDALGO,43,NICOLAS FLORES,PT_ESH,0,3762,2,70,3834,5058,149,Sí
2019,13,HIDALGO,43,NICOLAS FLORES,MORENA_ESH,3,3762,2,70,3834,5058,1202,Sí
2019,13,HIDALGO,44,NOPALA DE VILLAGRAN,PAN,1532,7921,2,145,8068,11565,1532,No
2019,13,HIDALGO,44,NOPALA DE VILLAGRAN,PRI,1515,7921,2,145,8068,11565,1515,No
2019,13,HIDALGO,44,NOPALA DE VILLAGRAN,PRD,28,7921,2,145,8068,11565,28,No
2019,13,HIDALGO,44,NOPALA DE VILLAGRAN,PVEM,1014,7921,2,145,8068,11565,1014,No
2019,13,HIDALGO,44,NOPALA DE VILLAGRAN,PT,110,7921,2,145,8068,11565,110,No
2019,13,HIDALGO,44,NOPALA DE VILLAGRAN,MC,748,7921,2,145,8068,11565,748,No
2019,13,HIDALGO,44,NOPALA DE VILLAGRAN,MORENA,1747,7921,2,145,8068,11565,1747,No
2019,13,HIDALGO,44,NOPALA DE VILLAGRAN,PODEMOS,64,7921,2,145,8068,11565,64,No
2019,13,HIDALGO,44,NOPALA DE VILLAGRAN,NUAL,1140,7921,2,145,8068,11565,1140,No
2019,13,HIDALGO,44,NOPALA DE VILLAGRAN,ESH,13,7921,2,145,8068,11565,13,No
2019,13,HIDALGO,44,NOPALA DE VILLAGRAN,PAN_PRD,10,7921,2,145,8068,11565,1570,Sí
2019,13,HIDALGO,45,OMITLAN DE JUAREZ,PAN,156,4960,0,97,5057,7214,156,No
2019,13,HIDALGO,45,OMITLAN DE JUAREZ,PRI,2634,4960,0,97,5057,7214,2634,No
2019,13,HIDALGO,45,OMITLAN DE JUAREZ,PRD,250,4960,0,97,5057,7214,250,No
2019,13,HIDALGO,45,OMITLAN DE JUAREZ,PVEM,348,4960,0,97,5057,7214,348,No
2019,13,HIDALGO,45,OMITLAN DE JUAREZ,PT,43,4960,0,97,5057,7214,43,No
2019,13,HIDALGO,45,OMITLAN DE JUAREZ,MC,53,4960,0,97,5057,7214,53,No
2019,13,HIDALGO,45,OMITLAN DE JUAREZ,MORENA,866,4960,0,97,5057,7214,866,No
2019,13,HIDALGO,45,OMITLAN DE JUAREZ,PODEMOS,87,4960,0,97,5057,7214,87,No
2019,13,HIDALGO,45,OMITLAN DE JUAREZ,MAS_X_HIDALGO,39,4960,0,97,5057,7214,39,Sí
2019,13,HIDALGO,45,OMITLAN DE JUAREZ,NUAL,138,4960,0,97,5057,7214,138,No
2019,13,HIDALGO,45,OMITLAN DE JUAREZ,ESH,12,4960,0,97,5057,7214,12,No
2019,13,HIDALGO,45,OMITLAN DE JUAREZ,PAN_PRD,102,4960,0,97,5057,7214,508,Sí
2019,13,HIDALGO,45,OMITLAN DE JUAREZ,PVEM_PT_MORENA_ESH,171,4960,0,97,5057,7214,1440,Sí
2019,13,HIDALGO,45,OMITLAN DE JUAREZ,PVEM_PT_MORENA,15,4960,0,97,5057,7214,1272,Sí
2019,13,HIDALGO,45,OMITLAN DE JUAREZ,PVEM_PT_ESH,2,4960,0,97,5057,7214,405,Sí
2019,13,HIDALGO,45,OMITLAN DE JUAREZ,PVEM_PT,2,4960,0,97,5057,7214,393,Sí
2019,13,HIDALGO,45,OMITLAN DE JUAREZ,PVEM_MORENA,25,4960,0,97,5057,7214,1239,Sí
2019,13,HIDALGO,45,OMITLAN DE JUAREZ,PVEM_ESH,0,4960,0,97,5057,7214,360,Sí
2019,13,HIDALGO,45,OMITLAN DE JUAREZ,PVEM_MORENA_ESH,1,4960,0,97,5057,7214,1227,Sí
2019,13,HIDALGO,45,OMITLAN DE JUAREZ,PT_MORENA_ESH,2,4960,0,97,5057,7214,923,Sí
2019,13,HIDALGO,45,OMITLAN DE JUAREZ,PT_MORENA,13,4960,0,97,5057,7214,922,Sí
2019,13,HIDALGO,45,OMITLAN DE JUAREZ,PT_ESH,0,4960,0,97,5057,7214,55,Sí
2019,13,HIDALGO,45,OMITLAN DE JUAREZ,MORENA_ESH,1,4960,0,97,5057,7214,879,Sí
2019,13,HIDALGO,46,PACULA,PAN,1201,2748,0,30,2778,4074,1201,No
2019,13,HIDALGO,46,PACULA,PRI,182,2748,0,30,2778,4074,182,No
2019,13,HIDALGO,46,PACULA,PRD,6,2748,0,30,2778,4074,6,No
2019,13,HIDALGO,46,PACULA,PVEM,4,2748,0,30,2778,4074,4,No
2019,13,HIDALGO,46,PACULA,PT,68,2748,0,30,2778,4074,68,No
2019,13,HIDALGO,46,PACULA,MC,9,2748,0,30,2778,4074,9,No
2019,13,HIDALGO,46,PACULA,MORENA,220,2748,0,30,2778,4074,220,No
2019,13,HIDALGO,46,PACULA,PODEMOS,1008,2748,0,30,2778,4074,1008,No
2019,13,HIDALGO,46,PACULA,NUAL,29,2748,0,30,2778,4074,29,No
2019,13,HIDALGO,46,PACULA,ESH,0,2748,0,30,2778,4074,0,No
2019,13,HIDALGO,46,PACULA,PAN_PRD,10,2748,0,30,2778,4074,1217,Sí
2019,13,HIDALGO,46,PACULA,PVEM_PT_MORENA_ESH,1,2748,0,30,2778,4074,293,Sí
2019,13,HIDALGO,46,PACULA,PVEM_PT_MORENA,1,2748,0,30,2778,4074,293,Sí
2019,13,HIDALGO,46,PACULA,PVEM_PT_ESH,0,2748,0,30,2778,4074,72,Sí
2019,13,HIDALGO,46,PACULA,PVEM_PT,1,2748,0,30,2778,4074,73,Sí
2019,13,HIDALGO,46,PACULA,PVEM_MORENA,0,2748,0,30,2778,4074,224,Sí
2019,13,HIDALGO,46,PACULA,PVEM_ESH,0,2748,0,30,2778,4074,4,Sí
2019,13,HIDALGO,46,PACULA,PVEM_MORENA_ESH,0,2748,0,30,2778,4074,224,Sí
2019,13,HIDALGO,46,PACULA,PT_MORENA_ESH,1,2748,0,30,2778,4074,289,Sí
2019,13,HIDALGO,46,PACULA,PT_MORENA,7,2748,0,30,2778,4074,295,Sí
2019,13,HIDALGO,46,PACULA,PT_ESH,0,2748,0,30,2778,4074,68,Sí
2019,13,HIDALGO,46,PACULA,MORENA_ESH,0,2748,0,30,2778,4074,220,Sí
2019,13,HIDALGO,47,PACHUCA DE SOTO,PAN,4838,87968,46,2526,90540,232399,4838,No
2019,13,HIDALGO,47,PACHUCA DE SOTO,PRI,32759,87968,46,2526,90540,232399,32759,No
2019,13,HIDALGO,47,PACHUCA DE SOTO,PRD,1494,87968,46,2526,90540,232399,1494,No
2019,13,HIDALGO,47,PACHUCA DE SOTO,PVEM,407,87968,46,2526,90540,232399,407,No
2019,13,HIDALGO,47,PACHUCA DE SOTO,PT,1207,87968,46,2526,90540,232399,1207,No
2019,13,HIDALGO,47,PACHUCA DE SOTO,MC,1302,87968,46,2526,90540,232399,1302,No
2019,13,HIDALGO,47,PACHUCA DE SOTO,MORENA,28055,87968,46,2526,90540,232399,28055,No
2019,13,HIDALGO,47,PACHUCA DE SOTO,PODEMOS,1559,87968,46,2526,90540,232399,1559,No
2019,13,HIDALGO,47,PACHUCA DE SOTO,MAS_X_HIDALGO,670,87968,46,2526,90540,232399,670,Sí
2019,13,HIDALGO,47,PACHUCA DE SOTO,NUAL,3134,87968,46,2526,90540,232399,3134,No
2019,13,HIDALGO,47,PACHUCA DE SOTO,ESH,432,87968,46,2526,90540,232399,432,No
2019,13,HIDALGO,47,PACHUCA DE SOTO,PVEM_PT_MORENA_ESH,86,87968,46,2526,90540,232399,30187,Sí
2019,13,HIDALGO,47,PACHUCA DE SOTO,PVEM_PT_MORENA,44,87968,46,2526,90540,232399,29713,Sí
2019,13,HIDALGO,47,PACHUCA DE SOTO,PVEM_PT_ESH,1,87968,46,2526,90540,232399,2047,Sí
2019,13,HIDALGO,47,PACHUCA DE SOTO,PVEM_PT,4,87968,46,2526,90540,232399,1618,Sí
2019,13,HIDALGO,47,PACHUCA DE SOTO,PVEM_MORENA,51,87968,46,2526,90540,232399,28513,Sí
2019,13,HIDALGO,47,PACHUCA DE SOTO,PVEM_ESH,0,87968,46,2526,90540,232399,839,Sí
2019,13,HIDALGO,47,PACHUCA DE SOTO,PVEM_MORENA_ESH,14,87968,46,2526,90540,232399,28908,Sí
2019,13,HIDALGO,47,PACHUCA DE SOTO,PT_MORENA_ESH,30,87968,46,2526,90540,232399,29724,Sí
2019,13,HIDALGO,47,PACHUCA DE SOTO,PT_MORENA,219,87968,46,2526,90540,232399,29481,Sí
2019,13,HIDALGO,47,PACHUCA DE SOTO,PT_ESH,7,87968,46,2526,90540,232399,1646,Sí
2019,13,HIDALGO,47,PACHUCA DE SOTO,MORENA_ESH,30,87968,46,2526,90540,232399,28517,Sí
2019,13,HIDALGO,47,PACHUCA DE SOTO,Candidatura Independiente,11625,87968,46,2526,90540,232399,11625,No
2019,13,HIDALGO,48,PISAFLORES,PAN,1929,8172,0,209,8381,12729,1929,No
2019,13,HIDALGO,48,PISAFLORES,PRI,5261,8172,0,209,8381,12729,5261,No
2019,13,HIDALGO,48,PISAFLORES,PVEM,17,8172,0,209,8381,12729,17,No
2019,13,HIDALGO,48,PISAFLORES,PT,58,8172,0,209,8381,12729,58,No
2019,13,HIDALGO,48,PISAFLORES,MORENA,596,8172,0,209,8381,12729,596,No
2019,13,HIDALGO,48,PISAFLORES,PODEMOS,100,8172,0,209,8381,12729,100,No
2019,13,HIDALGO,48,PISAFLORES,NUAL,176,8172,0,209,8381,12729,176,No
2019,13,HIDALGO,48,PISAFLORES,ESH,29,8172,0,209,8381,12729,29,No
2019,13,HIDALGO,48,PISAFLORES,PVEM_PT_MORENA_ESH,1,8172,0,209,8381,12729,701,Sí
2019,13,HIDALGO,48,PISAFLORES,PVEM_PT_MORENA,0,8172,0,209,8381,12729,671,Sí
2019,13,HIDALGO,48,PISAFLORES,PVEM_PT_ESH,0,8172,0,209,8381,12729,104,Sí
2019,13,HIDALGO,48,PISAFLORES,PVEM_PT,0,8172,0,209,8381,12729,75,Sí
2019,13,HIDALGO,48,PISAFLORES,PVEM_MORENA,0,8172,0,209,8381,12729,613,Sí
2019,13,HIDALGO,48,PISAFLORES,PVEM_ESH,0,8172,0,209,8381,12729,46,Sí
2019,13,HIDALGO,48,PISAFLORES,PVEM_MORENA_ESH,0,8172,0,209,8381,12729,642,Sí
2019,13,HIDALGO,48,PISAFLORES,PT_MORENA_ESH,0,8172,0,209,8381,12729,683,Sí
2019,13,HIDALGO,48,PISAFLORES,PT_MORENA,1,8172,0,209,8381,12729,655,Sí
2019,13,HIDALGO,48,PISAFLORES,PT_ESH,1,8172,0,209,8381,12729,88,Sí
2019,13,HIDALGO,48,PISAFLORES,MORENA_ESH,3,8172,0,209,8381,12729,628,Sí
2019,13,HIDALGO,49,PROGRESO DE OBREGON,PAN,1318,10285,1,174,10460,18115,1318,No
2019,13,HIDALGO,49,PROGRESO DE OBREGON,PRI,2080,10285,1,174,10460,18115,2080,No
2019,13,HIDALGO,49,PROGRESO DE OBREGON,PRD,35,10285,1,174,10460,18115,35,No
2019,13,HIDALGO,49,PROGRESO DE OBREGON,PVEM,82,10285,1,174,10460,18115,82,No
2019,13,HIDALGO,49,PROGRESO DE OBREGON,PT,943,10285,1,174,10460,18115,943,No
2019,13,HIDALGO,49,PROGRESO DE OBREGON,MC,98,10285,1,174,10460,18115,98,No
2019,13,HIDALGO,49,PROGRESO DE OBREGON,MORENA,3078,10285,1,174,10460,18115,3078,No
2019,13,HIDALGO,49,PROGRESO DE OBREGON,PODEMOS,156,10285,1,174,10460,18115,156,No
2019,13,HIDALGO,49,PROGRESO DE OBREGON,MAS_X_HIDALGO,806,10285,1,174,10460,18115,806,Sí
2019,13,HIDALGO,49,PROGRESO DE OBREGON,NUAL,658,10285,1,174,10460,18115,658,No
2019,13,HIDALGO,49,PROGRESO DE OBREGON,ESH,38,10285,1,174,10460,18115,38,No
2019,13,HIDALGO,49,PROGRESO DE OBREGON,PVEM_PT_MORENA_ESH,73,10285,1,174,10460,18115,4214,Sí
2019,13,HIDALGO,49,PROGRESO DE OBREGON,PVEM_PT_MORENA,36,10285,1,174,10460,18115,4139,Sí
2019,13,HIDALGO,49,PROGRESO DE OBREGON,PVEM_PT_ESH,5,10285,1,174,10460,18115,1068,Sí
2019,13,HIDALGO,49,PROGRESO DE OBREGON,PVEM_PT,13,10285,1,174,10460,18115,1038,Sí
2019,13,HIDALGO,49,PROGRESO DE OBREGON,PVEM_MORENA,16,10285,1,174,10460,18115,3176,Sí
2019,13,HIDALGO,49,PROGRESO DE OBREGON,PVEM_ESH,0,10285,1,174,10460,18115,120,Sí
2019,13,HIDALGO,49,PROGRESO DE OBREGON,PVEM_MORENA_ESH,3,10285,1,174,10460,18115,3201,Sí
2019,13,HIDALGO,49,PROGRESO DE OBREGON,PT_MORENA_ESH,27,10285,1,174,10460,18115,4086,Sí
2019,13,HIDALGO,49,PROGRESO DE OBREGON,PT_MORENA,168,10285,1,174,10460,18115,4189,Sí
2019,13,HIDALGO,49,PROGRESO DE OBREGON,PT_ESH,3,10285,1,174,10460,18115,984,Sí
2019,13,HIDALGO,49,PROGRESO DE OBREGON,MORENA_ESH,6,10285,1,174,10460,18115,3122,Sí
2019,13,HIDALGO,49,PROGRESO DE OBREGON,Candidatura Independiente,643,10285,1,174,10460,18115,643,No
2019,13,HIDALGO,50,SAN AGUSTIN METZQUITITLAN,PAN,14,5556,2,86,5644,7537,14,No
2019,13,HIDALGO,50,SAN AGUSTIN METZQUITITLAN,PRI,2151,5556,2,86,5644,7537,2151,No
2019,13,HIDALGO,50,SAN AGUSTIN METZQUITITLAN,PRD,52,5556,2,86,5644,7537,52,No
2019,13,HIDALGO,50,SAN AGUSTIN METZQUITITLAN,PT,149,5556,2,86,5644,7537,149,No
2019,13,HIDALGO,50,SAN AGUSTIN METZQUITITLAN,MC,349,5556,2,86,5644,7537,349,No
2019,13,HIDALGO,50,SAN AGUSTIN METZQUITITLAN,PODEMOS,429,5556,2,86,5644,7537,429,No
2019,13,HIDALGO,50,SAN AGUSTIN METZQUITITLAN,MAS_X_HIDALGO,1417,5556,2,86,5644,7537,1417,Sí
2019,13,HIDALGO,50,SAN AGUSTIN METZQUITITLAN,NUAL,148,5556,2,86,5644,7537,148,No
2019,13,HIDALGO,50,SAN AGUSTIN METZQUITITLAN,ESH,847,5556,2,86,5644,7537,847,No
2019,13,HIDALGO,51,SAN AGUSTIN TLAXIACA,PAN,563,13558,2,321,13881,24619,563,No
2019,13,HIDALGO,51,SAN AGUSTIN TLAXIACA,PRI,5442,13558,2,321,13881,24619,5442,No
2019,13,HIDALGO,51,SAN AGUSTIN TLAXIACA,PRD,245,13558,2,321,13881,24619,245,No
2019,13,HIDALGO,51,SAN AGUSTIN TLAXIACA,PVEM,123,13558,2,321,13881,24619,123,No
2019,13,HIDALGO,51,SAN AGUSTIN TLAXIACA,PT,169,13558,2,321,13881,24619,169,No
2019,13,HIDALGO,51,SAN AGUSTIN TLAXIACA,MC,44,13558,2,321,13881,24619,44,No
2019,13,HIDALGO,51,SAN AGUSTIN TLAXIACA,MORENA,2027,13558,2,321,13881,24619,2027,No
2019,13,HIDALGO,51,SAN AGUSTIN TLAXIACA,PODEMOS,268,13558,2,321,13881,24619,268,No
2019,13,HIDALGO,51,SAN AGUSTIN TLAXIACA,NUAL,3599,13558,2,321,13881,24619,3599,No
2019,13,HIDALGO,51,SAN AGUSTIN TLAXIACA,ESH,82,13558,2,321,13881,24619,82,No
2019,13,HIDALGO,51,SAN AGUSTIN TLAXIACA,Candidatura Independiente,996,13558,2,321,13881,24619,996,No
2019,13,HIDALGO,52,SAN BARTOLO TUTOTEPEC,PAN,38,9538,8,322,9868,12809,38,No
2019,13,HIDALGO,52,SAN BARTOLO TUTOTEPEC,PRI,2875,9538,8,322,9868,12809,2875,No
2019,13,HIDALGO,52,SAN BARTOLO TUTOTEPEC,PRD,4467,9538,8,322,9868,12809,4467,No
2019,13,HIDALGO,52,SAN BARTOLO TUTOTEPEC,PODEMOS,25,9538,8,322,9868,12809,25,No
2019,13,HIDALGO,52,SAN BARTOLO TUTOTEPEC,NUAL,2068,9538,8,322,9868,12809,2068,No
2019,13,HIDALGO,52,SAN BARTOLO TUTOTEPEC,ESH,7,9538,8,322,9868,12809,7,No
2019,13,HIDALGO,52,SAN BARTOLO TUTOTEPEC,Candidatura Independiente,58,9538,8,322,9868,12809,58,No
2019,13,HIDALGO,53,SAN FELIPE ORIZATLAN,PAN,3485,18833,4,784,19621,27771,3485,No
2019,13,HIDALGO,53,SAN FELIPE ORIZATLAN,PRI,7129,18833,4,784,19621,27771,7129,No
2019,13,HIDALGO,53,SAN FELIPE ORIZATLAN,PRD,114,18833,4,784,19621,27771,114,No
2019,13,HIDALGO,53,SAN FELIPE ORIZATLAN,PT,264,18833,4,784,19621,27771,264,No
2019,13,HIDALGO,53,SAN FELIPE ORIZATLAN,MC,63,18833,4,784,19621,27771,63,No
2019,13,HIDALGO,53,SAN FELIPE ORIZATLAN,MORENA,1355,18833,4,784,19621,27771,1355,No
2019,13,HIDALGO,53,SAN FELIPE ORIZATLAN,PODEMOS,255,18833,4,784,19621,27771,255,No
2019,13,HIDALGO,53,SAN FELIPE ORIZATLAN,NUAL,6086,18833,4,784,19621,27771,6086,No
2019,13,HIDALGO,53,SAN FELIPE ORIZATLAN,ESH,27,18833,4,784,19621,27771,27,No
2019,13,HIDALGO,53,SAN FELIPE ORIZATLAN,PAN_PRD,55,18833,4,784,19621,27771,3654,Sí
2019,13,HIDALGO,54,SAN SALVADOR,PAN,1739,15050,2,321,15373,25936,1739,No
2019,13,HIDALGO,54,SAN SALVADOR,PRI,2102,15050,2,321,15373,25936,2102,No
2019,13,HIDALGO,54,SAN SALVADOR,PRD,229,15050,2,321,15373,25936,229,No
2019,13,HIDALGO,54,SAN SALVADOR,PVEM,460,15050,2,321,15373,25936,460,No
2019,13,HIDALGO,54,SAN SALVADOR,PT,285,15050,2,321,15373,25936,285,No
2019,13,HIDALGO,54,SAN SALVADOR,MC,177,15050,2,321,15373,25936,177,No
2019,13,HIDALGO,54,SAN SALVADOR,MORENA,4185,15050,2,321,15373,25936,4185,No
2019,13,HIDALGO,54,SAN SALVADOR,PODEMOS,1116,15050,2,321,15373,25936,1116,No
2019,13,HIDALGO,54,SAN SALVADOR,NUAL,3228,15050,2,321,15373,25936,3228,No
2019,13,HIDALGO,54,SAN SALVADOR,ESH,1529,15050,2,321,15373,25936,1529,No
2019,13,HIDALGO,55,SANTIAGO DE ANAYA,PAN,52,8311,24,142,8477,13021,52,No
2019,13,HIDALGO,55,SANTIAGO DE ANAYA,PRI,2550,8311,24,142,8477,13021,2550,No
2019,13,HIDALGO,55,SANTIAGO DE ANAYA,PRD,53,8311,24,142,8477,13021,53,No
2019,13,HIDALGO,55,SANTIAGO DE ANAYA,PVEM,34,8311,24,142,8477,13021,34,No
2019,13,HIDALGO,55,SANTIAGO DE ANAYA,PT,52,8311,24,142,8477,13021,52,No
2019,13,HIDALGO,55,SANTIAGO DE ANAYA,MC,261,8311,24,142,8477,13021,261,No
2019,13,HIDALGO,55,SANTIAGO DE ANAYA,MORENA,1522,8311,24,142,8477,13021,1522,No
2019,13,HIDALGO,55,SANTIAGO DE ANAYA,PODEMOS,117,8311,24,142,8477,13021,117,No
2019,13,HIDALGO,55,SANTIAGO DE ANAYA,NUAL,436,8311,24,142,8477,13021,436,No
2019,13,HIDALGO,55,SANTIAGO DE ANAYA,ESH,3228,8311,24,142,8477,13021,3228,No
2019,13,HIDALGO,55,SANTIAGO DE ANAYA,PAN_PRD,6,8311,24,142,8477,13021,111,Sí
2019,13,HIDALGO,56,SANTIAGO TULANTEPEC DE LUGO GUERRERO,PAN,212,12846,12,333,13191,26178,212,No
2019,13,HIDALGO,56,SANTIAGO TULANTEPEC DE LUGO GUERRERO,PRI,3680,12846,12,333,13191,26178,3680,No
2019,13,HIDALGO,56,SANTIAGO TULANTEPEC DE LUGO GUERRERO,PRD,750,12846,12,333,13191,26178,750,No
2019,13,HIDALGO,56,SANTIAGO TULANTEPEC DE LUGO GUERRERO,PVEM,44,12846,12,333,13191,26178,44,No
2019,13,HIDALGO,56,SANTIAGO TULANTEPEC DE LUGO GUERRERO,PT,297,12846,12,333,13191,26178,297,No
2019,13,HIDALGO,56,SANTIAGO TULANTEPEC DE LUGO GUERRERO,MC,62,12846,12,333,13191,26178,62,No
2019,13,HIDALGO,56,SANTIAGO TULANTEPEC DE LUGO GUERRERO,PODEMOS,2522,12846,12,333,13191,26178,2522,No
2019,13,HIDALGO,56,SANTIAGO TULANTEPEC DE LUGO GUERRERO,MAS_X_HIDALGO,53,12846,12,333,13191,26178,53,Sí
2019,13,HIDALGO,56,SANTIAGO TULANTEPEC DE LUGO GUERRERO,NUAL,1423,12846,12,333,13191,26178,1423,No
2019,13,HIDALGO,56,SANTIAGO TULANTEPEC DE LUGO GUERRERO,ESH,2247,12846,12,333,13191,26178,2247,No
2019,13,HIDALGO,56,SANTIAGO TULANTEPEC DE LUGO GUERRERO,PAN_PRD,194,12846,12,333,13191,26178,1156,Sí
2019,13,HIDALGO,56,SANTIAGO TULANTEPEC DE LUGO GUERRERO,Candidatura Independiente,466,12846,12,333,13191,26178,466,No
2019,13,HIDALGO,56,SANTIAGO TULANTEPEC DE LUGO GUERRERO,Candidatura Independiente,896,12846,12,333,13191,26178,896,No
2019,13,HIDALGO,57,SINGUILUCAN,PAN,1011,8664,1,158,8823,12653,1011,No
2019,13,HIDALGO,57,SINGUILUCAN,PRI,1988,8664,1,158,8823,12653,1988,No
2019,13,HIDALGO,57,SINGUILUCAN,PRD,117,8664,1,158,8823,12653,117,No
2019,13,HIDALGO,57,SINGUILUCAN,PVEM,166,8664,1,158,8823,12653,166,No
2019,13,HIDALGO,57,SINGUILUCAN,PT,369,8664,1,158,8823,12653,369,No
2019,13,HIDALGO,57,SINGUILUCAN,MORENA,160,8664,1,158,8823,12653,160,No
2019,13,HIDALGO,57,SINGUILUCAN,PODEMOS,114,8664,1,158,8823,12653,114,No
2019,13,HIDALGO,57,SINGUILUCAN,NUAL,2154,8664,1,158,8823,12653,2154,No
2019,13,HIDALGO,57,SINGUILUCAN,ESH,825,8664,1,158,8823,12653,825,No
2019,13,HIDALGO,57,SINGUILUCAN,Candidatura Independiente,1760,8664,1,158,8823,12653,1760,No
2019,13,HIDALGO,58,TASQUILLO,PAN,22,7348,7,225,7580,14504,22,No
2019,13,HIDALGO,58,TASQUILLO,PRI,1898,7348,7,225,7580,14504,1898,No
2019,13,HIDALGO,58,TASQUILLO,PRD,1119,7348,7,225,7580,14504,1119,No
2019,13,HIDALGO,58,TASQUILLO,PT,32,7348,7,225,7580,14504,32,No
2019,13,HIDALGO,58,TASQUILLO,MORENA,964,7348,7,225,7580,14504,964,No
2019,13,HIDALGO,58,TASQUILLO,PODEMOS,1392,7348,7,225,7580,14504,1392,No
2019,13,HIDALGO,58,TASQUILLO,MAS_X_HIDALGO,163,7348,7,225,7580,14504,163,Sí
2019,13,HIDALGO,58,TASQUILLO,NUAL,421,7348,7,225,7580,14504,421,No
2019,13,HIDALGO,58,TASQUILLO,ESH,1337,7348,7,225,7580,14504,1337,No
2019,13,HIDALGO,59,TECOZAUTLA,PAN,2414,16878,3,319,17200,27551,2414,No
2019,13,HIDALGO,59,TECOZAUTLA,PRI,1875,16878,3,319,17200,27551,1875,No
2019,13,HIDALGO,59,TECOZAUTLA,PVEM,1463,16878,3,319,17200,27551,1463,No
2019,13,HIDALGO,59,TECOZAUTLA,PT,2330,16878,3,319,17200,27551,2330,No
2019,13,HIDALGO,59,TECOZAUTLA,MC,36,16878,3,319,17200,27551,36,No
2019,13,HIDALGO,59,TECOZAUTLA,MORENA,2407,16878,3,319,17200,27551,2407,No
2019,13,HIDALGO,59,TECOZAUTLA,PODEMOS,1193,16878,3,319,17200,27551,1193,No
2019,13,HIDALGO,59,TECOZAUTLA,NUAL,1434,16878,3,319,17200,27551,1434,No
2019,13,HIDALGO,59,TECOZAUTLA,ESH,23,16878,3,319,17200,27551,23,No
2019,13,HIDALGO,59,TECOZAUTLA,Candidatura Independiente,753,16878,3,319,17200,27551,753,No
2019,13,HIDALGO,59,TECOZAUTLA,Candidatura Independiente,2950,16878,3,319,17200,27551,2950,No
2019,13,HIDALGO,60,TENANGO DE DORIA,PAN,85,8378,0,229,8607,12141,85,No
2019,13,HIDALGO,60,TENANGO DE DORIA,PRI,2164,8378,0,229,8607,12141,2164,No
2019,13,HIDALGO,60,TENANGO DE DORIA,PRD,102,8378,0,229,8607,12141,102,No
2019,13,HIDALGO,60,TENANGO DE DORIA,MORENA,3163,8378,0,229,8607,12141,3163,No
2019,13,HIDALGO,60,TENANGO DE DORIA,PODEMOS,187,8378,0,229,8607,12141,187,No
2019,13,HIDALGO,60,TENANGO DE DORIA,MAS_X_HIDALGO,108,8378,0,229,8607,12141,108,Sí
2019,13,HIDALGO,60,TENANGO DE DORIA,NUAL,2535,8378,0,229,8607,12141,2535,No
2019,13,HIDALGO,60,TENANGO DE DORIA,ESH,34,8378,0,229,8607,12141,34,No
2019,13,HIDALGO,61,TEPEAPULCO,PAN,1131,21503,12,528,22043,44307,1131,No
2019,13,HIDALGO,61,TEPEAPULCO,PRI,2333,21503,12,528,22043,44307,2333,No
2019,13,HIDALGO,61,TEPEAPULCO,PRD,179,21503,12,528,22043,44307,179,No
2019,13,HIDALGO,61,TEPEAPULCO,PVEM,2789,21503,12,528,22043,44307,2789,No
2019,13,HIDALGO,61,TEPEAPULCO,PT,1931,21503,12,528,22043,44307,1931,No
2019,13,HIDALGO,61,TEPEAPULCO,MC,183,21503,12,528,22043,44307,183,No
2019,13,HIDALGO,61,TEPEAPULCO,MORENA,5287,21503,12,528,22043,44307,5287,No
2019,13,HIDALGO,61,TEPEAPULCO,PODEMOS,518,21503,12,528,22043,44307,518,No
2019,13,HIDALGO,61,TEPEAPULCO,MAS_X_HIDALGO,1774,21503,12,528,22043,44307,1774,Sí
2019,13,HIDALGO,61,TEPEAPULCO,NUAL,548,21503,12,528,22043,44307,548,No
2019,13,HIDALGO,61,TEPEAPULCO,ESH,156,21503,12,528,22043,44307,156,No
2019,13,HIDALGO,61,TEPEAPULCO,Candidatura Independiente,4674,21503,12,528,22043,44307,4674,No
2019,13,HIDALGO,62,TEPEHUACAN DE GUERRERO,PAN,101,13566,0,507,14073,19608,101,No
2019,13,HIDALGO,62,TEPEHUACAN DE GUERRERO,PRI,6150,13566,0,507,14073,19608,6150,No
2019,13,HIDALGO,62,TEPEHUACAN DE GUERRERO,PRD,322,13566,0,507,14073,19608,322,No
2019,13,HIDALGO,62,TEPEHUACAN DE GUERRERO,PVEM,79,13566,0,507,14073,19608,79,No
2019,13,HIDALGO,62,TEPEHUACAN DE GUERRERO,PT,108,13566,0,507,14073,19608,108,No
2019,13,HIDALGO,62,TEPEHUACAN DE GUERRERO,MORENA,589,13566,0,507,14073,19608,589,No
2019,13,HIDALGO,62,TEPEHUACAN DE GUERRERO,PODEMOS,37,13566,0,507,14073,19608,37,No
2019,13,HIDALGO,62,TEPEHUACAN DE GUERRERO,NUAL,6121,13566,0,507,14073,19608,6121,No
2019,13,HIDALGO,62,TEPEHUACAN DE GUERRERO,ESH,35,13566,0,507,14073,19608,35,No
2019,13,HIDALGO,62,TEPEHUACAN DE GUERRERO,PVEM_PT_MORENA_ESH,11,13566,0,507,14073,19608,822,Sí
2019,13,HIDALGO,62,TEPEHUACAN DE GUERRERO,PVEM_PT_MORENA,1,13566,0,507,14073,19608,777,Sí
2019,13,HIDALGO,62,TEPEHUACAN DE GUERRERO,PVEM_PT_ESH,0,13566,0,507,14073,19608,222,Sí
2019,13,HIDALGO,62,TEPEHUACAN DE GUERRERO,PVEM_PT,2,13566,0,507,14073,19608,189,Sí
2019,13,HIDALGO,62,TEPEHUACAN DE GUERRERO,PVEM_MORENA,2,13566,0,507,14073,19608,670,Sí
2019,13,HIDALGO,62,TEPEHUACAN DE GUERRERO,PVEM_ESH,0,13566,0,507,14073,19608,114,Sí
2019,13,HIDALGO,62,TEPEHUACAN DE GUERRERO,PVEM_MORENA_ESH,1,13566,0,507,14073,19608,704,Sí
2019,13,HIDALGO,62,TEPEHUACAN DE GUERRERO,PT_MORENA_ESH,1,13566,0,507,14073,19608,733,Sí
2019,13,HIDALGO,62,TEPEHUACAN DE GUERRERO,PT_MORENA,6,13566,0,507,14073,19608,703,Sí
2019,13,HIDALGO,62,TEPEHUACAN DE GUERRERO,PT_ESH,0,13566,0,507,14073,19608,143,Sí
2019,13,HIDALGO,62,TEPEHUACAN DE GUERRERO,MORENA_ESH,0,13566,0,507,14073,19608,624,Sí
2019,13,HIDALGO,63,TEPEJI DEL RIO DE OCAMPO,PAN,5721,27809,23,638,28470,62432,5721,No
2019,13,HIDALGO,63,TEPEJI DEL RIO DE OCAMPO,PRI,6295,27809,23,638,28470,62432,6295,No
2019,13,HIDALGO,63,TEPEJI DEL RIO DE OCAMPO,PRD,3024,27809,23,638,28470,62432,3024,No
2019,13,HIDALGO,63,TEPEJI DEL RIO DE OCAMPO,PVEM,1863,27809,23,638,28470,62432,1863,No
2019,13,HIDALGO,63,TEPEJI DEL RIO DE OCAMPO,PT,2025,27809,23,638,28470,62432,2025,No
2019,13,HIDALGO,63,TEPEJI DEL RIO DE OCAMPO,MC,499,27809,23,638,28470,62432,499,No
2019,13,HIDALGO,63,TEPEJI DEL RIO DE OCAMPO,MORENA,4129,27809,23,638,28470,62432,4129,No
2019,13,HIDALGO,63,TEPEJI DEL RIO DE OCAMPO,PODEMOS,510,27809,23,638,28470,62432,510,No
2019,13,HIDALGO,63,TEPEJI DEL RIO DE OCAMPO,MAS_X_HIDALGO,591,27809,23,638,28470,62432,591,Sí
2019,13,HIDALGO,63,TEPEJI DEL RIO DE OCAMPO,NUAL,1197,27809,23,638,28470,62432,1197,No
2019,13,HIDALGO,63,TEPEJI DEL RIO DE OCAMPO,ESH,1955,27809,23,638,28470,62432,1955,No
2019,13,HIDALGO,64,TEPETITLAN,PAN,3086,5688,1,101,5790,7989,3086,No
2019,13,HIDALGO,64,TEPETITLAN,PRI,724,5688,1,101,5790,7989,724,No
2019,13,HIDALGO,64,TEPETITLAN,PVEM,114,5688,1,101,5790,7989,114,No
2019,13,HIDALGO,64,TEPETITLAN,PT,87,5688,1,101,5790,7989,87,No
2019,13,HIDALGO,64,TEPETITLAN,MC,20,5688,1,101,5790,7989,20,No
2019,13,HIDALGO,64,TEPETITLAN,MORENA,1153,5688,1,101,5790,7989,1153,No
2019,13,HIDALGO,64,TEPETITLAN,PODEMOS,229,5688,1,101,5790,7989,229,No
2019,13,HIDALGO,64,TEPETITLAN,MAS_X_HIDALGO,35,5688,1,101,5790,7989,35,Sí
2019,13,HIDALGO,64,TEPETITLAN,NUAL,79,5688,1,101,5790,7989,79,No
2019,13,HIDALGO,64,TEPETITLAN,ESH,18,5688,1,101,5790,7989,18,No
2019,13,HIDALGO,64,TEPETITLAN,PVEM_PT_MORENA_ESH,56,5688,1,101,5790,7989,1428,Sí
2019,13,HIDALGO,64,TEPETITLAN,PVEM_PT_MORENA,23,5688,1,101,5790,7989,1377,Sí
2019,13,HIDALGO,64,TEPETITLAN,PVEM_PT_ESH,10,5688,1,101,5790,7989,229,Sí
2019,13,HIDALGO,64,TEPETITLAN,PVEM_PT,14,5688,1,101,5790,7989,215,Sí
2019,13,HIDALGO,64,TEPETITLAN,PVEM_MORENA,14,5688,1,101,5790,7989,1281,Sí
2019,13,HIDALGO,64,TEPETITLAN,PVEM_ESH,0,5688,1,101,5790,7989,132,Sí
2019,13,HIDALGO,64,TEPETITLAN,PVEM_MORENA_ESH,8,5688,1,101,5790,7989,1293,Sí
2019,13,HIDALGO,64,TEPETITLAN,PT_MORENA_ESH,6,5688,1,101,5790,7989,1264,Sí
2019,13,HIDALGO,64,TEPETITLAN,PT_MORENA,7,5688,1,101,5790,7989,1247,Sí
2019,13,HIDALGO,64,TEPETITLAN,PT_ESH,2,5688,1,101,5790,7989,107,Sí
2019,13,HIDALGO,64,TEPETITLAN,MORENA_ESH,3,5688,1,101,5790,7989,1174,Sí
2019,13,HIDALGO,65,TETEPANGO,PAN,53,6484,2,91,6577,8905,53,No
2019,13,HIDALGO,65,TETEPANGO,PRI,928,6484,2,91,6577,8905,928,No
2019,13,HIDALGO,65,TETEPANGO,PVEM,8,6484,2,91,6577,8905,8,No
2019,13,HIDALGO,65,TETEPANGO,PT,2456,6484,2,91,6577,8905,2456,No
2019,13,HIDALGO,65,TETEPANGO,MC,953,6484,2,91,6577,8905,953,No
2019,13,HIDALGO,65,TETEPANGO,MORENA,236,6484,2,91,6577,8905,236,No
2019,13,HIDALGO,65,TETEPANGO,PODEMOS,64,6484,2,91,6577,8905,64,No
2019,13,HIDALGO,65,TETEPANGO,MAS_X_HIDALGO,62,6484,2,91,6577,8905,62,Sí
2019,13,HIDALGO,65,TETEPANGO,NUAL,146,6484,2,91,6577,8905,146,No
2019,13,HIDALGO,65,TETEPANGO,ESH,173,6484,2,91,6577,8905,173,No
2019,13,HIDALGO,65,TETEPANGO,Candidatura Independiente,1405,6484,2,91,6577,8905,1405,No
2019,13,HIDALGO,66,TEZONTEPEC DE ALDAMA,PAN,7620,22929,4,467,23400,37189,7620,No
2019,13,HIDALGO,66,TEZONTEPEC DE ALDAMA,PRI,1641,22929,4,467,23400,37189,1641,No
2019,13,HIDALGO,66,TEZONTEPEC DE ALDAMA,PRD,6071,22929,4,467,23400,37189,6071,No
2019,13,HIDALGO,66,TEZONTEPEC DE ALDAMA,PVEM,333,22929,4,467,23400,37189,333,No
2019,13,HIDALGO,66,TEZONTEPEC DE ALDAMA,PT,69,22929,4,467,23400,37189,69,No
2019,13,HIDALGO,66,TEZONTEPEC DE ALDAMA,MC,65,22929,4,467,23400,37189,65,No
2019,13,HIDALGO,66,TEZONTEPEC DE ALDAMA,MORENA,6062,22929,4,467,23400,37189,6062,No
2019,13,HIDALGO,66,TEZONTEPEC DE ALDAMA,PODEMOS,301,22929,4,467,23400,37189,301,No
2019,13,HIDALGO,66,TEZONTEPEC DE ALDAMA,MAS_X_HIDALGO,101,22929,4,467,23400,37189,101,Sí
2019,13,HIDALGO,66,TEZONTEPEC DE ALDAMA,NUAL,602,22929,4,467,23400,37189,602,No
2019,13,HIDALGO,66,TEZONTEPEC DE ALDAMA,ESH,64,22929,4,467,23400,37189,64,No
2019,13,HIDALGO,67,TIANGUISTENGO,PAN,44,7912,2,274,8188,10647,44,No
2019,13,HIDALGO,67,TIANGUISTENGO,PRI,1489,7912,2,274,8188,10647,1489,No
2019,13,HIDALGO,67,TIANGUISTENGO,PRD,77,7912,2,274,8188,10647,77,No
2019,13,HIDALGO,67,TIANGUISTENGO,PVEM,30,7912,2,274,8188,10647,30,No
2019,13,HIDALGO,67,TIANGUISTENGO,PT,51,7912,2,274,8188,10647,51,No
2019,13,HIDALGO,67,TIANGUISTENGO,MC,577,7912,2,274,8188,10647,577,No
2019,13,HIDALGO,67,TIANGUISTENGO,MORENA,678,7912,2,274,8188,10647,678,No
2019,13,HIDALGO,67,TIANGUISTENGO,PODEMOS,306,7912,2,274,8188,10647,306,No
2019,13,HIDALGO,67,TIANGUISTENGO,MAS_X_HIDALGO,151,7912,2,274,8188,10647,151,Sí
2019,13,HIDALGO,67,TIANGUISTENGO,NUAL,4412,7912,2,274,8188,10647,4412,No
2019,13,HIDALGO,67,TIANGUISTENGO,ESH,49,7912,2,274,8188,10647,49,No
2019,13,HIDALGO,67,TIANGUISTENGO,PVEM_PT_MORENA_ESH,35,7912,2,274,8188,10647,843,Sí
2019,13,HIDALGO,67,TIANGUISTENGO,PVEM_PT_MORENA,1,7912,2,274,8188,10647,760,Sí
2019,13,HIDALGO,67,TIANGUISTENGO,PVEM_PT_ESH,1,7912,2,274,8188,10647,131,Sí
2019,13,HIDALGO,67,TIANGUISTENGO,PVEM_PT,0,7912,2,274,8188,10647,81,Sí
2019,13,HIDALGO,67,TIANGUISTENGO,PVEM_MORENA,1,7912,2,274,8188,10647,709,Sí
2019,13,HIDALGO,67,TIANGUISTENGO,PVEM_ESH,0,7912,2,274,8188,10647,79,Sí
2019,13,HIDALGO,67,TIANGUISTENGO,PVEM_MORENA_ESH,0,7912,2,274,8188,10647,757,Sí
2019,13,HIDALGO,67,TIANGUISTENGO,PT_MORENA_ESH,3,7912,2,274,8188,10647,781,Sí
2019,13,HIDALGO,67,TIANGUISTENGO,PT_MORENA,2,7912,2,274,8188,10647,731,Sí
2019,13,HIDALGO,67,TIANGUISTENGO,PT_ESH,0,7912,2,274,8188,10647,100,Sí
2019,13,HIDALGO,67,TIANGUISTENGO,MORENA_ESH,5,7912,2,274,8188,10647,732,Sí
2019,13,HIDALGO,68,TIZAYUCA,PAN,1104,35301,73,886,36260,104057,1104,No
2019,13,HIDALGO,68,TIZAYUCA,PRI,8586,35301,73,886,36260,104057,8586,No
2019,13,HIDALGO,68,TIZAYUCA,PRD,324,35301,73,886,36260,104057,324,No
2019,13,HIDALGO,68,TIZAYUCA,PVEM,209,35301,73,886,36260,104057,209,No
2019,13,HIDALGO,68,TIZAYUCA,PT,3564,35301,73,886,36260,104057,3564,No
2019,13,HIDALGO,68,TIZAYUCA,MC,1509,35301,73,886,36260,104057,1509,No
2019,13,HIDALGO,68,TIZAYUCA,MORENA,10469,35301,73,886,36260,104057,10469,No
2019,13,HIDALGO,68,TIZAYUCA,PODEMOS,442,35301,73,886,36260,104057,442,No
2019,13,HIDALGO,68,TIZAYUCA,MAS_X_HIDALGO,5281,35301,73,886,36260,104057,5281,Sí
2019,13,HIDALGO,68,TIZAYUCA,NUAL,1623,35301,73,886,36260,104057,1623,No
2019,13,HIDALGO,68,TIZAYUCA,ESH,2156,35301,73,886,36260,104057,2156,No
2019,13,HIDALGO,68,TIZAYUCA,PAN_PRD,34,35301,73,886,36260,104057,1462,Sí
2019,13,HIDALGO,69,TLAHUELILPAN,PAN,1431,6896,65,170,7131,13161,1431,No
2019,13,HIDALGO,69,TLAHUELILPAN,PRI,928,6896,65,170,7131,13161,928,No
2019,13,HIDALGO,69,TLAHUELILPAN,PRD,150,6896,65,170,7131,13161,150,No
2019,13,HIDALGO,69,TLAHUELILPAN,PVEM,13,6896,65,170,7131,13161,13,No
2019,13,HIDALGO,69,TLAHUELILPAN,PT,88,6896,65,170,7131,13161,88,No
2019,13,HIDALGO,69,TLAHUELILPAN,MC,1577,6896,65,170,7131,13161,1577,No
2019,13,HIDALGO,69,TLAHUELILPAN,MORENA,218,6896,65,170,7131,13161,218,No
2019,13,HIDALGO,69,TLAHUELILPAN,PODEMOS,379,6896,65,170,7131,13161,379,No
2019,13,HIDALGO,69,TLAHUELILPAN,MAS_X_HIDALGO,1180,6896,65,170,7131,13161,1180,Sí
2019,13,HIDALGO,69,TLAHUELILPAN,NUAL,875,6896,65,170,7131,13161,875,No
2019,13,HIDALGO,69,TLAHUELILPAN,ESH,19,6896,65,170,7131,13161,19,No
2019,13,HIDALGO,69,TLAHUELILPAN,PVEM_PT_MORENA_ESH,27,6896,65,170,7131,13161,365,Sí
2019,13,HIDALGO,69,TLAHUELILPAN,PVEM_PT_MORENA,2,6896,65,170,7131,13161,321,Sí
2019,13,HIDALGO,69,TLAHUELILPAN,PVEM_PT_ESH,0,6896,65,170,7131,13161,120,Sí
2019,13,HIDALGO,69,TLAHUELILPAN,PVEM_PT,1,6896,65,170,7131,13161,102,Sí
2019,13,HIDALGO,69,TLAHUELILPAN,PVEM_MORENA,0,6896,65,170,7131,13161,231,Sí
2019,13,HIDALGO,69,TLAHUELILPAN,PVEM_ESH,0,6896,65,170,7131,13161,32,Sí
2019,13,HIDALGO,69,TLAHUELILPAN,PVEM_MORENA_ESH,2,6896,65,170,7131,13161,252,Sí
2019,13,HIDALGO,69,TLAHUELILPAN,PT_MORENA_ESH,0,6896,65,170,7131,13161,325,Sí
2019,13,HIDALGO,69,TLAHUELILPAN,PT_MORENA,6,6896,65,170,7131,13161,312,Sí
2019,13,HIDALGO,69,TLAHUELILPAN,PT_ESH,0,6896,65,170,7131,13161,107,Sí
2019,13,HIDALGO,69,TLAHUELILPAN,MORENA_ESH,0,6896,65,170,7131,13161,237,Sí
2019,13,HIDALGO,70,TLAHUILTEPA,PRI,1947,5113,0,109,5222,7275,1947,No
2019,13,HIDALGO,70,TLAHUILTEPA,PVEM,12,5113,0,109,5222,7275,12,No
2019,13,HIDALGO,70,TLAHUILTEPA,PT,429,5113,0,109,5222,7275,429,No
2019,13,HIDALGO,70,TLAHUILTEPA,MC,591,5113,0,109,5222,7275,591,No
2019,13,HIDALGO,70,TLAHUILTEPA,MORENA,340,5113,0,109,5222,7275,340,No
2019,13,HIDALGO,70,TLAHUILTEPA,PODEMOS,76,5113,0,109,5222,7275,76,No
2019,13,HIDALGO,70,TLAHUILTEPA,MAS_X_HIDALGO,15,5113,0,109,5222,7275,15,Sí
2019,13,HIDALGO,70,TLAHUILTEPA,NUAL,1521,5113,0,109,5222,7275,1521,No
2019,13,HIDALGO,70,TLAHUILTEPA,ESH,4,5113,0,109,5222,7275,4,No
2019,13,HIDALGO,70,TLAHUILTEPA,PVEM_PT_MORENA_ESH,137,5113,0,109,5222,7275,922,Sí
2019,13,HIDALGO,70,TLAHUILTEPA,PVEM_PT_MORENA,12,5113,0,109,5222,7275,793,Sí
2019,13,HIDALGO,70,TLAHUILTEPA,PVEM_PT_ESH,1,5113,0,109,5222,7275,446,Sí
2019,13,HIDALGO,70,TLAHUILTEPA,PVEM_PT,5,5113,0,109,5222,7275,446,Sí
2019,13,HIDALGO,70,TLAHUILTEPA,PVEM_MORENA,0,5113,0,109,5222,7275,352,Sí
2019,13,HIDALGO,70,TLAHUILTEPA,PVEM_ESH,0,5113,0,109,5222,7275,16,Sí
2019,13,HIDALGO,70,TLAHUILTEPA,PVEM_MORENA_ESH,0,5113,0,109,5222,7275,356,Sí
2019,13,HIDALGO,70,TLAHUILTEPA,PT_MORENA_ESH,1,5113,0,109,5222,7275,774,Sí
2019,13,HIDALGO,70,TLAHUILTEPA,PT_MORENA,22,5113,0,109,5222,7275,791,Sí
2019,13,HIDALGO,70,TLAHUILTEPA,PT_ESH,0,5113,0,109,5222,7275,433,Sí
2019,13,HIDALGO,70,TLAHUILTEPA,MORENA_ESH,0,5113,0,109,5222,7275,344,Sí
2019,13,HIDALGO,71,TLANALAPA,PAN,75,6199,7,94,6300,8615,75,No
2019,13,HIDALGO,71,TLANALAPA,PRI,1020,6199,7,94,6300,8615,1020,No
2019,13,HIDALGO,71,TLANALAPA,PRD,933,6199,7,94,6300,8615,933,No
2019,13,HIDALGO,71,TLANALAPA,PVEM,9,6199,7,94,6300,8615,9,No
2019,13,HIDALGO,71,TLANALAPA,PT,65,6199,7,94,6300,8615,65,No
2019,13,HIDALGO,71,TLANALAPA,MC,1188,6199,7,94,6300,8615,1188,No
2019,13,HIDALGO,71,TLANALAPA,MORENA,790,6199,7,94,6300,8615,790,No
2019,13,HIDALGO,71,TLANALAPA,PODEMOS,623,6199,7,94,6300,8615,623,No
2019,13,HIDALGO,71,TLANALAPA,MAS_X_HIDALGO,637,6199,7,94,6300,8615,637,Sí
2019,13,HIDALGO,71,TLANALAPA,NUAL,513,6199,7,94,6300,8615,513,No
2019,13,HIDALGO,71,TLANALAPA,ESH,159,6199,7,94,6300,8615,159,No
2019,13,HIDALGO,71,TLANALAPA,Candidatura Independiente,187,6199,7,94,6300,8615,187,No
2019,13,HIDALGO,72,TLANCHINOL,PAN,6047,17783,5,779,18567,25080,6047,No
2019,13,HIDALGO,72,TLANCHINOL,PRI,5210,17783,5,779,18567,25080,5210,No
2019,13,HIDALGO,72,TLANCHINOL,PRD,971,17783,5,779,18567,25080,971,No
2019,13,HIDALGO,72,TLANCHINOL,PVEM,764,17783,5,779,18567,25080,764,No
2019,13,HIDALGO,72,TLANCHINOL,PT,242,17783,5,779,18567,25080,242,No
2019,13,HIDALGO,72,TLANCHINOL,MORENA,2609,17783,5,779,18567,25080,2609,No
2019,13,HIDALGO,72,TLANCHINOL,PODEMOS,875,17783,5,779,18567,25080,875,No
2019,13,HIDALGO,72,TLANCHINOL,NUAL,816,17783,5,779,18567,25080,816,No
2019,13,HIDALGO,72,TLANCHINOL,ESH,249,17783,5,779,18567,25080,249,No
2019,13,HIDALGO,73,TLAXCOAPAN,PAN,911,12049,6,289,12344,21491,911,No
2019,13,HIDALGO,73,TLAXCOAPAN,PRI,970,12049,6,289,12344,21491,970,No
2019,13,HIDALGO,73,TLAXCOAPAN,PRD,362,12049,6,289,12344,21491,362,No
2019,13,HIDALGO,73,TLAXCOAPAN,PVEM,1675,12049,6,289,12344,21491,1675,No
2019,13,HIDALGO,73,TLAXCOAPAN,PT,953,12049,6,289,12344,21491,953,No
2019,13,HIDALGO,73,TLAXCOAPAN,MC,818,12049,6,289,12344,21491,818,No
2019,13,HIDALGO,73,TLAXCOAPAN,MORENA,904,12049,6,289,12344,21491,904,No
2019,13,HIDALGO,73,TLAXCOAPAN,PODEMOS,1588,12049,6,289,12344,21491,1588,No
2019,13,HIDALGO,73,TLAXCOAPAN,MAS_X_HIDALGO,1194,12049,6,289,12344,21491,1194,Sí
2019,13,HIDALGO,73,TLAXCOAPAN,NUAL,1552,12049,6,289,12344,21491,1552,No
2019,13,HIDALGO,73,TLAXCOAPAN,ESH,25,12049,6,289,12344,21491,25,No
2019,13,HIDALGO,73,TLAXCOAPAN,Candidatura Independiente,1097,12049,6,289,12344,21491,1097,No
2019,13,HIDALGO,74,TOLCAYUCA,PAN,129,7525,1,111,7637,12270,129,No
2019,13,HIDALGO,74,TOLCAYUCA,PRI,2411,7525,1,111,7637,12270,2411,No
2019,13,HIDALGO,74,TOLCAYUCA,PRD,94,7525,1,111,7637,12270,94,No
2019,13,HIDALGO,74,TOLCAYUCA,PVEM,100,7525,1,111,7637,12270,100,No
2019,13,HIDALGO,74,TOLCAYUCA,PT,259,7525,1,111,7637,12270,259,No
2019,13,HIDALGO,74,TOLCAYUCA,MC,651,7525,1,111,7637,12270,651,No
2019,13,HIDALGO,74,TOLCAYUCA,MORENA,600,7525,1,111,7637,12270,600,No
2019,13,HIDALGO,74,TOLCAYUCA,PODEMOS,273,7525,1,111,7637,12270,273,No
2019,13,HIDALGO,74,TOLCAYUCA,MAS_X_HIDALGO,569,7525,1,111,7637,12270,569,Sí
2019,13,HIDALGO,74,TOLCAYUCA,NUAL,704,7525,1,111,7637,12270,704,No
2019,13,HIDALGO,74,TOLCAYUCA,ESH,1686,7525,1,111,7637,12270,1686,No
2019,13,HIDALGO,74,TOLCAYUCA,PAN_PRD,49,7525,1,111,7637,12270,272,Sí
2019,13,HIDALGO,75,TULA DE ALLENDE,PAN,3712,34549,25,871,35445,86320,3712,No
2019,13,HIDALGO,75,TULA DE ALLENDE,PRI,7487,34549,25,871,35445,86320,7487,No
2019,13,HIDALGO,75,TULA DE ALLENDE,PRD,5095,34549,25,871,35445,86320,5095,No
2019,13,HIDALGO,75,TULA DE ALLENDE,PVEM,4777,34549,25,871,35445,86320,4777,No
2019,13,HIDALGO,75,TULA DE ALLENDE,PT,1773,34549,25,871,35445,86320,1773,No
2019,13,HIDALGO,75,TULA DE ALLENDE,MC,544,34549,25,871,35445,86320,544,No
2019,13,HIDALGO,75,TULA DE ALLENDE,MORENA,7998,34549,25,871,35445,86320,7998,No
2019,13,HIDALGO,75,TULA DE ALLENDE,PODEMOS,581,34549,25,871,35445,86320,581,No
2019,13,HIDALGO,75,TULA DE ALLENDE,MAS_X_HIDALGO,212,34549,25,871,35445,86320,212,Sí
2019,13,HIDALGO,75,TULA DE ALLENDE,NUAL,810,34549,25,871,35445,86320,810,No
2019,13,HIDALGO,75,TULA DE ALLENDE,ESH,306,34549,25,871,35445,86320,306,No
2019,13,HIDALGO,75,TULA DE ALLENDE,PAN_PRD,1254,34549,25,871,35445,86320,10061,Sí
2019,13,HIDALGO,76,TULANCINGO DE BRAVO,PAN,1293,46803,112,2273,49188,127681,1293,No
2019,13,HIDALGO,76,TULANCINGO DE BRAVO,PRI,15500,46803,112,2273,49188,127681,15500,No
2019,13,HIDALGO,76,TULANCINGO DE BRAVO,PRD,2929,46803,112,2273,49188,127681,2929,No
2019,13,HIDALGO,76,TULANCINGO DE BRAVO,PVEM,475,46803,112,2273,49188,127681,475,No
2019,13,HIDALGO,76,TULANCINGO DE BRAVO,PT,727,46803,112,2273,49188,127681,727,No
2019,13,HIDALGO,76,TULANCINGO DE BRAVO,MC,316,46803,112,2273,49188,127681,316,No
2019,13,HIDALGO,76,TULANCINGO DE BRAVO,MORENA,13164,46803,112,2273,49188,127681,13164,No
2019,13,HIDALGO,76,TULANCINGO DE BRAVO,PODEMOS,1817,46803,112,2273,49188,127681,1817,No
2019,13,HIDALGO,76,TULANCINGO DE BRAVO,MAS_X_HIDALGO,1631,46803,112,2273,49188,127681,1631,Sí
2019,13,HIDALGO,76,TULANCINGO DE BRAVO,NUAL,1757,46803,112,2273,49188,127681,1757,No
2019,13,HIDALGO,76,TULANCINGO DE BRAVO,ESH,316,46803,112,2273,49188,127681,316,No
2019,13,HIDALGO,76,TULANCINGO DE BRAVO,PVEM_PT_MORENA_ESH,154,46803,112,2273,49188,127681,14836,Sí
2019,13,HIDALGO,76,TULANCINGO DE BRAVO,PVEM_PT_MORENA,40,46803,112,2273,49188,127681,14406,Sí
2019,13,HIDALGO,76,TULANCINGO DE BRAVO,PVEM_PT_ESH,9,46803,112,2273,49188,127681,1527,Sí
2019,13,HIDALGO,76,TULANCINGO DE BRAVO,PVEM_PT,23,46803,112,2273,49188,127681,1225,Sí
2019,13,HIDALGO,76,TULANCINGO DE BRAVO,PVEM_MORENA,71,46803,112,2273,49188,127681,13710,Sí
2019,13,HIDALGO,76,TULANCINGO DE BRAVO,PVEM_ESH,14,46803,112,2273,49188,127681,805,Sí
2019,13,HIDALGO,76,TULANCINGO DE BRAVO,PVEM_MORENA_ESH,35,46803,112,2273,49188,127681,13990,Sí
2019,13,HIDALGO,76,TULANCINGO DE BRAVO,PT_MORENA_ESH,41,46803,112,2273,49188,127681,14248,Sí
2019,13,HIDALGO,76,TULANCINGO DE BRAVO,PT_MORENA,86,46803,112,2273,49188,127681,13977,Sí
2019,13,HIDALGO,76,TULANCINGO DE BRAVO,PT_ESH,4,46803,112,2273,49188,127681,1047,Sí
2019,13,HIDALGO,76,TULANCINGO DE BRAVO,MORENA_ESH,40,46803,112,2273,49188,127681,13520,Sí
2019,13,HIDALGO,76,TULANCINGO DE BRAVO,Candidatura Independiente,6361,46803,112,2273,49188,127681,6361,No
2019,13,HIDALGO,77,VILLA DE TEZONTEPEC,PAN,17,5428,2,127,5557,9180,17,No
2019,13,HIDALGO,77,VILLA DE TEZONTEPEC,PRI,1350,5428,2,127,5557,9180,1350,No
2019,13,HIDALGO,77,VILLA DE TEZONTEPEC,PRD,194,5428,2,127,5557,9180,194,No
2019,13,HIDALGO,77,VILLA DE TEZONTEPEC,PVEM,117,5428,2,127,5557,9180,117,No
2019,13,HIDALGO,77,VILLA DE TEZONTEPEC,PT,323,5428,2,127,5557,9180,323,No
2019,13,HIDALGO,77,VILLA DE TEZONTEPEC,MC,1171,5428,2,127,5557,9180,1171,No
2019,13,HIDALGO,77,VILLA DE TEZONTEPEC,MORENA,922,5428,2,127,5557,9180,922,No
2019,13,HIDALGO,77,VILLA DE TEZONTEPEC,PODEMOS,467,5428,2,127,5557,9180,467,No
2019,13,HIDALGO,77,VILLA DE TEZONTEPEC,MAS_X_HIDALGO,12,5428,2,127,5557,9180,12,Sí
2019,13,HIDALGO,77,VILLA DE TEZONTEPEC,NUAL,275,5428,2,127,5557,9180,275,No
2019,13,HIDALGO,77,VILLA DE TEZONTEPEC,ESH,50,5428,2,127,5557,9180,50,No
2019,13,HIDALGO,77,VILLA DE TEZONTEPEC,PAN_PRD,5,5428,2,127,5557,9180,216,Sí
2019,13,HIDALGO,77,VILLA DE TEZONTEPEC,Candidatura Independiente,525,5428,2,127,5557,9180,525,No
2019,13,HIDALGO,78,XOCHIATIPAN,PAN,3780,10324,1,259,10584,12763,3780,No
2019,13,HIDALGO,78,XOCHIATIPAN,PRI,275,10324,1,259,10584,12763,275,No
2019,13,HIDALGO,78,XOCHIATIPAN,PRD,2298,10324,1,259,10584,12763,2298,No
2019,13,HIDALGO,78,XOCHIATIPAN,PVEM,261,10324,1,259,10584,12763,261,No
2019,13,HIDALGO,78,XOCHIATIPAN,PT,415,10324,1,259,10584,12763,415,No
2019,13,HIDALGO,78,XOCHIATIPAN,MORENA,655,10324,1,259,10584,12763,655,No
2019,13,HIDALGO,78,XOCHIATIPAN,PODEMOS,116,10324,1,259,10584,12763,116,No
2019,13,HIDALGO,78,XOCHIATIPAN,MAS_X_HIDALGO,38,10324,1,259,10584,12763,38,Sí
2019,13,HIDALGO,78,XOCHIATIPAN,NUAL,941,10324,1,259,10584,12763,941,No
2019,13,HIDALGO,78,XOCHIATIPAN,ESH,93,10324,1,259,10584,12763,93,No
2019,13,HIDALGO,78,XOCHIATIPAN,Candidatura Independiente,1452,10324,1,259,10584,12763,1452,No
2019,13,HIDALGO,79,XOCHICOATLAN,PAN,319,4769,0,97,4866,5563,319,No
2019,13,HIDALGO,79,XOCHICOATLAN,PRI,1299,4769,0,97,4866,5563,1299,No
2019,13,HIDALGO,79,XOCHICOATLAN,PRD,6,4769,0,97,4866,5563,6,No
2019,13,HIDALGO,79,XOCHICOATLAN,PVEM,2,4769,0,97,4866,5563,2,No
2019,13,HIDALGO,79,XOCHICOATLAN,PT,1978,4769,0,97,4866,5563,1978,No
2019,13,HIDALGO,79,XOCHICOATLAN,PODEMOS,202,4769,0,97,4866,5563,202,No
2019,13,HIDALGO,79,XOCHICOATLAN,MAS_X_HIDALGO,9,4769,0,97,4866,5563,9,Sí
2019,13,HIDALGO,79,XOCHICOATLAN,NUAL,20,4769,0,97,4866,5563,20,No
2019,13,HIDALGO,79,XOCHICOATLAN,ESH,932,4769,0,97,4866,5563,932,No
2019,13,HIDALGO,79,XOCHICOATLAN,PAN_PRD,2,4769,0,97,4866,5563,327,Sí
2019,13,HIDALGO,80,YAHUALICA,PAN,285,13009,114,485,13608,17139,285,No
2019,13,HIDALGO,80,YAHUALICA,PRI,7146,13009,114,485,13608,17139,7146,No
2019,13,HIDALGO,80,YAHUALICA,PRD,324,13009,114,485,13608,17139,324,No
2019,13,HIDALGO,80,YAHUALICA,PVEM,710,13009,114,485,13608,17139,710,No
2019,13,HIDALGO,80,YAHUALICA,PT,33,13009,114,485,13608,17139,33,No
2019,13,HIDALGO,80,YAHUALICA,MC,118,13009,114,485,13608,17139,118,No
2019,13,HIDALGO,80,YAHUALICA,PODEMOS,297,13009,114,485,13608,17139,297,No
2019,13,HIDALGO,80,YAHUALICA,MAS_X_HIDALGO,93,13009,114,485,13608,17139,93,Sí
2019,13,HIDALGO,80,YAHUALICA,NUAL,828,13009,114,485,13608,17139,828,No
2019,13,HIDALGO,80,YAHUALICA,ESH,3175,13009,114,485,13608,17139,3175,No
2019,13,HIDALGO,81,ZACUALTIPAN DE ANGELES,PAN,1092,15122,11,305,15438,27013,1092,No
2019,13,HIDALGO,81,ZACUALTIPAN DE ANGELES,PRI,5352,15122,11,305,15438,27013,5352,No
2019,13,HIDALGO,81,ZACUALTIPAN DE ANGELES,PRD,1773,15122,11,305,15438,27013,1773,No
2019,13,HIDALGO,81,ZACUALTIPAN DE ANGELES,PVEM,96,15122,11,305,15438,27013,96,No
2019,13,HIDALGO,81,ZACUALTIPAN DE ANGELES,MC,387,15122,11,305,15438,27013,387,No
2019,13,HIDALGO,81,ZACUALTIPAN DE ANGELES,MORENA,707,15122,11,305,15438,27013,707,No
2019,13,HIDALGO,81,ZACUALTIPAN DE ANGELES,PODEMOS,1212,15122,11,305,15438,27013,1212,No
2019,13,HIDALGO,81,ZACUALTIPAN DE ANGELES,MAS_X_HIDALGO,591,15122,11,305,15438,27013,591,Sí
2019,13,HIDALGO,81,ZACUALTIPAN DE ANGELES,NUAL,931,15122,11,305,15438,27013,931,No
2019,13,HIDALGO,81,ZACUALTIPAN DE ANGELES,ESH,784,15122,11,305,15438,27013,784,No
2019,13,HIDALGO,81,ZACUALTIPAN DE ANGELES,Candidatura Independiente,2197,15122,11,305,15438,27013,2197,No
2019,13,HIDALGO,82,ZAPOTLAN DE JUAREZ,PAN,1726,9292,4,142,9438,15466,1726,No
2019,13,HIDALGO,82,ZAPOTLAN DE JUAREZ,PRI,1349,9292,4,142,9438,15466,1349,No
2019,13,HIDALGO,82,ZAPOTLAN DE JUAREZ,PRD,1033,9292,4,142,9438,15466,1033,No
2019,13,HIDALGO,82,ZAPOTLAN DE JUAREZ,PVEM,12,9292,4,142,9438,15466,12,No
2019,13,HIDALGO,82,ZAPOTLAN DE JUAREZ,PT,41,9292,4,142,9438,15466,41,No
2019,13,HIDALGO,82,ZAPOTLAN DE JUAREZ,MC,2507,9292,4,142,9438,15466,2507,No
2019,13,HIDALGO,82,ZAPOTLAN DE JUAREZ,MORENA,434,9292,4,142,9438,15466,434,No
2019,13,HIDALGO,82,ZAPOTLAN DE JUAREZ,PODEMOS,1044,9292,4,142,9438,15466,1044,No
2019,13,HIDALGO,82,ZAPOTLAN DE JUAREZ,MAS_X_HIDALGO,187,9292,4,142,9438,15466,187,Sí
2019,13,HIDALGO,82,ZAPOTLAN DE JUAREZ,NUAL,859,9292,4,142,9438,15466,859,No
2019,13,HIDALGO,82,ZAPOTLAN DE JUAREZ,ESH,21,9292,4,142,9438,15466,21,No
2019,13,HIDALGO,82,ZAPOTLAN DE JUAREZ,PVEM_PT_MORENA_ESH,69,9292,4,142,9438,15466,577,Sí
2019,13,HIDALGO,82,ZAPOTLAN DE JUAREZ,PVEM_PT_MORENA,1,9292,4,142,9438,15466,488,Sí
2019,13,HIDALGO,82,ZAPOTLAN DE JUAREZ,PVEM_PT_ESH,0,9292,4,142,9438,15466,74,Sí
2019,13,HIDALGO,82,ZAPOTLAN DE JUAREZ,PVEM_PT,0,9292,4,142,9438,15466,53,Sí
2019,13,HIDALGO,82,ZAPOTLAN DE JUAREZ,PVEM_MORENA,1,9292,4,142,9438,15466,447,Sí
2019,13,HIDALGO,82,ZAPOTLAN DE JUAREZ,PVEM_ESH,0,9292,4,142,9438,15466,33,Sí
2019,13,HIDALGO,82,ZAPOTLAN DE JUAREZ,PVEM_MORENA_ESH,1,9292,4,142,9438,15466,468,Sí
2019,13,HIDALGO,82,ZAPOTLAN DE JUAREZ,PT_MORENA_ESH,2,9292,4,142,9438,15466,498,Sí
2019,13,HIDALGO,82,ZAPOTLAN DE JUAREZ,PT_MORENA,2,9292,4,142,9438,15466,477,Sí
2019,13,HIDALGO,82,ZAPOTLAN DE JUAREZ,PT_ESH,1,9292,4,142,9438,15466,63,Sí
2019,13,HIDALGO,82,ZAPOTLAN DE JUAREZ,MORENA_ESH,2,9292,4,142,9438,15466,457,Sí
2019,13,HIDALGO,83,ZEMPOALA,PAN,233,18872,4,379,19255,35486,233,No
2019,13,HIDALGO,83,ZEMPOALA,PRI,7713,18872,4,379,19255,35486,7713,No
2019,13,HIDALGO,83,ZEMPOALA,PRD,63,18872,4,379,19255,35486,63,No
2019,13,HIDALGO,83,ZEMPOALA,PVEM,90,18872,4,379,19255,35486,90,No
2019,13,HIDALGO,83,ZEMPOALA,PT,215,18872,4,379,19255,35486,215,No
2019,13,HIDALGO,83,ZEMPOALA,MC,258,18872,4,379,19255,35486,258,No
2019,13,HIDALGO,83,ZEMPOALA,MORENA,3996,18872,4,379,19255,35486,3996,No
2019,13,HIDALGO,83,ZEMPOALA,PODEMOS,1873,18872,4,379,19255,35486,1873,No
2019,13,HIDALGO,83,ZEMPOALA,MAS_X_HIDALGO,125,18872,4,379,19255,35486,125,Sí
2019,13,HIDALGO,83,ZEMPOALA,NUAL,1907,18872,4,379,19255,35486,1907,No
2019,13,HIDALGO,83,ZEMPOALA,ESH,315,18872,4,379,19255,35486,315,No
2019,13,HIDALGO,83,ZEMPOALA,Candidatura Independiente,2084,18872,4,379,19255,35486,2084,No
2019,13,HIDALGO,84,ZIMAPAN,PAN,3852,14627,2,467,15096,30741,3852,No
2019,13,HIDALGO,84,ZIMAPAN,PRI,3449,14627,2,467,15096,30741,3449,No
2019,13,HIDALGO,84,ZIMAPAN,PRD,209,14627,2,467,15096,30741,209,No
2019,13,HIDALGO,84,ZIMAPAN,PVEM,84,14627,2,467,15096,30741,84,No
2019,13,HIDALGO,84,ZIMAPAN,PT,294,14627,2,467,15096,30741,294,No
2019,13,HIDALGO,84,ZIMAPAN,MC,442,14627,2,467,15096,30741,442,No
2019,13,HIDALGO,84,ZIMAPAN,MORENA,3239,14627,2,467,15096,30741,3239,No
2019,13,HIDALGO,84,ZIMAPAN,PODEMOS,642,14627,2,467,15096,30741,642,No
2019,13,HIDALGO,84,ZIMAPAN,NUAL,1883,14627,2,467,15096,30741,1883,No
2019,13,HIDALGO,84,ZIMAPAN,ESH,291,14627,2,467,15096,30741,291,No
2019,13,HIDALGO,84,ZIMAPAN,PAN_PRD,117,14627,2,467,15096,30741,4178,Sí
2019,13,HIDALGO,84,ZIMAPAN,PVEM_PT_MORENA_ESH,27,14627,2,467,15096,30741,3935,Sí
2019,13,HIDALGO,84,ZIMAPAN,PVEM_PT_MORENA,4,14627,2,467,15096,30741,3621,Sí
2019,13,HIDALGO,84,ZIMAPAN,PVEM_PT_ESH,2,14627,2,467,15096,30741,671,Sí
2019,13,HIDALGO,84,ZIMAPAN,PVEM_PT,1,14627,2,467,15096,30741,379,Sí
2019,13,HIDALGO,84,ZIMAPAN,PVEM_MORENA,12,14627,2,467,15096,30741,3335,Sí
2019,13,HIDALGO,84,ZIMAPAN,PVEM_ESH,0,14627,2,467,15096,30741,375,Sí
2019,13,HIDALGO,84,ZIMAPAN,PVEM_MORENA_ESH,3,14627,2,467,15096,30741,3617,Sí
2019,13,HIDALGO,84,ZIMAPAN,PT_MORENA_ESH,6,14627,2,467,15096,30741,3830,Sí
2019,13,HIDALGO,84,ZIMAPAN,PT_MORENA,50,14627,2,467,15096,30741,3583,Sí
2019,13,HIDALGO,84,ZIMAPAN,PT_ESH,1,14627,2,467,15096,30741,586,Sí
2019,13,HIDALGO,84,ZIMAPAN,MORENA_ESH,19,14627,2,467,15096,30741,3549,Sí
2019,21,PUEBLA,8,AHUAZOTEPEC,PAN,87,4898,0,329,5227,7675,87,No
2019,21,PUEBLA,8,AHUAZOTEPEC,PRI,1868,4898,0,329,5227,7675,1868,No
2019,21,PUEBLA,8,AHUAZOTEPEC,PT,165,4898,0,329,5227,7675,165,No
2019,21,PUEBLA,8,AHUAZOTEPEC,PVEM,29,4898,0,329,5227,7675,29,No
2019,21,PUEBLA,8,AHUAZOTEPEC,PCPP,30,4898,0,329,5227,7675,30,No
2019,21,PUEBLA,8,AHUAZOTEPEC,PSI,1108,4898,0,329,5227,7675,1108,No
2019,21,PUEBLA,8,AHUAZOTEPEC,MORENA,1245,4898,0,329,5227,7675,1245,No
2019,21,PUEBLA,8,AHUAZOTEPEC,NUAL,259,4898,0,329,5227,7675,259,No
2019,21,PUEBLA,8,AHUAZOTEPEC,ES,7,4898,0,329,5227,7675,7,No
2019,21,PUEBLA,8,AHUAZOTEPEC,C_COMUN_PAN_PCPP,12,4898,0,329,5227,7675,129,Sí
2019,21,PUEBLA,8,AHUAZOTEPEC,PT_PVEM_MORENA_ES,13,4898,0,329,5227,7675,1459,Sí
2019,21,PUEBLA,8,AHUAZOTEPEC,PT_PVEM_MORENA,25,4898,0,329,5227,7675,1464,Sí
2019,21,PUEBLA,8,AHUAZOTEPEC,PT_PVEM_ES,0,4898,0,329,5227,7675,201,Sí
2019,21,PUEBLA,8,AHUAZOTEPEC,PT_MORENA_ES,3,4898,0,329,5227,7675,1420,Sí
2019,21,PUEBLA,8,AHUAZOTEPEC,PVEM_MORENA_ES,4,4898,0,329,5227,7675,1285,Sí
2019,21,PUEBLA,8,AHUAZOTEPEC,PT_PVEM,8,4898,0,329,5227,7675,202,Sí
2019,21,PUEBLA,8,AHUAZOTEPEC,PT_MORENA...41,14,4898,0,329,5227,7675,179,Sí
2019,21,PUEBLA,8,AHUAZOTEPEC,PT_ES...42,0,4898,0,329,5227,7675,165,Sí
2019,21,PUEBLA,8,AHUAZOTEPEC,PVEM_MORENA,16,4898,0,329,5227,7675,1290,Sí
2019,21,PUEBLA,8,AHUAZOTEPEC,PVEM_ES,0,4898,0,329,5227,7675,36,Sí
2019,21,PUEBLA,8,AHUAZOTEPEC,MORENA_ES...45,5,4898,0,329,5227,7675,1250,Sí
2019,21,PUEBLA,29,CAÑADA MORELOS,PAN,682,8112,2,297,8411,14083,682,No
2019,21,PUEBLA,29,CAÑADA MORELOS,PRI,4624,8112,2,297,8411,14083,4624,No
2019,21,PUEBLA,29,CAÑADA MORELOS,PRD,70,8112,2,297,8411,14083,70,No
2019,21,PUEBLA,29,CAÑADA MORELOS,PT,286,8112,2,297,8411,14083,286,No
2019,21,PUEBLA,29,CAÑADA MORELOS,PVEM,77,8112,2,297,8411,14083,77,No
2019,21,PUEBLA,29,CAÑADA MORELOS,MC,89,8112,2,297,8411,14083,89,No
2019,21,PUEBLA,29,CAÑADA MORELOS,PCPP,148,8112,2,297,8411,14083,148,No
2019,21,PUEBLA,29,CAÑADA MORELOS,MORENA,1805,8112,2,297,8411,14083,1805,No
2019,21,PUEBLA,29,CAÑADA MORELOS,ES,32,8112,2,297,8411,14083,32,No
2019,21,PUEBLA,29,CAÑADA MORELOS,C_COMUN_PAN_PRD_MC_PCPP,34,8112,2,297,8411,14083,1023,Sí
2019,21,PUEBLA,29,CAÑADA MORELOS,PAN_PRD_MC,7,8112,2,297,8411,14083,848,Sí
2019,21,PUEBLA,29,CAÑADA MORELOS,PAN_PRD_PCPP,26,8112,2,297,8411,14083,926,Sí
2019,21,PUEBLA,29,CAÑADA MORELOS,PAN_MC_PCPP,6,8112,2,297,8411,14083,925,Sí
2019,21,PUEBLA,29,CAÑADA MORELOS,PRD_MC_PCPP,5,8112,2,297,8411,14083,312,Sí
2019,21,PUEBLA,29,CAÑADA MORELOS,PAN_PRD,10,8112,2,297,8411,14083,762,Sí
2019,21,PUEBLA,29,CAÑADA MORELOS,PAN_MC,9,8112,2,297,8411,14083,780,Sí
2019,21,PUEBLA,29,CAÑADA MORELOS,PAN_PCPP,19,8112,2,297,8411,14083,849,Sí
2019,21,PUEBLA,29,CAÑADA MORELOS,PRD_MC...28,3,8112,2,297,8411,14083,73,Sí
2019,21,PUEBLA,29,CAÑADA MORELOS,PRD_PCPP...29,2,8112,2,297,8411,14083,72,Sí
2019,21,PUEBLA,29,CAÑADA MORELOS,MC_PCPP...30,2,8112,2,297,8411,14083,91,Sí
2019,21,PUEBLA,29,CAÑADA MORELOS,PT_PVEM_MORENA_ES,32,8112,2,297,8411,14083,2232,Sí
2019,21,PUEBLA,29,CAÑADA MORELOS,PT_PVEM_MORENA,24,8112,2,297,8411,14083,2192,Sí
2019,21,PUEBLA,29,CAÑADA MORELOS,PT_PVEM_ES,3,8112,2,297,8411,14083,398,Sí
2019,21,PUEBLA,29,CAÑADA MORELOS,PT_MORENA_ES,5,8112,2,297,8411,14083,2128,Sí
2019,21,PUEBLA,29,CAÑADA MORELOS,PVEM_MORENA_ES,5,8112,2,297,8411,14083,1919,Sí
2019,21,PUEBLA,29,CAÑADA MORELOS,PT_PVEM,18,8112,2,297,8411,14083,381,Sí
2019,21,PUEBLA,29,CAÑADA MORELOS,PT_MORENA...41,61,8112,2,297,8411,14083,347,Sí
2019,21,PUEBLA,29,CAÑADA MORELOS,PT_ES...42,1,8112,2,297,8411,14083,287,Sí
2019,21,PUEBLA,29,CAÑADA MORELOS,PVEM_MORENA,20,8112,2,297,8411,14083,1902,Sí
2019,21,PUEBLA,29,CAÑADA MORELOS,PVEM_ES,1,8112,2,297,8411,14083,110,Sí
2019,21,PUEBLA,29,CAÑADA MORELOS,MORENA_ES...45,6,8112,2,297,8411,14083,1811,Sí
2019,21,PUEBLA,98,MAZAPILTEPEC DE JUAREZ,PRI,455,1556,2,39,1597,2154,455,No
2019,21,PUEBLA,98,MAZAPILTEPEC DE JUAREZ,PT,6,1556,2,39,1597,2154,6,No
2019,21,PUEBLA,98,MAZAPILTEPEC DE JUAREZ,PVEM,36,1556,2,39,1597,2154,36,No
2019,21,PUEBLA,98,MAZAPILTEPEC DE JUAREZ,MC,545,1556,2,39,1597,2154,545,No
2019,21,PUEBLA,98,MAZAPILTEPEC DE JUAREZ,PCPP,217,1556,2,39,1597,2154,217,No
2019,21,PUEBLA,98,MAZAPILTEPEC DE JUAREZ,PSI,8,1556,2,39,1597,2154,8,No
2019,21,PUEBLA,98,MAZAPILTEPEC DE JUAREZ,MORENA,190,1556,2,39,1597,2154,190,No
2019,21,PUEBLA,98,MAZAPILTEPEC DE JUAREZ,ES,55,1556,2,39,1597,2154,55,No
2019,21,PUEBLA,98,MAZAPILTEPEC DE JUAREZ,C_COMUN_PRI_PCPP,44,1556,2,39,1597,2154,716,Sí
2019,21,PUEBLA,107,OCOYUCAN,PAN,2612,14134,1,478,14613,25115,2612,No
2019,21,PUEBLA,107,OCOYUCAN,PRI,5726,14134,1,478,14613,25115,5726,No
2019,21,PUEBLA,107,OCOYUCAN,PRD,2488,14134,1,478,14613,25115,2488,No
2019,21,PUEBLA,107,OCOYUCAN,PT,179,14134,1,478,14613,25115,179,No
2019,21,PUEBLA,107,OCOYUCAN,PVEM,109,14134,1,478,14613,25115,109,No
2019,21,PUEBLA,107,OCOYUCAN,MC,150,14134,1,478,14613,25115,150,No
2019,21,PUEBLA,107,OCOYUCAN,PCPP,379,14134,1,478,14613,25115,379,No
2019,21,PUEBLA,107,OCOYUCAN,MORENA,2057,14134,1,478,14613,25115,2057,No
2019,21,PUEBLA,107,OCOYUCAN,ES,22,14134,1,478,14613,25115,22,No
2019,21,PUEBLA,107,OCOYUCAN,C_COMUN_PRD_MC_PCPP,148,14134,1,478,14613,25115,3165,Sí
2019,21,PUEBLA,107,OCOYUCAN,PRD_MC...32,44,14134,1,478,14613,25115,2532,Sí
2019,21,PUEBLA,107,OCOYUCAN,PRD_PCPP...33,53,14134,1,478,14613,25115,2541,Sí
2019,21,PUEBLA,107,OCOYUCAN,MC_PCPP...34,14,14134,1,478,14613,25115,164,Sí
2019,21,PUEBLA,107,OCOYUCAN,PT_PVEM_MORENA_ES,20,14134,1,478,14613,25115,2387,Sí
2019,21,PUEBLA,107,OCOYUCAN,PT_PVEM_MORENA,37,14134,1,478,14613,25115,2382,Sí
2019,21,PUEBLA,107,OCOYUCAN,PT_PVEM_ES,2,14134,1,478,14613,25115,312,Sí
2019,21,PUEBLA,107,OCOYUCAN,PT_MORENA_ES,14,14134,1,478,14613,25115,2272,Sí
2019,21,PUEBLA,107,OCOYUCAN,PVEM_MORENA_ES,7,14134,1,478,14613,25115,2195,Sí
2019,21,PUEBLA,107,OCOYUCAN,PT_PVEM,13,14134,1,478,14613,25115,301,Sí
2019,21,PUEBLA,107,OCOYUCAN,PT_MORENA...41,32,14134,1,478,14613,25115,211,Sí
2019,21,PUEBLA,107,OCOYUCAN,PT_ES...42,1,14134,1,478,14613,25115,180,Sí
2019,21,PUEBLA,107,OCOYUCAN,PVEM_MORENA,17,14134,1,478,14613,25115,2183,Sí
2019,21,PUEBLA,107,OCOYUCAN,PVEM_ES,0,14134,1,478,14613,25115,131,Sí
2019,21,PUEBLA,107,OCOYUCAN,MORENA_ES...45,10,14134,1,478,14613,25115,2067,Sí
2019,21,PUEBLA,165,TEPEOJUMA,PRI,2263,4576,1,181,4758,6887,2263,No
2019,21,PUEBLA,165,TEPEOJUMA,PT,587,4576,1,181,4758,6887,587,No
2019,21,PUEBLA,165,TEPEOJUMA,PVEM,11,4576,1,181,4758,6887,11,No
2019,21,PUEBLA,165,TEPEOJUMA,MC,15,4576,1,181,4758,6887,15,No
2019,21,PUEBLA,165,TEPEOJUMA,MORENA,1445,4576,1,181,4758,6887,1445,No
2019,21,PUEBLA,165,TEPEOJUMA,ES,21,4576,1,181,4758,6887,21,No
2019,21,PUEBLA,165,TEPEOJUMA,C_COMUN_PT_MORENA_ES,36,4576,1,181,4758,6887,2089,Sí
2019,21,PUEBLA,165,TEPEOJUMA,PT_MORENA...47,180,4576,1,181,4758,6887,767,Sí
2019,21,PUEBLA,165,TEPEOJUMA,PT_ES...48,8,4576,1,181,4758,6887,595,Sí
2019,21,PUEBLA,165,TEPEOJUMA,MORENA_ES...49,10,4576,1,181,4758,6887,1455,Sí
