Año,ID_ESTADO,NOMBRE_ESTADO,ID_MUNICIPIO,MUNICIPIO,Partido,Votos,NUM_VOTOS_VALIDOS,NUM_VOTOS_CAN_NREG,NUM_VOTOS_NULOS,TOTAL_VOTOS,LISTA_NOMINAL,votos_coalicion,Coalición
2016,1,AGUASCALIENTES,1,AGUASCALIENTES,PAN,117189,285784,196,7808,293788,606018,117189,No
2016,1,AGUASCALIENTES,1,AGUASCALIENTES,PRI,81101,285784,196,7808,293788,606018,81101,No
2016,1,AGUASCALIENTES,1,AGUASCALIENTES,PRD,11443,285784,196,7808,293788,606018,11443,No
2016,1,AGUASCALIENTES,1,AGUASCALIENTES,PT,2721,285784,196,7808,293788,606018,2721,No
2016,1,AGUASCALIENTES,1,AGUASCALIENTES,PVEM,4995,285784,196,7808,293788,606018,4995,No
2016,1,AGUASCALIENTES,1,AGUASCALIENTES,MC,6215,285784,196,7808,293788,606018,6215,No
2016,1,AGUASCALIENTES,1,AGUASCALIENTES,NUAL,6143,285784,196,7808,293788,606018,6143,No
2016,1,AGUASCALIENTES,1,AGUASCALIENTES,MORENA,10153,285784,196,7808,293788,606018,10153,No
2016,1,AGUASCALIENTES,1,AGUASCALIENTES,ES,4401,285784,196,7808,293788,606018,4401,No
2016,1,AGUASCALIENTES,1,AGUASCALIENTES,PRI_PT_NUAL,397,285784,196,7808,293788,606018,90362,Sí
2016,1,AGUASCALIENTES,1,AGUASCALIENTES,PRI_PT,1652,285784,196,7808,293788,606018,85474,Sí
2016,1,AGUASCALIENTES,1,AGUASCALIENTES,PRI_NUAL,236,285784,196,7808,293788,606018,87480,Sí
2016,1,AGUASCALIENTES,1,AGUASCALIENTES,PT_NUAL,29,285784,196,7808,293788,606018,8893,Sí
2016,1,AGUASCALIENTES,1,AGUASCALIENTES,Candidatura Independiente,39108,285784,196,7808,293788,606018,39108,No
2016,1,AGUASCALIENTES,2,ASIENTOS,PAN,7130,20692,9,614,21315,32191,7130,No
2016,1,AGUASCALIENTES,2,ASIENTOS,PRI,3624,20692,9,614,21315,32191,3624,No
2016,1,AGUASCALIENTES,2,ASIENTOS,PRD,278,20692,9,614,21315,32191,278,No
2016,1,AGUASCALIENTES,2,ASIENTOS,PT,137,20692,9,614,21315,32191,137,No
2016,1,AGUASCALIENTES,2,ASIENTOS,PVEM,514,20692,9,614,21315,32191,514,No
2016,1,AGUASCALIENTES,2,ASIENTOS,MC,299,20692,9,614,21315,32191,299,No
2016,1,AGUASCALIENTES,2,ASIENTOS,NUAL,7774,20692,9,614,21315,32191,7774,No
2016,1,AGUASCALIENTES,2,ASIENTOS,MORENA,366,20692,9,614,21315,32191,366,No
2016,1,AGUASCALIENTES,2,ASIENTOS,ES,323,20692,9,614,21315,32191,323,No
2016,1,AGUASCALIENTES,2,ASIENTOS,PRI_PT_NUAL,25,20692,9,614,21315,32191,11560,Sí
2016,1,AGUASCALIENTES,2,ASIENTOS,PRI_PT,21,20692,9,614,21315,32191,3782,Sí
2016,1,AGUASCALIENTES,2,ASIENTOS,PRI_NUAL,185,20692,9,614,21315,32191,11583,Sí
2016,1,AGUASCALIENTES,2,ASIENTOS,PT_NUAL,16,20692,9,614,21315,32191,7927,Sí
2016,1,AGUASCALIENTES,3,CALVILLO,PAN,12334,23412,12,705,24129,44001,12334,No
2016,1,AGUASCALIENTES,3,CALVILLO,PRI,6178,23412,12,705,24129,44001,6178,No
2016,1,AGUASCALIENTES,3,CALVILLO,PRD,2048,23412,12,705,24129,44001,2048,No
2016,1,AGUASCALIENTES,3,CALVILLO,PT,543,23412,12,705,24129,44001,543,No
2016,1,AGUASCALIENTES,3,CALVILLO,PVEM,647,23412,12,705,24129,44001,647,No
2016,1,AGUASCALIENTES,3,CALVILLO,MC,356,23412,12,705,24129,44001,356,No
2016,1,AGUASCALIENTES,3,CALVILLO,NUAL,472,23412,12,705,24129,44001,472,No
2016,1,AGUASCALIENTES,3,CALVILLO,MORENA,326,23412,12,705,24129,44001,326,No
2016,1,AGUASCALIENTES,3,CALVILLO,ES,420,23412,12,705,24129,44001,420,No
2016,1,AGUASCALIENTES,3,CALVILLO,PRI_PT_NUAL,20,23412,12,705,24129,44001,7213,Sí
2016,1,AGUASCALIENTES,3,CALVILLO,PRI_PT,55,23412,12,705,24129,44001,6776,Sí
2016,1,AGUASCALIENTES,3,CALVILLO,PRI_NUAL,13,23412,12,705,24129,44001,6663,Sí
2016,1,AGUASCALIENTES,3,CALVILLO,PT_NUAL,0,23412,12,705,24129,44001,1015,Sí
2016,1,AGUASCALIENTES,4,COSIO,PAN,929,7635,12,232,7879,10895,929,No
2016,1,AGUASCALIENTES,4,COSIO,PRI,1646,7635,12,232,7879,10895,1646,No
2016,1,AGUASCALIENTES,4,COSIO,PRD,83,7635,12,232,7879,10895,83,No
2016,1,AGUASCALIENTES,4,COSIO,PT,89,7635,12,232,7879,10895,89,No
2016,1,AGUASCALIENTES,4,COSIO,PVEM,1781,7635,12,232,7879,10895,1781,No
2016,1,AGUASCALIENTES,4,COSIO,MC,175,7635,12,232,7879,10895,175,No
2016,1,AGUASCALIENTES,4,COSIO,NUAL,148,7635,12,232,7879,10895,148,No
2016,1,AGUASCALIENTES,4,COSIO,MORENA,218,7635,12,232,7879,10895,218,No
2016,1,AGUASCALIENTES,4,COSIO,ES,453,7635,12,232,7879,10895,453,No
2016,1,AGUASCALIENTES,4,COSIO,PRI_PT_NUAL,1,7635,12,232,7879,10895,1884,Sí
2016,1,AGUASCALIENTES,4,COSIO,PRI_PT,7,7635,12,232,7879,10895,1742,Sí
2016,1,AGUASCALIENTES,4,COSIO,PRI_NUAL,4,7635,12,232,7879,10895,1798,Sí
2016,1,AGUASCALIENTES,4,COSIO,PT_NUAL,0,7635,12,232,7879,10895,237,Sí
2016,1,AGUASCALIENTES,4,COSIO,Candidatura Independiente,2101,7635,12,232,7879,10895,2101,No
2016,1,AGUASCALIENTES,5,JESUS MARIA,PAN,16009,34972,39,922,35933,72369,16009,No
2016,1,AGUASCALIENTES,5,JESUS MARIA,PRI,11772,34972,39,922,35933,72369,11772,No
2016,1,AGUASCALIENTES,5,JESUS MARIA,PRD,922,34972,39,922,35933,72369,922,No
2016,1,AGUASCALIENTES,5,JESUS MARIA,PT,434,34972,39,922,35933,72369,434,No
2016,1,AGUASCALIENTES,5,JESUS MARIA,PVEM,768,34972,39,922,35933,72369,768,No
2016,1,AGUASCALIENTES,5,JESUS MARIA,MC,548,34972,39,922,35933,72369,548,No
2016,1,AGUASCALIENTES,5,JESUS MARIA,NUAL,901,34972,39,922,35933,72369,901,No
2016,1,AGUASCALIENTES,5,JESUS MARIA,MORENA,1095,34972,39,922,35933,72369,1095,No
2016,1,AGUASCALIENTES,5,JESUS MARIA,ES,531,34972,39,922,35933,72369,531,No
2016,1,AGUASCALIENTES,5,JESUS MARIA,PRI_PT_NUAL,26,34972,39,922,35933,72369,13133,Sí
2016,1,AGUASCALIENTES,5,JESUS MARIA,PRI_PT,18,34972,39,922,35933,72369,12224,Sí
2016,1,AGUASCALIENTES,5,JESUS MARIA,PRI_NUAL,20,34972,39,922,35933,72369,12693,Sí
2016,1,AGUASCALIENTES,5,JESUS MARIA,PT_NUAL,0,34972,39,922,35933,72369,1335,Sí
2016,1,AGUASCALIENTES,5,JESUS MARIA,Candidatura Independiente,1928,34972,39,922,35933,72369,1928,No
2016,1,AGUASCALIENTES,6,PABELLON DE ARTEAGA,PAN,2510,17996,49,640,18685,29249,2510,No
2016,1,AGUASCALIENTES,6,PABELLON DE ARTEAGA,PRI,2294,17996,49,640,18685,29249,2294,No
2016,1,AGUASCALIENTES,6,PABELLON DE ARTEAGA,PRD,8085,17996,49,640,18685,29249,8085,No
2016,1,AGUASCALIENTES,6,PABELLON DE ARTEAGA,PT,445,17996,49,640,18685,29249,445,No
2016,1,AGUASCALIENTES,6,PABELLON DE ARTEAGA,PVEM,757,17996,49,640,18685,29249,757,No
2016,1,AGUASCALIENTES,6,PABELLON DE ARTEAGA,MC,273,17996,49,640,18685,29249,273,No
2016,1,AGUASCALIENTES,6,PABELLON DE ARTEAGA,NUAL,2302,17996,49,640,18685,29249,2302,No
2016,1,AGUASCALIENTES,6,PABELLON DE ARTEAGA,MORENA,239,17996,49,640,18685,29249,239,No
2016,1,AGUASCALIENTES,6,PABELLON DE ARTEAGA,ES,444,17996,49,640,18685,29249,444,No
2016,1,AGUASCALIENTES,6,PABELLON DE ARTEAGA,PRI_PT_NUAL,20,17996,49,640,18685,29249,5061,Sí
2016,1,AGUASCALIENTES,6,PABELLON DE ARTEAGA,PRI_PT,17,17996,49,640,18685,29249,2756,Sí
2016,1,AGUASCALIENTES,6,PABELLON DE ARTEAGA,PRI_NUAL,44,17996,49,640,18685,29249,4640,Sí
2016,1,AGUASCALIENTES,6,PABELLON DE ARTEAGA,PT_NUAL,3,17996,49,640,18685,29249,2750,Sí
2016,1,AGUASCALIENTES,6,PABELLON DE ARTEAGA,Candidatura Independiente,563,17996,49,640,18685,29249,563,No
2016,1,AGUASCALIENTES,7,RINCON DE ROMOS,PAN,7470,19773,28,673,20474,35392,7470,No
2016,1,AGUASCALIENTES,7,RINCON DE ROMOS,PRI,3938,19773,28,673,20474,35392,3938,No
2016,1,AGUASCALIENTES,7,RINCON DE ROMOS,PRD,308,19773,28,673,20474,35392,308,No
2016,1,AGUASCALIENTES,7,RINCON DE ROMOS,PT,342,19773,28,673,20474,35392,342,No
2016,1,AGUASCALIENTES,7,RINCON DE ROMOS,PVEM,936,19773,28,673,20474,35392,936,No
2016,1,AGUASCALIENTES,7,RINCON DE ROMOS,MC,1434,19773,28,673,20474,35392,1434,No
2016,1,AGUASCALIENTES,7,RINCON DE ROMOS,NUAL,3343,19773,28,673,20474,35392,3343,No
2016,1,AGUASCALIENTES,7,RINCON DE ROMOS,MORENA,526,19773,28,673,20474,35392,526,No
2016,1,AGUASCALIENTES,7,RINCON DE ROMOS,ES,711,19773,28,673,20474,35392,711,No
2016,1,AGUASCALIENTES,7,RINCON DE ROMOS,PRI_PT_NUAL,38,19773,28,673,20474,35392,7661,Sí
2016,1,AGUASCALIENTES,7,RINCON DE ROMOS,PRI_PT,46,19773,28,673,20474,35392,4326,Sí
2016,1,AGUASCALIENTES,7,RINCON DE ROMOS,PRI_NUAL,76,19773,28,673,20474,35392,7357,Sí
2016,1,AGUASCALIENTES,7,RINCON DE ROMOS,PT_NUAL,46,19773,28,673,20474,35392,3731,Sí
2016,1,AGUASCALIENTES,7,RINCON DE ROMOS,Candidatura Independiente,378,19773,28,673,20474,35392,378,No
2016,1,AGUASCALIENTES,7,RINCON DE ROMOS,Candidatura Independiente,181,19773,28,673,20474,35392,181,No
2016,1,AGUASCALIENTES,8,SAN JOSE DE GRACIA,PAN,1882,4890,1,56,4947,6514,1882,No
2016,1,AGUASCALIENTES,8,SAN JOSE DE GRACIA,PRI,948,4890,1,56,4947,6514,948,No
2016,1,AGUASCALIENTES,8,SAN JOSE DE GRACIA,PRD,258,4890,1,56,4947,6514,258,No
2016,1,AGUASCALIENTES,8,SAN JOSE DE GRACIA,PT,235,4890,1,56,4947,6514,235,No
2016,1,AGUASCALIENTES,8,SAN JOSE DE GRACIA,PVEM,83,4890,1,56,4947,6514,83,No
2016,1,AGUASCALIENTES,8,SAN JOSE DE GRACIA,MC,386,4890,1,56,4947,6514,386,No
2016,1,AGUASCALIENTES,8,SAN JOSE DE GRACIA,NUAL,308,4890,1,56,4947,6514,308,No
2016,1,AGUASCALIENTES,8,SAN JOSE DE GRACIA,MORENA,335,4890,1,56,4947,6514,335,No
2016,1,AGUASCALIENTES,8,SAN JOSE DE GRACIA,ES,38,4890,1,56,4947,6514,38,No
2016,1,AGUASCALIENTES,8,SAN JOSE DE GRACIA,PRI_PT_NUAL,7,4890,1,56,4947,6514,1498,Sí
2016,1,AGUASCALIENTES,8,SAN JOSE DE GRACIA,PRI_PT,4,4890,1,56,4947,6514,1187,Sí
2016,1,AGUASCALIENTES,8,SAN JOSE DE GRACIA,PRI_NUAL,0,4890,1,56,4947,6514,1256,Sí
2016,1,AGUASCALIENTES,8,SAN JOSE DE GRACIA,PT_NUAL,1,4890,1,56,4947,6514,544,Sí
2016,1,AGUASCALIENTES,8,SAN JOSE DE GRACIA,Candidatura Independiente,405,4890,1,56,4947,6514,405,No
2016,1,AGUASCALIENTES,9,TEPEZALA,PAN,3554,10140,2,291,10433,14442,3554,No
2016,1,AGUASCALIENTES,9,TEPEZALA,PRI,445,10140,2,291,10433,14442,445,No
2016,1,AGUASCALIENTES,9,TEPEZALA,PRD,225,10140,2,291,10433,14442,225,No
2016,1,AGUASCALIENTES,9,TEPEZALA,PT,315,10140,2,291,10433,14442,315,No
2016,1,AGUASCALIENTES,9,TEPEZALA,PVEM,3617,10140,2,291,10433,14442,3617,No
2016,1,AGUASCALIENTES,9,TEPEZALA,MC,271,10140,2,291,10433,14442,271,No
2016,1,AGUASCALIENTES,9,TEPEZALA,NUAL,1504,10140,2,291,10433,14442,1504,No
2016,1,AGUASCALIENTES,9,TEPEZALA,MORENA,178,10140,2,291,10433,14442,178,No
2016,1,AGUASCALIENTES,9,TEPEZALA,PRI_PT_NUAL,8,10140,2,291,10433,14442,2272,Sí
2016,1,AGUASCALIENTES,9,TEPEZALA,PRI_PT,0,10140,2,291,10433,14442,760,Sí
2016,1,AGUASCALIENTES,9,TEPEZALA,PRI_NUAL,19,10140,2,291,10433,14442,1968,Sí
2016,1,AGUASCALIENTES,9,TEPEZALA,PT_NUAL,4,10140,2,291,10433,14442,1823,Sí
2016,1,AGUASCALIENTES,10,SAN FRANCISCO DE LOS ROMO,PAN,4974,14409,8,424,14841,28457,4974,No
2016,1,AGUASCALIENTES,10,SAN FRANCISCO DE LOS ROMO,PRI,5414,14409,8,424,14841,28457,5414,No
2016,1,AGUASCALIENTES,10,SAN FRANCISCO DE LOS ROMO,PRD,267,14409,8,424,14841,28457,267,No
2016,1,AGUASCALIENTES,10,SAN FRANCISCO DE LOS ROMO,PT,237,14409,8,424,14841,28457,237,No
2016,1,AGUASCALIENTES,10,SAN FRANCISCO DE LOS ROMO,PVEM,631,14409,8,424,14841,28457,631,No
2016,1,AGUASCALIENTES,10,SAN FRANCISCO DE LOS ROMO,MC,134,14409,8,424,14841,28457,134,No
2016,1,AGUASCALIENTES,10,SAN FRANCISCO DE LOS ROMO,NUAL,1552,14409,8,424,14841,28457,1552,No
2016,1,AGUASCALIENTES,10,SAN FRANCISCO DE LOS ROMO,MORENA,354,14409,8,424,14841,28457,354,No
2016,1,AGUASCALIENTES,10,SAN FRANCISCO DE LOS ROMO,ES,445,14409,8,424,14841,28457,445,No
2016,1,AGUASCALIENTES,10,SAN FRANCISCO DE LOS ROMO,Candidatura Independiente,401,14409,8,424,14841,28457,401,No
2016,1,AGUASCALIENTES,11,EL LLANO,PAN,1998,9636,2,318,9956,14108,1998,No
2016,1,AGUASCALIENTES,11,EL LLANO,PRI,1086,9636,2,318,9956,14108,1086,No
2016,1,AGUASCALIENTES,11,EL LLANO,PRD,2402,9636,2,318,9956,14108,2402,No
2016,1,AGUASCALIENTES,11,EL LLANO,PT,2390,9636,2,318,9956,14108,2390,No
2016,1,AGUASCALIENTES,11,EL LLANO,PVEM,556,9636,2,318,9956,14108,556,No
2016,1,AGUASCALIENTES,11,EL LLANO,MC,763,9636,2,318,9956,14108,763,No
2016,1,AGUASCALIENTES,11,EL LLANO,NUAL,223,9636,2,318,9956,14108,223,No
2016,1,AGUASCALIENTES,11,EL LLANO,MORENA,77,9636,2,318,9956,14108,77,No
2016,1,AGUASCALIENTES,11,EL LLANO,ES,52,9636,2,318,9956,14108,52,No
2016,1,AGUASCALIENTES,11,EL LLANO,PRI_PT_NUAL,11,9636,2,318,9956,14108,3710,Sí
2016,1,AGUASCALIENTES,11,EL LLANO,PRI_PT,74,9636,2,318,9956,14108,3550,Sí
2016,1,AGUASCALIENTES,11,EL LLANO,PRI_NUAL,2,9636,2,318,9956,14108,1311,Sí
2016,1,AGUASCALIENTES,11,EL LLANO,PT_NUAL,2,9636,2,318,9956,14108,2615,Sí
2016,2,BAJA CALIFORNIA,1,ENSENADA,PAN,29017,128586,54,3928,132568,369996,29017,No
2016,2,BAJA CALIFORNIA,1,ENSENADA,PRI,24691,128586,54,3928,132568,369996,24691,No
2016,2,BAJA CALIFORNIA,1,ENSENADA,PRD,5255,128586,54,3928,132568,369996,5255,No
2016,2,BAJA CALIFORNIA,1,ENSENADA,PT,4170,128586,54,3928,132568,369996,4170,No
2016,2,BAJA CALIFORNIA,1,ENSENADA,PVEM,1626,128586,54,3928,132568,369996,1626,No
2016,2,BAJA CALIFORNIA,1,ENSENADA,PBC,1646,128586,54,3928,132568,369996,1646,No
2016,2,BAJA CALIFORNIA,1,ENSENADA,NUAL,1791,128586,54,3928,132568,369996,1791,No
2016,2,BAJA CALIFORNIA,1,ENSENADA,PES,9000,128586,54,3928,132568,369996,9000,No
2016,2,BAJA CALIFORNIA,1,ENSENADA,MC,2586,128586,54,3928,132568,369996,2586,No
2016,2,BAJA CALIFORNIA,1,ENSENADA,MORENA,11861,128586,54,3928,132568,369996,11861,No
2016,2,BAJA CALIFORNIA,1,ENSENADA,PPC,1312,128586,54,3928,132568,369996,1312,No
2016,2,BAJA CALIFORNIA,1,ENSENADA,MUNICIPALISTA,1923,128586,54,3928,132568,369996,1923,No
2016,2,BAJA CALIFORNIA,1,ENSENADA,PRI_PT_PVEM_NUAL,254,128586,54,3928,132568,369996,32532,Sí
2016,2,BAJA CALIFORNIA,1,ENSENADA,PRI_PT_PVEM,73,128586,54,3928,132568,369996,30560,Sí
2016,2,BAJA CALIFORNIA,1,ENSENADA,PRI_PT_NUAL,15,128586,54,3928,132568,369996,30667,Sí
2016,2,BAJA CALIFORNIA,1,ENSENADA,PRI_PVEM_NUAL,40,128586,54,3928,132568,369996,28148,Sí
2016,2,BAJA CALIFORNIA,1,ENSENADA,PT_PVEM_NUAL,7,128586,54,3928,132568,369996,7594,Sí
2016,2,BAJA CALIFORNIA,1,ENSENADA,PRI_PT,330,128586,54,3928,132568,369996,29191,Sí
2016,2,BAJA CALIFORNIA,1,ENSENADA,PRI_PVEM,190,128586,54,3928,132568,369996,26507,Sí
2016,2,BAJA CALIFORNIA,1,ENSENADA,PRI_NUAL,53,128586,54,3928,132568,369996,26535,Sí
2016,2,BAJA CALIFORNIA,1,ENSENADA,PT_PVEM,31,128586,54,3928,132568,369996,5827,Sí
2016,2,BAJA CALIFORNIA,1,ENSENADA,PT_NUAL,8,128586,54,3928,132568,369996,5969,Sí
2016,2,BAJA CALIFORNIA,1,ENSENADA,PVEM_NUAL,17,128586,54,3928,132568,369996,3434,Sí
2016,2,BAJA CALIFORNIA,1,ENSENADA,Candidatura Independiente,3869,128586,54,3928,132568,369996,3869,No
2016,2,BAJA CALIFORNIA,1,ENSENADA,Candidatura Independiente,28821,128586,54,3928,132568,369996,28821,No
2016,2,BAJA CALIFORNIA,2,MEXICALI,PAN,83503,230650,226,8314,239190,738945,83503,No
2016,2,BAJA CALIFORNIA,2,MEXICALI,PRI,54478,230650,226,8314,239190,738945,54478,No
2016,2,BAJA CALIFORNIA,2,MEXICALI,PRD,3461,230650,226,8314,239190,738945,3461,No
2016,2,BAJA CALIFORNIA,2,MEXICALI,PT,1671,230650,226,8314,239190,738945,1671,No
2016,2,BAJA CALIFORNIA,2,MEXICALI,PVEM,3483,230650,226,8314,239190,738945,3483,No
2016,2,BAJA CALIFORNIA,2,MEXICALI,PBC,19660,230650,226,8314,239190,738945,19660,No
2016,2,BAJA CALIFORNIA,2,MEXICALI,NUAL,5626,230650,226,8314,239190,738945,5626,No
2016,2,BAJA CALIFORNIA,2,MEXICALI,PES,11387,230650,226,8314,239190,738945,11387,No
2016,2,BAJA CALIFORNIA,2,MEXICALI,MC,21892,230650,226,8314,239190,738945,21892,No
2016,2,BAJA CALIFORNIA,2,MEXICALI,MORENA,16309,230650,226,8314,239190,738945,16309,No
2016,2,BAJA CALIFORNIA,2,MEXICALI,PPC,2398,230650,226,8314,239190,738945,2398,No
2016,2,BAJA CALIFORNIA,2,MEXICALI,MUNICIPALISTA,2552,230650,226,8314,239190,738945,2552,No
2016,2,BAJA CALIFORNIA,2,MEXICALI,PH,3288,230650,226,8314,239190,738945,3288,No
2016,2,BAJA CALIFORNIA,2,MEXICALI,PRI_PT_PVEM_NUAL,830,230650,226,8314,239190,738945,66088,Sí
2016,2,BAJA CALIFORNIA,2,MEXICALI,PRI_PT_PVEM,147,230650,226,8314,239190,738945,59779,Sí
2016,2,BAJA CALIFORNIA,2,MEXICALI,PRI_PT_NUAL,79,230650,226,8314,239190,738945,61854,Sí
2016,2,BAJA CALIFORNIA,2,MEXICALI,PRI_PVEM_NUAL,247,230650,226,8314,239190,738945,63834,Sí
2016,2,BAJA CALIFORNIA,2,MEXICALI,PT_PVEM_NUAL,23,230650,226,8314,239190,738945,10803,Sí
2016,2,BAJA CALIFORNIA,2,MEXICALI,PRI_PT,347,230650,226,8314,239190,738945,56496,Sí
2016,2,BAJA CALIFORNIA,2,MEXICALI,PRI_PVEM,649,230650,226,8314,239190,738945,58610,Sí
2016,2,BAJA CALIFORNIA,2,MEXICALI,PRI_NUAL,408,230650,226,8314,239190,738945,60512,Sí
2016,2,BAJA CALIFORNIA,2,MEXICALI,PT_PVEM,32,230650,226,8314,239190,738945,5186,Sí
2016,2,BAJA CALIFORNIA,2,MEXICALI,PT_NUAL,46,230650,226,8314,239190,738945,7343,Sí
2016,2,BAJA CALIFORNIA,2,MEXICALI,PVEM_NUAL,70,230650,226,8314,239190,738945,9179,Sí
2016,2,BAJA CALIFORNIA,3,TECATE,PAN,8097,28778,47,875,29700,80575,8097,No
2016,2,BAJA CALIFORNIA,3,TECATE,PRI,7864,28778,47,875,29700,80575,7864,No
2016,2,BAJA CALIFORNIA,3,TECATE,PRD,547,28778,47,875,29700,80575,547,No
2016,2,BAJA CALIFORNIA,3,TECATE,PT,318,28778,47,875,29700,80575,318,No
2016,2,BAJA CALIFORNIA,3,TECATE,PVEM,469,28778,47,875,29700,80575,469,No
2016,2,BAJA CALIFORNIA,3,TECATE,PBC,265,28778,47,875,29700,80575,265,No
2016,2,BAJA CALIFORNIA,3,TECATE,NUAL,289,28778,47,875,29700,80575,289,No
2016,2,BAJA CALIFORNIA,3,TECATE,PES,1233,28778,47,875,29700,80575,1233,No
2016,2,BAJA CALIFORNIA,3,TECATE,MC,1549,28778,47,875,29700,80575,1549,No
2016,2,BAJA CALIFORNIA,3,TECATE,MORENA,1512,28778,47,875,29700,80575,1512,No
2016,2,BAJA CALIFORNIA,3,TECATE,PPC,829,28778,47,875,29700,80575,829,No
2016,2,BAJA CALIFORNIA,3,TECATE,MUNICIPALISTA,146,28778,47,875,29700,80575,146,No
2016,2,BAJA CALIFORNIA,3,TECATE,PH,603,28778,47,875,29700,80575,603,No
2016,2,BAJA CALIFORNIA,3,TECATE,PRI_PT_PVEM_NUAL,49,28778,47,875,29700,80575,8989,Sí
2016,2,BAJA CALIFORNIA,3,TECATE,PRI_PT_PVEM,81,28778,47,875,29700,80575,8732,Sí
2016,2,BAJA CALIFORNIA,3,TECATE,PRI_PT_NUAL,7,28778,47,875,29700,80575,8478,Sí
2016,2,BAJA CALIFORNIA,3,TECATE,PRI_PVEM_NUAL,16,28778,47,875,29700,80575,8638,Sí
2016,2,BAJA CALIFORNIA,3,TECATE,PT_PVEM_NUAL,0,28778,47,875,29700,80575,1076,Sí
2016,2,BAJA CALIFORNIA,3,TECATE,PRI_PT,38,28778,47,875,29700,80575,8220,Sí
2016,2,BAJA CALIFORNIA,3,TECATE,PRI_PVEM,94,28778,47,875,29700,80575,8427,Sí
2016,2,BAJA CALIFORNIA,3,TECATE,PRI_NUAL,5,28778,47,875,29700,80575,8158,Sí
2016,2,BAJA CALIFORNIA,3,TECATE,PT_PVEM,3,28778,47,875,29700,80575,790,Sí
2016,2,BAJA CALIFORNIA,3,TECATE,PT_NUAL,1,28778,47,875,29700,80575,608,Sí
2016,2,BAJA CALIFORNIA,3,TECATE,PVEM_NUAL,2,28778,47,875,29700,80575,760,Sí
2016,2,BAJA CALIFORNIA,3,TECATE,Candidatura Independiente,4761,28778,47,875,29700,80575,4761,No
2016,2,BAJA CALIFORNIA,4,TIJUANA,PAN,95252,394467,328,12050,406845,1293730,95252,No
2016,2,BAJA CALIFORNIA,4,TIJUANA,PRI,66531,394467,328,12050,406845,1293730,66531,No
2016,2,BAJA CALIFORNIA,4,TIJUANA,PRD,7566,394467,328,12050,406845,1293730,7566,No
2016,2,BAJA CALIFORNIA,4,TIJUANA,PT,5483,394467,328,12050,406845,1293730,5483,No
2016,2,BAJA CALIFORNIA,4,TIJUANA,PVEM,6799,394467,328,12050,406845,1293730,6799,No
2016,2,BAJA CALIFORNIA,4,TIJUANA,PBC,7867,394467,328,12050,406845,1293730,7867,No
2016,2,BAJA CALIFORNIA,4,TIJUANA,NUAL,7185,394467,328,12050,406845,1293730,7185,No
2016,2,BAJA CALIFORNIA,4,TIJUANA,PES,91125,394467,328,12050,406845,1293730,91125,No
2016,2,BAJA CALIFORNIA,4,TIJUANA,MC,6705,394467,328,12050,406845,1293730,6705,No
2016,2,BAJA CALIFORNIA,4,TIJUANA,MORENA,48583,394467,328,12050,406845,1293730,48583,No
2016,2,BAJA CALIFORNIA,4,TIJUANA,PPC,2816,394467,328,12050,406845,1293730,2816,No
2016,2,BAJA CALIFORNIA,4,TIJUANA,MUNICIPALISTA,2674,394467,328,12050,406845,1293730,2674,No
2016,2,BAJA CALIFORNIA,4,TIJUANA,PH,3080,394467,328,12050,406845,1293730,3080,No
2016,2,BAJA CALIFORNIA,4,TIJUANA,PRI_PT_PVEM_NUAL,250,394467,328,12050,406845,1293730,86248,Sí
2016,2,BAJA CALIFORNIA,4,TIJUANA,PRI_PT_PVEM,132,394467,328,12050,406845,1293730,78945,Sí
2016,2,BAJA CALIFORNIA,4,TIJUANA,PRI_PT_NUAL,26,394467,328,12050,406845,1293730,79225,Sí
2016,2,BAJA CALIFORNIA,4,TIJUANA,PRI_PVEM_NUAL,96,394467,328,12050,406845,1293730,80611,Sí
2016,2,BAJA CALIFORNIA,4,TIJUANA,PT_PVEM_NUAL,23,394467,328,12050,406845,1293730,19490,Sí
2016,2,BAJA CALIFORNIA,4,TIJUANA,PRI_PT,434,394467,328,12050,406845,1293730,72448,Sí
2016,2,BAJA CALIFORNIA,4,TIJUANA,PRI_PVEM,817,394467,328,12050,406845,1293730,74147,Sí
2016,2,BAJA CALIFORNIA,4,TIJUANA,PRI_NUAL,133,394467,328,12050,406845,1293730,73849,Sí
2016,2,BAJA CALIFORNIA,4,TIJUANA,PT_PVEM,75,394467,328,12050,406845,1293730,12357,Sí
2016,2,BAJA CALIFORNIA,4,TIJUANA,PT_NUAL,34,394467,328,12050,406845,1293730,12702,Sí
2016,2,BAJA CALIFORNIA,4,TIJUANA,PVEM_NUAL,64,394467,328,12050,406845,1293730,14048,Sí
2016,2,BAJA CALIFORNIA,4,TIJUANA,Candidatura Independiente,35039,394467,328,12050,406845,1293730,35039,No
2016,2,BAJA CALIFORNIA,4,TIJUANA,Candidatura Independiente,5678,394467,328,12050,406845,1293730,5678,No
2016,2,BAJA CALIFORNIA,5,PLAYAS DE ROSARITO,PAN,10334,28751,12,947,29710,84110,10334,No
2016,2,BAJA CALIFORNIA,5,PLAYAS DE ROSARITO,PRI,6319,28751,12,947,29710,84110,6319,No
2016,2,BAJA CALIFORNIA,5,PLAYAS DE ROSARITO,PRD,516,28751,12,947,29710,84110,516,No
2016,2,BAJA CALIFORNIA,5,PLAYAS DE ROSARITO,PT,96,28751,12,947,29710,84110,96,No
2016,2,BAJA CALIFORNIA,5,PLAYAS DE ROSARITO,PVEM,705,28751,12,947,29710,84110,705,No
2016,2,BAJA CALIFORNIA,5,PLAYAS DE ROSARITO,PBC,1332,28751,12,947,29710,84110,1332,No
2016,2,BAJA CALIFORNIA,5,PLAYAS DE ROSARITO,NUAL,240,28751,12,947,29710,84110,240,No
2016,2,BAJA CALIFORNIA,5,PLAYAS DE ROSARITO,PES,651,28751,12,947,29710,84110,651,No
2016,2,BAJA CALIFORNIA,5,PLAYAS DE ROSARITO,MC,1474,28751,12,947,29710,84110,1474,No
2016,2,BAJA CALIFORNIA,5,PLAYAS DE ROSARITO,MORENA,2717,28751,12,947,29710,84110,2717,No
2016,2,BAJA CALIFORNIA,5,PLAYAS DE ROSARITO,PPC,302,28751,12,947,29710,84110,302,No
2016,2,BAJA CALIFORNIA,5,PLAYAS DE ROSARITO,MUNICIPALISTA,152,28751,12,947,29710,84110,152,No
2016,2,BAJA CALIFORNIA,5,PLAYAS DE ROSARITO,PRI_PT_PVEM_NUAL,63,28751,12,947,29710,84110,7423,Sí
2016,2,BAJA CALIFORNIA,5,PLAYAS DE ROSARITO,PRI_PT_PVEM,14,28751,12,947,29710,84110,7134,Sí
2016,2,BAJA CALIFORNIA,5,PLAYAS DE ROSARITO,PRI_PT_NUAL,6,28751,12,947,29710,84110,6661,Sí
2016,2,BAJA CALIFORNIA,5,PLAYAS DE ROSARITO,PRI_PVEM_NUAL,18,28751,12,947,29710,84110,7282,Sí
2016,2,BAJA CALIFORNIA,5,PLAYAS DE ROSARITO,PT_PVEM_NUAL,5,28751,12,947,29710,84110,1046,Sí
2016,2,BAJA CALIFORNIA,5,PLAYAS DE ROSARITO,PRI_PT,36,28751,12,947,29710,84110,6451,Sí
2016,2,BAJA CALIFORNIA,5,PLAYAS DE ROSARITO,PRI_PVEM,86,28751,12,947,29710,84110,7110,Sí
2016,2,BAJA CALIFORNIA,5,PLAYAS DE ROSARITO,PRI_NUAL,25,28751,12,947,29710,84110,6584,Sí
2016,2,BAJA CALIFORNIA,5,PLAYAS DE ROSARITO,PT_PVEM,3,28751,12,947,29710,84110,804,Sí
2016,2,BAJA CALIFORNIA,5,PLAYAS DE ROSARITO,PT_NUAL,1,28751,12,947,29710,84110,337,Sí
2016,2,BAJA CALIFORNIA,5,PLAYAS DE ROSARITO,PVEM_NUAL,4,28751,12,947,29710,84110,949,Sí
2016,2,BAJA CALIFORNIA,5,PLAYAS DE ROSARITO,Candidatura Independiente,2692,28751,12,947,29710,84110,2692,No
2016,2,BAJA CALIFORNIA,5,PLAYAS DE ROSARITO,Candidatura Independiente,407,28751,12,947,29710,84110,407,No
2016,2,BAJA CALIFORNIA,5,PLAYAS DE ROSARITO,Candidatura Independiente,292,28751,12,947,29710,84110,292,No
2016,8,CHIHUAHUA,1,AHUMADA,PAN,150,5245,1,128,5374,8909,150,No
2016,8,CHIHUAHUA,1,AHUMADA,PRD,37,5245,1,128,5374,8909,37,No
2016,8,CHIHUAHUA,1,AHUMADA,MC,2838,5245,1,128,5374,8909,2838,No
2016,8,CHIHUAHUA,1,AHUMADA,C_COMUN_PRI_PVEM_NUAL,2220,5245,1,128,5374,8909,2220,Sí
2016,8,CHIHUAHUA,2,ALDAMA,PAN,6863,10529,0,223,10752,18678,6863,No
2016,8,CHIHUAHUA,2,ALDAMA,PRI,2558,10529,0,223,10752,18678,2558,No
2016,8,CHIHUAHUA,2,ALDAMA,PRD,591,10529,0,223,10752,18678,591,No
2016,8,CHIHUAHUA,2,ALDAMA,PVEM,41,10529,0,223,10752,18678,41,No
2016,8,CHIHUAHUA,2,ALDAMA,PT,39,10529,0,223,10752,18678,39,No
2016,8,CHIHUAHUA,2,ALDAMA,NUAL,98,10529,0,223,10752,18678,98,No
2016,8,CHIHUAHUA,2,ALDAMA,MORENA,174,10529,0,223,10752,18678,174,No
2016,8,CHIHUAHUA,2,ALDAMA,ES,110,10529,0,223,10752,18678,110,No
2016,8,CHIHUAHUA,2,ALDAMA,PRI_PVEM_PT_NUAL,17,10529,0,223,10752,18678,2753,Sí
2016,8,CHIHUAHUA,2,ALDAMA,PRI_PVEM_PT,1,10529,0,223,10752,18678,2639,Sí
2016,8,CHIHUAHUA,2,ALDAMA,PRI_PVEM_NUAL,14,10529,0,223,10752,18678,2711,Sí
2016,8,CHIHUAHUA,2,ALDAMA,PRI_PT_NUAL,3,10529,0,223,10752,18678,2698,Sí
2016,8,CHIHUAHUA,2,ALDAMA,PVEM_PT_NUAL,0,10529,0,223,10752,18678,178,Sí
2016,8,CHIHUAHUA,2,ALDAMA,PRI_PVEM,11,10529,0,223,10752,18678,2610,Sí
2016,8,CHIHUAHUA,2,ALDAMA,PRI_PT,1,10529,0,223,10752,18678,2598,Sí
2016,8,CHIHUAHUA,2,ALDAMA,PRI_NUAL,8,10529,0,223,10752,18678,2664,Sí
2016,8,CHIHUAHUA,2,ALDAMA,PVEM_PT,0,10529,0,223,10752,18678,80,Sí
2016,8,CHIHUAHUA,2,ALDAMA,PVEM_NUAL,0,10529,0,223,10752,18678,139,Sí
2016,8,CHIHUAHUA,2,ALDAMA,PT_NUAL,0,10529,0,223,10752,18678,137,Sí
2016,8,CHIHUAHUA,3,ALLENDE,PAN,2289,4924,2,91,5017,7280,2289,No
2016,8,CHIHUAHUA,3,ALLENDE,PRD,102,4924,2,91,5017,7280,102,No
2016,8,CHIHUAHUA,3,ALLENDE,ES,101,4924,2,91,5017,7280,101,No
2016,8,CHIHUAHUA,3,ALLENDE,C_COMUN_PRI_PVEM_NUAL,2432,4924,2,91,5017,7280,2432,Sí
2016,8,CHIHUAHUA,4,AQUILES SERDAN,PAN,660,6084,0,195,6279,10327,660,No
2016,8,CHIHUAHUA,4,AQUILES SERDAN,PRD,82,6084,0,195,6279,10327,82,No
2016,8,CHIHUAHUA,4,AQUILES SERDAN,PVEM,3023,6084,0,195,6279,10327,3023,No
2016,8,CHIHUAHUA,4,AQUILES SERDAN,MC,206,6084,0,195,6279,10327,206,No
2016,8,CHIHUAHUA,4,AQUILES SERDAN,MORENA,74,6084,0,195,6279,10327,74,No
2016,8,CHIHUAHUA,4,AQUILES SERDAN,C_COMUN_PRI_NUAL,2039,6084,0,195,6279,10327,2039,Sí
2016,8,CHIHUAHUA,5,ASCENSION,PAN,3130,7884,1,205,8090,17014,3130,No
2016,8,CHIHUAHUA,5,ASCENSION,PRI,3884,7884,1,205,8090,17014,3884,No
2016,8,CHIHUAHUA,5,ASCENSION,PRD,68,7884,1,205,8090,17014,68,No
2016,8,CHIHUAHUA,5,ASCENSION,PVEM,56,7884,1,205,8090,17014,56,No
2016,8,CHIHUAHUA,5,ASCENSION,PT,79,7884,1,205,8090,17014,79,No
2016,8,CHIHUAHUA,5,ASCENSION,MC,404,7884,1,205,8090,17014,404,No
2016,8,CHIHUAHUA,5,ASCENSION,NUAL,65,7884,1,205,8090,17014,65,No
2016,8,CHIHUAHUA,5,ASCENSION,MORENA,52,7884,1,205,8090,17014,52,No
2016,8,CHIHUAHUA,5,ASCENSION,PRI_PVEM_PT_NUAL,28,7884,1,205,8090,17014,4112,Sí
2016,8,CHIHUAHUA,5,ASCENSION,PRI_PVEM_PT,4,7884,1,205,8090,17014,4023,Sí
2016,8,CHIHUAHUA,5,ASCENSION,PRI_PVEM_NUAL,43,7884,1,205,8090,17014,4048,Sí
2016,8,CHIHUAHUA,5,ASCENSION,PRI_PT_NUAL,1,7884,1,205,8090,17014,4029,Sí
2016,8,CHIHUAHUA,5,ASCENSION,PVEM_PT_NUAL,1,7884,1,205,8090,17014,201,Sí
2016,8,CHIHUAHUA,5,ASCENSION,PRI_PVEM,53,7884,1,205,8090,17014,3993,Sí
2016,8,CHIHUAHUA,5,ASCENSION,PRI_PT,7,7884,1,205,8090,17014,3970,Sí
2016,8,CHIHUAHUA,5,ASCENSION,PRI_NUAL,9,7884,1,205,8090,17014,3958,Sí
2016,8,CHIHUAHUA,5,ASCENSION,PVEM_PT,0,7884,1,205,8090,17014,135,Sí
2016,8,CHIHUAHUA,5,ASCENSION,PVEM_NUAL,0,7884,1,205,8090,17014,121,Sí
2016,8,CHIHUAHUA,5,ASCENSION,PT_NUAL,0,7884,1,205,8090,17014,144,Sí
2016,8,CHIHUAHUA,6,BACHINIVA,PAN,1639,3388,1,102,3491,5582,1639,No
2016,8,CHIHUAHUA,6,BACHINIVA,PRI,1539,3388,1,102,3491,5582,1539,No
2016,8,CHIHUAHUA,6,BACHINIVA,PRD,107,3388,1,102,3491,5582,107,No
2016,8,CHIHUAHUA,6,BACHINIVA,PVEM,15,3388,1,102,3491,5582,15,No
2016,8,CHIHUAHUA,6,BACHINIVA,PT,8,3388,1,102,3491,5582,8,No
2016,8,CHIHUAHUA,6,BACHINIVA,NUAL,30,3388,1,102,3491,5582,30,No
2016,8,CHIHUAHUA,6,BACHINIVA,PRI_PVEM_PT_NUAL,9,3388,1,102,3491,5582,1601,Sí
2016,8,CHIHUAHUA,6,BACHINIVA,PRI_PVEM_PT,0,3388,1,102,3491,5582,1562,Sí
2016,8,CHIHUAHUA,6,BACHINIVA,PRI_PVEM_NUAL,24,3388,1,102,3491,5582,1608,Sí
2016,8,CHIHUAHUA,6,BACHINIVA,PRI_PT_NUAL,0,3388,1,102,3491,5582,1577,Sí
2016,8,CHIHUAHUA,6,BACHINIVA,PVEM_PT_NUAL,0,3388,1,102,3491,5582,53,Sí
2016,8,CHIHUAHUA,6,BACHINIVA,PRI_PVEM,11,3388,1,102,3491,5582,1565,Sí
2016,8,CHIHUAHUA,6,BACHINIVA,PRI_PT,2,3388,1,102,3491,5582,1549,Sí
2016,8,CHIHUAHUA,6,BACHINIVA,PRI_NUAL,4,3388,1,102,3491,5582,1573,Sí
2016,8,CHIHUAHUA,6,BACHINIVA,PVEM_PT,0,3388,1,102,3491,5582,23,Sí
2016,8,CHIHUAHUA,6,BACHINIVA,PVEM_NUAL,0,3388,1,102,3491,5582,45,Sí
2016,8,CHIHUAHUA,6,BACHINIVA,PT_NUAL,0,3388,1,102,3491,5582,38,Sí
2016,8,CHIHUAHUA,7,BALLEZA,PAN,3282,7973,3,389,8365,12851,3282,No
2016,8,CHIHUAHUA,7,BALLEZA,PRI,4335,7973,3,389,8365,12851,4335,No
2016,8,CHIHUAHUA,7,BALLEZA,PRD,14,7973,3,389,8365,12851,14,No
2016,8,CHIHUAHUA,7,BALLEZA,PVEM,24,7973,3,389,8365,12851,24,No
2016,8,CHIHUAHUA,7,BALLEZA,PT,16,7973,3,389,8365,12851,16,No
2016,8,CHIHUAHUA,7,BALLEZA,NUAL,40,7973,3,389,8365,12851,40,No
2016,8,CHIHUAHUA,7,BALLEZA,ES,22,7973,3,389,8365,12851,22,No
2016,8,CHIHUAHUA,7,BALLEZA,PRI_PVEM_PT_NUAL,67,7973,3,389,8365,12851,4482,Sí
2016,8,CHIHUAHUA,7,BALLEZA,PRI_PVEM_PT,7,7973,3,389,8365,12851,4382,Sí
2016,8,CHIHUAHUA,7,BALLEZA,PRI_PVEM_NUAL,68,7973,3,389,8365,12851,4467,Sí
2016,8,CHIHUAHUA,7,BALLEZA,PRI_PT_NUAL,1,7973,3,389,8365,12851,4392,Sí
2016,8,CHIHUAHUA,7,BALLEZA,PVEM_PT_NUAL,0,7973,3,389,8365,12851,80,Sí
2016,8,CHIHUAHUA,7,BALLEZA,PRI_PVEM,57,7973,3,389,8365,12851,4416,Sí
2016,8,CHIHUAHUA,7,BALLEZA,PRI_PT,6,7973,3,389,8365,12851,4357,Sí
2016,8,CHIHUAHUA,7,BALLEZA,PRI_NUAL,26,7973,3,389,8365,12851,4401,Sí
2016,8,CHIHUAHUA,7,BALLEZA,PVEM_PT,2,7973,3,389,8365,12851,42,Sí
2016,8,CHIHUAHUA,7,BALLEZA,PVEM_NUAL,6,7973,3,389,8365,12851,70,Sí
2016,8,CHIHUAHUA,7,BALLEZA,PT_NUAL,0,7973,3,389,8365,12851,56,Sí
2016,8,CHIHUAHUA,8,BATOPILAS,PAN,737,3415,7,559,3981,8459,737,No
2016,8,CHIHUAHUA,8,BATOPILAS,MC,35,3415,7,559,3981,8459,35,No
2016,8,CHIHUAHUA,8,BATOPILAS,C_COMUN_PRI_NUAL,2643,3415,7,559,3981,8459,2643,Sí
2016,8,CHIHUAHUA,9,BOCOYNA,PAN,2962,11837,4,748,12589,20561,2962,No
2016,8,CHIHUAHUA,9,BOCOYNA,PRD,107,11837,4,748,12589,20561,107,No
2016,8,CHIHUAHUA,9,BOCOYNA,PT,104,11837,4,748,12589,20561,104,No
2016,8,CHIHUAHUA,9,BOCOYNA,MC,3697,11837,4,748,12589,20561,3697,No
2016,8,CHIHUAHUA,9,BOCOYNA,ES,1758,11837,4,748,12589,20561,1758,No
2016,8,CHIHUAHUA,9,BOCOYNA,C_COMUN_PRI_PVEM_NUAL,3209,11837,4,748,12589,20561,3209,Sí
2016,8,CHIHUAHUA,10,BUENAVENTURA,PAN,4111,9386,1,230,9617,17751,4111,No
2016,8,CHIHUAHUA,10,BUENAVENTURA,PRI,4445,9386,1,230,9617,17751,4445,No
2016,8,CHIHUAHUA,10,BUENAVENTURA,PRD,147,9386,1,230,9617,17751,147,No
2016,8,CHIHUAHUA,10,BUENAVENTURA,PVEM,39,9386,1,230,9617,17751,39,No
2016,8,CHIHUAHUA,10,BUENAVENTURA,PT,47,9386,1,230,9617,17751,47,No
2016,8,CHIHUAHUA,10,BUENAVENTURA,MC,377,9386,1,230,9617,17751,377,No
2016,8,CHIHUAHUA,10,BUENAVENTURA,NUAL,78,9386,1,230,9617,17751,78,No
2016,8,CHIHUAHUA,10,BUENAVENTURA,MORENA,76,9386,1,230,9617,17751,76,No
2016,8,CHIHUAHUA,10,BUENAVENTURA,PRI_PVEM_PT_NUAL,12,9386,1,230,9617,17751,4621,Sí
2016,8,CHIHUAHUA,10,BUENAVENTURA,PRI_PVEM_PT,3,9386,1,230,9617,17751,4534,Sí
2016,8,CHIHUAHUA,10,BUENAVENTURA,PRI_PVEM_NUAL,2,9386,1,230,9617,17751,4564,Sí
2016,8,CHIHUAHUA,10,BUENAVENTURA,PRI_PT_NUAL,0,9386,1,230,9617,17751,4570,Sí
2016,8,CHIHUAHUA,10,BUENAVENTURA,PVEM_PT_NUAL,0,9386,1,230,9617,17751,164,Sí
2016,8,CHIHUAHUA,10,BUENAVENTURA,PRI_PVEM,32,9386,1,230,9617,17751,4516,Sí
2016,8,CHIHUAHUA,10,BUENAVENTURA,PRI_PT,11,9386,1,230,9617,17751,4503,Sí
2016,8,CHIHUAHUA,10,BUENAVENTURA,PRI_NUAL,3,9386,1,230,9617,17751,4526,Sí
2016,8,CHIHUAHUA,10,BUENAVENTURA,PVEM_PT,3,9386,1,230,9617,17751,89,Sí
2016,8,CHIHUAHUA,10,BUENAVENTURA,PVEM_NUAL,0,9386,1,230,9617,17751,117,Sí
2016,8,CHIHUAHUA,10,BUENAVENTURA,PT_NUAL,0,9386,1,230,9617,17751,125,Sí
2016,8,CHIHUAHUA,11,CAMARGO,PAN,13454,21769,9,350,22128,37310,13454,No
2016,8,CHIHUAHUA,11,CAMARGO,PRI,6511,21769,9,350,22128,37310,6511,No
2016,8,CHIHUAHUA,11,CAMARGO,PRD,392,21769,9,350,22128,37310,392,No
2016,8,CHIHUAHUA,11,CAMARGO,PVEM,65,21769,9,350,22128,37310,65,No
2016,8,CHIHUAHUA,11,CAMARGO,PT,88,21769,9,350,22128,37310,88,No
2016,8,CHIHUAHUA,11,CAMARGO,MC,438,21769,9,350,22128,37310,438,No
2016,8,CHIHUAHUA,11,CAMARGO,NUAL,336,21769,9,350,22128,37310,336,No
2016,8,CHIHUAHUA,11,CAMARGO,MORENA,233,21769,9,350,22128,37310,233,No
2016,8,CHIHUAHUA,11,CAMARGO,ES,151,21769,9,350,22128,37310,151,No
2016,8,CHIHUAHUA,11,CAMARGO,PRI_PVEM_PT_NUAL,29,21769,9,350,22128,37310,7029,Sí
2016,8,CHIHUAHUA,11,CAMARGO,PRI_PVEM_PT,5,21769,9,350,22128,37310,6669,Sí
2016,8,CHIHUAHUA,11,CAMARGO,PRI_PVEM_NUAL,12,21769,9,350,22128,37310,6924,Sí
2016,8,CHIHUAHUA,11,CAMARGO,PRI_PT_NUAL,9,21769,9,350,22128,37310,6944,Sí
2016,8,CHIHUAHUA,11,CAMARGO,PVEM_PT_NUAL,0,21769,9,350,22128,37310,489,Sí
2016,8,CHIHUAHUA,11,CAMARGO,PRI_PVEM,35,21769,9,350,22128,37310,6611,Sí
2016,8,CHIHUAHUA,11,CAMARGO,PRI_PT,5,21769,9,350,22128,37310,6604,Sí
2016,8,CHIHUAHUA,11,CAMARGO,PRI_NUAL,6,21769,9,350,22128,37310,6853,Sí
2016,8,CHIHUAHUA,11,CAMARGO,PVEM_PT,0,21769,9,350,22128,37310,153,Sí
2016,8,CHIHUAHUA,11,CAMARGO,PVEM_NUAL,0,21769,9,350,22128,37310,401,Sí
2016,8,CHIHUAHUA,11,CAMARGO,PT_NUAL,0,21769,9,350,22128,37310,424,Sí
2016,8,CHIHUAHUA,12,CARICHI,PAN,1057,4264,3,367,4634,7058,1057,No
2016,8,CHIHUAHUA,12,CARICHI,PRD,819,4264,3,367,4634,7058,819,No
2016,8,CHIHUAHUA,12,CARICHI,MC,783,4264,3,367,4634,7058,783,No
2016,8,CHIHUAHUA,12,CARICHI,MORENA,164,4264,3,367,4634,7058,164,No
2016,8,CHIHUAHUA,12,CARICHI,C_COMUN_PRI_NUAL,1441,4264,3,367,4634,7058,1441,Sí
2016,8,CHIHUAHUA,13,CASAS GRANDES,PAN,1217,4857,9,204,5070,9716,1217,No
2016,8,CHIHUAHUA,13,CASAS GRANDES,PRI,363,4857,9,204,5070,9716,363,No
2016,8,CHIHUAHUA,13,CASAS GRANDES,PRD,852,4857,9,204,5070,9716,852,No
2016,8,CHIHUAHUA,13,CASAS GRANDES,PVEM,40,4857,9,204,5070,9716,40,No
2016,8,CHIHUAHUA,13,CASAS GRANDES,PT,224,4857,9,204,5070,9716,224,No
2016,8,CHIHUAHUA,13,CASAS GRANDES,MC,1110,4857,9,204,5070,9716,1110,No
2016,8,CHIHUAHUA,13,CASAS GRANDES,NUAL,75,4857,9,204,5070,9716,75,No
2016,8,CHIHUAHUA,13,CASAS GRANDES,MORENA,942,4857,9,204,5070,9716,942,No
2016,8,CHIHUAHUA,13,CASAS GRANDES,PRI_PVEM_PT_NUAL,5,4857,9,204,5070,9716,707,Sí
2016,8,CHIHUAHUA,13,CASAS GRANDES,PRI_PVEM_PT,5,4857,9,204,5070,9716,632,Sí
2016,8,CHIHUAHUA,13,CASAS GRANDES,PRI_PVEM_NUAL,2,4857,9,204,5070,9716,480,Sí
2016,8,CHIHUAHUA,13,CASAS GRANDES,PRI_PT_NUAL,1,4857,9,204,5070,9716,663,Sí
2016,8,CHIHUAHUA,13,CASAS GRANDES,PVEM_PT_NUAL,0,4857,9,204,5070,9716,339,Sí
2016,8,CHIHUAHUA,13,CASAS GRANDES,PRI_PVEM,0,4857,9,204,5070,9716,403,Sí
2016,8,CHIHUAHUA,13,CASAS GRANDES,PRI_PT,13,4857,9,204,5070,9716,600,Sí
2016,8,CHIHUAHUA,13,CASAS GRANDES,PRI_NUAL,3,4857,9,204,5070,9716,441,Sí
2016,8,CHIHUAHUA,13,CASAS GRANDES,PVEM_PT,0,4857,9,204,5070,9716,264,Sí
2016,8,CHIHUAHUA,13,CASAS GRANDES,PVEM_NUAL,2,4857,9,204,5070,9716,117,Sí
2016,8,CHIHUAHUA,13,CASAS GRANDES,PT_NUAL,3,4857,9,204,5070,9716,302,Sí
2016,8,CHIHUAHUA,14,CORONADO,PAN,612,1496,1,23,1520,1890,612,No
2016,8,CHIHUAHUA,14,CORONADO,PT,306,1496,1,23,1520,1890,306,No
2016,8,CHIHUAHUA,14,CORONADO,MORENA,9,1496,1,23,1520,1890,9,No
2016,8,CHIHUAHUA,14,CORONADO,C_COMUN_PRI_PVEM_NUAL,569,1496,1,23,1520,1890,569,Sí
2016,8,CHIHUAHUA,15,COYAME DEL SOTOL,PAN,843,1563,0,11,1574,2150,843,No
2016,8,CHIHUAHUA,15,COYAME DEL SOTOL,PRI,683,1563,0,11,1574,2150,683,No
2016,8,CHIHUAHUA,15,COYAME DEL SOTOL,PRD,6,1563,0,11,1574,2150,6,No
2016,8,CHIHUAHUA,15,COYAME DEL SOTOL,PVEM,2,1563,0,11,1574,2150,2,No
2016,8,CHIHUAHUA,15,COYAME DEL SOTOL,PT,2,1563,0,11,1574,2150,2,No
2016,8,CHIHUAHUA,15,COYAME DEL SOTOL,MC,0,1563,0,11,1574,2150,0,No
2016,8,CHIHUAHUA,15,COYAME DEL SOTOL,NUAL,10,1563,0,11,1574,2150,10,No
2016,8,CHIHUAHUA,15,COYAME DEL SOTOL,MORENA,6,1563,0,11,1574,2150,6,No
2016,8,CHIHUAHUA,15,COYAME DEL SOTOL,PRI_PVEM_PT_NUAL,3,1563,0,11,1574,2150,700,Sí
2016,8,CHIHUAHUA,15,COYAME DEL SOTOL,PRI_PVEM_PT,0,1563,0,11,1574,2150,687,Sí
2016,8,CHIHUAHUA,15,COYAME DEL SOTOL,PRI_PVEM_NUAL,2,1563,0,11,1574,2150,697,Sí
2016,8,CHIHUAHUA,15,COYAME DEL SOTOL,PRI_PT_NUAL,1,1563,0,11,1574,2150,696,Sí
2016,8,CHIHUAHUA,15,COYAME DEL SOTOL,PVEM_PT_NUAL,0,1563,0,11,1574,2150,14,Sí
2016,8,CHIHUAHUA,15,COYAME DEL SOTOL,PRI_PVEM,3,1563,0,11,1574,2150,688,Sí
2016,8,CHIHUAHUA,15,COYAME DEL SOTOL,PRI_PT,0,1563,0,11,1574,2150,685,Sí
2016,8,CHIHUAHUA,15,COYAME DEL SOTOL,PRI_NUAL,2,1563,0,11,1574,2150,695,Sí
2016,8,CHIHUAHUA,15,COYAME DEL SOTOL,PVEM_PT,0,1563,0,11,1574,2150,4,Sí
2016,8,CHIHUAHUA,15,COYAME DEL SOTOL,PVEM_NUAL,0,1563,0,11,1574,2150,12,Sí
2016,8,CHIHUAHUA,15,COYAME DEL SOTOL,PT_NUAL,0,1563,0,11,1574,2150,12,Sí
2016,8,CHIHUAHUA,16,LA CRUZ,PAN,743,2132,0,51,2183,3330,743,No
2016,8,CHIHUAHUA,16,LA CRUZ,PRI,940,2132,0,51,2183,3330,940,No
2016,8,CHIHUAHUA,16,LA CRUZ,PRD,26,2132,0,51,2183,3330,26,No
2016,8,CHIHUAHUA,16,LA CRUZ,PVEM,13,2132,0,51,2183,3330,13,No
2016,8,CHIHUAHUA,16,LA CRUZ,PT,8,2132,0,51,2183,3330,8,No
2016,8,CHIHUAHUA,16,LA CRUZ,MC,205,2132,0,51,2183,3330,205,No
2016,8,CHIHUAHUA,16,LA CRUZ,NUAL,91,2132,0,51,2183,3330,91,No
2016,8,CHIHUAHUA,16,LA CRUZ,MORENA,68,2132,0,51,2183,3330,68,No
2016,8,CHIHUAHUA,16,LA CRUZ,PRI_PVEM_PT_NUAL,13,2132,0,51,2183,3330,1065,Sí
2016,8,CHIHUAHUA,16,LA CRUZ,PRI_PVEM_PT,2,2132,0,51,2183,3330,963,Sí
2016,8,CHIHUAHUA,16,LA CRUZ,PRI_PVEM_NUAL,2,2132,0,51,2183,3330,1046,Sí
2016,8,CHIHUAHUA,16,LA CRUZ,PRI_PT_NUAL,1,2132,0,51,2183,3330,1040,Sí
2016,8,CHIHUAHUA,16,LA CRUZ,PVEM_PT_NUAL,0,2132,0,51,2183,3330,112,Sí
2016,8,CHIHUAHUA,16,LA CRUZ,PRI_PVEM,6,2132,0,51,2183,3330,959,Sí
2016,8,CHIHUAHUA,16,LA CRUZ,PRI_PT,2,2132,0,51,2183,3330,950,Sí
2016,8,CHIHUAHUA,16,LA CRUZ,PRI_NUAL,11,2132,0,51,2183,3330,1042,Sí
2016,8,CHIHUAHUA,16,LA CRUZ,PVEM_PT,0,2132,0,51,2183,3330,21,Sí
2016,8,CHIHUAHUA,16,LA CRUZ,PVEM_NUAL,0,2132,0,51,2183,3330,104,Sí
2016,8,CHIHUAHUA,16,LA CRUZ,PT_NUAL,1,2132,0,51,2183,3330,100,Sí
2016,8,CHIHUAHUA,17,CUAUHTEMOC,PAN,20654,50897,90,1680,52667,121142,20654,No
2016,8,CHIHUAHUA,17,CUAUHTEMOC,PRI,12912,50897,90,1680,52667,121142,12912,No
2016,8,CHIHUAHUA,17,CUAUHTEMOC,PRD,975,50897,90,1680,52667,121142,975,No
2016,8,CHIHUAHUA,17,CUAUHTEMOC,PVEM,802,50897,90,1680,52667,121142,802,No
2016,8,CHIHUAHUA,17,CUAUHTEMOC,PT,475,50897,90,1680,52667,121142,475,No
2016,8,CHIHUAHUA,17,CUAUHTEMOC,MC,5202,50897,90,1680,52667,121142,5202,No
2016,8,CHIHUAHUA,17,CUAUHTEMOC,NUAL,1090,50897,90,1680,52667,121142,1090,No
2016,8,CHIHUAHUA,17,CUAUHTEMOC,MORENA,1264,50897,90,1680,52667,121142,1264,No
2016,8,CHIHUAHUA,17,CUAUHTEMOC,ES,984,50897,90,1680,52667,121142,984,No
2016,8,CHIHUAHUA,17,CUAUHTEMOC,PRI_PVEM_PT_NUAL,59,50897,90,1680,52667,121142,15338,Sí
2016,8,CHIHUAHUA,17,CUAUHTEMOC,PRI_PVEM_PT,10,50897,90,1680,52667,121142,14199,Sí
2016,8,CHIHUAHUA,17,CUAUHTEMOC,PRI_PVEM_NUAL,35,50897,90,1680,52667,121142,14839,Sí
2016,8,CHIHUAHUA,17,CUAUHTEMOC,PRI_PT_NUAL,0,50897,90,1680,52667,121142,14477,Sí
2016,8,CHIHUAHUA,17,CUAUHTEMOC,PVEM_PT_NUAL,6,50897,90,1680,52667,121142,2373,Sí
2016,8,CHIHUAHUA,17,CUAUHTEMOC,PRI_PVEM,118,50897,90,1680,52667,121142,13832,Sí
2016,8,CHIHUAHUA,17,CUAUHTEMOC,PRI_PT,14,50897,90,1680,52667,121142,13401,Sí
2016,8,CHIHUAHUA,17,CUAUHTEMOC,PRI_NUAL,20,50897,90,1680,52667,121142,14022,Sí
2016,8,CHIHUAHUA,17,CUAUHTEMOC,PVEM_PT,2,50897,90,1680,52667,121142,1279,Sí
2016,8,CHIHUAHUA,17,CUAUHTEMOC,PVEM_NUAL,10,50897,90,1680,52667,121142,1902,Sí
2016,8,CHIHUAHUA,17,CUAUHTEMOC,PT_NUAL,2,50897,90,1680,52667,121142,1567,Sí
2016,8,CHIHUAHUA,17,CUAUHTEMOC,Candidatura Independiente,6263,50897,90,1680,52667,121142,6263,No
2016,8,CHIHUAHUA,18,CUSIHUIRIACHI,PAN,348,2740,0,138,2878,5164,348,No
2016,8,CHIHUAHUA,18,CUSIHUIRIACHI,PRD,157,2740,0,138,2878,5164,157,No
2016,8,CHIHUAHUA,18,CUSIHUIRIACHI,PVEM,199,2740,0,138,2878,5164,199,No
2016,8,CHIHUAHUA,18,CUSIHUIRIACHI,PT,405,2740,0,138,2878,5164,405,No
2016,8,CHIHUAHUA,18,CUSIHUIRIACHI,MC,328,2740,0,138,2878,5164,328,No
2016,8,CHIHUAHUA,18,CUSIHUIRIACHI,ES,343,2740,0,138,2878,5164,343,No
2016,8,CHIHUAHUA,18,CUSIHUIRIACHI,C_COMUN_PRI_NUAL,960,2740,0,138,2878,5164,960,Sí
2016,8,CHIHUAHUA,19,CHIHUAHUA,PAN,154229,340031,713,7165,347909,651314,154229,No
2016,8,CHIHUAHUA,19,CHIHUAHUA,PRI,75687,340031,713,7165,347909,651314,75687,No
2016,8,CHIHUAHUA,19,CHIHUAHUA,PRD,3102,340031,713,7165,347909,651314,3102,No
2016,8,CHIHUAHUA,19,CHIHUAHUA,PVEM,4031,340031,713,7165,347909,651314,4031,No
2016,8,CHIHUAHUA,19,CHIHUAHUA,PT,2860,340031,713,7165,347909,651314,2860,No
2016,8,CHIHUAHUA,19,CHIHUAHUA,MC,4671,340031,713,7165,347909,651314,4671,No
2016,8,CHIHUAHUA,19,CHIHUAHUA,NUAL,6606,340031,713,7165,347909,651314,6606,No
2016,8,CHIHUAHUA,19,CHIHUAHUA,MORENA,8676,340031,713,7165,347909,651314,8676,No
2016,8,CHIHUAHUA,19,CHIHUAHUA,ES,3946,340031,713,7165,347909,651314,3946,No
2016,8,CHIHUAHUA,19,CHIHUAHUA,PRI_PVEM_PT_NUAL,713,340031,713,7165,347909,651314,89897,Sí
2016,8,CHIHUAHUA,19,CHIHUAHUA,PRI_PVEM_PT,55,340031,713,7165,347909,651314,82633,Sí
2016,8,CHIHUAHUA,19,CHIHUAHUA,PRI_PVEM_NUAL,107,340031,713,7165,347909,651314,86431,Sí
2016,8,CHIHUAHUA,19,CHIHUAHUA,PRI_PT_NUAL,31,340031,713,7165,347909,651314,85184,Sí
2016,8,CHIHUAHUA,19,CHIHUAHUA,PVEM_PT_NUAL,14,340031,713,7165,347909,651314,13511,Sí
2016,8,CHIHUAHUA,19,CHIHUAHUA,PRI_PVEM,486,340031,713,7165,347909,651314,80204,Sí
2016,8,CHIHUAHUA,19,CHIHUAHUA,PRI_PT,74,340031,713,7165,347909,651314,78621,Sí
2016,8,CHIHUAHUA,19,CHIHUAHUA,PRI_NUAL,92,340031,713,7165,347909,651314,82385,Sí
2016,8,CHIHUAHUA,19,CHIHUAHUA,PVEM_PT,27,340031,713,7165,347909,651314,6918,Sí
2016,8,CHIHUAHUA,19,CHIHUAHUA,PVEM_NUAL,29,340031,713,7165,347909,651314,10666,Sí
2016,8,CHIHUAHUA,19,CHIHUAHUA,PT_NUAL,105,340031,713,7165,347909,651314,9571,Sí
2016,8,CHIHUAHUA,19,CHIHUAHUA,Candidatura Independiente,74490,340031,713,7165,347909,651314,74490,No
2016,8,CHIHUAHUA,20,CHINIPAS,PAN,630,3175,2,66,3243,5146,630,No
2016,8,CHIHUAHUA,20,CHINIPAS,PRI,2503,3175,2,66,3243,5146,2503,No
2016,8,CHIHUAHUA,20,CHINIPAS,PVEM,6,3175,2,66,3243,5146,6,No
2016,8,CHIHUAHUA,20,CHINIPAS,PT,6,3175,2,66,3243,5146,6,No
2016,8,CHIHUAHUA,20,CHINIPAS,NUAL,2,3175,2,66,3243,5146,2,No
2016,8,CHIHUAHUA,20,CHINIPAS,PRI_PVEM_PT_NUAL,8,3175,2,66,3243,5146,2525,Sí
2016,8,CHIHUAHUA,20,CHINIPAS,PRI_PVEM_PT,3,3175,2,66,3243,5146,2518,Sí
2016,8,CHIHUAHUA,20,CHINIPAS,PRI_PVEM_NUAL,0,3175,2,66,3243,5146,2511,Sí
2016,8,CHIHUAHUA,20,CHINIPAS,PRI_PT_NUAL,2,3175,2,66,3243,5146,2513,Sí
2016,8,CHIHUAHUA,20,CHINIPAS,PVEM_PT_NUAL,0,3175,2,66,3243,5146,14,Sí
2016,8,CHIHUAHUA,20,CHINIPAS,PRI_PVEM,6,3175,2,66,3243,5146,2515,Sí
2016,8,CHIHUAHUA,20,CHINIPAS,PRI_PT,9,3175,2,66,3243,5146,2518,Sí
2016,8,CHIHUAHUA,20,CHINIPAS,PRI_NUAL,0,3175,2,66,3243,5146,2505,Sí
2016,8,CHIHUAHUA,20,CHINIPAS,PVEM_PT,0,3175,2,66,3243,5146,12,Sí
2016,8,CHIHUAHUA,20,CHINIPAS,PVEM_NUAL,0,3175,2,66,3243,5146,8,Sí
2016,8,CHIHUAHUA,20,CHINIPAS,PT_NUAL,0,3175,2,66,3243,5146,8,Sí
2016,8,CHIHUAHUA,21,DELICIAS,PAN,23536,52187,29,1208,53424,108796,23536,No
2016,8,CHIHUAHUA,21,DELICIAS,PRI,14563,52187,29,1208,53424,108796,14563,No
2016,8,CHIHUAHUA,21,DELICIAS,PRD,3156,52187,29,1208,53424,108796,3156,No
2016,8,CHIHUAHUA,21,DELICIAS,PVEM,478,52187,29,1208,53424,108796,478,No
2016,8,CHIHUAHUA,21,DELICIAS,PT,822,52187,29,1208,53424,108796,822,No
2016,8,CHIHUAHUA,21,DELICIAS,MC,1025,52187,29,1208,53424,108796,1025,No
2016,8,CHIHUAHUA,21,DELICIAS,NUAL,1175,52187,29,1208,53424,108796,1175,No
2016,8,CHIHUAHUA,21,DELICIAS,MORENA,1781,52187,29,1208,53424,108796,1781,No
2016,8,CHIHUAHUA,21,DELICIAS,ES,627,52187,29,1208,53424,108796,627,No
2016,8,CHIHUAHUA,21,DELICIAS,PRI_PVEM_PT_NUAL,128,52187,29,1208,53424,108796,17166,Sí
2016,8,CHIHUAHUA,21,DELICIAS,PRI_PVEM_PT,19,52187,29,1208,53424,108796,15882,Sí
2016,8,CHIHUAHUA,21,DELICIAS,PRI_PVEM_NUAL,15,52187,29,1208,53424,108796,16231,Sí
2016,8,CHIHUAHUA,21,DELICIAS,PRI_PT_NUAL,6,52187,29,1208,53424,108796,16566,Sí
2016,8,CHIHUAHUA,21,DELICIAS,PVEM_PT_NUAL,1,52187,29,1208,53424,108796,2476,Sí
2016,8,CHIHUAHUA,21,DELICIAS,PRI_PVEM,78,52187,29,1208,53424,108796,15119,Sí
2016,8,CHIHUAHUA,21,DELICIAS,PRI_PT,23,52187,29,1208,53424,108796,15408,Sí
2016,8,CHIHUAHUA,21,DELICIAS,PRI_NUAL,12,52187,29,1208,53424,108796,15750,Sí
2016,8,CHIHUAHUA,21,DELICIAS,PVEM_PT,2,52187,29,1208,53424,108796,1302,Sí
2016,8,CHIHUAHUA,21,DELICIAS,PVEM_NUAL,3,52187,29,1208,53424,108796,1656,Sí
2016,8,CHIHUAHUA,21,DELICIAS,PT_NUAL,3,52187,29,1208,53424,108796,2000,Sí
2016,8,CHIHUAHUA,21,DELICIAS,Candidatura Independiente,4734,52187,29,1208,53424,108796,4734,No
2016,8,CHIHUAHUA,22,DR. BELISARIO DOMINGUEZ,PAN,1059,1828,0,40,1868,3116,1059,No
2016,8,CHIHUAHUA,22,DR. BELISARIO DOMINGUEZ,PRI,627,1828,0,40,1868,3116,627,No
2016,8,CHIHUAHUA,22,DR. BELISARIO DOMINGUEZ,PRD,17,1828,0,40,1868,3116,17,No
2016,8,CHIHUAHUA,22,DR. BELISARIO DOMINGUEZ,PVEM,8,1828,0,40,1868,3116,8,No
2016,8,CHIHUAHUA,22,DR. BELISARIO DOMINGUEZ,PT,7,1828,0,40,1868,3116,7,No
2016,8,CHIHUAHUA,22,DR. BELISARIO DOMINGUEZ,MC,15,1828,0,40,1868,3116,15,No
2016,8,CHIHUAHUA,22,DR. BELISARIO DOMINGUEZ,NUAL,43,1828,0,40,1868,3116,43,No
2016,8,CHIHUAHUA,22,DR. BELISARIO DOMINGUEZ,MORENA,19,1828,0,40,1868,3116,19,No
2016,8,CHIHUAHUA,22,DR. BELISARIO DOMINGUEZ,PRI_PVEM_PT_NUAL,10,1828,0,40,1868,3116,695,Sí
2016,8,CHIHUAHUA,22,DR. BELISARIO DOMINGUEZ,PRI_PVEM_PT,4,1828,0,40,1868,3116,646,Sí
2016,8,CHIHUAHUA,22,DR. BELISARIO DOMINGUEZ,PRI_PVEM_NUAL,5,1828,0,40,1868,3116,683,Sí
2016,8,CHIHUAHUA,22,DR. BELISARIO DOMINGUEZ,PRI_PT_NUAL,0,1828,0,40,1868,3116,677,Sí
2016,8,CHIHUAHUA,22,DR. BELISARIO DOMINGUEZ,PVEM_PT_NUAL,0,1828,0,40,1868,3116,58,Sí
2016,8,CHIHUAHUA,22,DR. BELISARIO DOMINGUEZ,PRI_PVEM,4,1828,0,40,1868,3116,639,Sí
2016,8,CHIHUAHUA,22,DR. BELISARIO DOMINGUEZ,PRI_PT,1,1828,0,40,1868,3116,635,Sí
2016,8,CHIHUAHUA,22,DR. BELISARIO DOMINGUEZ,PRI_NUAL,9,1828,0,40,1868,3116,679,Sí
2016,8,CHIHUAHUA,22,DR. BELISARIO DOMINGUEZ,PVEM_PT,0,1828,0,40,1868,3116,15,Sí
2016,8,CHIHUAHUA,22,DR. BELISARIO DOMINGUEZ,PVEM_NUAL,0,1828,0,40,1868,3116,51,Sí
2016,8,CHIHUAHUA,22,DR. BELISARIO DOMINGUEZ,PT_NUAL,0,1828,0,40,1868,3116,50,Sí
2016,8,CHIHUAHUA,23,GALEANA,PAN,90,2380,4,85,2469,3999,90,No
2016,8,CHIHUAHUA,23,GALEANA,PRI,1207,2380,4,85,2469,3999,1207,No
2016,8,CHIHUAHUA,23,GALEANA,PRD,35,2380,4,85,2469,3999,35,No
2016,8,CHIHUAHUA,23,GALEANA,PVEM,11,2380,4,85,2469,3999,11,No
2016,8,CHIHUAHUA,23,GALEANA,PT,25,2380,4,85,2469,3999,25,No
2016,8,CHIHUAHUA,23,GALEANA,NUAL,22,2380,4,85,2469,3999,22,No
2016,8,CHIHUAHUA,23,GALEANA,MORENA,953,2380,4,85,2469,3999,953,No
2016,8,CHIHUAHUA,23,GALEANA,PRI_PVEM_PT_NUAL,15,2380,4,85,2469,3999,1280,Sí
2016,8,CHIHUAHUA,23,GALEANA,PRI_PVEM_PT,0,2380,4,85,2469,3999,1243,Sí
2016,8,CHIHUAHUA,23,GALEANA,PRI_PVEM_NUAL,8,2380,4,85,2469,3999,1248,Sí
2016,8,CHIHUAHUA,23,GALEANA,PRI_PT_NUAL,3,2380,4,85,2469,3999,1257,Sí
2016,8,CHIHUAHUA,23,GALEANA,PVEM_PT_NUAL,0,2380,4,85,2469,3999,58,Sí
2016,8,CHIHUAHUA,23,GALEANA,PRI_PVEM,5,2380,4,85,2469,3999,1223,Sí
2016,8,CHIHUAHUA,23,GALEANA,PRI_PT,4,2380,4,85,2469,3999,1236,Sí
2016,8,CHIHUAHUA,23,GALEANA,PRI_NUAL,1,2380,4,85,2469,3999,1230,Sí
2016,8,CHIHUAHUA,23,GALEANA,PVEM_PT,0,2380,4,85,2469,3999,36,Sí
2016,8,CHIHUAHUA,23,GALEANA,PVEM_NUAL,0,2380,4,85,2469,3999,33,Sí
2016,8,CHIHUAHUA,23,GALEANA,PT_NUAL,1,2380,4,85,2469,3999,48,Sí
2016,8,CHIHUAHUA,24,SANTA ISABEL,PAN,1529,2544,2,50,2596,4035,1529,No
2016,8,CHIHUAHUA,24,SANTA ISABEL,PRI,928,2544,2,50,2596,4035,928,No
2016,8,CHIHUAHUA,24,SANTA ISABEL,PVEM,5,2544,2,50,2596,4035,5,No
2016,8,CHIHUAHUA,24,SANTA ISABEL,PT,7,2544,2,50,2596,4035,7,No
2016,8,CHIHUAHUA,24,SANTA ISABEL,NUAL,15,2544,2,50,2596,4035,15,No
2016,8,CHIHUAHUA,24,SANTA ISABEL,MORENA,26,2544,2,50,2596,4035,26,No
2016,8,CHIHUAHUA,24,SANTA ISABEL,PRI_PVEM_PT_NUAL,12,2544,2,50,2596,4035,967,Sí
2016,8,CHIHUAHUA,24,SANTA ISABEL,PRI_PVEM_PT,3,2544,2,50,2596,4035,943,Sí
2016,8,CHIHUAHUA,24,SANTA ISABEL,PRI_PVEM_NUAL,3,2544,2,50,2596,4035,951,Sí
2016,8,CHIHUAHUA,24,SANTA ISABEL,PRI_PT_NUAL,2,2544,2,50,2596,4035,952,Sí
2016,8,CHIHUAHUA,24,SANTA ISABEL,PVEM_PT_NUAL,1,2544,2,50,2596,4035,28,Sí
2016,8,CHIHUAHUA,24,SANTA ISABEL,PRI_PVEM,10,2544,2,50,2596,4035,943,Sí
2016,8,CHIHUAHUA,24,SANTA ISABEL,PRI_PT,3,2544,2,50,2596,4035,938,Sí
2016,8,CHIHUAHUA,24,SANTA ISABEL,PRI_NUAL,0,2544,2,50,2596,4035,943,Sí
2016,8,CHIHUAHUA,24,SANTA ISABEL,PVEM_PT,0,2544,2,50,2596,4035,12,Sí
2016,8,CHIHUAHUA,24,SANTA ISABEL,PVEM_NUAL,0,2544,2,50,2596,4035,20,Sí
2016,8,CHIHUAHUA,24,SANTA ISABEL,PT_NUAL,0,2544,2,50,2596,4035,22,Sí
2016,8,CHIHUAHUA,25,GOMEZ FARIAS,PAN,783,3320,4,229,3553,7285,783,No
2016,8,CHIHUAHUA,25,GOMEZ FARIAS,PRD,124,3320,4,229,3553,7285,124,No
2016,8,CHIHUAHUA,25,GOMEZ FARIAS,PT,234,3320,4,229,3553,7285,234,No
2016,8,CHIHUAHUA,25,GOMEZ FARIAS,MORENA,265,3320,4,229,3553,7285,265,No
2016,8,CHIHUAHUA,25,GOMEZ FARIAS,C_COMUN_PRI_PVEM_NUAL,1914,3320,4,229,3553,7285,1914,Sí
2016,8,CHIHUAHUA,26,GRAN MORELOS,PAN,988,1876,0,55,1931,3243,988,No
2016,8,CHIHUAHUA,26,GRAN MORELOS,PRI,828,1876,0,55,1931,3243,828,No
2016,8,CHIHUAHUA,26,GRAN MORELOS,PRD,19,1876,0,55,1931,3243,19,No
2016,8,CHIHUAHUA,26,GRAN MORELOS,PVEM,12,1876,0,55,1931,3243,12,No
2016,8,CHIHUAHUA,26,GRAN MORELOS,PT,4,1876,0,55,1931,3243,4,No
2016,8,CHIHUAHUA,26,GRAN MORELOS,MC,2,1876,0,55,1931,3243,2,No
2016,8,CHIHUAHUA,26,GRAN MORELOS,NUAL,8,1876,0,55,1931,3243,8,No
2016,8,CHIHUAHUA,26,GRAN MORELOS,PRI_PVEM_PT_NUAL,1,1876,0,55,1931,3243,853,Sí
2016,8,CHIHUAHUA,26,GRAN MORELOS,PRI_PVEM_PT,1,1876,0,55,1931,3243,845,Sí
2016,8,CHIHUAHUA,26,GRAN MORELOS,PRI_PVEM_NUAL,2,1876,0,55,1931,3243,850,Sí
2016,8,CHIHUAHUA,26,GRAN MORELOS,PRI_PT_NUAL,1,1876,0,55,1931,3243,841,Sí
2016,8,CHIHUAHUA,26,GRAN MORELOS,PVEM_PT_NUAL,0,1876,0,55,1931,3243,24,Sí
2016,8,CHIHUAHUA,26,GRAN MORELOS,PRI_PVEM,10,1876,0,55,1931,3243,850,Sí
2016,8,CHIHUAHUA,26,GRAN MORELOS,PRI_PT,0,1876,0,55,1931,3243,832,Sí
2016,8,CHIHUAHUA,26,GRAN MORELOS,PRI_NUAL,0,1876,0,55,1931,3243,836,Sí
2016,8,CHIHUAHUA,26,GRAN MORELOS,PVEM_PT,0,1876,0,55,1931,3243,16,Sí
2016,8,CHIHUAHUA,26,GRAN MORELOS,PVEM_NUAL,0,1876,0,55,1931,3243,20,Sí
2016,8,CHIHUAHUA,26,GRAN MORELOS,PT_NUAL,0,1876,0,55,1931,3243,12,Sí
2016,8,CHIHUAHUA,27,GUACHOCHI,PAN,4970,15286,9,2533,17828,33832,4970,No
2016,8,CHIHUAHUA,27,GUACHOCHI,PRD,424,15286,9,2533,17828,33832,424,No
2016,8,CHIHUAHUA,27,GUACHOCHI,PVEM,375,15286,9,2533,17828,33832,375,No
2016,8,CHIHUAHUA,27,GUACHOCHI,PT,326,15286,9,2533,17828,33832,326,No
2016,8,CHIHUAHUA,27,GUACHOCHI,MC,745,15286,9,2533,17828,33832,745,No
2016,8,CHIHUAHUA,27,GUACHOCHI,MORENA,331,15286,9,2533,17828,33832,331,No
2016,8,CHIHUAHUA,27,GUACHOCHI,ES,276,15286,9,2533,17828,33832,276,No
2016,8,CHIHUAHUA,27,GUACHOCHI,C_COMUN_PRI_NUAL,7839,15286,9,2533,17828,33832,7839,Sí
2016,8,CHIHUAHUA,28,GUADALUPE,PAN,511,2271,1,79,2351,5296,511,No
2016,8,CHIHUAHUA,28,GUADALUPE,PRI,1204,2271,1,79,2351,5296,1204,No
2016,8,CHIHUAHUA,28,GUADALUPE,PRD,56,2271,1,79,2351,5296,56,No
2016,8,CHIHUAHUA,28,GUADALUPE,PVEM,8,2271,1,79,2351,5296,8,No
2016,8,CHIHUAHUA,28,GUADALUPE,PT,12,2271,1,79,2351,5296,12,No
2016,8,CHIHUAHUA,28,GUADALUPE,NUAL,46,2271,1,79,2351,5296,46,No
2016,8,CHIHUAHUA,28,GUADALUPE,MORENA,368,2271,1,79,2351,5296,368,No
2016,8,CHIHUAHUA,28,GUADALUPE,PRI_PVEM_PT_NUAL,31,2271,1,79,2351,5296,1301,Sí
2016,8,CHIHUAHUA,28,GUADALUPE,PRI_PVEM_PT,3,2271,1,79,2351,5296,1227,Sí
2016,8,CHIHUAHUA,28,GUADALUPE,PRI_PVEM_NUAL,19,2271,1,79,2351,5296,1277,Sí
2016,8,CHIHUAHUA,28,GUADALUPE,PRI_PT_NUAL,0,2271,1,79,2351,5296,1262,Sí
2016,8,CHIHUAHUA,28,GUADALUPE,PVEM_PT_NUAL,0,2271,1,79,2351,5296,66,Sí
2016,8,CHIHUAHUA,28,GUADALUPE,PRI_PVEM,11,2271,1,79,2351,5296,1223,Sí
2016,8,CHIHUAHUA,28,GUADALUPE,PRI_PT,0,2271,1,79,2351,5296,1216,Sí
2016,8,CHIHUAHUA,28,GUADALUPE,PRI_NUAL,2,2271,1,79,2351,5296,1252,Sí
2016,8,CHIHUAHUA,28,GUADALUPE,PVEM_PT,0,2271,1,79,2351,5296,20,Sí
2016,8,CHIHUAHUA,28,GUADALUPE,PVEM_NUAL,0,2271,1,79,2351,5296,54,Sí
2016,8,CHIHUAHUA,28,GUADALUPE,PT_NUAL,0,2271,1,79,2351,5296,58,Sí
2016,8,CHIHUAHUA,29,GUADALUPE Y CALVO,PAN,1348,11968,12,962,12942,29607,1348,No
2016,8,CHIHUAHUA,29,GUADALUPE Y CALVO,PRI,8429,11968,12,962,12942,29607,8429,No
2016,8,CHIHUAHUA,29,GUADALUPE Y CALVO,PVEM,235,11968,12,962,12942,29607,235,No
2016,8,CHIHUAHUA,29,GUADALUPE Y CALVO,PT,199,11968,12,962,12942,29607,199,No
2016,8,CHIHUAHUA,29,GUADALUPE Y CALVO,MC,164,11968,12,962,12942,29607,164,No
2016,8,CHIHUAHUA,29,GUADALUPE Y CALVO,NUAL,1031,11968,12,962,12942,29607,1031,No
2016,8,CHIHUAHUA,29,GUADALUPE Y CALVO,MORENA,265,11968,12,962,12942,29607,265,No
2016,8,CHIHUAHUA,29,GUADALUPE Y CALVO,PRI_PVEM_PT_NUAL,44,11968,12,962,12942,29607,9938,Sí
2016,8,CHIHUAHUA,29,GUADALUPE Y CALVO,PRI_PVEM_PT,8,11968,12,962,12942,29607,8871,Sí
2016,8,CHIHUAHUA,29,GUADALUPE Y CALVO,PRI_PVEM_NUAL,41,11968,12,962,12942,29607,9736,Sí
2016,8,CHIHUAHUA,29,GUADALUPE Y CALVO,PRI_PT_NUAL,41,11968,12,962,12942,29607,9700,Sí
2016,8,CHIHUAHUA,29,GUADALUPE Y CALVO,PVEM_PT_NUAL,2,11968,12,962,12942,29607,1467,Sí
2016,8,CHIHUAHUA,29,GUADALUPE Y CALVO,PRI_PVEM,41,11968,12,962,12942,29607,8705,Sí
2016,8,CHIHUAHUA,29,GUADALUPE Y CALVO,PRI_PT,21,11968,12,962,12942,29607,8649,Sí
2016,8,CHIHUAHUA,29,GUADALUPE Y CALVO,PRI_NUAL,76,11968,12,962,12942,29607,9536,Sí
2016,8,CHIHUAHUA,29,GUADALUPE Y CALVO,PVEM_PT,9,11968,12,962,12942,29607,443,Sí
2016,8,CHIHUAHUA,29,GUADALUPE Y CALVO,PVEM_NUAL,9,11968,12,962,12942,29607,1275,Sí
2016,8,CHIHUAHUA,29,GUADALUPE Y CALVO,PT_NUAL,5,11968,12,962,12942,29607,1235,Sí
2016,8,CHIHUAHUA,30,GUAZAPARES,PAN,996,3784,0,264,4048,6758,996,No
2016,8,CHIHUAHUA,30,GUAZAPARES,PRI,1481,3784,0,264,4048,6758,1481,No
2016,8,CHIHUAHUA,30,GUAZAPARES,PRD,20,3784,0,264,4048,6758,20,No
2016,8,CHIHUAHUA,30,GUAZAPARES,PVEM,21,3784,0,264,4048,6758,21,No
2016,8,CHIHUAHUA,30,GUAZAPARES,PT,14,3784,0,264,4048,6758,14,No
2016,8,CHIHUAHUA,30,GUAZAPARES,MC,1055,3784,0,264,4048,6758,1055,No
2016,8,CHIHUAHUA,30,GUAZAPARES,NUAL,21,3784,0,264,4048,6758,21,No
2016,8,CHIHUAHUA,30,GUAZAPARES,MORENA,118,3784,0,264,4048,6758,118,No
2016,8,CHIHUAHUA,30,GUAZAPARES,PRI_PVEM_PT_NUAL,15,3784,0,264,4048,6758,1552,Sí
2016,8,CHIHUAHUA,30,GUAZAPARES,PRI_PVEM_PT,2,3784,0,264,4048,6758,1518,Sí
2016,8,CHIHUAHUA,30,GUAZAPARES,PRI_PVEM_NUAL,4,3784,0,264,4048,6758,1527,Sí
2016,8,CHIHUAHUA,30,GUAZAPARES,PRI_PT_NUAL,1,3784,0,264,4048,6758,1517,Sí
2016,8,CHIHUAHUA,30,GUAZAPARES,PVEM_PT_NUAL,0,3784,0,264,4048,6758,56,Sí
2016,8,CHIHUAHUA,30,GUAZAPARES,PRI_PVEM,30,3784,0,264,4048,6758,1532,Sí
2016,8,CHIHUAHUA,30,GUAZAPARES,PRI_PT,2,3784,0,264,4048,6758,1497,Sí
2016,8,CHIHUAHUA,30,GUAZAPARES,PRI_NUAL,3,3784,0,264,4048,6758,1505,Sí
2016,8,CHIHUAHUA,30,GUAZAPARES,PVEM_PT,0,3784,0,264,4048,6758,35,Sí
2016,8,CHIHUAHUA,30,GUAZAPARES,PVEM_NUAL,1,3784,0,264,4048,6758,43,Sí
2016,8,CHIHUAHUA,30,GUAZAPARES,PT_NUAL,0,3784,0,264,4048,6758,35,Sí
2016,8,CHIHUAHUA,31,GUERRERO,PAN,5403,14226,8,579,14813,30026,5403,No
2016,8,CHIHUAHUA,31,GUERRERO,PRI,6534,14226,8,579,14813,30026,6534,No
2016,8,CHIHUAHUA,31,GUERRERO,PRD,819,14226,8,579,14813,30026,819,No
2016,8,CHIHUAHUA,31,GUERRERO,PVEM,133,14226,8,579,14813,30026,133,No
2016,8,CHIHUAHUA,31,GUERRERO,PT,83,14226,8,579,14813,30026,83,No
2016,8,CHIHUAHUA,31,GUERRERO,MC,57,14226,8,579,14813,30026,57,No
2016,8,CHIHUAHUA,31,GUERRERO,NUAL,498,14226,8,579,14813,30026,498,No
2016,8,CHIHUAHUA,31,GUERRERO,MORENA,214,14226,8,579,14813,30026,214,No
2016,8,CHIHUAHUA,31,GUERRERO,ES,297,14226,8,579,14813,30026,297,No
2016,8,CHIHUAHUA,31,GUERRERO,PRI_PVEM_PT_NUAL,41,14226,8,579,14813,30026,7289,Sí
2016,8,CHIHUAHUA,31,GUERRERO,PRI_PVEM_PT,3,14226,8,579,14813,30026,6753,Sí
2016,8,CHIHUAHUA,31,GUERRERO,PRI_PVEM_NUAL,21,14226,8,579,14813,30026,7186,Sí
2016,8,CHIHUAHUA,31,GUERRERO,PRI_PT_NUAL,4,14226,8,579,14813,30026,7119,Sí
2016,8,CHIHUAHUA,31,GUERRERO,PVEM_PT_NUAL,3,14226,8,579,14813,30026,717,Sí
2016,8,CHIHUAHUA,31,GUERRERO,PRI_PVEM,75,14226,8,579,14813,30026,6742,Sí
2016,8,CHIHUAHUA,31,GUERRERO,PRI_PT,7,14226,8,579,14813,30026,6624,Sí
2016,8,CHIHUAHUA,31,GUERRERO,PRI_NUAL,27,14226,8,579,14813,30026,7059,Sí
2016,8,CHIHUAHUA,31,GUERRERO,PVEM_PT,1,14226,8,579,14813,30026,217,Sí
2016,8,CHIHUAHUA,31,GUERRERO,PVEM_NUAL,3,14226,8,579,14813,30026,634,Sí
2016,8,CHIHUAHUA,31,GUERRERO,PT_NUAL,3,14226,8,579,14813,30026,584,Sí
2016,8,CHIHUAHUA,32,HIDALGO DEL PARRAL,PAN,6427,46762,40,1392,48194,83776,6427,No
2016,8,CHIHUAHUA,32,HIDALGO DEL PARRAL,PRI,14085,46762,40,1392,48194,83776,14085,No
2016,8,CHIHUAHUA,32,HIDALGO DEL PARRAL,PRD,176,46762,40,1392,48194,83776,176,No
2016,8,CHIHUAHUA,32,HIDALGO DEL PARRAL,PVEM,214,46762,40,1392,48194,83776,214,No
2016,8,CHIHUAHUA,32,HIDALGO DEL PARRAL,PT,186,46762,40,1392,48194,83776,186,No
2016,8,CHIHUAHUA,32,HIDALGO DEL PARRAL,NUAL,524,46762,40,1392,48194,83776,524,No
2016,8,CHIHUAHUA,32,HIDALGO DEL PARRAL,MORENA,592,46762,40,1392,48194,83776,592,No
2016,8,CHIHUAHUA,32,HIDALGO DEL PARRAL,ES,414,46762,40,1392,48194,83776,414,No
2016,8,CHIHUAHUA,32,HIDALGO DEL PARRAL,PRI_PVEM_PT_NUAL,70,46762,40,1392,48194,83776,15079,Sí
2016,8,CHIHUAHUA,32,HIDALGO DEL PARRAL,PRI_PVEM_PT,15,46762,40,1392,48194,83776,14500,Sí
2016,8,CHIHUAHUA,32,HIDALGO DEL PARRAL,PRI_PVEM_NUAL,53,46762,40,1392,48194,83776,14876,Sí
2016,8,CHIHUAHUA,32,HIDALGO DEL PARRAL,PRI_PT_NUAL,3,46762,40,1392,48194,83776,14798,Sí
2016,8,CHIHUAHUA,32,HIDALGO DEL PARRAL,PVEM_PT_NUAL,5,46762,40,1392,48194,83776,929,Sí
2016,8,CHIHUAHUA,32,HIDALGO DEL PARRAL,PRI_PVEM,69,46762,40,1392,48194,83776,14368,Sí
2016,8,CHIHUAHUA,32,HIDALGO DEL PARRAL,PRI_PT,14,46762,40,1392,48194,83776,14285,Sí
2016,8,CHIHUAHUA,32,HIDALGO DEL PARRAL,PRI_NUAL,22,46762,40,1392,48194,83776,14631,Sí
2016,8,CHIHUAHUA,32,HIDALGO DEL PARRAL,PVEM_PT,0,46762,40,1392,48194,83776,400,Sí
2016,8,CHIHUAHUA,32,HIDALGO DEL PARRAL,PVEM_NUAL,6,46762,40,1392,48194,83776,744,Sí
2016,8,CHIHUAHUA,32,HIDALGO DEL PARRAL,PT_NUAL,1,46762,40,1392,48194,83776,711,Sí
2016,8,CHIHUAHUA,32,HIDALGO DEL PARRAL,Candidatura Independiente,23351,46762,40,1392,48194,83776,23351,No
2016,8,CHIHUAHUA,32,HIDALGO DEL PARRAL,Candidatura Independiente,535,46762,40,1392,48194,83776,535,No
2016,8,CHIHUAHUA,33,HUEJOTITAN,PAN,586,1081,0,15,1096,1402,586,No
2016,8,CHIHUAHUA,33,HUEJOTITAN,C_COMUN_PRI_PVEM_NUAL,495,1081,0,15,1096,1402,495,Sí
2016,8,CHIHUAHUA,34,IGNACIO ZARAGOZA,PAN,1280,3352,1,129,3482,6097,1280,No
2016,8,CHIHUAHUA,34,IGNACIO ZARAGOZA,PRI,596,3352,1,129,3482,6097,596,No
2016,8,CHIHUAHUA,34,IGNACIO ZARAGOZA,PVEM,15,3352,1,129,3482,6097,15,No
2016,8,CHIHUAHUA,34,IGNACIO ZARAGOZA,PT,24,3352,1,129,3482,6097,24,No
2016,8,CHIHUAHUA,34,IGNACIO ZARAGOZA,MC,1033,3352,1,129,3482,6097,1033,No
2016,8,CHIHUAHUA,34,IGNACIO ZARAGOZA,NUAL,28,3352,1,129,3482,6097,28,No
2016,8,CHIHUAHUA,34,IGNACIO ZARAGOZA,MORENA,354,3352,1,129,3482,6097,354,No
2016,8,CHIHUAHUA,34,IGNACIO ZARAGOZA,PRI_PVEM_PT_NUAL,7,3352,1,129,3482,6097,670,Sí
2016,8,CHIHUAHUA,34,IGNACIO ZARAGOZA,PRI_PVEM_PT,1,3352,1,129,3482,6097,636,Sí
2016,8,CHIHUAHUA,34,IGNACIO ZARAGOZA,PRI_PVEM_NUAL,3,3352,1,129,3482,6097,642,Sí
2016,8,CHIHUAHUA,34,IGNACIO ZARAGOZA,PRI_PT_NUAL,3,3352,1,129,3482,6097,651,Sí
2016,8,CHIHUAHUA,34,IGNACIO ZARAGOZA,PVEM_PT_NUAL,1,3352,1,129,3482,6097,68,Sí
2016,8,CHIHUAHUA,34,IGNACIO ZARAGOZA,PRI_PVEM,4,3352,1,129,3482,6097,615,Sí
2016,8,CHIHUAHUA,34,IGNACIO ZARAGOZA,PRI_PT,1,3352,1,129,3482,6097,621,Sí
2016,8,CHIHUAHUA,34,IGNACIO ZARAGOZA,PRI_NUAL,2,3352,1,129,3482,6097,626,Sí
2016,8,CHIHUAHUA,34,IGNACIO ZARAGOZA,PVEM_PT,0,3352,1,129,3482,6097,39,Sí
2016,8,CHIHUAHUA,34,IGNACIO ZARAGOZA,PVEM_NUAL,0,3352,1,129,3482,6097,43,Sí
2016,8,CHIHUAHUA,34,IGNACIO ZARAGOZA,PT_NUAL,0,3352,1,129,3482,6097,52,Sí
2016,8,CHIHUAHUA,35,JANOS,PAN,591,3481,0,72,3553,7325,591,No
2016,8,CHIHUAHUA,35,JANOS,PRI,1155,3481,0,72,3553,7325,1155,No
2016,8,CHIHUAHUA,35,JANOS,PVEM,7,3481,0,72,3553,7325,7,No
2016,8,CHIHUAHUA,35,JANOS,PT,21,3481,0,72,3553,7325,21,No
2016,8,CHIHUAHUA,35,JANOS,MC,1668,3481,0,72,3553,7325,1668,No
2016,8,CHIHUAHUA,35,JANOS,NUAL,15,3481,0,72,3553,7325,15,No
2016,8,CHIHUAHUA,35,JANOS,MORENA,5,3481,0,72,3553,7325,5,No
2016,8,CHIHUAHUA,35,JANOS,PRI_PVEM_PT_NUAL,7,3481,0,72,3553,7325,1205,Sí
2016,8,CHIHUAHUA,35,JANOS,PRI_PVEM_PT,0,3481,0,72,3553,7325,1183,Sí
2016,8,CHIHUAHUA,35,JANOS,PRI_PVEM_NUAL,1,3481,0,72,3553,7325,1178,Sí
2016,8,CHIHUAHUA,35,JANOS,PRI_PT_NUAL,4,3481,0,72,3553,7325,1195,Sí
2016,8,CHIHUAHUA,35,JANOS,PVEM_PT_NUAL,2,3481,0,72,3553,7325,45,Sí
2016,8,CHIHUAHUA,35,JANOS,PRI_PVEM,3,3481,0,72,3553,7325,1165,Sí
2016,8,CHIHUAHUA,35,JANOS,PRI_PT,2,3481,0,72,3553,7325,1178,Sí
2016,8,CHIHUAHUA,35,JANOS,PRI_NUAL,0,3481,0,72,3553,7325,1170,Sí
2016,8,CHIHUAHUA,35,JANOS,PVEM_PT,0,3481,0,72,3553,7325,28,Sí
2016,8,CHIHUAHUA,35,JANOS,PVEM_NUAL,0,3481,0,72,3553,7325,22,Sí
2016,8,CHIHUAHUA,35,JANOS,PT_NUAL,0,3481,0,72,3553,7325,36,Sí
2016,8,CHIHUAHUA,36,JIMENEZ,PAN,5487,15836,4,436,16276,29522,5487,No
2016,8,CHIHUAHUA,36,JIMENEZ,PRI,4880,15836,4,436,16276,29522,4880,No
2016,8,CHIHUAHUA,36,JIMENEZ,PRD,458,15836,4,436,16276,29522,458,No
2016,8,CHIHUAHUA,36,JIMENEZ,PVEM,75,15836,4,436,16276,29522,75,No
2016,8,CHIHUAHUA,36,JIMENEZ,PT,1066,15836,4,436,16276,29522,1066,No
2016,8,CHIHUAHUA,36,JIMENEZ,MC,945,15836,4,436,16276,29522,945,No
2016,8,CHIHUAHUA,36,JIMENEZ,NUAL,252,15836,4,436,16276,29522,252,No
2016,8,CHIHUAHUA,36,JIMENEZ,MORENA,1393,15836,4,436,16276,29522,1393,No
2016,8,CHIHUAHUA,36,JIMENEZ,ES,60,15836,4,436,16276,29522,60,No
2016,8,CHIHUAHUA,36,JIMENEZ,PRI_PVEM_PT_NUAL,27,15836,4,436,16276,29522,6300,Sí
2016,8,CHIHUAHUA,36,JIMENEZ,PRI_PVEM_PT,7,15836,4,436,16276,29522,6028,Sí
2016,8,CHIHUAHUA,36,JIMENEZ,PRI_PVEM_NUAL,10,15836,4,436,16276,29522,5217,Sí
2016,8,CHIHUAHUA,36,JIMENEZ,PRI_PT_NUAL,0,15836,4,436,16276,29522,6198,Sí
2016,8,CHIHUAHUA,36,JIMENEZ,PVEM_PT_NUAL,0,15836,4,436,16276,29522,1393,Sí
2016,8,CHIHUAHUA,36,JIMENEZ,PRI_PVEM,32,15836,4,436,16276,29522,4987,Sí
2016,8,CHIHUAHUA,36,JIMENEZ,PRI_PT,10,15836,4,436,16276,29522,5956,Sí
2016,8,CHIHUAHUA,36,JIMENEZ,PRI_NUAL,9,15836,4,436,16276,29522,5141,Sí
2016,8,CHIHUAHUA,36,JIMENEZ,PVEM_PT,3,15836,4,436,16276,29522,1144,Sí
2016,8,CHIHUAHUA,36,JIMENEZ,PVEM_NUAL,2,15836,4,436,16276,29522,329,Sí
2016,8,CHIHUAHUA,36,JIMENEZ,PT_NUAL,2,15836,4,436,16276,29522,1320,Sí
2016,8,CHIHUAHUA,36,JIMENEZ,Candidatura Independiente,186,15836,4,436,16276,29522,186,No
2016,8,CHIHUAHUA,36,JIMENEZ,Candidatura Independiente,522,15836,4,436,16276,29522,522,No
2016,8,CHIHUAHUA,36,JIMENEZ,Candidatura Independiente,410,15836,4,436,16276,29522,410,No
2016,8,CHIHUAHUA,37,JUAREZ,PAN,61243,401662,1510,15875,419047,1023228,61243,No
2016,8,CHIHUAHUA,37,JUAREZ,PRI,81177,401662,1510,15875,419047,1023228,81177,No
2016,8,CHIHUAHUA,37,JUAREZ,PRD,4609,401662,1510,15875,419047,1023228,4609,No
2016,8,CHIHUAHUA,37,JUAREZ,PVEM,6500,401662,1510,15875,419047,1023228,6500,No
2016,8,CHIHUAHUA,37,JUAREZ,PT,3970,401662,1510,15875,419047,1023228,3970,No
2016,8,CHIHUAHUA,37,JUAREZ,NUAL,9145,401662,1510,15875,419047,1023228,9145,No
2016,8,CHIHUAHUA,37,JUAREZ,MORENA,17768,401662,1510,15875,419047,1023228,17768,No
2016,8,CHIHUAHUA,37,JUAREZ,ES,7980,401662,1510,15875,419047,1023228,7980,No
2016,8,CHIHUAHUA,37,JUAREZ,PRI_PVEM_PT_NUAL,789,401662,1510,15875,419047,1023228,101581,Sí
2016,8,CHIHUAHUA,37,JUAREZ,PRI_PVEM_PT,215,401662,1510,15875,419047,1023228,91862,Sí
2016,8,CHIHUAHUA,37,JUAREZ,PRI_PVEM_NUAL,487,401662,1510,15875,419047,1023228,97309,Sí
2016,8,CHIHUAHUA,37,JUAREZ,PRI_PT_NUAL,163,401662,1510,15875,419047,1023228,94455,Sí
2016,8,CHIHUAHUA,37,JUAREZ,PVEM_PT_NUAL,45,401662,1510,15875,419047,1023228,19660,Sí
2016,8,CHIHUAHUA,37,JUAREZ,PRI_PVEM,834,401662,1510,15875,419047,1023228,88511,Sí
2016,8,CHIHUAHUA,37,JUAREZ,PRI_PT,213,401662,1510,15875,419047,1023228,85360,Sí
2016,8,CHIHUAHUA,37,JUAREZ,PRI_NUAL,291,401662,1510,15875,419047,1023228,90613,Sí
2016,8,CHIHUAHUA,37,JUAREZ,PVEM_PT,47,401662,1510,15875,419047,1023228,10517,Sí
2016,8,CHIHUAHUA,37,JUAREZ,PVEM_NUAL,69,401662,1510,15875,419047,1023228,15714,Sí
2016,8,CHIHUAHUA,37,JUAREZ,PT_NUAL,213,401662,1510,15875,419047,1023228,13328,Sí
2016,8,CHIHUAHUA,37,JUAREZ,Candidatura Independiente,205904,401662,1510,15875,419047,1023228,205904,No
2016,8,CHIHUAHUA,38,JULIMES,PAN,1372,2825,1,57,2883,4656,1372,No
2016,8,CHIHUAHUA,38,JULIMES,PRI,1232,2825,1,57,2883,4656,1232,No
2016,8,CHIHUAHUA,38,JULIMES,PRD,51,2825,1,57,2883,4656,51,No
2016,8,CHIHUAHUA,38,JULIMES,PVEM,8,2825,1,57,2883,4656,8,No
2016,8,CHIHUAHUA,38,JULIMES,PT,4,2825,1,57,2883,4656,4,No
2016,8,CHIHUAHUA,38,JULIMES,MC,6,2825,1,57,2883,4656,6,No
2016,8,CHIHUAHUA,38,JULIMES,NUAL,70,2825,1,57,2883,4656,70,No
2016,8,CHIHUAHUA,38,JULIMES,MORENA,32,2825,1,57,2883,4656,32,No
2016,8,CHIHUAHUA,38,JULIMES,PRI_PVEM_PT_NUAL,9,2825,1,57,2883,4656,1323,Sí
2016,8,CHIHUAHUA,38,JULIMES,PRI_PVEM_PT,2,2825,1,57,2883,4656,1246,Sí
2016,8,CHIHUAHUA,38,JULIMES,PRI_PVEM_NUAL,7,2825,1,57,2883,4656,1317,Sí
2016,8,CHIHUAHUA,38,JULIMES,PRI_PT_NUAL,0,2825,1,57,2883,4656,1306,Sí
2016,8,CHIHUAHUA,38,JULIMES,PVEM_PT_NUAL,0,2825,1,57,2883,4656,82,Sí
2016,8,CHIHUAHUA,38,JULIMES,PRI_PVEM,9,2825,1,57,2883,4656,1249,Sí
2016,8,CHIHUAHUA,38,JULIMES,PRI_PT,2,2825,1,57,2883,4656,1238,Sí
2016,8,CHIHUAHUA,38,JULIMES,PRI_NUAL,17,2825,1,57,2883,4656,1319,Sí
2016,8,CHIHUAHUA,38,JULIMES,PVEM_PT,0,2825,1,57,2883,4656,12,Sí
2016,8,CHIHUAHUA,38,JULIMES,PVEM_NUAL,3,2825,1,57,2883,4656,81,Sí
2016,8,CHIHUAHUA,38,JULIMES,PT_NUAL,1,2825,1,57,2883,4656,75,Sí
2016,8,CHIHUAHUA,39,LOPEZ,PAN,860,2353,0,71,2424,3484,860,No
2016,8,CHIHUAHUA,39,LOPEZ,PRI,646,2353,0,71,2424,3484,646,No
2016,8,CHIHUAHUA,39,LOPEZ,PRD,52,2353,0,71,2424,3484,52,No
2016,8,CHIHUAHUA,39,LOPEZ,PVEM,6,2353,0,71,2424,3484,6,No
2016,8,CHIHUAHUA,39,LOPEZ,PT,377,2353,0,71,2424,3484,377,No
2016,8,CHIHUAHUA,39,LOPEZ,NUAL,8,2353,0,71,2424,3484,8,No
2016,8,CHIHUAHUA,39,LOPEZ,MORENA,277,2353,0,71,2424,3484,277,No
2016,8,CHIHUAHUA,39,LOPEZ,ES,49,2353,0,71,2424,3484,49,No
2016,8,CHIHUAHUA,39,LOPEZ,PRI_PVEM_PT_NUAL,17,2353,0,71,2424,3484,1054,Sí
2016,8,CHIHUAHUA,39,LOPEZ,PRI_PVEM_PT,16,2353,0,71,2424,3484,1045,Sí
2016,8,CHIHUAHUA,39,LOPEZ,PRI_PVEM_NUAL,5,2353,0,71,2424,3484,665,Sí
2016,8,CHIHUAHUA,39,LOPEZ,PRI_PT_NUAL,2,2353,0,71,2424,3484,1033,Sí
2016,8,CHIHUAHUA,39,LOPEZ,PVEM_PT_NUAL,0,2353,0,71,2424,3484,391,Sí
2016,8,CHIHUAHUA,39,LOPEZ,PRI_PVEM,3,2353,0,71,2424,3484,655,Sí
2016,8,CHIHUAHUA,39,LOPEZ,PRI_PT,31,2353,0,71,2424,3484,1054,Sí
2016,8,CHIHUAHUA,39,LOPEZ,PRI_NUAL,2,2353,0,71,2424,3484,656,Sí
2016,8,CHIHUAHUA,39,LOPEZ,PVEM_PT,0,2353,0,71,2424,3484,383,Sí
2016,8,CHIHUAHUA,39,LOPEZ,PVEM_NUAL,0,2353,0,71,2424,3484,14,Sí
2016,8,CHIHUAHUA,39,LOPEZ,PT_NUAL,2,2353,0,71,2424,3484,387,Sí
2016,8,CHIHUAHUA,40,MADERA,PAN,7335,12217,3,360,12580,22370,7335,No
2016,8,CHIHUAHUA,40,MADERA,PRI,3453,12217,3,360,12580,22370,3453,No
2016,8,CHIHUAHUA,40,MADERA,PRD,765,12217,3,360,12580,22370,765,No
2016,8,CHIHUAHUA,40,MADERA,PVEM,81,12217,3,360,12580,22370,81,No
2016,8,CHIHUAHUA,40,MADERA,PT,69,12217,3,360,12580,22370,69,No
2016,8,CHIHUAHUA,40,MADERA,MC,139,12217,3,360,12580,22370,139,No
2016,8,CHIHUAHUA,40,MADERA,NUAL,152,12217,3,360,12580,22370,152,No
2016,8,CHIHUAHUA,40,MADERA,ES,148,12217,3,360,12580,22370,148,No
2016,8,CHIHUAHUA,40,MADERA,PRI_PVEM_PT_NUAL,20,12217,3,360,12580,22370,3775,Sí
2016,8,CHIHUAHUA,40,MADERA,PRI_PVEM_PT,2,12217,3,360,12580,22370,3605,Sí
2016,8,CHIHUAHUA,40,MADERA,PRI_PVEM_NUAL,6,12217,3,360,12580,22370,3692,Sí
2016,8,CHIHUAHUA,40,MADERA,PRI_PT_NUAL,2,12217,3,360,12580,22370,3676,Sí
2016,8,CHIHUAHUA,40,MADERA,PVEM_PT_NUAL,1,12217,3,360,12580,22370,303,Sí
2016,8,CHIHUAHUA,40,MADERA,PRI_PVEM,26,12217,3,360,12580,22370,3560,Sí
2016,8,CHIHUAHUA,40,MADERA,PRI_PT,6,12217,3,360,12580,22370,3528,Sí
2016,8,CHIHUAHUA,40,MADERA,PRI_NUAL,9,12217,3,360,12580,22370,3614,Sí
2016,8,CHIHUAHUA,40,MADERA,PVEM_PT,2,12217,3,360,12580,22370,152,Sí
2016,8,CHIHUAHUA,40,MADERA,PVEM_NUAL,1,12217,3,360,12580,22370,234,Sí
2016,8,CHIHUAHUA,40,MADERA,PT_NUAL,0,12217,3,360,12580,22370,221,Sí
2016,8,CHIHUAHUA,41,MAGUARICHI,PAN,124,753,0,25,778,1414,124,No
2016,8,CHIHUAHUA,41,MAGUARICHI,PRI,582,753,0,25,778,1414,582,No
2016,8,CHIHUAHUA,41,MAGUARICHI,PVEM,4,753,0,25,778,1414,4,No
2016,8,CHIHUAHUA,41,MAGUARICHI,PT,2,753,0,25,778,1414,2,No
2016,8,CHIHUAHUA,41,MAGUARICHI,MC,11,753,0,25,778,1414,11,No
2016,8,CHIHUAHUA,41,MAGUARICHI,NUAL,11,753,0,25,778,1414,11,No
2016,8,CHIHUAHUA,41,MAGUARICHI,PRI_PVEM_PT_NUAL,5,753,0,25,778,1414,604,Sí
2016,8,CHIHUAHUA,41,MAGUARICHI,PRI_PVEM_PT,1,753,0,25,778,1414,589,Sí
2016,8,CHIHUAHUA,41,MAGUARICHI,PRI_PVEM_NUAL,1,753,0,25,778,1414,598,Sí
2016,8,CHIHUAHUA,41,MAGUARICHI,PRI_PT_NUAL,3,753,0,25,778,1414,598,Sí
2016,8,CHIHUAHUA,41,MAGUARICHI,PVEM_PT_NUAL,1,753,0,25,778,1414,18,Sí
2016,8,CHIHUAHUA,41,MAGUARICHI,PRI_PVEM,4,753,0,25,778,1414,590,Sí
2016,8,CHIHUAHUA,41,MAGUARICHI,PRI_PT,2,753,0,25,778,1414,586,Sí
2016,8,CHIHUAHUA,41,MAGUARICHI,PRI_NUAL,2,753,0,25,778,1414,595,Sí
2016,8,CHIHUAHUA,41,MAGUARICHI,PVEM_PT,0,753,0,25,778,1414,6,Sí
2016,8,CHIHUAHUA,41,MAGUARICHI,PVEM_NUAL,0,753,0,25,778,1414,15,Sí
2016,8,CHIHUAHUA,41,MAGUARICHI,PT_NUAL,0,753,0,25,778,1414,13,Sí
2016,8,CHIHUAHUA,42,MANUEL BENAVIDES,PAN,34,1323,0,49,1372,1927,34,No
2016,8,CHIHUAHUA,42,MANUEL BENAVIDES,PRD,46,1323,0,49,1372,1927,46,No
2016,8,CHIHUAHUA,42,MANUEL BENAVIDES,PVEM,72,1323,0,49,1372,1927,72,No
2016,8,CHIHUAHUA,42,MANUEL BENAVIDES,PT,489,1323,0,49,1372,1927,489,No
2016,8,CHIHUAHUA,42,MANUEL BENAVIDES,C_COMUN_PRI_NUAL,682,1323,0,49,1372,1927,682,Sí
2016,8,CHIHUAHUA,43,MATACHI,PAN,764,1589,1,60,1650,2636,764,No
2016,8,CHIHUAHUA,43,MATACHI,PRI,364,1589,1,60,1650,2636,364,No
2016,8,CHIHUAHUA,43,MATACHI,PVEM,3,1589,1,60,1650,2636,3,No
2016,8,CHIHUAHUA,43,MATACHI,PT,9,1589,1,60,1650,2636,9,No
2016,8,CHIHUAHUA,43,MATACHI,MC,410,1589,1,60,1650,2636,410,No
2016,8,CHIHUAHUA,43,MATACHI,NUAL,23,1589,1,60,1650,2636,23,No
2016,8,CHIHUAHUA,43,MATACHI,PRI_PVEM_PT_NUAL,5,1589,1,60,1650,2636,404,Sí
2016,8,CHIHUAHUA,43,MATACHI,PRI_PVEM_PT,0,1589,1,60,1650,2636,376,Sí
2016,8,CHIHUAHUA,43,MATACHI,PRI_PVEM_NUAL,3,1589,1,60,1650,2636,393,Sí
2016,8,CHIHUAHUA,43,MATACHI,PRI_PT_NUAL,0,1589,1,60,1650,2636,396,Sí
2016,8,CHIHUAHUA,43,MATACHI,PVEM_PT_NUAL,1,1589,1,60,1650,2636,36,Sí
2016,8,CHIHUAHUA,43,MATACHI,PRI_PVEM,3,1589,1,60,1650,2636,370,Sí
2016,8,CHIHUAHUA,43,MATACHI,PRI_PT,0,1589,1,60,1650,2636,373,Sí
2016,8,CHIHUAHUA,43,MATACHI,PRI_NUAL,2,1589,1,60,1650,2636,389,Sí
2016,8,CHIHUAHUA,43,MATACHI,PVEM_PT,1,1589,1,60,1650,2636,13,Sí
2016,8,CHIHUAHUA,43,MATACHI,PVEM_NUAL,0,1589,1,60,1650,2636,26,Sí
2016,8,CHIHUAHUA,43,MATACHI,PT_NUAL,1,1589,1,60,1650,2636,33,Sí
2016,8,CHIHUAHUA,44,MATAMOROS,PAN,1318,2479,0,69,2548,3959,1318,No
2016,8,CHIHUAHUA,44,MATAMOROS,PRI,596,2479,0,69,2548,3959,596,No
2016,8,CHIHUAHUA,44,MATAMOROS,PVEM,6,2479,0,69,2548,3959,6,No
2016,8,CHIHUAHUA,44,MATAMOROS,PT,99,2479,0,69,2548,3959,99,No
2016,8,CHIHUAHUA,44,MATAMOROS,MC,383,2479,0,69,2548,3959,383,No
2016,8,CHIHUAHUA,44,MATAMOROS,NUAL,16,2479,0,69,2548,3959,16,No
2016,8,CHIHUAHUA,44,MATAMOROS,MORENA,18,2479,0,69,2548,3959,18,No
2016,8,CHIHUAHUA,44,MATAMOROS,PRI_PVEM_PT_NUAL,3,2479,0,69,2548,3959,720,Sí
2016,8,CHIHUAHUA,44,MATAMOROS,PRI_PVEM_PT,8,2479,0,69,2548,3959,709,Sí
2016,8,CHIHUAHUA,44,MATAMOROS,PRI_PVEM_NUAL,2,2479,0,69,2548,3959,620,Sí
2016,8,CHIHUAHUA,44,MATAMOROS,PRI_PT_NUAL,8,2479,0,69,2548,3959,719,Sí
2016,8,CHIHUAHUA,44,MATAMOROS,PVEM_PT_NUAL,0,2479,0,69,2548,3959,121,Sí
2016,8,CHIHUAHUA,44,MATAMOROS,PRI_PVEM,6,2479,0,69,2548,3959,608,Sí
2016,8,CHIHUAHUA,44,MATAMOROS,PRI_PT,14,2479,0,69,2548,3959,709,Sí
2016,8,CHIHUAHUA,44,MATAMOROS,PRI_NUAL,1,2479,0,69,2548,3959,613,Sí
2016,8,CHIHUAHUA,44,MATAMOROS,PVEM_PT,1,2479,0,69,2548,3959,106,Sí
2016,8,CHIHUAHUA,44,MATAMOROS,PVEM_NUAL,0,2479,0,69,2548,3959,22,Sí
2016,8,CHIHUAHUA,44,MATAMOROS,PT_NUAL,0,2479,0,69,2548,3959,115,Sí
2016,8,CHIHUAHUA,45,MEOQUI,PAN,6384,15475,136,396,16007,33726,6384,No
2016,8,CHIHUAHUA,45,MEOQUI,PRI,3344,15475,136,396,16007,33726,3344,No
2016,8,CHIHUAHUA,45,MEOQUI,PRD,970,15475,136,396,16007,33726,970,No
2016,8,CHIHUAHUA,45,MEOQUI,PVEM,154,15475,136,396,16007,33726,154,No
2016,8,CHIHUAHUA,45,MEOQUI,PT,148,15475,136,396,16007,33726,148,No
2016,8,CHIHUAHUA,45,MEOQUI,MC,2470,15475,136,396,16007,33726,2470,No
2016,8,CHIHUAHUA,45,MEOQUI,NUAL,1085,15475,136,396,16007,33726,1085,No
2016,8,CHIHUAHUA,45,MEOQUI,MORENA,501,15475,136,396,16007,33726,501,No
2016,8,CHIHUAHUA,45,MEOQUI,ES,291,15475,136,396,16007,33726,291,No
2016,8,CHIHUAHUA,45,MEOQUI,PRI_PVEM_PT_NUAL,26,15475,136,396,16007,33726,4757,Sí
2016,8,CHIHUAHUA,45,MEOQUI,PRI_PVEM_PT,4,15475,136,396,16007,33726,3650,Sí
2016,8,CHIHUAHUA,45,MEOQUI,PRI_PVEM_NUAL,17,15475,136,396,16007,33726,4600,Sí
2016,8,CHIHUAHUA,45,MEOQUI,PRI_PT_NUAL,2,15475,136,396,16007,33726,4579,Sí
2016,8,CHIHUAHUA,45,MEOQUI,PVEM_PT_NUAL,1,15475,136,396,16007,33726,1388,Sí
2016,8,CHIHUAHUA,45,MEOQUI,PRI_PVEM,32,15475,136,396,16007,33726,3530,Sí
2016,8,CHIHUAHUA,45,MEOQUI,PRI_PT,6,15475,136,396,16007,33726,3498,Sí
2016,8,CHIHUAHUA,45,MEOQUI,PRI_NUAL,35,15475,136,396,16007,33726,4464,Sí
2016,8,CHIHUAHUA,45,MEOQUI,PVEM_PT,3,15475,136,396,16007,33726,305,Sí
2016,8,CHIHUAHUA,45,MEOQUI,PVEM_NUAL,1,15475,136,396,16007,33726,1240,Sí
2016,8,CHIHUAHUA,45,MEOQUI,PT_NUAL,1,15475,136,396,16007,33726,1234,Sí
2016,8,CHIHUAHUA,46,MORELOS,PAN,1036,3628,0,195,3823,5331,1036,No
2016,8,CHIHUAHUA,46,MORELOS,PRI,1541,3628,0,195,3823,5331,1541,No
2016,8,CHIHUAHUA,46,MORELOS,PRD,904,3628,0,195,3823,5331,904,No
2016,8,CHIHUAHUA,46,MORELOS,PVEM,15,3628,0,195,3823,5331,15,No
2016,8,CHIHUAHUA,46,MORELOS,PT,20,3628,0,195,3823,5331,20,No
2016,8,CHIHUAHUA,46,MORELOS,MC,3,3628,0,195,3823,5331,3,No
2016,8,CHIHUAHUA,46,MORELOS,NUAL,16,3628,0,195,3823,5331,16,No
2016,8,CHIHUAHUA,46,MORELOS,PRI_PVEM_PT_NUAL,15,3628,0,195,3823,5331,1607,Sí
2016,8,CHIHUAHUA,46,MORELOS,PRI_PVEM_PT,3,3628,0,195,3823,5331,1579,Sí
2016,8,CHIHUAHUA,46,MORELOS,PRI_PVEM_NUAL,12,3628,0,195,3823,5331,1584,Sí
2016,8,CHIHUAHUA,46,MORELOS,PRI_PT_NUAL,1,3628,0,195,3823,5331,1578,Sí
2016,8,CHIHUAHUA,46,MORELOS,PVEM_PT_NUAL,0,3628,0,195,3823,5331,51,Sí
2016,8,CHIHUAHUA,46,MORELOS,PRI_PVEM,43,3628,0,195,3823,5331,1599,Sí
2016,8,CHIHUAHUA,46,MORELOS,PRI_PT,9,3628,0,195,3823,5331,1570,Sí
2016,8,CHIHUAHUA,46,MORELOS,PRI_NUAL,1,3628,0,195,3823,5331,1558,Sí
2016,8,CHIHUAHUA,46,MORELOS,PVEM_PT,1,3628,0,195,3823,5331,36,Sí
2016,8,CHIHUAHUA,46,MORELOS,PVEM_NUAL,2,3628,0,195,3823,5331,33,Sí
2016,8,CHIHUAHUA,46,MORELOS,PT_NUAL,6,3628,0,195,3823,5331,42,Sí
2016,8,CHIHUAHUA,47,MORIS,PAN,1093,2448,0,74,2522,4012,1093,No
2016,8,CHIHUAHUA,47,MORIS,MC,232,2448,0,74,2522,4012,232,No
2016,8,CHIHUAHUA,47,MORIS,C_COMUN_PRI_PVEM_NUAL,1123,2448,0,74,2522,4012,1123,Sí
2016,8,CHIHUAHUA,48,NAMIQUIPA,PAN,2998,8185,3,435,8623,18913,2998,No
2016,8,CHIHUAHUA,48,NAMIQUIPA,PRD,1508,8185,3,435,8623,18913,1508,No
2016,8,CHIHUAHUA,48,NAMIQUIPA,PVEM,207,8185,3,435,8623,18913,207,No
2016,8,CHIHUAHUA,48,NAMIQUIPA,MC,90,8185,3,435,8623,18913,90,No
2016,8,CHIHUAHUA,48,NAMIQUIPA,MORENA,230,8185,3,435,8623,18913,230,No
2016,8,CHIHUAHUA,48,NAMIQUIPA,C_COMUN_PRI_NUAL,3152,8185,3,435,8623,18913,3152,Sí
2016,8,CHIHUAHUA,49,NONOAVA,PAN,1080,2042,0,25,2067,2547,1080,No
2016,8,CHIHUAHUA,49,NONOAVA,PRI,923,2042,0,25,2067,2547,923,No
2016,8,CHIHUAHUA,49,NONOAVA,PVEM,5,2042,0,25,2067,2547,5,No
2016,8,CHIHUAHUA,49,NONOAVA,PT,3,2042,0,25,2067,2547,3,No
2016,8,CHIHUAHUA,49,NONOAVA,NUAL,5,2042,0,25,2067,2547,5,No
2016,8,CHIHUAHUA,49,NONOAVA,PRI_PVEM_PT_NUAL,10,2042,0,25,2067,2547,946,Sí
2016,8,CHIHUAHUA,49,NONOAVA,PRI_PVEM_PT,2,2042,0,25,2067,2547,933,Sí
2016,8,CHIHUAHUA,49,NONOAVA,PRI_PVEM_NUAL,4,2042,0,25,2067,2547,937,Sí
2016,8,CHIHUAHUA,49,NONOAVA,PRI_PT_NUAL,1,2042,0,25,2067,2547,932,Sí
2016,8,CHIHUAHUA,49,NONOAVA,PVEM_PT_NUAL,2,2042,0,25,2067,2547,15,Sí
2016,8,CHIHUAHUA,49,NONOAVA,PRI_PVEM,4,2042,0,25,2067,2547,932,Sí
2016,8,CHIHUAHUA,49,NONOAVA,PRI_PT,3,2042,0,25,2067,2547,929,Sí
2016,8,CHIHUAHUA,49,NONOAVA,PRI_NUAL,0,2042,0,25,2067,2547,928,Sí
2016,8,CHIHUAHUA,49,NONOAVA,PVEM_PT,0,2042,0,25,2067,2547,8,Sí
2016,8,CHIHUAHUA,49,NONOAVA,PVEM_NUAL,0,2042,0,25,2067,2547,10,Sí
2016,8,CHIHUAHUA,49,NONOAVA,PT_NUAL,0,2042,0,25,2067,2547,8,Sí
2016,8,CHIHUAHUA,50,NUEVO CASAS GRANDES,PAN,7376,21717,11,656,22384,47026,7376,No
2016,8,CHIHUAHUA,50,NUEVO CASAS GRANDES,PRI,5211,21717,11,656,22384,47026,5211,No
2016,8,CHIHUAHUA,50,NUEVO CASAS GRANDES,PRD,6321,21717,11,656,22384,47026,6321,No
2016,8,CHIHUAHUA,50,NUEVO CASAS GRANDES,PVEM,236,21717,11,656,22384,47026,236,No
2016,8,CHIHUAHUA,50,NUEVO CASAS GRANDES,PT,831,21717,11,656,22384,47026,831,No
2016,8,CHIHUAHUA,50,NUEVO CASAS GRANDES,MC,307,21717,11,656,22384,47026,307,No
2016,8,CHIHUAHUA,50,NUEVO CASAS GRANDES,NUAL,376,21717,11,656,22384,47026,376,No
2016,8,CHIHUAHUA,50,NUEVO CASAS GRANDES,MORENA,606,21717,11,656,22384,47026,606,No
2016,8,CHIHUAHUA,50,NUEVO CASAS GRANDES,ES,294,21717,11,656,22384,47026,294,No
2016,8,CHIHUAHUA,50,NUEVO CASAS GRANDES,PRI_PVEM_PT_NUAL,33,21717,11,656,22384,47026,6687,Sí
2016,8,CHIHUAHUA,50,NUEVO CASAS GRANDES,PRI_PVEM_PT,15,21717,11,656,22384,47026,6293,Sí
2016,8,CHIHUAHUA,50,NUEVO CASAS GRANDES,PRI_PVEM_NUAL,12,21717,11,656,22384,47026,5835,Sí
2016,8,CHIHUAHUA,50,NUEVO CASAS GRANDES,PRI_PT_NUAL,4,21717,11,656,22384,47026,6422,Sí
2016,8,CHIHUAHUA,50,NUEVO CASAS GRANDES,PVEM_PT_NUAL,2,21717,11,656,22384,47026,1445,Sí
2016,8,CHIHUAHUA,50,NUEVO CASAS GRANDES,PRI_PVEM,34,21717,11,656,22384,47026,5481,Sí
2016,8,CHIHUAHUA,50,NUEVO CASAS GRANDES,PRI_PT,40,21717,11,656,22384,47026,6082,Sí
2016,8,CHIHUAHUA,50,NUEVO CASAS GRANDES,PRI_NUAL,10,21717,11,656,22384,47026,5597,Sí
2016,8,CHIHUAHUA,50,NUEVO CASAS GRANDES,PVEM_PT,2,21717,11,656,22384,47026,1069,Sí
2016,8,CHIHUAHUA,50,NUEVO CASAS GRANDES,PVEM_NUAL,3,21717,11,656,22384,47026,615,Sí
2016,8,CHIHUAHUA,50,NUEVO CASAS GRANDES,PT_NUAL,4,21717,11,656,22384,47026,1211,Sí
2016,8,CHIHUAHUA,51,OCAMPO,PAN,421,3634,0,177,3811,5813,421,No
2016,8,CHIHUAHUA,51,OCAMPO,PRD,357,3634,0,177,3811,5813,357,No
2016,8,CHIHUAHUA,51,OCAMPO,PVEM,903,3634,0,177,3811,5813,903,No
2016,8,CHIHUAHUA,51,OCAMPO,MC,401,3634,0,177,3811,5813,401,No
2016,8,CHIHUAHUA,51,OCAMPO,MORENA,25,3634,0,177,3811,5813,25,No
2016,8,CHIHUAHUA,51,OCAMPO,C_COMUN_PRI_NUAL,1184,3634,0,177,3811,5813,1184,Sí
2016,8,CHIHUAHUA,51,OCAMPO,Candidatura Independiente,343,3634,0,177,3811,5813,343,No
2016,8,CHIHUAHUA,52,OJINAGA,PAN,5721,11118,8,566,11692,21390,5721,No
2016,8,CHIHUAHUA,52,OJINAGA,PRD,73,11118,8,566,11692,21390,73,No
2016,8,CHIHUAHUA,52,OJINAGA,PT,150,11118,8,566,11692,21390,150,No
2016,8,CHIHUAHUA,52,OJINAGA,MC,55,11118,8,566,11692,21390,55,No
2016,8,CHIHUAHUA,52,OJINAGA,MORENA,102,11118,8,566,11692,21390,102,No
2016,8,CHIHUAHUA,52,OJINAGA,ES,52,11118,8,566,11692,21390,52,No
2016,8,CHIHUAHUA,52,OJINAGA,C_COMUN_PRI_PVEM_NUAL,4965,11118,8,566,11692,21390,4965,Sí
2016,8,CHIHUAHUA,53,PRAXEDIS G. GUERRERO,PAN,830,2861,3,107,2971,6141,830,No
2016,8,CHIHUAHUA,53,PRAXEDIS G. GUERRERO,PRD,695,2861,3,107,2971,6141,695,No
2016,8,CHIHUAHUA,53,PRAXEDIS G. GUERRERO,MC,92,2861,3,107,2971,6141,92,No
2016,8,CHIHUAHUA,53,PRAXEDIS G. GUERRERO,MORENA,54,2861,3,107,2971,6141,54,No
2016,8,CHIHUAHUA,53,PRAXEDIS G. GUERRERO,ES,59,2861,3,107,2971,6141,59,No
2016,8,CHIHUAHUA,53,PRAXEDIS G. GUERRERO,C_COMUN_PRI_PVEM_NUAL,1131,2861,3,107,2971,6141,1131,Sí
2016,8,CHIHUAHUA,54,RIVA PALACIO,PAN,1361,2636,1,50,2687,7330,1361,No
2016,8,CHIHUAHUA,54,RIVA PALACIO,PRD,42,2636,1,50,2687,7330,42,No
2016,8,CHIHUAHUA,54,RIVA PALACIO,MORENA,7,2636,1,50,2687,7330,7,No
2016,8,CHIHUAHUA,54,RIVA PALACIO,C_COMUN_PRI_NUAL,1226,2636,1,50,2687,7330,1226,Sí
2016,8,CHIHUAHUA,55,ROSALES,PAN,2911,7203,1,193,7397,13135,2911,No
2016,8,CHIHUAHUA,55,ROSALES,PRI,3278,7203,1,193,7397,13135,3278,No
2016,8,CHIHUAHUA,55,ROSALES,PRD,284,7203,1,193,7397,13135,284,No
2016,8,CHIHUAHUA,55,ROSALES,PVEM,44,7203,1,193,7397,13135,44,No
2016,8,CHIHUAHUA,55,ROSALES,PT,63,7203,1,193,7397,13135,63,No
2016,8,CHIHUAHUA,55,ROSALES,MC,107,7203,1,193,7397,13135,107,No
2016,8,CHIHUAHUA,55,ROSALES,NUAL,148,7203,1,193,7397,13135,148,No
2016,8,CHIHUAHUA,55,ROSALES,MORENA,112,7203,1,193,7397,13135,112,No
2016,8,CHIHUAHUA,55,ROSALES,ES,180,7203,1,193,7397,13135,180,No
2016,8,CHIHUAHUA,55,ROSALES,PRI_PVEM_PT_NUAL,20,7203,1,193,7397,13135,3553,Sí
2016,8,CHIHUAHUA,55,ROSALES,PRI_PVEM_PT,4,7203,1,193,7397,13135,3389,Sí
2016,8,CHIHUAHUA,55,ROSALES,PRI_PVEM_NUAL,9,7203,1,193,7397,13135,3479,Sí
2016,8,CHIHUAHUA,55,ROSALES,PRI_PT_NUAL,4,7203,1,193,7397,13135,3493,Sí
2016,8,CHIHUAHUA,55,ROSALES,PVEM_PT_NUAL,1,7203,1,193,7397,13135,256,Sí
2016,8,CHIHUAHUA,55,ROSALES,PRI_PVEM,24,7203,1,193,7397,13135,3346,Sí
2016,8,CHIHUAHUA,55,ROSALES,PRI_PT,3,7203,1,193,7397,13135,3344,Sí
2016,8,CHIHUAHUA,55,ROSALES,PRI_NUAL,10,7203,1,193,7397,13135,3436,Sí
2016,8,CHIHUAHUA,55,ROSALES,PVEM_PT,0,7203,1,193,7397,13135,107,Sí
2016,8,CHIHUAHUA,55,ROSALES,PVEM_NUAL,0,7203,1,193,7397,13135,192,Sí
2016,8,CHIHUAHUA,55,ROSALES,PT_NUAL,1,7203,1,193,7397,13135,212,Sí
2016,8,CHIHUAHUA,56,ROSARIO,PAN,810,1577,0,11,1588,2007,810,No
2016,8,CHIHUAHUA,56,ROSARIO,C_COMUN_PRI_PVEM_NUAL,767,1577,0,11,1588,2007,767,Sí
2016,8,CHIHUAHUA,57,SAN FRANCISCO DE BORJA,PAN,851,1602,0,39,1641,2358,851,No
2016,8,CHIHUAHUA,57,SAN FRANCISCO DE BORJA,PT,21,1602,0,39,1641,2358,21,No
2016,8,CHIHUAHUA,57,SAN FRANCISCO DE BORJA,MC,57,1602,0,39,1641,2358,57,No
2016,8,CHIHUAHUA,57,SAN FRANCISCO DE BORJA,C_COMUN_PRI_PVEM_NUAL,673,1602,0,39,1641,2358,673,Sí
2016,8,CHIHUAHUA,58,SAN FRANCISCO DE CONCHOS,PAN,763,1820,0,15,1835,2590,763,No
2016,8,CHIHUAHUA,58,SAN FRANCISCO DE CONCHOS,PRI,476,1820,0,15,1835,2590,476,No
2016,8,CHIHUAHUA,58,SAN FRANCISCO DE CONCHOS,PRD,473,1820,0,15,1835,2590,473,No
2016,8,CHIHUAHUA,58,SAN FRANCISCO DE CONCHOS,PVEM,1,1820,0,15,1835,2590,1,No
2016,8,CHIHUAHUA,58,SAN FRANCISCO DE CONCHOS,PT,4,1820,0,15,1835,2590,4,No
2016,8,CHIHUAHUA,58,SAN FRANCISCO DE CONCHOS,MC,64,1820,0,15,1835,2590,64,No
2016,8,CHIHUAHUA,58,SAN FRANCISCO DE CONCHOS,NUAL,7,1820,0,15,1835,2590,7,No
2016,8,CHIHUAHUA,58,SAN FRANCISCO DE CONCHOS,MORENA,20,1820,0,15,1835,2590,20,No
2016,8,CHIHUAHUA,58,SAN FRANCISCO DE CONCHOS,PRI_PVEM_PT_NUAL,3,1820,0,15,1835,2590,491,Sí
2016,8,CHIHUAHUA,58,SAN FRANCISCO DE CONCHOS,PRI_PVEM_PT,0,1820,0,15,1835,2590,481,Sí
2016,8,CHIHUAHUA,58,SAN FRANCISCO DE CONCHOS,PRI_PVEM_NUAL,0,1820,0,15,1835,2590,484,Sí
2016,8,CHIHUAHUA,58,SAN FRANCISCO DE CONCHOS,PRI_PT_NUAL,1,1820,0,15,1835,2590,488,Sí
2016,8,CHIHUAHUA,58,SAN FRANCISCO DE CONCHOS,PVEM_PT_NUAL,0,1820,0,15,1835,2590,12,Sí
2016,8,CHIHUAHUA,58,SAN FRANCISCO DE CONCHOS,PRI_PVEM,4,1820,0,15,1835,2590,481,Sí
2016,8,CHIHUAHUA,58,SAN FRANCISCO DE CONCHOS,PRI_PT,2,1820,0,15,1835,2590,482,Sí
2016,8,CHIHUAHUA,58,SAN FRANCISCO DE CONCHOS,PRI_NUAL,2,1820,0,15,1835,2590,485,Sí
2016,8,CHIHUAHUA,58,SAN FRANCISCO DE CONCHOS,PVEM_PT,0,1820,0,15,1835,2590,5,Sí
2016,8,CHIHUAHUA,58,SAN FRANCISCO DE CONCHOS,PVEM_NUAL,0,1820,0,15,1835,2590,8,Sí
2016,8,CHIHUAHUA,58,SAN FRANCISCO DE CONCHOS,PT_NUAL,0,1820,0,15,1835,2590,11,Sí
2016,8,CHIHUAHUA,59,SAN FRANCISCO DEL ORO,PAN,207,2919,0,84,3003,4295,207,No
2016,8,CHIHUAHUA,59,SAN FRANCISCO DEL ORO,PRI,1288,2919,0,84,3003,4295,1288,No
2016,8,CHIHUAHUA,59,SAN FRANCISCO DEL ORO,PRD,1242,2919,0,84,3003,4295,1242,No
2016,8,CHIHUAHUA,59,SAN FRANCISCO DEL ORO,PVEM,6,2919,0,84,3003,4295,6,No
2016,8,CHIHUAHUA,59,SAN FRANCISCO DEL ORO,PT,30,2919,0,84,3003,4295,30,No
2016,8,CHIHUAHUA,59,SAN FRANCISCO DEL ORO,MC,32,2919,0,84,3003,4295,32,No
2016,8,CHIHUAHUA,59,SAN FRANCISCO DEL ORO,NUAL,45,2919,0,84,3003,4295,45,No
2016,8,CHIHUAHUA,59,SAN FRANCISCO DEL ORO,ES,36,2919,0,84,3003,4295,36,No
2016,8,CHIHUAHUA,59,SAN FRANCISCO DEL ORO,PRI_PVEM_PT_NUAL,4,2919,0,84,3003,4295,1373,Sí
2016,8,CHIHUAHUA,59,SAN FRANCISCO DEL ORO,PRI_PVEM_PT,2,2919,0,84,3003,4295,1326,Sí
2016,8,CHIHUAHUA,59,SAN FRANCISCO DEL ORO,PRI_PVEM_NUAL,4,2919,0,84,3003,4295,1343,Sí
2016,8,CHIHUAHUA,59,SAN FRANCISCO DEL ORO,PRI_PT_NUAL,0,2919,0,84,3003,4295,1363,Sí
2016,8,CHIHUAHUA,59,SAN FRANCISCO DEL ORO,PVEM_PT_NUAL,0,2919,0,84,3003,4295,81,Sí
2016,8,CHIHUAHUA,59,SAN FRANCISCO DEL ORO,PRI_PVEM,16,2919,0,84,3003,4295,1310,Sí
2016,8,CHIHUAHUA,59,SAN FRANCISCO DEL ORO,PRI_PT,0,2919,0,84,3003,4295,1318,Sí
2016,8,CHIHUAHUA,59,SAN FRANCISCO DEL ORO,PRI_NUAL,5,2919,0,84,3003,4295,1338,Sí
2016,8,CHIHUAHUA,59,SAN FRANCISCO DEL ORO,PVEM_PT,2,2919,0,84,3003,4295,38,Sí
2016,8,CHIHUAHUA,59,SAN FRANCISCO DEL ORO,PVEM_NUAL,0,2919,0,84,3003,4295,51,Sí
2016,8,CHIHUAHUA,59,SAN FRANCISCO DEL ORO,PT_NUAL,0,2919,0,84,3003,4295,75,Sí
2016,8,CHIHUAHUA,60,SANTA BARBARA,PAN,813,5524,4,144,5672,8584,813,No
2016,8,CHIHUAHUA,60,SANTA BARBARA,PRI,1137,5524,4,144,5672,8584,1137,No
2016,8,CHIHUAHUA,60,SANTA BARBARA,PRD,1012,5524,4,144,5672,8584,1012,No
2016,8,CHIHUAHUA,60,SANTA BARBARA,PVEM,27,5524,4,144,5672,8584,27,No
2016,8,CHIHUAHUA,60,SANTA BARBARA,PT,61,5524,4,144,5672,8584,61,No
2016,8,CHIHUAHUA,60,SANTA BARBARA,MC,1786,5524,4,144,5672,8584,1786,No
2016,8,CHIHUAHUA,60,SANTA BARBARA,NUAL,52,5524,4,144,5672,8584,52,No
2016,8,CHIHUAHUA,60,SANTA BARBARA,MORENA,101,5524,4,144,5672,8584,101,No
2016,8,CHIHUAHUA,60,SANTA BARBARA,ES,78,5524,4,144,5672,8584,78,No
2016,8,CHIHUAHUA,60,SANTA BARBARA,PRI_PVEM_PT_NUAL,6,5524,4,144,5672,8584,1283,Sí
2016,8,CHIHUAHUA,60,SANTA BARBARA,PRI_PVEM_PT,2,5524,4,144,5672,8584,1227,Sí
2016,8,CHIHUAHUA,60,SANTA BARBARA,PRI_PVEM_NUAL,2,5524,4,144,5672,8584,1218,Sí
2016,8,CHIHUAHUA,60,SANTA BARBARA,PRI_PT_NUAL,2,5524,4,144,5672,8584,1252,Sí
2016,8,CHIHUAHUA,60,SANTA BARBARA,PVEM_PT_NUAL,0,5524,4,144,5672,8584,140,Sí
2016,8,CHIHUAHUA,60,SANTA BARBARA,PRI_PVEM,6,5524,4,144,5672,8584,1170,Sí
2016,8,CHIHUAHUA,60,SANTA BARBARA,PRI_PT,2,5524,4,144,5672,8584,1200,Sí
2016,8,CHIHUAHUA,60,SANTA BARBARA,PRI_NUAL,1,5524,4,144,5672,8584,1190,Sí
2016,8,CHIHUAHUA,60,SANTA BARBARA,PVEM_PT,1,5524,4,144,5672,8584,89,Sí
2016,8,CHIHUAHUA,60,SANTA BARBARA,PVEM_NUAL,0,5524,4,144,5672,8584,79,Sí
2016,8,CHIHUAHUA,60,SANTA BARBARA,PT_NUAL,1,5524,4,144,5672,8584,114,Sí
2016,8,CHIHUAHUA,60,SANTA BARBARA,Candidatura Independiente,113,5524,4,144,5672,8584,113,No
2016,8,CHIHUAHUA,60,SANTA BARBARA,Candidatura Independiente,321,5524,4,144,5672,8584,321,No
2016,8,CHIHUAHUA,61,SATEVO,PAN,1492,2790,0,72,2862,4088,1492,No
2016,8,CHIHUAHUA,61,SATEVO,PRI,1214,2790,0,72,2862,4088,1214,No
2016,8,CHIHUAHUA,61,SATEVO,PVEM,6,2790,0,72,2862,4088,6,No
2016,8,CHIHUAHUA,61,SATEVO,PT,1,2790,0,72,2862,4088,1,No
2016,8,CHIHUAHUA,61,SATEVO,MC,3,2790,0,72,2862,4088,3,No
2016,8,CHIHUAHUA,61,SATEVO,NUAL,8,2790,0,72,2862,4088,8,No
2016,8,CHIHUAHUA,61,SATEVO,ES,23,2790,0,72,2862,4088,23,No
2016,8,CHIHUAHUA,61,SATEVO,PRI_PVEM_PT_NUAL,8,2790,0,72,2862,4088,1237,Sí
2016,8,CHIHUAHUA,61,SATEVO,PRI_PVEM_PT,3,2790,0,72,2862,4088,1224,Sí
2016,8,CHIHUAHUA,61,SATEVO,PRI_PVEM_NUAL,4,2790,0,72,2862,4088,1232,Sí
2016,8,CHIHUAHUA,61,SATEVO,PRI_PT_NUAL,11,2790,0,72,2862,4088,1234,Sí
2016,8,CHIHUAHUA,61,SATEVO,PVEM_PT_NUAL,0,2790,0,72,2862,4088,15,Sí
2016,8,CHIHUAHUA,61,SATEVO,PRI_PVEM,10,2790,0,72,2862,4088,1230,Sí
2016,8,CHIHUAHUA,61,SATEVO,PRI_PT,3,2790,0,72,2862,4088,1218,Sí
2016,8,CHIHUAHUA,61,SATEVO,PRI_NUAL,3,2790,0,72,2862,4088,1225,Sí
2016,8,CHIHUAHUA,61,SATEVO,PVEM_PT,0,2790,0,72,2862,4088,7,Sí
2016,8,CHIHUAHUA,61,SATEVO,PVEM_NUAL,1,2790,0,72,2862,4088,15,Sí
2016,8,CHIHUAHUA,61,SATEVO,PT_NUAL,0,2790,0,72,2862,4088,9,Sí
2016,8,CHIHUAHUA,62,SAUCILLO,PAN,5152,12379,7,316,12702,24234,5152,No
2016,8,CHIHUAHUA,62,SAUCILLO,PRI,3926,12379,7,316,12702,24234,3926,No
2016,8,CHIHUAHUA,62,SAUCILLO,PRD,1932,12379,7,316,12702,24234,1932,No
2016,8,CHIHUAHUA,62,SAUCILLO,PVEM,68,12379,7,316,12702,24234,68,No
2016,8,CHIHUAHUA,62,SAUCILLO,PT,96,12379,7,316,12702,24234,96,No
2016,8,CHIHUAHUA,62,SAUCILLO,MC,131,12379,7,316,12702,24234,131,No
2016,8,CHIHUAHUA,62,SAUCILLO,NUAL,504,12379,7,316,12702,24234,504,No
2016,8,CHIHUAHUA,62,SAUCILLO,MORENA,264,12379,7,316,12702,24234,264,No
2016,8,CHIHUAHUA,62,SAUCILLO,ES,219,12379,7,316,12702,24234,219,No
2016,8,CHIHUAHUA,62,SAUCILLO,PRI_PVEM_PT_NUAL,25,12379,7,316,12702,24234,4619,Sí
2016,8,CHIHUAHUA,62,SAUCILLO,PRI_PVEM_PT,5,12379,7,316,12702,24234,4095,Sí
2016,8,CHIHUAHUA,62,SAUCILLO,PRI_PVEM_NUAL,16,12379,7,316,12702,24234,4514,Sí
2016,8,CHIHUAHUA,62,SAUCILLO,PRI_PT_NUAL,2,12379,7,316,12702,24234,4528,Sí
2016,8,CHIHUAHUA,62,SAUCILLO,PVEM_PT_NUAL,1,12379,7,316,12702,24234,669,Sí
2016,8,CHIHUAHUA,62,SAUCILLO,PRI_PVEM,24,12379,7,316,12702,24234,4018,Sí
2016,8,CHIHUAHUA,62,SAUCILLO,PRI_PT,4,12379,7,316,12702,24234,4026,Sí
2016,8,CHIHUAHUA,62,SAUCILLO,PRI_NUAL,10,12379,7,316,12702,24234,4440,Sí
2016,8,CHIHUAHUA,62,SAUCILLO,PVEM_PT,0,12379,7,316,12702,24234,164,Sí
2016,8,CHIHUAHUA,62,SAUCILLO,PVEM_NUAL,0,12379,7,316,12702,24234,572,Sí
2016,8,CHIHUAHUA,62,SAUCILLO,PT_NUAL,0,12379,7,316,12702,24234,600,Sí
2016,8,CHIHUAHUA,63,TEMOSACHIC,PAN,1621,2948,0,110,3058,5315,1621,No
2016,8,CHIHUAHUA,63,TEMOSACHIC,PRI,1147,2948,0,110,3058,5315,1147,No
2016,8,CHIHUAHUA,63,TEMOSACHIC,PRD,15,2948,0,110,3058,5315,15,No
2016,8,CHIHUAHUA,63,TEMOSACHIC,PVEM,28,2948,0,110,3058,5315,28,No
2016,8,CHIHUAHUA,63,TEMOSACHIC,PT,11,2948,0,110,3058,5315,11,No
2016,8,CHIHUAHUA,63,TEMOSACHIC,MC,34,2948,0,110,3058,5315,34,No
2016,8,CHIHUAHUA,63,TEMOSACHIC,NUAL,15,2948,0,110,3058,5315,15,No
2016,8,CHIHUAHUA,63,TEMOSACHIC,MORENA,44,2948,0,110,3058,5315,44,No
2016,8,CHIHUAHUA,63,TEMOSACHIC,PRI_PVEM_PT_NUAL,7,2948,0,110,3058,5315,1208,Sí
2016,8,CHIHUAHUA,63,TEMOSACHIC,PRI_PVEM_PT,1,2948,0,110,3058,5315,1187,Sí
2016,8,CHIHUAHUA,63,TEMOSACHIC,PRI_PVEM_NUAL,4,2948,0,110,3058,5315,1194,Sí
2016,8,CHIHUAHUA,63,TEMOSACHIC,PRI_PT_NUAL,2,2948,0,110,3058,5315,1175,Sí
2016,8,CHIHUAHUA,63,TEMOSACHIC,PVEM_PT_NUAL,0,2948,0,110,3058,5315,54,Sí
2016,8,CHIHUAHUA,63,TEMOSACHIC,PRI_PVEM,13,2948,0,110,3058,5315,1188,Sí
2016,8,CHIHUAHUA,63,TEMOSACHIC,PRI_PT,2,2948,0,110,3058,5315,1160,Sí
2016,8,CHIHUAHUA,63,TEMOSACHIC,PRI_NUAL,4,2948,0,110,3058,5315,1166,Sí
2016,8,CHIHUAHUA,63,TEMOSACHIC,PVEM_PT,0,2948,0,110,3058,5315,39,Sí
2016,8,CHIHUAHUA,63,TEMOSACHIC,PVEM_NUAL,0,2948,0,110,3058,5315,43,Sí
2016,8,CHIHUAHUA,63,TEMOSACHIC,PT_NUAL,0,2948,0,110,3058,5315,26,Sí
2016,8,CHIHUAHUA,64,EL TULE,PAN,832,1659,0,10,1669,2210,832,No
2016,8,CHIHUAHUA,64,EL TULE,C_COMUN_PRI_PVEM_NUAL,827,1659,0,10,1669,2210,827,Sí
2016,8,CHIHUAHUA,65,URIQUE,PAN,3010,6947,0,430,7377,13291,3010,No
2016,8,CHIHUAHUA,65,URIQUE,PRI,3322,6947,0,430,7377,13291,3322,No
2016,8,CHIHUAHUA,65,URIQUE,PRD,193,6947,0,430,7377,13291,193,No
2016,8,CHIHUAHUA,65,URIQUE,PVEM,41,6947,0,430,7377,13291,41,No
2016,8,CHIHUAHUA,65,URIQUE,PT,31,6947,0,430,7377,13291,31,No
2016,8,CHIHUAHUA,65,URIQUE,MC,39,6947,0,430,7377,13291,39,No
2016,8,CHIHUAHUA,65,URIQUE,NUAL,66,6947,0,430,7377,13291,66,No
2016,8,CHIHUAHUA,65,URIQUE,MORENA,7,6947,0,430,7377,13291,7,No
2016,8,CHIHUAHUA,65,URIQUE,PRI_PVEM_PT_NUAL,149,6947,0,430,7377,13291,3609,Sí
2016,8,CHIHUAHUA,65,URIQUE,PRI_PVEM_PT,3,6947,0,430,7377,13291,3397,Sí
2016,8,CHIHUAHUA,65,URIQUE,PRI_PVEM_NUAL,8,6947,0,430,7377,13291,3437,Sí
2016,8,CHIHUAHUA,65,URIQUE,PRI_PT_NUAL,3,6947,0,430,7377,13291,3422,Sí
2016,8,CHIHUAHUA,65,URIQUE,PVEM_PT_NUAL,3,6947,0,430,7377,13291,141,Sí
2016,8,CHIHUAHUA,65,URIQUE,PRI_PVEM,43,6947,0,430,7377,13291,3406,Sí
2016,8,CHIHUAHUA,65,URIQUE,PRI_PT,7,6947,0,430,7377,13291,3360,Sí
2016,8,CHIHUAHUA,65,URIQUE,PRI_NUAL,16,6947,0,430,7377,13291,3404,Sí
2016,8,CHIHUAHUA,65,URIQUE,PVEM_PT,0,6947,0,430,7377,13291,72,Sí
2016,8,CHIHUAHUA,65,URIQUE,PVEM_NUAL,3,6947,0,430,7377,13291,110,Sí
2016,8,CHIHUAHUA,65,URIQUE,PT_NUAL,3,6947,0,430,7377,13291,100,Sí
2016,8,CHIHUAHUA,66,URUACHI,PAN,1241,3035,0,160,3195,5462,1241,No
2016,8,CHIHUAHUA,66,URUACHI,PRI,1247,3035,0,160,3195,5462,1247,No
2016,8,CHIHUAHUA,66,URUACHI,PRD,414,3035,0,160,3195,5462,414,No
2016,8,CHIHUAHUA,66,URUACHI,PVEM,26,3035,0,160,3195,5462,26,No
2016,8,CHIHUAHUA,66,URUACHI,PT,10,3035,0,160,3195,5462,10,No
2016,8,CHIHUAHUA,66,URUACHI,MC,4,3035,0,160,3195,5462,4,No
2016,8,CHIHUAHUA,66,URUACHI,NUAL,22,3035,0,160,3195,5462,22,No
2016,8,CHIHUAHUA,66,URUACHI,PRI_PVEM_PT_NUAL,12,3035,0,160,3195,5462,1317,Sí
2016,8,CHIHUAHUA,66,URUACHI,PRI_PVEM_PT,2,3035,0,160,3195,5462,1285,Sí
2016,8,CHIHUAHUA,66,URUACHI,PRI_PVEM_NUAL,11,3035,0,160,3195,5462,1306,Sí
2016,8,CHIHUAHUA,66,URUACHI,PRI_PT_NUAL,3,3035,0,160,3195,5462,1282,Sí
2016,8,CHIHUAHUA,66,URUACHI,PVEM_PT_NUAL,2,3035,0,160,3195,5462,60,Sí
2016,8,CHIHUAHUA,66,URUACHI,PRI_PVEM,27,3035,0,160,3195,5462,1300,Sí
2016,8,CHIHUAHUA,66,URUACHI,PRI_PT,5,3035,0,160,3195,5462,1262,Sí
2016,8,CHIHUAHUA,66,URUACHI,PRI_NUAL,8,3035,0,160,3195,5462,1277,Sí
2016,8,CHIHUAHUA,66,URUACHI,PVEM_PT,0,3035,0,160,3195,5462,36,Sí
2016,8,CHIHUAHUA,66,URUACHI,PVEM_NUAL,1,3035,0,160,3195,5462,49,Sí
2016,8,CHIHUAHUA,66,URUACHI,PT_NUAL,0,3035,0,160,3195,5462,32,Sí
2016,8,CHIHUAHUA,67,VALLE DE ZARAGOZA,PAN,380,2677,0,107,2784,4346,380,No
2016,8,CHIHUAHUA,67,VALLE DE ZARAGOZA,PRI,1434,2677,0,107,2784,4346,1434,No
2016,8,CHIHUAHUA,67,VALLE DE ZARAGOZA,PRD,707,2677,0,107,2784,4346,707,No
2016,8,CHIHUAHUA,67,VALLE DE ZARAGOZA,PVEM,14,2677,0,107,2784,4346,14,No
2016,8,CHIHUAHUA,67,VALLE DE ZARAGOZA,PT,22,2677,0,107,2784,4346,22,No
2016,8,CHIHUAHUA,67,VALLE DE ZARAGOZA,MC,48,2677,0,107,2784,4346,48,No
2016,8,CHIHUAHUA,67,VALLE DE ZARAGOZA,NUAL,14,2677,0,107,2784,4346,14,No
2016,8,CHIHUAHUA,67,VALLE DE ZARAGOZA,ES,9,2677,0,107,2784,4346,9,No
2016,8,CHIHUAHUA,67,VALLE DE ZARAGOZA,PRI_PVEM_PT_NUAL,14,2677,0,107,2784,4346,1498,Sí
2016,8,CHIHUAHUA,67,VALLE DE ZARAGOZA,PRI_PVEM_PT,1,2677,0,107,2784,4346,1471,Sí
2016,8,CHIHUAHUA,67,VALLE DE ZARAGOZA,PRI_PVEM_NUAL,7,2677,0,107,2784,4346,1469,Sí
2016,8,CHIHUAHUA,67,VALLE DE ZARAGOZA,PRI_PT_NUAL,0,2677,0,107,2784,4346,1470,Sí
2016,8,CHIHUAHUA,67,VALLE DE ZARAGOZA,PVEM_PT_NUAL,0,2677,0,107,2784,4346,50,Sí
2016,8,CHIHUAHUA,67,VALLE DE ZARAGOZA,PRI_PVEM,21,2677,0,107,2784,4346,1469,Sí
2016,8,CHIHUAHUA,67,VALLE DE ZARAGOZA,PRI_PT,5,2677,0,107,2784,4346,1461,Sí
2016,8,CHIHUAHUA,67,VALLE DE ZARAGOZA,PRI_NUAL,0,2677,0,107,2784,4346,1448,Sí
2016,8,CHIHUAHUA,67,VALLE DE ZARAGOZA,PVEM_PT,1,2677,0,107,2784,4346,37,Sí
2016,8,CHIHUAHUA,67,VALLE DE ZARAGOZA,PVEM_NUAL,0,2677,0,107,2784,4346,28,Sí
2016,8,CHIHUAHUA,67,VALLE DE ZARAGOZA,PT_NUAL,0,2677,0,107,2784,4346,36,Sí
2016,10,DURANGO,1,CANATLAN,PAN_PRD,5996,14340,12,550,14902,23831,5996,Sí
2016,10,DURANGO,1,CANATLAN,PVEM_PRI_PD_NUAL,5622,14340,12,550,14902,23831,5622,Sí
2016,10,DURANGO,1,CANATLAN,PT,447,14340,12,550,14902,23831,447,No
2016,10,DURANGO,1,CANATLAN,MORENA,828,14340,12,550,14902,23831,828,No
2016,10,DURANGO,1,CANATLAN,ES,193,14340,12,550,14902,23831,193,No
2016,10,DURANGO,1,CANATLAN,Candidatura Independiente,1254,14340,12,550,14902,23831,1254,No
2016,10,DURANGO,2,CANELAS,PAN_PRD,755,1839,1,67,1907,3141,755,Sí
2016,10,DURANGO,2,CANELAS,PRI,1029,1839,1,67,1907,3141,1029,No
2016,10,DURANGO,2,CANELAS,PT,45,1839,1,67,1907,3141,45,No
2016,10,DURANGO,2,CANELAS,PVEM,10,1839,1,67,1907,3141,10,No
2016,10,DURANGO,3,CONETO DE COMONFORT,PAN_PRD,59,2308,0,118,2426,3469,59,Sí
2016,10,DURANGO,3,CONETO DE COMONFORT,PRI,61,2308,0,118,2426,3469,61,No
2016,10,DURANGO,3,CONETO DE COMONFORT,PT,38,2308,0,118,2426,3469,38,No
2016,10,DURANGO,3,CONETO DE COMONFORT,PVEM,1365,2308,0,118,2426,3469,1365,No
2016,10,DURANGO,3,CONETO DE COMONFORT,NUAL,779,2308,0,118,2426,3469,779,No
2016,10,DURANGO,3,CONETO DE COMONFORT,MORENA,3,2308,0,118,2426,3469,3,No
2016,10,DURANGO,3,CONETO DE COMONFORT,ES,3,2308,0,118,2426,3469,3,No
2016,10,DURANGO,4,CUENCAME,PAN_PRD,4446,14430,0,364,14794,24670,4446,Sí
2016,10,DURANGO,4,CUENCAME,PRI_PVEM_PD_NUAL,4916,14430,0,364,14794,24670,4916,Sí
2016,10,DURANGO,4,CUENCAME,PT,2133,14430,0,364,14794,24670,2133,No
2016,10,DURANGO,4,CUENCAME,MORENA,2814,14430,0,364,14794,24670,2814,No
2016,10,DURANGO,4,CUENCAME,ES,121,14430,0,364,14794,24670,121,No
2016,10,DURANGO,5,DURANGO,PAN_PRD,132865,255922,175,3911,260008,455230,132865,Sí
2016,10,DURANGO,5,DURANGO,PRI_PVEM_PD_NUAL,91452,255922,175,3911,260008,455230,91452,Sí
2016,10,DURANGO,5,DURANGO,PT,14374,255922,175,3911,260008,455230,14374,No
2016,10,DURANGO,5,DURANGO,MORENA,5577,255922,175,3911,260008,455230,5577,No
2016,10,DURANGO,5,DURANGO,ES,2247,255922,175,3911,260008,455230,2247,No
2016,10,DURANGO,5,DURANGO,Candidatura Independiente,4199,255922,175,3911,260008,455230,4199,No
2016,10,DURANGO,5,DURANGO,Candidatura Independiente,5208,255922,175,3911,260008,455230,5208,No
2016,10,DURANGO,6,GOMEZ PALACIO,PAN_PRD,21349,107966,47,2036,110049,243294,21349,Sí
2016,10,DURANGO,6,GOMEZ PALACIO,PRI_PVEM_PD_NUAL,81219,107966,47,2036,110049,243294,81219,Sí
2016,10,DURANGO,6,GOMEZ PALACIO,PT,1092,107966,47,2036,110049,243294,1092,No
2016,10,DURANGO,6,GOMEZ PALACIO,MC,358,107966,47,2036,110049,243294,358,No
2016,10,DURANGO,6,GOMEZ PALACIO,MORENA,2960,107966,47,2036,110049,243294,2960,No
2016,10,DURANGO,6,GOMEZ PALACIO,ES,988,107966,47,2036,110049,243294,988,No
2016,10,DURANGO,7,GRAL. SIMON BOLIVAR,PAN_PRD,2729,5236,0,208,5444,7778,2729,Sí
2016,10,DURANGO,7,GRAL. SIMON BOLIVAR,PVEM_PRI_PD_NUAL,2357,5236,0,208,5444,7778,2357,Sí
2016,10,DURANGO,7,GRAL. SIMON BOLIVAR,PT,102,5236,0,208,5444,7778,102,No
2016,10,DURANGO,7,GRAL. SIMON BOLIVAR,MORENA,6,5236,0,208,5444,7778,6,No
2016,10,DURANGO,7,GRAL. SIMON BOLIVAR,ES,42,5236,0,208,5444,7778,42,No
2016,10,DURANGO,8,GUADALUPE VICTORIA,PAN_PRD,8050,16517,8,560,17085,28172,8050,Sí
2016,10,DURANGO,8,GUADALUPE VICTORIA,PVEM_PRI_PD_NUAL,5860,16517,8,560,17085,28172,5860,Sí
2016,10,DURANGO,8,GUADALUPE VICTORIA,PT,1650,16517,8,560,17085,28172,1650,No
2016,10,DURANGO,8,GUADALUPE VICTORIA,MORENA,633,16517,8,560,17085,28172,633,No
2016,10,DURANGO,8,GUADALUPE VICTORIA,ES,324,16517,8,560,17085,28172,324,No
2016,10,DURANGO,9,GUANACEVI,PAN_PRD,2336,5445,1,136,5582,7419,2336,Sí
2016,10,DURANGO,9,GUANACEVI,PRI,3024,5445,1,136,5582,7419,3024,No
2016,10,DURANGO,9,GUANACEVI,PT,48,5445,1,136,5582,7419,48,No
2016,10,DURANGO,9,GUANACEVI,PVEM,33,5445,1,136,5582,7419,33,No
2016,10,DURANGO,9,GUANACEVI,MORENA,4,5445,1,136,5582,7419,4,No
2016,10,DURANGO,10,HIDALGO,PAN_PRD,1213,2377,0,37,2414,3356,1213,Sí
2016,10,DURANGO,10,HIDALGO,PRI_PVEM_PD_NUAL,1083,2377,0,37,2414,3356,1083,Sí
2016,10,DURANGO,10,HIDALGO,PT,76,2377,0,37,2414,3356,76,No
2016,10,DURANGO,10,HIDALGO,MORENA,5,2377,0,37,2414,3356,5,No
2016,10,DURANGO,11,INDE,PAN_PRD,1260,2962,0,65,3027,4441,1260,Sí
2016,10,DURANGO,11,INDE,PRI_PVEM_PD_NUAL,1676,2962,0,65,3027,4441,1676,Sí
2016,10,DURANGO,11,INDE,PT,22,2962,0,65,3027,4441,22,No
2016,10,DURANGO,11,INDE,MORENA,4,2962,0,65,3027,4441,4,No
2016,10,DURANGO,12,LERDO,PAN_PRD,12349,51014,50,1277,52341,103955,12349,Sí
2016,10,DURANGO,12,LERDO,PRI_PVEM_PD_NUAL,23512,51014,50,1277,52341,103955,23512,Sí
2016,10,DURANGO,12,LERDO,PT,542,51014,50,1277,52341,103955,542,No
2016,10,DURANGO,12,LERDO,MC,197,51014,50,1277,52341,103955,197,No
2016,10,DURANGO,12,LERDO,MORENA,3488,51014,50,1277,52341,103955,3488,No
2016,10,DURANGO,12,LERDO,ES,574,51014,50,1277,52341,103955,574,No
2016,10,DURANGO,12,LERDO,Candidatura Independiente,10352,51014,50,1277,52341,103955,10352,No
2016,10,DURANGO,13,MAPIMI,PAN_PRD,3993,10072,9,253,10334,17416,3993,Sí
2016,10,DURANGO,13,MAPIMI,PRI_PVEM_PD_NUAL,4754,10072,9,253,10334,17416,4754,Sí
2016,10,DURANGO,13,MAPIMI,PT,107,10072,9,253,10334,17416,107,No
2016,10,DURANGO,13,MAPIMI,MC,40,10072,9,253,10334,17416,40,No
2016,10,DURANGO,13,MAPIMI,MORENA,1046,10072,9,253,10334,17416,1046,No
2016,10,DURANGO,13,MAPIMI,ES,132,10072,9,253,10334,17416,132,No
2016,10,DURANGO,14,MEZQUITAL,PAN_PRD,952,17386,87,1329,18802,25959,952,Sí
2016,10,DURANGO,14,MEZQUITAL,PRI_PVEM_PD_NUAL,8344,17386,87,1329,18802,25959,8344,Sí
2016,10,DURANGO,14,MEZQUITAL,PT,7985,17386,87,1329,18802,25959,7985,No
2016,10,DURANGO,14,MEZQUITAL,MC,7,17386,87,1329,18802,25959,7,No
2016,10,DURANGO,14,MEZQUITAL,MORENA,15,17386,87,1329,18802,25959,15,No
2016,10,DURANGO,14,MEZQUITAL,ES,83,17386,87,1329,18802,25959,83,No
2016,10,DURANGO,15,NAZAS,PAN_PRD,1865,6460,0,146,6606,9214,1865,Sí
2016,10,DURANGO,15,NAZAS,PRI,2022,6460,0,146,6606,9214,2022,No
2016,10,DURANGO,15,NAZAS,PT,424,6460,0,146,6606,9214,424,No
2016,10,DURANGO,15,NAZAS,PVEM,1658,6460,0,146,6606,9214,1658,No
2016,10,DURANGO,15,NAZAS,MC,32,6460,0,146,6606,9214,32,No
2016,10,DURANGO,15,NAZAS,PD,60,6460,0,146,6606,9214,60,No
2016,10,DURANGO,15,NAZAS,NUAL,25,6460,0,146,6606,9214,25,No
2016,10,DURANGO,15,NAZAS,MORENA,132,6460,0,146,6606,9214,132,No
2016,10,DURANGO,15,NAZAS,Candidatura Independiente,242,6460,0,146,6606,9214,242,No
2016,10,DURANGO,16,NOMBRE DE DIOS,PAN_PRD,1638,8958,0,279,9237,14215,1638,Sí
2016,10,DURANGO,16,NOMBRE DE DIOS,PRI,1645,8958,0,279,9237,14215,1645,No
2016,10,DURANGO,16,NOMBRE DE DIOS,PT,2607,8958,0,279,9237,14215,2607,No
2016,10,DURANGO,16,NOMBRE DE DIOS,PVEM,157,8958,0,279,9237,14215,157,No
2016,10,DURANGO,16,NOMBRE DE DIOS,MC,415,8958,0,279,9237,14215,415,No
2016,10,DURANGO,16,NOMBRE DE DIOS,PD,943,8958,0,279,9237,14215,943,No
2016,10,DURANGO,16,NOMBRE DE DIOS,NUAL,98,8958,0,279,9237,14215,98,No
2016,10,DURANGO,16,NOMBRE DE DIOS,MORENA,551,8958,0,279,9237,14215,551,No
2016,10,DURANGO,16,NOMBRE DE DIOS,ES,904,8958,0,279,9237,14215,904,No
2016,10,DURANGO,17,NUEVO IDEAL,PAN_PRD,4221,10178,10,453,10641,20213,4221,Sí
2016,10,DURANGO,17,NUEVO IDEAL,PRI,448,10178,10,453,10641,20213,448,No
2016,10,DURANGO,17,NUEVO IDEAL,PT,71,10178,10,453,10641,20213,71,No
2016,10,DURANGO,17,NUEVO IDEAL,PVEM,308,10178,10,453,10641,20213,308,No
2016,10,DURANGO,17,NUEVO IDEAL,PD,21,10178,10,453,10641,20213,21,No
2016,10,DURANGO,17,NUEVO IDEAL,NUAL,2648,10178,10,453,10641,20213,2648,No
2016,10,DURANGO,17,NUEVO IDEAL,MORENA,244,10178,10,453,10641,20213,244,No
2016,10,DURANGO,17,NUEVO IDEAL,Candidatura Independiente,360,10178,10,453,10641,20213,360,No
2016,10,DURANGO,17,NUEVO IDEAL,Candidatura Independiente,1857,10178,10,453,10641,20213,1857,No
2016,10,DURANGO,18,OCAMPO,PAN_PRD,1573,4533,9,109,4651,7006,1573,Sí
2016,10,DURANGO,18,OCAMPO,PRI_PVEM_PD_NUAL,1956,4533,9,109,4651,7006,1956,Sí
2016,10,DURANGO,18,OCAMPO,PT,243,4533,9,109,4651,7006,243,No
2016,10,DURANGO,18,OCAMPO,MORENA,39,4533,9,109,4651,7006,39,No
2016,10,DURANGO,18,OCAMPO,Candidatura Independiente,722,4533,9,109,4651,7006,722,No
2016,10,DURANGO,19,EL ORO,PAN_PRD,2991,5351,1,150,5502,9547,2991,Sí
2016,10,DURANGO,19,EL ORO,PRI_PVEM_PD_NUAL,2221,5351,1,150,5502,9547,2221,Sí
2016,10,DURANGO,19,EL ORO,PT,106,5351,1,150,5502,9547,106,No
2016,10,DURANGO,19,EL ORO,MORENA,33,5351,1,150,5502,9547,33,No
2016,10,DURANGO,20,OTAEZ,PAN_PRD,78,2731,2,81,2814,3753,78,Sí
2016,10,DURANGO,20,OTAEZ,PRI,1191,2731,2,81,2814,3753,1191,No
2016,10,DURANGO,20,OTAEZ,PT,14,2731,2,81,2814,3753,14,No
2016,10,DURANGO,20,OTAEZ,PVEM,29,2731,2,81,2814,3753,29,No
2016,10,DURANGO,20,OTAEZ,MC,1388,2731,2,81,2814,3753,1388,No
2016,10,DURANGO,20,OTAEZ,MORENA,31,2731,2,81,2814,3753,31,No
2016,10,DURANGO,21,PANUCO DE CORONADO,PAN_PRD,2785,6738,2,149,6889,10702,2785,Sí
2016,10,DURANGO,21,PANUCO DE CORONADO,PRI,2660,6738,2,149,6889,10702,2660,No
2016,10,DURANGO,21,PANUCO DE CORONADO,PT,424,6738,2,149,6889,10702,424,No
2016,10,DURANGO,21,PANUCO DE CORONADO,PVEM,674,6738,2,149,6889,10702,674,No
2016,10,DURANGO,21,PANUCO DE CORONADO,NUAL,29,6738,2,149,6889,10702,29,No
2016,10,DURANGO,21,PANUCO DE CORONADO,MORENA,51,6738,2,149,6889,10702,51,No
2016,10,DURANGO,21,PANUCO DE CORONADO,ES,115,6738,2,149,6889,10702,115,No
2016,10,DURANGO,22,PEÑON BLANCO,PAN_PRD,2343,5250,9,158,5417,8364,2343,Sí
2016,10,DURANGO,22,PEÑON BLANCO,PVEM_PRI_PD_NUAL,2467,5250,9,158,5417,8364,2467,Sí
2016,10,DURANGO,22,PEÑON BLANCO,PT,177,5250,9,158,5417,8364,177,No
2016,10,DURANGO,22,PEÑON BLANCO,MORENA,193,5250,9,158,5417,8364,193,No
2016,10,DURANGO,22,PEÑON BLANCO,ES,70,5250,9,158,5417,8364,70,No
2016,10,DURANGO,23,POANAS,PAN_PRD,5247,11609,3,373,11985,18741,5247,Sí
2016,10,DURANGO,23,POANAS,PVEM_PRI_PD_NUAL,3573,11609,3,373,11985,18741,3573,Sí
2016,10,DURANGO,23,POANAS,PT,670,11609,3,373,11985,18741,670,No
2016,10,DURANGO,23,POANAS,MC,1441,11609,3,373,11985,18741,1441,No
2016,10,DURANGO,23,POANAS,MORENA,345,11609,3,373,11985,18741,345,No
2016,10,DURANGO,23,POANAS,ES,333,11609,3,373,11985,18741,333,No
2016,10,DURANGO,24,PUEBLO NUEVO,PAN_PRD,6628,16651,3,444,17098,30771,6628,Sí
2016,10,DURANGO,24,PUEBLO NUEVO,PRI_PVEM_PD_NUAL,6947,16651,3,444,17098,30771,6947,Sí
2016,10,DURANGO,24,PUEBLO NUEVO,PT,371,16651,3,444,17098,30771,371,No
2016,10,DURANGO,24,PUEBLO NUEVO,MORENA,330,16651,3,444,17098,30771,330,No
2016,10,DURANGO,24,PUEBLO NUEVO,ES,772,16651,3,444,17098,30771,772,No
2016,10,DURANGO,24,PUEBLO NUEVO,Candidatura Independiente,590,16651,3,444,17098,30771,590,No
2016,10,DURANGO,24,PUEBLO NUEVO,Candidatura Independiente,1013,16651,3,444,17098,30771,1013,No
2016,10,DURANGO,25,RODEO,PAN_PRD,2122,5999,0,209,6208,9790,2122,Sí
2016,10,DURANGO,25,RODEO,PVEM_PRI_PD_NUAL,2731,5999,0,209,6208,9790,2731,Sí
2016,10,DURANGO,25,RODEO,PT,119,5999,0,209,6208,9790,119,No
2016,10,DURANGO,25,RODEO,MORENA,800,5999,0,209,6208,9790,800,No
2016,10,DURANGO,25,RODEO,Candidatura Independiente,227,5999,0,209,6208,9790,227,No
2016,10,DURANGO,26,SAN BERNARDO,PAN_PRD,514,1737,0,35,1772,2776,514,Sí
2016,10,DURANGO,26,SAN BERNARDO,PRI,984,1737,0,35,1772,2776,984,No
2016,10,DURANGO,26,SAN BERNARDO,PT,13,1737,0,35,1772,2776,13,No
2016,10,DURANGO,26,SAN BERNARDO,NUAL,209,1737,0,35,1772,2776,209,No
2016,10,DURANGO,26,SAN BERNARDO,MORENA,17,1737,0,35,1772,2776,17,No
2016,10,DURANGO,27,SAN DIMAS,PAN_PRD,2309,7255,0,259,7514,13311,2309,Sí
2016,10,DURANGO,27,SAN DIMAS,PVEM_PRI_PD_NUAL,2455,7255,0,259,7514,13311,2455,Sí
2016,10,DURANGO,27,SAN DIMAS,PT,300,7255,0,259,7514,13311,300,No
2016,10,DURANGO,27,SAN DIMAS,MC,217,7255,0,259,7514,13311,217,No
2016,10,DURANGO,27,SAN DIMAS,MORENA,1837,7255,0,259,7514,13311,1837,No
2016,10,DURANGO,27,SAN DIMAS,ES,137,7255,0,259,7514,13311,137,No
2016,10,DURANGO,28,SAN JUAN DE GUADALUPE,PAN_PRD,1110,3166,0,88,3254,4506,1110,Sí
2016,10,DURANGO,28,SAN JUAN DE GUADALUPE,PRI,839,3166,0,88,3254,4506,839,No
2016,10,DURANGO,28,SAN JUAN DE GUADALUPE,PT,516,3166,0,88,3254,4506,516,No
2016,10,DURANGO,28,SAN JUAN DE GUADALUPE,PVEM,601,3166,0,88,3254,4506,601,No
2016,10,DURANGO,28,SAN JUAN DE GUADALUPE,NUAL,7,3166,0,88,3254,4506,7,No
2016,10,DURANGO,28,SAN JUAN DE GUADALUPE,MORENA,93,3166,0,88,3254,4506,93,No
2016,10,DURANGO,29,SAN JUAN DEL RIO,PAN_PRD,1654,6271,0,232,6503,9828,1654,Sí
2016,10,DURANGO,29,SAN JUAN DEL RIO,PVEM_PRI_PD_NUAL,3754,6271,0,232,6503,9828,3754,Sí
2016,10,DURANGO,29,SAN JUAN DEL RIO,PT,90,6271,0,232,6503,9828,90,No
2016,10,DURANGO,29,SAN JUAN DEL RIO,MORENA,773,6271,0,232,6503,9828,773,No
2016,10,DURANGO,30,SAN LUIS DEL CORDERO,PAN_PRD,594,1221,0,21,1242,1867,594,Sí
2016,10,DURANGO,30,SAN LUIS DEL CORDERO,PRI_PVEM_PD_NUAL,621,1221,0,21,1242,1867,621,Sí
2016,10,DURANGO,30,SAN LUIS DEL CORDERO,PT,6,1221,0,21,1242,1867,6,No
2016,10,DURANGO,31,SAN PEDRO DEL GALLO,PAN_PRD,246,1101,0,23,1124,1469,246,Sí
2016,10,DURANGO,31,SAN PEDRO DEL GALLO,PRI,407,1101,0,23,1124,1469,407,No
2016,10,DURANGO,31,SAN PEDRO DEL GALLO,PT,173,1101,0,23,1124,1469,173,No
2016,10,DURANGO,31,SAN PEDRO DEL GALLO,PVEM,85,1101,0,23,1124,1469,85,No
2016,10,DURANGO,31,SAN PEDRO DEL GALLO,NUAL,184,1101,0,23,1124,1469,184,No
2016,10,DURANGO,31,SAN PEDRO DEL GALLO,MORENA,6,1101,0,23,1124,1469,6,No
2016,10,DURANGO,32,SANTA CLARA,PAN_PRD,959,3463,0,131,3594,5193,959,Sí
2016,10,DURANGO,32,SANTA CLARA,PRI,1337,3463,0,131,3594,5193,1337,No
2016,10,DURANGO,32,SANTA CLARA,PT,626,3463,0,131,3594,5193,626,No
2016,10,DURANGO,32,SANTA CLARA,NUAL,39,3463,0,131,3594,5193,39,No
2016,10,DURANGO,32,SANTA CLARA,MORENA,502,3463,0,131,3594,5193,502,No
2016,10,DURANGO,33,SANTIAGO PAPASQUIARO,PAN_PRD,8964,19905,4,487,20396,35587,8964,Sí
2016,10,DURANGO,33,SANTIAGO PAPASQUIARO,PRI_PVEM_PD_NUAL,9927,19905,4,487,20396,35587,9927,Sí
2016,10,DURANGO,33,SANTIAGO PAPASQUIARO,PT,156,19905,4,487,20396,35587,156,No
2016,10,DURANGO,33,SANTIAGO PAPASQUIARO,MC,210,19905,4,487,20396,35587,210,No
2016,10,DURANGO,33,SANTIAGO PAPASQUIARO,MORENA,356,19905,4,487,20396,35587,356,No
2016,10,DURANGO,33,SANTIAGO PAPASQUIARO,ES,206,19905,4,487,20396,35587,206,No
2016,10,DURANGO,33,SANTIAGO PAPASQUIARO,Candidatura Independiente,86,19905,4,487,20396,35587,86,No
2016,10,DURANGO,34,SUCHIL,PAN_PRD,175,3259,0,116,3375,5225,175,Sí
2016,10,DURANGO,34,SUCHIL,PRI,1129,3259,0,116,3375,5225,1129,No
2016,10,DURANGO,34,SUCHIL,PT,1409,3259,0,116,3375,5225,1409,No
2016,10,DURANGO,34,SUCHIL,PVEM,49,3259,0,116,3375,5225,49,No
2016,10,DURANGO,34,SUCHIL,MC,37,3259,0,116,3375,5225,37,No
2016,10,DURANGO,34,SUCHIL,PD,32,3259,0,116,3375,5225,32,No
2016,10,DURANGO,34,SUCHIL,NUAL,265,3259,0,116,3375,5225,265,No
2016,10,DURANGO,34,SUCHIL,MORENA,163,3259,0,116,3375,5225,163,No
2016,10,DURANGO,35,TAMAZULA,PAN_PRD,2962,8244,2,319,8565,15204,2962,Sí
2016,10,DURANGO,35,TAMAZULA,PRI,5112,8244,2,319,8565,15204,5112,No
2016,10,DURANGO,35,TAMAZULA,PT,81,8244,2,319,8565,15204,81,No
2016,10,DURANGO,35,TAMAZULA,PVEM,89,8244,2,319,8565,15204,89,No
2016,10,DURANGO,36,TEPEHUANES,PAN_PRD,168,5455,0,189,5644,9384,168,Sí
2016,10,DURANGO,36,TEPEHUANES,PRI_PVEM_PD_NUAL,2626,5455,0,189,5644,9384,2626,Sí
2016,10,DURANGO,36,TEPEHUANES,PT,91,5455,0,189,5644,9384,91,No
2016,10,DURANGO,36,TEPEHUANES,MC,2495,5455,0,189,5644,9384,2495,No
2016,10,DURANGO,36,TEPEHUANES,MORENA,75,5455,0,189,5644,9384,75,No
2016,10,DURANGO,37,TLAHUALILO,PAN_PRD,3569,10190,0,156,10346,14681,3569,Sí
2016,10,DURANGO,37,TLAHUALILO,PRI,3566,10190,0,156,10346,14681,3566,No
2016,10,DURANGO,37,TLAHUALILO,PT,86,10190,0,156,10346,14681,86,No
2016,10,DURANGO,37,TLAHUALILO,NUAL,2170,10190,0,156,10346,14681,2170,No
2016,10,DURANGO,37,TLAHUALILO,MORENA,534,10190,0,156,10346,14681,534,No
2016,10,DURANGO,37,TLAHUALILO,ES,73,10190,0,156,10346,14681,73,No
2016,10,DURANGO,37,TLAHUALILO,Candidatura Independiente,192,10190,0,156,10346,14681,192,No
2016,10,DURANGO,38,TOPIA,PAN_PRD,437,3205,0,136,3341,5621,437,Sí
2016,10,DURANGO,38,TOPIA,PRI,1907,3205,0,136,3341,5621,1907,No
2016,10,DURANGO,38,TOPIA,PT,24,3205,0,136,3341,5621,24,No
2016,10,DURANGO,38,TOPIA,PVEM,787,3205,0,136,3341,5621,787,No
2016,10,DURANGO,38,TOPIA,MORENA,26,3205,0,136,3341,5621,26,No
2016,10,DURANGO,38,TOPIA,ES,24,3205,0,136,3341,5621,24,No
2016,10,DURANGO,39,VICENTE GUERRERO,PAN_PRD,1599,9533,8,201,9742,16415,1599,Sí
2016,10,DURANGO,39,VICENTE GUERRERO,PRI_PVEM_PD_NUAL,3358,9533,8,201,9742,16415,3358,Sí
2016,10,DURANGO,39,VICENTE GUERRERO,PT,123,9533,8,201,9742,16415,123,No
2016,10,DURANGO,39,VICENTE GUERRERO,MC,541,9533,8,201,9742,16415,541,No
2016,10,DURANGO,39,VICENTE GUERRERO,MORENA,457,9533,8,201,9742,16415,457,No
2016,10,DURANGO,39,VICENTE GUERRERO,ES,2963,9533,8,201,9742,16415,2963,No
2016,10,DURANGO,39,VICENTE GUERRERO,Candidatura Independiente,492,9533,8,201,9742,16415,492,No
2016,13,HIDALGO,1,ACATLÁN,PAN,3118,9675,4,280,9959,16086,3118,No
2016,13,HIDALGO,1,ACATLÁN,PRI,3104,9675,4,280,9959,16086,3104,No
2016,13,HIDALGO,1,ACATLÁN,PRD,117,9675,4,280,9959,16086,117,No
2016,13,HIDALGO,1,ACATLÁN,PVEM,164,9675,4,280,9959,16086,164,No
2016,13,HIDALGO,1,ACATLÁN,PT,50,9675,4,280,9959,16086,50,No
2016,13,HIDALGO,1,ACATLÁN,MC,151,9675,4,280,9959,16086,151,No
2016,13,HIDALGO,1,ACATLÁN,NVA _ALIANZA,125,9675,4,280,9959,16086,125,Sí
2016,13,HIDALGO,1,ACATLÁN,MORENA,112,9675,4,280,9959,16086,112,No
2016,13,HIDALGO,1,ACATLÁN,ES,651,9675,4,280,9959,16086,651,No
2016,13,HIDALGO,1,ACATLÁN,PRI_VERDE_NUAL,94,9675,4,280,9959,16086,3198,Sí
2016,13,HIDALGO,1,ACATLÁN,PRI_VERDE,30,9675,4,280,9959,16086,3134,Sí
2016,13,HIDALGO,1,ACATLÁN,PRI_NUAL,17,9675,4,280,9959,16086,3121,Sí
2016,13,HIDALGO,1,ACATLÁN,VERDE_NUAL,3,9675,4,280,9959,16086,3,Sí
2016,13,HIDALGO,1,ACATLÁN,Candidatura Independiente,1939,9675,4,280,9959,16086,1939,No
2016,13,HIDALGO,2,ACAXOCHITLÁN,PAN,1477,15628,28,782,16438,29120,1477,No
2016,13,HIDALGO,2,ACAXOCHITLÁN,PRI,5162,15628,28,782,16438,29120,5162,No
2016,13,HIDALGO,2,ACAXOCHITLÁN,PRD,1137,15628,28,782,16438,29120,1137,No
2016,13,HIDALGO,2,ACAXOCHITLÁN,PVEM,396,15628,28,782,16438,29120,396,No
2016,13,HIDALGO,2,ACAXOCHITLÁN,PT,545,15628,28,782,16438,29120,545,No
2016,13,HIDALGO,2,ACAXOCHITLÁN,MC,190,15628,28,782,16438,29120,190,No
2016,13,HIDALGO,2,ACAXOCHITLÁN,NVA _ALIANZA,208,15628,28,782,16438,29120,208,Sí
2016,13,HIDALGO,2,ACAXOCHITLÁN,MORENA,2614,15628,28,782,16438,29120,2614,No
2016,13,HIDALGO,2,ACAXOCHITLÁN,PRI_VERDE_NUAL,36,15628,28,782,16438,29120,5198,Sí
2016,13,HIDALGO,2,ACAXOCHITLÁN,PRI_VERDE,37,15628,28,782,16438,29120,5199,Sí
2016,13,HIDALGO,2,ACAXOCHITLÁN,PRI_NUAL,9,15628,28,782,16438,29120,5171,Sí
2016,13,HIDALGO,2,ACAXOCHITLÁN,VERDE_NUAL,2,15628,28,782,16438,29120,2,Sí
2016,13,HIDALGO,2,ACAXOCHITLÁN,Candidatura Independiente,3815,15628,28,782,16438,29120,3815,No
2016,13,HIDALGO,3,ACTOPAN,PAN,343,23576,2,617,24195,43021,343,No
2016,13,HIDALGO,3,ACTOPAN,PRI,5427,23576,2,617,24195,43021,5427,No
2016,13,HIDALGO,3,ACTOPAN,PRD,1606,23576,2,617,24195,43021,1606,No
2016,13,HIDALGO,3,ACTOPAN,PVEM,195,23576,2,617,24195,43021,195,No
2016,13,HIDALGO,3,ACTOPAN,PT,237,23576,2,617,24195,43021,237,No
2016,13,HIDALGO,3,ACTOPAN,MC,1362,23576,2,617,24195,43021,1362,No
2016,13,HIDALGO,3,ACTOPAN,NVA _ALIANZA,551,23576,2,617,24195,43021,551,Sí
2016,13,HIDALGO,3,ACTOPAN,MORENA,1508,23576,2,617,24195,43021,1508,No
2016,13,HIDALGO,3,ACTOPAN,ES,11812,23576,2,617,24195,43021,11812,No
2016,13,HIDALGO,3,ACTOPAN,PRI_VERDE_NUAL,43,23576,2,617,24195,43021,5470,Sí
2016,13,HIDALGO,3,ACTOPAN,PRI_VERDE,22,23576,2,617,24195,43021,5449,Sí
2016,13,HIDALGO,3,ACTOPAN,PRI_NUAL,15,23576,2,617,24195,43021,5442,Sí
2016,13,HIDALGO,3,ACTOPAN,VERDE_NUAL,4,23576,2,617,24195,43021,4,Sí
2016,13,HIDALGO,3,ACTOPAN,Candidatura Independiente,451,23576,2,617,24195,43021,451,No
2016,13,HIDALGO,4,AGUA BLANCA DE ITURBIDE,PAN,1812,5174,0,177,5351,6861,1812,No
2016,13,HIDALGO,4,AGUA BLANCA DE ITURBIDE,PRI,412,5174,0,177,5351,6861,412,No
2016,13,HIDALGO,4,AGUA BLANCA DE ITURBIDE,PVEM,51,5174,0,177,5351,6861,51,No
2016,13,HIDALGO,4,AGUA BLANCA DE ITURBIDE,NVA _ALIANZA,544,5174,0,177,5351,6861,544,Sí
2016,13,HIDALGO,4,AGUA BLANCA DE ITURBIDE,MORENA,156,5174,0,177,5351,6861,156,No
2016,13,HIDALGO,4,AGUA BLANCA DE ITURBIDE,ES,1206,5174,0,177,5351,6861,1206,No
2016,13,HIDALGO,4,AGUA BLANCA DE ITURBIDE,PRI_VERDE_NUAL,37,5174,0,177,5351,6861,449,Sí
2016,13,HIDALGO,4,AGUA BLANCA DE ITURBIDE,PRI_VERDE,5,5174,0,177,5351,6861,417,Sí
2016,13,HIDALGO,4,AGUA BLANCA DE ITURBIDE,PRI_NUAL,26,5174,0,177,5351,6861,438,Sí
2016,13,HIDALGO,4,AGUA BLANCA DE ITURBIDE,VERDE_NUAL,5,5174,0,177,5351,6861,5,Sí
2016,13,HIDALGO,4,AGUA BLANCA DE ITURBIDE,Candidatura Independiente,136,5174,0,177,5351,6861,136,No
2016,13,HIDALGO,4,AGUA BLANCA DE ITURBIDE,Candidatura Independiente,784,5174,0,177,5351,6861,784,No
2016,13,HIDALGO,5,AJACUBA,PAN,478,8732,2,236,8970,13021,478,No
2016,13,HIDALGO,5,AJACUBA,PRI,1495,8732,2,236,8970,13021,1495,No
2016,13,HIDALGO,5,AJACUBA,PRD,1917,8732,2,236,8970,13021,1917,No
2016,13,HIDALGO,5,AJACUBA,PVEM,2734,8732,2,236,8970,13021,2734,No
2016,13,HIDALGO,5,AJACUBA,PT,1337,8732,2,236,8970,13021,1337,No
2016,13,HIDALGO,5,AJACUBA,MC,28,8732,2,236,8970,13021,28,No
2016,13,HIDALGO,5,AJACUBA,NVA _ALIANZA,195,8732,2,236,8970,13021,195,Sí
2016,13,HIDALGO,5,AJACUBA,MORENA,374,8732,2,236,8970,13021,374,No
2016,13,HIDALGO,5,AJACUBA,ES,174,8732,2,236,8970,13021,174,No
2016,13,HIDALGO,6,ALFAJAYUCAN,PAN,390,8928,0,298,9226,14819,390,No
2016,13,HIDALGO,6,ALFAJAYUCAN,PRI,1621,8928,0,298,9226,14819,1621,No
2016,13,HIDALGO,6,ALFAJAYUCAN,PRD,2157,8928,0,298,9226,14819,2157,No
2016,13,HIDALGO,6,ALFAJAYUCAN,PVEM,4009,8928,0,298,9226,14819,4009,No
2016,13,HIDALGO,6,ALFAJAYUCAN,PT,35,8928,0,298,9226,14819,35,No
2016,13,HIDALGO,6,ALFAJAYUCAN,NVA _ALIANZA,238,8928,0,298,9226,14819,238,Sí
2016,13,HIDALGO,6,ALFAJAYUCAN,MORENA,376,8928,0,298,9226,14819,376,No
2016,13,HIDALGO,6,ALFAJAYUCAN,ES,102,8928,0,298,9226,14819,102,No
2016,13,HIDALGO,7,ALMOLOYA,PAN,592,5351,1,117,5469,8469,592,No
2016,13,HIDALGO,7,ALMOLOYA,PRI,1800,5351,1,117,5469,8469,1800,No
2016,13,HIDALGO,7,ALMOLOYA,PRD,280,5351,1,117,5469,8469,280,No
2016,13,HIDALGO,7,ALMOLOYA,PT,1330,5351,1,117,5469,8469,1330,No
2016,13,HIDALGO,7,ALMOLOYA,MC,681,5351,1,117,5469,8469,681,No
2016,13,HIDALGO,7,ALMOLOYA,NVA _ALIANZA,495,5351,1,117,5469,8469,495,Sí
2016,13,HIDALGO,7,ALMOLOYA,MORENA,108,5351,1,117,5469,8469,108,No
2016,13,HIDALGO,7,ALMOLOYA,ES,65,5351,1,117,5469,8469,65,No
2016,13,HIDALGO,8,APAN,PAN,7163,17298,37,333,17668,31645,7163,No
2016,13,HIDALGO,8,APAN,PRI,4051,17298,37,333,17668,31645,4051,No
2016,13,HIDALGO,8,APAN,PRD,2037,17298,37,333,17668,31645,2037,No
2016,13,HIDALGO,8,APAN,PVEM,113,17298,37,333,17668,31645,113,No
2016,13,HIDALGO,8,APAN,PT,812,17298,37,333,17668,31645,812,No
2016,13,HIDALGO,8,APAN,MC,1519,17298,37,333,17668,31645,1519,No
2016,13,HIDALGO,8,APAN,NVA _ALIANZA,348,17298,37,333,17668,31645,348,Sí
2016,13,HIDALGO,8,APAN,MORENA,907,17298,37,333,17668,31645,907,No
2016,13,HIDALGO,8,APAN,ES,222,17298,37,333,17668,31645,222,No
2016,13,HIDALGO,8,APAN,PRI_VERDE_NUAL,13,17298,37,333,17668,31645,4064,Sí
2016,13,HIDALGO,8,APAN,PRI_VERDE,2,17298,37,333,17668,31645,4053,Sí
2016,13,HIDALGO,8,APAN,PRI_NUAL,2,17298,37,333,17668,31645,4053,Sí
2016,13,HIDALGO,8,APAN,VERDE_NUAL,7,17298,37,333,17668,31645,7,Sí
2016,13,HIDALGO,8,APAN,Candidatura Independiente,102,17298,37,333,17668,31645,102,No
2016,13,HIDALGO,9,ATITALAQUIA,PAN,4313,11468,3,230,11701,19591,4313,No
2016,13,HIDALGO,9,ATITALAQUIA,PRI,3075,11468,3,230,11701,19591,3075,No
2016,13,HIDALGO,9,ATITALAQUIA,PRD,722,11468,3,230,11701,19591,722,No
2016,13,HIDALGO,9,ATITALAQUIA,PVEM,77,11468,3,230,11701,19591,77,No
2016,13,HIDALGO,9,ATITALAQUIA,PT,148,11468,3,230,11701,19591,148,No
2016,13,HIDALGO,9,ATITALAQUIA,MC,305,11468,3,230,11701,19591,305,No
2016,13,HIDALGO,9,ATITALAQUIA,NVA _ALIANZA,173,11468,3,230,11701,19591,173,Sí
2016,13,HIDALGO,9,ATITALAQUIA,MORENA,1243,11468,3,230,11701,19591,1243,No
2016,13,HIDALGO,9,ATITALAQUIA,PRI_VERDE_NUAL,30,11468,3,230,11701,19591,3105,Sí
2016,13,HIDALGO,9,ATITALAQUIA,PRI_VERDE,8,11468,3,230,11701,19591,3083,Sí
2016,13,HIDALGO,9,ATITALAQUIA,PRI_NUAL,8,11468,3,230,11701,19591,3083,Sí
2016,13,HIDALGO,9,ATITALAQUIA,VERDE_NUAL,4,11468,3,230,11701,19591,4,Sí
2016,13,HIDALGO,9,ATITALAQUIA,Candidatura Independiente,635,11468,3,230,11701,19591,635,No
2016,13,HIDALGO,9,ATITALAQUIA,Candidatura Independiente,727,11468,3,230,11701,19591,727,No
2016,13,HIDALGO,10,ATLAPEXCO,PAN,51,10017,0,530,10547,13915,51,No
2016,13,HIDALGO,10,ATLAPEXCO,PRI,5252,10017,0,530,10547,13915,5252,No
2016,13,HIDALGO,10,ATLAPEXCO,PRD,3527,10017,0,530,10547,13915,3527,No
2016,13,HIDALGO,10,ATLAPEXCO,PT,71,10017,0,530,10547,13915,71,No
2016,13,HIDALGO,10,ATLAPEXCO,MC,109,10017,0,530,10547,13915,109,No
2016,13,HIDALGO,10,ATLAPEXCO,NVA _ALIANZA,470,10017,0,530,10547,13915,470,Sí
2016,13,HIDALGO,10,ATLAPEXCO,MORENA,422,10017,0,530,10547,13915,422,No
2016,13,HIDALGO,10,ATLAPEXCO,Candidatura Independiente,115,10017,0,530,10547,13915,115,No
2016,13,HIDALGO,11,ATOTONILCO EL GRANDE,PAN,4200,13071,1,374,13446,22574,4200,No
2016,13,HIDALGO,11,ATOTONILCO EL GRANDE,PRI,3635,13071,1,374,13446,22574,3635,No
2016,13,HIDALGO,11,ATOTONILCO EL GRANDE,PRD,2748,13071,1,374,13446,22574,2748,No
2016,13,HIDALGO,11,ATOTONILCO EL GRANDE,PVEM,405,13071,1,374,13446,22574,405,No
2016,13,HIDALGO,11,ATOTONILCO EL GRANDE,PT,482,13071,1,374,13446,22574,482,No
2016,13,HIDALGO,11,ATOTONILCO EL GRANDE,MC,29,13071,1,374,13446,22574,29,No
2016,13,HIDALGO,11,ATOTONILCO EL GRANDE,NVA _ALIANZA,651,13071,1,374,13446,22574,651,Sí
2016,13,HIDALGO,11,ATOTONILCO EL GRANDE,MORENA,239,13071,1,374,13446,22574,239,No
2016,13,HIDALGO,11,ATOTONILCO EL GRANDE,ES,507,13071,1,374,13446,22574,507,No
2016,13,HIDALGO,11,ATOTONILCO EL GRANDE,PRI_VERDE_NUAL,115,13071,1,374,13446,22574,3750,Sí
2016,13,HIDALGO,11,ATOTONILCO EL GRANDE,PRI_VERDE,31,13071,1,374,13446,22574,3666,Sí
2016,13,HIDALGO,11,ATOTONILCO EL GRANDE,PRI_NUAL,23,13071,1,374,13446,22574,3658,Sí
2016,13,HIDALGO,11,ATOTONILCO EL GRANDE,VERDE_NUAL,6,13071,1,374,13446,22574,6,Sí
2016,13,HIDALGO,12,ATOTONILCO DE TULA,PRI,2864,16131,1,240,16372,27534,2864,No
2016,13,HIDALGO,12,ATOTONILCO DE TULA,PRD,3203,16131,1,240,16372,27534,3203,No
2016,13,HIDALGO,12,ATOTONILCO DE TULA,PVEM,382,16131,1,240,16372,27534,382,No
2016,13,HIDALGO,12,ATOTONILCO DE TULA,PT,1909,16131,1,240,16372,27534,1909,No
2016,13,HIDALGO,12,ATOTONILCO DE TULA,MC,1453,16131,1,240,16372,27534,1453,No
2016,13,HIDALGO,12,ATOTONILCO DE TULA,NVA _ALIANZA,149,16131,1,240,16372,27534,149,Sí
2016,13,HIDALGO,12,ATOTONILCO DE TULA,MORENA,1321,16131,1,240,16372,27534,1321,No
2016,13,HIDALGO,12,ATOTONILCO DE TULA,ES,4759,16131,1,240,16372,27534,4759,No
2016,13,HIDALGO,12,ATOTONILCO DE TULA,PRI_VERDE_NUAL,66,16131,1,240,16372,27534,2930,Sí
2016,13,HIDALGO,12,ATOTONILCO DE TULA,PRI_VERDE,21,16131,1,240,16372,27534,2885,Sí
2016,13,HIDALGO,12,ATOTONILCO DE TULA,PRI_NUAL,3,16131,1,240,16372,27534,2867,Sí
2016,13,HIDALGO,12,ATOTONILCO DE TULA,VERDE_NUAL,1,16131,1,240,16372,27534,1,Sí
2016,13,HIDALGO,13,CALNALI,PAN,53,9177,0,439,9616,11958,53,No
2016,13,HIDALGO,13,CALNALI,PRI,2441,9177,0,439,9616,11958,2441,No
2016,13,HIDALGO,13,CALNALI,PRD,2389,9177,0,439,9616,11958,2389,No
2016,13,HIDALGO,13,CALNALI,PVEM,440,9177,0,439,9616,11958,440,No
2016,13,HIDALGO,13,CALNALI,PT,210,9177,0,439,9616,11958,210,No
2016,13,HIDALGO,13,CALNALI,MC,18,9177,0,439,9616,11958,18,No
2016,13,HIDALGO,13,CALNALI,NVA _ALIANZA,160,9177,0,439,9616,11958,160,Sí
2016,13,HIDALGO,13,CALNALI,MORENA,251,9177,0,439,9616,11958,251,No
2016,13,HIDALGO,13,CALNALI,ES,3056,9177,0,439,9616,11958,3056,No
2016,13,HIDALGO,13,CALNALI,Candidatura Independiente,159,9177,0,439,9616,11958,159,No
2016,13,HIDALGO,14,CARDONAL,PAN,259,8376,0,358,8734,14300,259,No
2016,13,HIDALGO,14,CARDONAL,PRI,2320,8376,0,358,8734,14300,2320,No
2016,13,HIDALGO,14,CARDONAL,PRD,3219,8376,0,358,8734,14300,3219,No
2016,13,HIDALGO,14,CARDONAL,PVEM,92,8376,0,358,8734,14300,92,No
2016,13,HIDALGO,14,CARDONAL,PT,85,8376,0,358,8734,14300,85,No
2016,13,HIDALGO,14,CARDONAL,MC,211,8376,0,358,8734,14300,211,No
2016,13,HIDALGO,14,CARDONAL,NVA _ALIANZA,1378,8376,0,358,8734,14300,1378,Sí
2016,13,HIDALGO,14,CARDONAL,MORENA,389,8376,0,358,8734,14300,389,No
2016,13,HIDALGO,14,CARDONAL,ES,263,8376,0,358,8734,14300,263,No
2016,13,HIDALGO,14,CARDONAL,PRI_VERDE_NUAL,73,8376,0,358,8734,14300,2393,Sí
2016,13,HIDALGO,14,CARDONAL,PRI_VERDE,12,8376,0,358,8734,14300,2332,Sí
2016,13,HIDALGO,14,CARDONAL,PRI_NUAL,72,8376,0,358,8734,14300,2392,Sí
2016,13,HIDALGO,14,CARDONAL,VERDE_NUAL,3,8376,0,358,8734,14300,3,Sí
2016,13,HIDALGO,15,CUAUTEPEC DE HINOJOSA,PAN,2231,22028,9,712,22749,40226,2231,No
2016,13,HIDALGO,15,CUAUTEPEC DE HINOJOSA,PRI,5619,22028,9,712,22749,40226,5619,No
2016,13,HIDALGO,15,CUAUTEPEC DE HINOJOSA,PRD,1476,22028,9,712,22749,40226,1476,No
2016,13,HIDALGO,15,CUAUTEPEC DE HINOJOSA,PVEM,2805,22028,9,712,22749,40226,2805,No
2016,13,HIDALGO,15,CUAUTEPEC DE HINOJOSA,PT,955,22028,9,712,22749,40226,955,No
2016,13,HIDALGO,15,CUAUTEPEC DE HINOJOSA,MC,150,22028,9,712,22749,40226,150,No
2016,13,HIDALGO,15,CUAUTEPEC DE HINOJOSA,NVA _ALIANZA,3689,22028,9,712,22749,40226,3689,Sí
2016,13,HIDALGO,15,CUAUTEPEC DE HINOJOSA,MORENA,1516,22028,9,712,22749,40226,1516,No
2016,13,HIDALGO,15,CUAUTEPEC DE HINOJOSA,ES,1285,22028,9,712,22749,40226,1285,No
2016,13,HIDALGO,15,CUAUTEPEC DE HINOJOSA,Candidatura Independiente,2017,22028,9,712,22749,40226,2017,No
2016,13,HIDALGO,15,CUAUTEPEC DE HINOJOSA,Candidatura Independiente,285,22028,9,712,22749,40226,285,No
2016,13,HIDALGO,16,CHAPANTONGO,PAN,2056,6999,1,117,7117,9435,2056,No
2016,13,HIDALGO,16,CHAPANTONGO,PRI,2156,6999,1,117,7117,9435,2156,No
2016,13,HIDALGO,16,CHAPANTONGO,PRD,71,6999,1,117,7117,9435,71,No
2016,13,HIDALGO,16,CHAPANTONGO,PVEM,2357,6999,1,117,7117,9435,2357,No
2016,13,HIDALGO,16,CHAPANTONGO,MC,30,6999,1,117,7117,9435,30,No
2016,13,HIDALGO,16,CHAPANTONGO,NVA _ALIANZA,214,6999,1,117,7117,9435,214,Sí
2016,13,HIDALGO,16,CHAPANTONGO,MORENA,115,6999,1,117,7117,9435,115,No
2016,13,HIDALGO,17,CHAPULHUACÁN,PAN,41,10795,1,361,11157,15917,41,No
2016,13,HIDALGO,17,CHAPULHUACÁN,PRI,3579,10795,1,361,11157,15917,3579,No
2016,13,HIDALGO,17,CHAPULHUACÁN,PRD,6776,10795,1,361,11157,15917,6776,No
2016,13,HIDALGO,17,CHAPULHUACÁN,PVEM,35,10795,1,361,11157,15917,35,No
2016,13,HIDALGO,17,CHAPULHUACÁN,NVA _ALIANZA,63,10795,1,361,11157,15917,63,Sí
2016,13,HIDALGO,17,CHAPULHUACÁN,MORENA,224,10795,1,361,11157,15917,224,No
2016,13,HIDALGO,17,CHAPULHUACÁN,ES,23,10795,1,361,11157,15917,23,No
2016,13,HIDALGO,17,CHAPULHUACÁN,PRI_VERDE_NUAL,25,10795,1,361,11157,15917,3604,Sí
2016,13,HIDALGO,17,CHAPULHUACÁN,PRI_VERDE,21,10795,1,361,11157,15917,3600,Sí
2016,13,HIDALGO,17,CHAPULHUACÁN,PRI_NUAL,7,10795,1,361,11157,15917,3586,Sí
2016,13,HIDALGO,17,CHAPULHUACÁN,VERDE_NUAL,1,10795,1,361,11157,15917,1,Sí
2016,13,HIDALGO,18,CHILCUAUTLA,PAN,1359,8577,0,304,8881,13024,1359,No
2016,13,HIDALGO,18,CHILCUAUTLA,PRI,1684,8577,0,304,8881,13024,1684,No
2016,13,HIDALGO,18,CHILCUAUTLA,PRD,1611,8577,0,304,8881,13024,1611,No
2016,13,HIDALGO,18,CHILCUAUTLA,PVEM,1403,8577,0,304,8881,13024,1403,No
2016,13,HIDALGO,18,CHILCUAUTLA,MC,109,8577,0,304,8881,13024,109,No
2016,13,HIDALGO,18,CHILCUAUTLA,NVA _ALIANZA,292,8577,0,304,8881,13024,292,Sí
2016,13,HIDALGO,18,CHILCUAUTLA,MORENA,2035,8577,0,304,8881,13024,2035,No
2016,13,HIDALGO,18,CHILCUAUTLA,ES,84,8577,0,304,8881,13024,84,No
2016,13,HIDALGO,19,EL ARENAL,PAN,3494,8653,0,170,8823,13006,3494,No
2016,13,HIDALGO,19,EL ARENAL,PRI,3820,8653,0,170,8823,13006,3820,No
2016,13,HIDALGO,19,EL ARENAL,PVEM,39,8653,0,170,8823,13006,39,No
2016,13,HIDALGO,19,EL ARENAL,PT,47,8653,0,170,8823,13006,47,No
2016,13,HIDALGO,19,EL ARENAL,MC,111,8653,0,170,8823,13006,111,No
2016,13,HIDALGO,19,EL ARENAL,NVA _ALIANZA,639,8653,0,170,8823,13006,639,Sí
2016,13,HIDALGO,19,EL ARENAL,MORENA,283,8653,0,170,8823,13006,283,No
2016,13,HIDALGO,19,EL ARENAL,ES,220,8653,0,170,8823,13006,220,No
2016,13,HIDALGO,20,ELOXOCHITLÁN,PRI,298,2096,0,22,2118,2489,298,No
2016,13,HIDALGO,20,ELOXOCHITLÁN,PRD,666,2096,0,22,2118,2489,666,No
2016,13,HIDALGO,20,ELOXOCHITLÁN,PVEM,699,2096,0,22,2118,2489,699,No
2016,13,HIDALGO,20,ELOXOCHITLÁN,PT,415,2096,0,22,2118,2489,415,No
2016,13,HIDALGO,20,ELOXOCHITLÁN,NVA _ALIANZA,18,2096,0,22,2118,2489,18,Sí
2016,13,HIDALGO,21,EMILIANO ZAPATA,PAN,862,6854,2,138,6994,10495,862,No
2016,13,HIDALGO,21,EMILIANO ZAPATA,PRI,1699,6854,2,138,6994,10495,1699,No
2016,13,HIDALGO,21,EMILIANO ZAPATA,PVEM,42,6854,2,138,6994,10495,42,No
2016,13,HIDALGO,21,EMILIANO ZAPATA,MC,3612,6854,2,138,6994,10495,3612,No
2016,13,HIDALGO,21,EMILIANO ZAPATA,NVA _ALIANZA,58,6854,2,138,6994,10495,58,Sí
2016,13,HIDALGO,21,EMILIANO ZAPATA,MORENA,218,6854,2,138,6994,10495,218,No
2016,13,HIDALGO,21,EMILIANO ZAPATA,ES,70,6854,2,138,6994,10495,70,No
2016,13,HIDALGO,21,EMILIANO ZAPATA,PRI_VERDE_NUAL,15,6854,2,138,6994,10495,1714,Sí
2016,13,HIDALGO,21,EMILIANO ZAPATA,PRI_VERDE,17,6854,2,138,6994,10495,1716,Sí
2016,13,HIDALGO,21,EMILIANO ZAPATA,PRI_NUAL,1,6854,2,138,6994,10495,1700,Sí
2016,13,HIDALGO,21,EMILIANO ZAPATA,VERDE_NUAL,5,6854,2,138,6994,10495,5,Sí
2016,13,HIDALGO,21,EMILIANO ZAPATA,Candidatura Independiente,255,6854,2,138,6994,10495,255,No
2016,13,HIDALGO,22,EPAZOYUCAN,PAN,2660,6768,1,160,6929,11062,2660,No
2016,13,HIDALGO,22,EPAZOYUCAN,PRI,1528,6768,1,160,6929,11062,1528,No
2016,13,HIDALGO,22,EPAZOYUCAN,PRD,64,6768,1,160,6929,11062,64,No
2016,13,HIDALGO,22,EPAZOYUCAN,PVEM,49,6768,1,160,6929,11062,49,No
2016,13,HIDALGO,22,EPAZOYUCAN,PT,133,6768,1,160,6929,11062,133,No
2016,13,HIDALGO,22,EPAZOYUCAN,MC,1159,6768,1,160,6929,11062,1159,No
2016,13,HIDALGO,22,EPAZOYUCAN,NVA _ALIANZA,127,6768,1,160,6929,11062,127,Sí
2016,13,HIDALGO,22,EPAZOYUCAN,MORENA,280,6768,1,160,6929,11062,280,No
2016,13,HIDALGO,22,EPAZOYUCAN,ES,606,6768,1,160,6929,11062,606,No
2016,13,HIDALGO,22,EPAZOYUCAN,PRI_VERDE_NUAL,4,6768,1,160,6929,11062,1532,Sí
2016,13,HIDALGO,22,EPAZOYUCAN,PRI_VERDE,8,6768,1,160,6929,11062,1536,Sí
2016,13,HIDALGO,22,EPAZOYUCAN,PRI_NUAL,4,6768,1,160,6929,11062,1532,Sí
2016,13,HIDALGO,22,EPAZOYUCAN,VERDE_NUAL,0,6768,1,160,6929,11062,0,Sí
2016,13,HIDALGO,22,EPAZOYUCAN,Candidatura Independiente,146,6768,1,160,6929,11062,146,No
2016,13,HIDALGO,23,FRANCISCO I. MADERO,PAN,868,15738,1,352,16091,26069,868,No
2016,13,HIDALGO,23,FRANCISCO I. MADERO,PRI,4342,15738,1,352,16091,26069,4342,No
2016,13,HIDALGO,23,FRANCISCO I. MADERO,PRD,5612,15738,1,352,16091,26069,5612,No
2016,13,HIDALGO,23,FRANCISCO I. MADERO,PVEM,94,15738,1,352,16091,26069,94,No
2016,13,HIDALGO,23,FRANCISCO I. MADERO,PT,99,15738,1,352,16091,26069,99,No
2016,13,HIDALGO,23,FRANCISCO I. MADERO,MC,786,15738,1,352,16091,26069,786,No
2016,13,HIDALGO,23,FRANCISCO I. MADERO,NVA _ALIANZA,2582,15738,1,352,16091,26069,2582,Sí
2016,13,HIDALGO,23,FRANCISCO I. MADERO,MORENA,1013,15738,1,352,16091,26069,1013,No
2016,13,HIDALGO,23,FRANCISCO I. MADERO,ES,342,15738,1,352,16091,26069,342,No
2016,13,HIDALGO,24,HUASCA DE OCAMPO,PAN,2671,8847,0,171,9018,13418,2671,No
2016,13,HIDALGO,24,HUASCA DE OCAMPO,PRI,2277,8847,0,171,9018,13418,2277,No
2016,13,HIDALGO,24,HUASCA DE OCAMPO,PRD,3189,8847,0,171,9018,13418,3189,No
2016,13,HIDALGO,24,HUASCA DE OCAMPO,PVEM,31,8847,0,171,9018,13418,31,No
2016,13,HIDALGO,24,HUASCA DE OCAMPO,PT,79,8847,0,171,9018,13418,79,No
2016,13,HIDALGO,24,HUASCA DE OCAMPO,MC,21,8847,0,171,9018,13418,21,No
2016,13,HIDALGO,24,HUASCA DE OCAMPO,NVA _ALIANZA,93,8847,0,171,9018,13418,93,Sí
2016,13,HIDALGO,24,HUASCA DE OCAMPO,MORENA,163,8847,0,171,9018,13418,163,No
2016,13,HIDALGO,24,HUASCA DE OCAMPO,ES,107,8847,0,171,9018,13418,107,No
2016,13,HIDALGO,24,HUASCA DE OCAMPO,PRI_VERDE_NUAL,26,8847,0,171,9018,13418,2303,Sí
2016,13,HIDALGO,24,HUASCA DE OCAMPO,PRI_VERDE,4,8847,0,171,9018,13418,2281,Sí
2016,13,HIDALGO,24,HUASCA DE OCAMPO,PRI_NUAL,12,8847,0,171,9018,13418,2289,Sí
2016,13,HIDALGO,24,HUASCA DE OCAMPO,VERDE_NUAL,0,8847,0,171,9018,13418,0,Sí
2016,13,HIDALGO,24,HUASCA DE OCAMPO,Candidatura Independiente,174,8847,0,171,9018,13418,174,No
2016,13,HIDALGO,25,HUAUTLA,PAN,47,11262,2,648,11912,15628,47,No
2016,13,HIDALGO,25,HUAUTLA,PRI,1216,11262,2,648,11912,15628,1216,No
2016,13,HIDALGO,25,HUAUTLA,PRD,447,11262,2,648,11912,15628,447,No
2016,13,HIDALGO,25,HUAUTLA,PVEM,162,11262,2,648,11912,15628,162,No
2016,13,HIDALGO,25,HUAUTLA,PT,1283,11262,2,648,11912,15628,1283,No
2016,13,HIDALGO,25,HUAUTLA,MC,2587,11262,2,648,11912,15628,2587,No
2016,13,HIDALGO,25,HUAUTLA,NVA _ALIANZA,2018,11262,2,648,11912,15628,2018,Sí
2016,13,HIDALGO,25,HUAUTLA,MORENA,1259,11262,2,648,11912,15628,1259,No
2016,13,HIDALGO,25,HUAUTLA,ES,1914,11262,2,648,11912,15628,1914,No
2016,13,HIDALGO,25,HUAUTLA,PRI_VERDE_NUAL,71,11262,2,648,11912,15628,1287,Sí
2016,13,HIDALGO,25,HUAUTLA,PRI_VERDE,11,11262,2,648,11912,15628,1227,Sí
2016,13,HIDALGO,25,HUAUTLA,PRI_NUAL,43,11262,2,648,11912,15628,1259,Sí
2016,13,HIDALGO,25,HUAUTLA,VERDE_NUAL,19,11262,2,648,11912,15628,19,Sí
2016,13,HIDALGO,25,HUAUTLA,Candidatura Independiente,185,11262,2,648,11912,15628,185,No
2016,13,HIDALGO,26,HUAZALINGO,PAN,59,5837,0,220,6057,8523,59,No
2016,13,HIDALGO,26,HUAZALINGO,PRI,762,5837,0,220,6057,8523,762,No
2016,13,HIDALGO,26,HUAZALINGO,PRD,1815,5837,0,220,6057,8523,1815,No
2016,13,HIDALGO,26,HUAZALINGO,PT,27,5837,0,220,6057,8523,27,No
2016,13,HIDALGO,26,HUAZALINGO,MC,146,5837,0,220,6057,8523,146,No
2016,13,HIDALGO,26,HUAZALINGO,NVA _ALIANZA,1345,5837,0,220,6057,8523,1345,Sí
2016,13,HIDALGO,26,HUAZALINGO,MORENA,1666,5837,0,220,6057,8523,1666,No
2016,13,HIDALGO,26,HUAZALINGO,ES,17,5837,0,220,6057,8523,17,No
2016,13,HIDALGO,27,HUEHUETLA,PAN,385,11937,9,508,12454,16353,385,No
2016,13,HIDALGO,27,HUEHUETLA,PRI,4808,11937,9,508,12454,16353,4808,No
2016,13,HIDALGO,27,HUEHUETLA,PRD,244,11937,9,508,12454,16353,244,No
2016,13,HIDALGO,27,HUEHUETLA,PVEM,4293,11937,9,508,12454,16353,4293,No
2016,13,HIDALGO,27,HUEHUETLA,PT,93,11937,9,508,12454,16353,93,No
2016,13,HIDALGO,27,HUEHUETLA,MC,84,11937,9,508,12454,16353,84,No
2016,13,HIDALGO,27,HUEHUETLA,NVA _ALIANZA,916,11937,9,508,12454,16353,916,Sí
2016,13,HIDALGO,27,HUEHUETLA,MORENA,1114,11937,9,508,12454,16353,1114,No
2016,13,HIDALGO,28,HUEJUTLA DE REYES,PAN,8553,52979,84,3384,56447,85499,8553,No
2016,13,HIDALGO,28,HUEJUTLA DE REYES,PRI,15887,52979,84,3384,56447,85499,15887,No
2016,13,HIDALGO,28,HUEJUTLA DE REYES,PRD,1193,52979,84,3384,56447,85499,1193,No
2016,13,HIDALGO,28,HUEJUTLA DE REYES,PVEM,313,52979,84,3384,56447,85499,313,No
2016,13,HIDALGO,28,HUEJUTLA DE REYES,PT,424,52979,84,3384,56447,85499,424,No
2016,13,HIDALGO,28,HUEJUTLA DE REYES,MC,798,52979,84,3384,56447,85499,798,No
2016,13,HIDALGO,28,HUEJUTLA DE REYES,NVA _ALIANZA,1283,52979,84,3384,56447,85499,1283,Sí
2016,13,HIDALGO,28,HUEJUTLA DE REYES,MORENA,833,52979,84,3384,56447,85499,833,No
2016,13,HIDALGO,28,HUEJUTLA DE REYES,ES,20599,52979,84,3384,56447,85499,20599,No
2016,13,HIDALGO,28,HUEJUTLA DE REYES,PRI_VERDE_NUAL,133,52979,84,3384,56447,85499,16020,Sí
2016,13,HIDALGO,28,HUEJUTLA DE REYES,PRI_VERDE,66,52979,84,3384,56447,85499,15953,Sí
2016,13,HIDALGO,28,HUEJUTLA DE REYES,PRI_NUAL,64,52979,84,3384,56447,85499,15951,Sí
2016,13,HIDALGO,28,HUEJUTLA DE REYES,VERDE_NUAL,15,52979,84,3384,56447,85499,15,Sí
2016,13,HIDALGO,28,HUEJUTLA DE REYES,Candidatura Independiente,1315,52979,84,3384,56447,85499,1315,No
2016,13,HIDALGO,28,HUEJUTLA DE REYES,Candidatura Independiente,1503,52979,84,3384,56447,85499,1503,No
2016,13,HIDALGO,29,HUICHAPAN,PAN,3286,18711,5,529,19245,33125,3286,No
2016,13,HIDALGO,29,HUICHAPAN,PRI,4934,18711,5,529,19245,33125,4934,No
2016,13,HIDALGO,29,HUICHAPAN,PRD,359,18711,5,529,19245,33125,359,No
2016,13,HIDALGO,29,HUICHAPAN,PVEM,2174,18711,5,529,19245,33125,2174,No
2016,13,HIDALGO,29,HUICHAPAN,NVA _ALIANZA,881,18711,5,529,19245,33125,881,Sí
2016,13,HIDALGO,29,HUICHAPAN,MORENA,1311,18711,5,529,19245,33125,1311,No
2016,13,HIDALGO,29,HUICHAPAN,ES,114,18711,5,529,19245,33125,114,No
2016,13,HIDALGO,29,HUICHAPAN,Candidatura Independiente,3641,18711,5,529,19245,33125,3641,No
2016,13,HIDALGO,29,HUICHAPAN,Candidatura Independiente,2011,18711,5,529,19245,33125,2011,No
2016,13,HIDALGO,30,IXMIQUILPAN,PAN,22167,40860,6,987,41853,68991,22167,No
2016,13,HIDALGO,30,IXMIQUILPAN,PRI,12632,40860,6,987,41853,68991,12632,No
2016,13,HIDALGO,30,IXMIQUILPAN,PRD,692,40860,6,987,41853,68991,692,No
2016,13,HIDALGO,30,IXMIQUILPAN,PVEM,240,40860,6,987,41853,68991,240,No
2016,13,HIDALGO,30,IXMIQUILPAN,PT,201,40860,6,987,41853,68991,201,No
2016,13,HIDALGO,30,IXMIQUILPAN,MC,763,40860,6,987,41853,68991,763,No
2016,13,HIDALGO,30,IXMIQUILPAN,NVA _ALIANZA,1500,40860,6,987,41853,68991,1500,Sí
2016,13,HIDALGO,30,IXMIQUILPAN,MORENA,2135,40860,6,987,41853,68991,2135,No
2016,13,HIDALGO,30,IXMIQUILPAN,ES,389,40860,6,987,41853,68991,389,No
2016,13,HIDALGO,30,IXMIQUILPAN,PRI_VERDE_NUAL,63,40860,6,987,41853,68991,12695,Sí
2016,13,HIDALGO,30,IXMIQUILPAN,PRI_VERDE,36,40860,6,987,41853,68991,12668,Sí
2016,13,HIDALGO,30,IXMIQUILPAN,PRI_NUAL,33,40860,6,987,41853,68991,12665,Sí
2016,13,HIDALGO,30,IXMIQUILPAN,VERDE_NUAL,9,40860,6,987,41853,68991,9,Sí
2016,13,HIDALGO,31,JACALA DE LEDEZMA,PRI,2461,6621,3,226,6850,9762,2461,No
2016,13,HIDALGO,31,JACALA DE LEDEZMA,PRD,2577,6621,3,226,6850,9762,2577,No
2016,13,HIDALGO,31,JACALA DE LEDEZMA,PVEM,30,6621,3,226,6850,9762,30,No
2016,13,HIDALGO,31,JACALA DE LEDEZMA,NVA _ALIANZA,81,6621,3,226,6850,9762,81,Sí
2016,13,HIDALGO,31,JACALA DE LEDEZMA,MORENA,59,6621,3,226,6850,9762,59,No
2016,13,HIDALGO,31,JACALA DE LEDEZMA,ES,15,6621,3,226,6850,9762,15,No
2016,13,HIDALGO,31,JACALA DE LEDEZMA,Candidatura Independiente,1398,6621,3,226,6850,9762,1398,No
2016,13,HIDALGO,32,JALTOCÁN,PAN,69,5826,0,173,5999,7753,69,No
2016,13,HIDALGO,32,JALTOCÁN,PRI,2024,5826,0,173,5999,7753,2024,No
2016,13,HIDALGO,32,JALTOCÁN,PRD,3132,5826,0,173,5999,7753,3132,No
2016,13,HIDALGO,32,JALTOCÁN,PVEM,47,5826,0,173,5999,7753,47,No
2016,13,HIDALGO,32,JALTOCÁN,MC,146,5826,0,173,5999,7753,146,No
2016,13,HIDALGO,32,JALTOCÁN,NVA _ALIANZA,164,5826,0,173,5999,7753,164,Sí
2016,13,HIDALGO,32,JALTOCÁN,MORENA,35,5826,0,173,5999,7753,35,No
2016,13,HIDALGO,32,JALTOCÁN,ES,209,5826,0,173,5999,7753,209,No
2016,13,HIDALGO,33,JUÁREZ HIDALGO,PAN,4,2022,0,27,2049,2533,4,No
2016,13,HIDALGO,33,JUÁREZ HIDALGO,PRI,897,2022,0,27,2049,2533,897,No
2016,13,HIDALGO,33,JUÁREZ HIDALGO,PRD,1002,2022,0,27,2049,2533,1002,No
2016,13,HIDALGO,33,JUÁREZ HIDALGO,MC,8,2022,0,27,2049,2533,8,No
2016,13,HIDALGO,33,JUÁREZ HIDALGO,NVA _ALIANZA,18,2022,0,27,2049,2533,18,Sí
2016,13,HIDALGO,33,JUÁREZ HIDALGO,MORENA,93,2022,0,27,2049,2533,93,No
2016,13,HIDALGO,34,LA MISIÓN,PRI,2117,5698,0,138,5836,7871,2117,No
2016,13,HIDALGO,34,LA MISIÓN,PRD,3548,5698,0,138,5836,7871,3548,No
2016,13,HIDALGO,34,LA MISIÓN,NVA _ALIANZA,22,5698,0,138,5836,7871,22,Sí
2016,13,HIDALGO,34,LA MISIÓN,ES,11,5698,0,138,5836,7871,11,No
2016,13,HIDALGO,35,LOLOTLA,PAN,1899,5174,0,201,5375,6828,1899,No
2016,13,HIDALGO,35,LOLOTLA,PRI,1954,5174,0,201,5375,6828,1954,No
2016,13,HIDALGO,35,LOLOTLA,PVEM,29,5174,0,201,5375,6828,29,No
2016,13,HIDALGO,35,LOLOTLA,PT,34,5174,0,201,5375,6828,34,No
2016,13,HIDALGO,35,LOLOTLA,MC,72,5174,0,201,5375,6828,72,No
2016,13,HIDALGO,35,LOLOTLA,NVA _ALIANZA,78,5174,0,201,5375,6828,78,Sí
2016,13,HIDALGO,35,LOLOTLA,MORENA,43,5174,0,201,5375,6828,43,No
2016,13,HIDALGO,35,LOLOTLA,ES,1065,5174,0,201,5375,6828,1065,No
2016,13,HIDALGO,36,METEPEC,PAN,41,6673,1,162,6836,8872,41,No
2016,13,HIDALGO,36,METEPEC,PRI,333,6673,1,162,6836,8872,333,No
2016,13,HIDALGO,36,METEPEC,PRD,1273,6673,1,162,6836,8872,1273,No
2016,13,HIDALGO,36,METEPEC,PVEM,68,6673,1,162,6836,8872,68,No
2016,13,HIDALGO,36,METEPEC,PT,0,6673,1,162,6836,8872,0,No
2016,13,HIDALGO,36,METEPEC,MC,1113,6673,1,162,6836,8872,1113,No
2016,13,HIDALGO,36,METEPEC,NVA _ALIANZA,1768,6673,1,162,6836,8872,1768,Sí
2016,13,HIDALGO,36,METEPEC,MORENA,35,6673,1,162,6836,8872,35,No
2016,13,HIDALGO,36,METEPEC,ES,1868,6673,1,162,6836,8872,1868,No
2016,13,HIDALGO,36,METEPEC,PRI_VERDE_NUAL,110,6673,1,162,6836,8872,443,Sí
2016,13,HIDALGO,36,METEPEC,PRI_VERDE,6,6673,1,162,6836,8872,339,Sí
2016,13,HIDALGO,36,METEPEC,PRI_NUAL,52,6673,1,162,6836,8872,385,Sí
2016,13,HIDALGO,36,METEPEC,VERDE_NUAL,6,6673,1,162,6836,8872,6,Sí
2016,13,HIDALGO,37,METZTITLÁN,PAN,40,11514,1,536,12051,16481,40,No
2016,13,HIDALGO,37,METZTITLÁN,PRI,3413,11514,1,536,12051,16481,3413,No
2016,13,HIDALGO,37,METZTITLÁN,PRD,4051,11514,1,536,12051,16481,4051,No
2016,13,HIDALGO,37,METZTITLÁN,PVEM,31,11514,1,536,12051,16481,31,No
2016,13,HIDALGO,37,METZTITLÁN,PT,64,11514,1,536,12051,16481,64,No
2016,13,HIDALGO,37,METZTITLÁN,MC,70,11514,1,536,12051,16481,70,No
2016,13,HIDALGO,37,METZTITLÁN,NVA _ALIANZA,102,11514,1,536,12051,16481,102,Sí
2016,13,HIDALGO,37,METZTITLÁN,MORENA,39,11514,1,536,12051,16481,39,No
2016,13,HIDALGO,37,METZTITLÁN,ES,3662,11514,1,536,12051,16481,3662,No
2016,13,HIDALGO,37,METZTITLÁN,PRI_VERDE_NUAL,29,11514,1,536,12051,16481,3442,Sí
2016,13,HIDALGO,37,METZTITLÁN,PRI_VERDE,7,11514,1,536,12051,16481,3420,Sí
2016,13,HIDALGO,37,METZTITLÁN,PRI_NUAL,6,11514,1,536,12051,16481,3419,Sí
2016,13,HIDALGO,37,METZTITLÁN,VERDE_NUAL,0,11514,1,536,12051,16481,0,Sí
2016,13,HIDALGO,38,MINERAL DEL CHICO,PAN,542,4713,1,98,4812,6500,542,No
2016,13,HIDALGO,38,MINERAL DEL CHICO,PRI,1706,4713,1,98,4812,6500,1706,No
2016,13,HIDALGO,38,MINERAL DEL CHICO,PRD,2036,4713,1,98,4812,6500,2036,No
2016,13,HIDALGO,38,MINERAL DEL CHICO,PVEM,32,4713,1,98,4812,6500,32,No
2016,13,HIDALGO,38,MINERAL DEL CHICO,PT,61,4713,1,98,4812,6500,61,No
2016,13,HIDALGO,38,MINERAL DEL CHICO,MC,45,4713,1,98,4812,6500,45,No
2016,13,HIDALGO,38,MINERAL DEL CHICO,NVA _ALIANZA,35,4713,1,98,4812,6500,35,Sí
2016,13,HIDALGO,38,MINERAL DEL CHICO,MORENA,231,4713,1,98,4812,6500,231,No
2016,13,HIDALGO,38,MINERAL DEL CHICO,PRI_VERDE_NUAL,17,4713,1,98,4812,6500,1723,Sí
2016,13,HIDALGO,38,MINERAL DEL CHICO,PRI_VERDE,5,4713,1,98,4812,6500,1711,Sí
2016,13,HIDALGO,38,MINERAL DEL CHICO,PRI_NUAL,3,4713,1,98,4812,6500,1709,Sí
2016,13,HIDALGO,38,MINERAL DEL CHICO,VERDE_NUAL,0,4713,1,98,4812,6500,0,Sí
2016,13,HIDALGO,39,MINERAL DEL MONTE,PAN,1420,7052,4,159,7215,10982,1420,No
2016,13,HIDALGO,39,MINERAL DEL MONTE,PRI,1313,7052,4,159,7215,10982,1313,No
2016,13,HIDALGO,39,MINERAL DEL MONTE,PRD,295,7052,4,159,7215,10982,295,No
2016,13,HIDALGO,39,MINERAL DEL MONTE,PVEM,752,7052,4,159,7215,10982,752,No
2016,13,HIDALGO,39,MINERAL DEL MONTE,PT,29,7052,4,159,7215,10982,29,No
2016,13,HIDALGO,39,MINERAL DEL MONTE,NVA _ALIANZA,1552,7052,4,159,7215,10982,1552,Sí
2016,13,HIDALGO,39,MINERAL DEL MONTE,MORENA,459,7052,4,159,7215,10982,459,No
2016,13,HIDALGO,39,MINERAL DEL MONTE,ES,805,7052,4,159,7215,10982,805,No
2016,13,HIDALGO,39,MINERAL DEL MONTE,Candidatura Independiente,427,7052,4,159,7215,10982,427,No
2016,13,HIDALGO,40,MINERAL DE LA REFORMA,PAN,20160,50391,260,1103,51754,101786,20160,No
2016,13,HIDALGO,40,MINERAL DE LA REFORMA,PRI,13956,50391,260,1103,51754,101786,13956,No
2016,13,HIDALGO,40,MINERAL DE LA REFORMA,PRD,1816,50391,260,1103,51754,101786,1816,No
2016,13,HIDALGO,40,MINERAL DE LA REFORMA,PVEM,653,50391,260,1103,51754,101786,653,No
2016,13,HIDALGO,40,MINERAL DE LA REFORMA,PT,582,50391,260,1103,51754,101786,582,No
2016,13,HIDALGO,40,MINERAL DE LA REFORMA,MC,4559,50391,260,1103,51754,101786,4559,No
2016,13,HIDALGO,40,MINERAL DE LA REFORMA,NVA _ALIANZA,1484,50391,260,1103,51754,101786,1484,Sí
2016,13,HIDALGO,40,MINERAL DE LA REFORMA,MORENA,4183,50391,260,1103,51754,101786,4183,No
2016,13,HIDALGO,40,MINERAL DE LA REFORMA,ES,1263,50391,260,1103,51754,101786,1263,No
2016,13,HIDALGO,40,MINERAL DE LA REFORMA,PRI_VERDE_NUAL,109,50391,260,1103,51754,101786,14065,Sí
2016,13,HIDALGO,40,MINERAL DE LA REFORMA,PRI_VERDE,41,50391,260,1103,51754,101786,13997,Sí
2016,13,HIDALGO,40,MINERAL DE LA REFORMA,PRI_NUAL,14,50391,260,1103,51754,101786,13970,Sí
2016,13,HIDALGO,40,MINERAL DE LA REFORMA,VERDE_NUAL,7,50391,260,1103,51754,101786,7,Sí
2016,13,HIDALGO,40,MINERAL DE LA REFORMA,Candidatura Independiente,1564,50391,260,1103,51754,101786,1564,No
2016,13,HIDALGO,41,MIXQUIAHUALA DE JUÁREZ,PAN,945,17918,6,406,18330,30917,945,No
2016,13,HIDALGO,41,MIXQUIAHUALA DE JUÁREZ,PRI,4225,17918,6,406,18330,30917,4225,No
2016,13,HIDALGO,41,MIXQUIAHUALA DE JUÁREZ,PRD,599,17918,6,406,18330,30917,599,No
2016,13,HIDALGO,41,MIXQUIAHUALA DE JUÁREZ,PVEM,2948,17918,6,406,18330,30917,2948,No
2016,13,HIDALGO,41,MIXQUIAHUALA DE JUÁREZ,PT,5989,17918,6,406,18330,30917,5989,No
2016,13,HIDALGO,41,MIXQUIAHUALA DE JUÁREZ,MC,405,17918,6,406,18330,30917,405,No
2016,13,HIDALGO,41,MIXQUIAHUALA DE JUÁREZ,NVA _ALIANZA,1362,17918,6,406,18330,30917,1362,Sí
2016,13,HIDALGO,41,MIXQUIAHUALA DE JUÁREZ,MORENA,1032,17918,6,406,18330,30917,1032,No
2016,13,HIDALGO,41,MIXQUIAHUALA DE JUÁREZ,ES,413,17918,6,406,18330,30917,413,No
2016,13,HIDALGO,42,MOLANGO DE ESCAMILLA,PAN,114,5557,7,401,5965,7939,114,No
2016,13,HIDALGO,42,MOLANGO DE ESCAMILLA,PRI,1964,5557,7,401,5965,7939,1964,No
2016,13,HIDALGO,42,MOLANGO DE ESCAMILLA,PRD,155,5557,7,401,5965,7939,155,No
2016,13,HIDALGO,42,MOLANGO DE ESCAMILLA,PVEM,31,5557,7,401,5965,7939,31,No
2016,13,HIDALGO,42,MOLANGO DE ESCAMILLA,PT,36,5557,7,401,5965,7939,36,No
2016,13,HIDALGO,42,MOLANGO DE ESCAMILLA,MC,38,5557,7,401,5965,7939,38,No
2016,13,HIDALGO,42,MOLANGO DE ESCAMILLA,NVA _ALIANZA,277,5557,7,401,5965,7939,277,Sí
2016,13,HIDALGO,42,MOLANGO DE ESCAMILLA,MORENA,95,5557,7,401,5965,7939,95,No
2016,13,HIDALGO,42,MOLANGO DE ESCAMILLA,ES,2773,5557,7,401,5965,7939,2773,No
2016,13,HIDALGO,42,MOLANGO DE ESCAMILLA,PRI_VERDE_NUAL,32,5557,7,401,5965,7939,1996,Sí
2016,13,HIDALGO,42,MOLANGO DE ESCAMILLA,PRI_VERDE,9,5557,7,401,5965,7939,1973,Sí
2016,13,HIDALGO,42,MOLANGO DE ESCAMILLA,PRI_NUAL,32,5557,7,401,5965,7939,1996,Sí
2016,13,HIDALGO,42,MOLANGO DE ESCAMILLA,VERDE_NUAL,1,5557,7,401,5965,7939,1,Sí
2016,13,HIDALGO,43,NICOLÁS FLORES,PAN,2053,3642,2,97,3741,5126,2053,No
2016,13,HIDALGO,43,NICOLÁS FLORES,PRI,1132,3642,2,97,3741,5126,1132,No
2016,13,HIDALGO,43,NICOLÁS FLORES,PRD,319,3642,2,97,3741,5126,319,No
2016,13,HIDALGO,43,NICOLÁS FLORES,NVA _ALIANZA,27,3642,2,97,3741,5126,27,Sí
2016,13,HIDALGO,43,NICOLÁS FLORES,ES,111,3642,2,97,3741,5126,111,No
2016,13,HIDALGO,44,NOPALA DE VILLAGRÁN,PAN,1950,7672,2,153,7827,11187,1950,No
2016,13,HIDALGO,44,NOPALA DE VILLAGRÁN,PRI,2127,7672,2,153,7827,11187,2127,No
2016,13,HIDALGO,44,NOPALA DE VILLAGRÁN,PRD,235,7672,2,153,7827,11187,235,No
2016,13,HIDALGO,44,NOPALA DE VILLAGRÁN,PVEM,2254,7672,2,153,7827,11187,2254,No
2016,13,HIDALGO,44,NOPALA DE VILLAGRÁN,PT,86,7672,2,153,7827,11187,86,No
2016,13,HIDALGO,44,NOPALA DE VILLAGRÁN,MC,0,7672,2,153,7827,11187,0,No
2016,13,HIDALGO,44,NOPALA DE VILLAGRÁN,NVA _ALIANZA,164,7672,2,153,7827,11187,164,Sí
2016,13,HIDALGO,44,NOPALA DE VILLAGRÁN,MORENA,856,7672,2,153,7827,11187,856,No
2016,13,HIDALGO,45,OMITLÁN DE JUÁREZ,PAN,81,4924,1,71,4996,6846,81,No
2016,13,HIDALGO,45,OMITLÁN DE JUÁREZ,PRI,2250,4924,1,71,4996,6846,2250,No
2016,13,HIDALGO,45,OMITLÁN DE JUÁREZ,PRD,186,4924,1,71,4996,6846,186,No
2016,13,HIDALGO,45,OMITLÁN DE JUÁREZ,PVEM,1999,4924,1,71,4996,6846,1999,No
2016,13,HIDALGO,45,OMITLÁN DE JUÁREZ,PT,265,4924,1,71,4996,6846,265,No
2016,13,HIDALGO,45,OMITLÁN DE JUÁREZ,MC,143,4924,1,71,4996,6846,143,No
2016,13,HIDALGO,46,PACULA,PAN,1628,2937,1,45,2983,4229,1628,No
2016,13,HIDALGO,46,PACULA,PRI,1263,2937,1,45,2983,4229,1263,No
2016,13,HIDALGO,46,PACULA,NVA _ALIANZA,46,2937,1,45,2983,4229,46,Sí
2016,13,HIDALGO,47,PACHUCA DE SOTO,PAN,41768,113357,104,2515,115976,215981,41768,No
2016,13,HIDALGO,47,PACHUCA DE SOTO,PRI,24862,113357,104,2515,115976,215981,24862,No
2016,13,HIDALGO,47,PACHUCA DE SOTO,PRD,3530,113357,104,2515,115976,215981,3530,No
2016,13,HIDALGO,47,PACHUCA DE SOTO,PVEM,1299,113357,104,2515,115976,215981,1299,No
2016,13,HIDALGO,47,PACHUCA DE SOTO,PT,1308,113357,104,2515,115976,215981,1308,No
2016,13,HIDALGO,47,PACHUCA DE SOTO,MC,16735,113357,104,2515,115976,215981,16735,No
2016,13,HIDALGO,47,PACHUCA DE SOTO,NVA _ALIANZA,2729,113357,104,2515,115976,215981,2729,Sí
2016,13,HIDALGO,47,PACHUCA DE SOTO,MORENA,7829,113357,104,2515,115976,215981,7829,No
2016,13,HIDALGO,47,PACHUCA DE SOTO,ES,2245,113357,104,2515,115976,215981,2245,No
2016,13,HIDALGO,47,PACHUCA DE SOTO,PRI_VERDE_NUAL,721,113357,104,2515,115976,215981,25583,Sí
2016,13,HIDALGO,47,PACHUCA DE SOTO,PRI_VERDE,408,113357,104,2515,115976,215981,25270,Sí
2016,13,HIDALGO,47,PACHUCA DE SOTO,PRI_NUAL,357,113357,104,2515,115976,215981,25219,Sí
2016,13,HIDALGO,47,PACHUCA DE SOTO,VERDE_NUAL,180,113357,104,2515,115976,215981,180,Sí
2016,13,HIDALGO,47,PACHUCA DE SOTO,Candidatura Independiente,9386,113357,104,2515,115976,215981,9386,No
2016,13,HIDALGO,48,PISAFLORES,PAN,3057,8028,0,207,8235,11954,3057,No
2016,13,HIDALGO,48,PISAFLORES,PRI,3260,8028,0,207,8235,11954,3260,No
2016,13,HIDALGO,48,PISAFLORES,NVA _ALIANZA,1669,8028,0,207,8235,11954,1669,Sí
2016,13,HIDALGO,48,PISAFLORES,MORENA,42,8028,0,207,8235,11954,42,No
2016,13,HIDALGO,49,PROGRESO DE OBREGÓN,PAN,128,10946,2,225,11173,17524,128,No
2016,13,HIDALGO,49,PROGRESO DE OBREGÓN,PRI,4426,10946,2,225,11173,17524,4426,No
2016,13,HIDALGO,49,PROGRESO DE OBREGÓN,PRD,636,10946,2,225,11173,17524,636,No
2016,13,HIDALGO,49,PROGRESO DE OBREGÓN,PT,84,10946,2,225,11173,17524,84,No
2016,13,HIDALGO,49,PROGRESO DE OBREGÓN,MC,164,10946,2,225,11173,17524,164,No
2016,13,HIDALGO,49,PROGRESO DE OBREGÓN,NVA _ALIANZA,695,10946,2,225,11173,17524,695,Sí
2016,13,HIDALGO,49,PROGRESO DE OBREGÓN,MORENA,249,10946,2,225,11173,17524,249,No
2016,13,HIDALGO,49,PROGRESO DE OBREGÓN,ES,430,10946,2,225,11173,17524,430,No
2016,13,HIDALGO,49,PROGRESO DE OBREGÓN,Candidatura Independiente,4134,10946,2,225,11173,17524,4134,No
2016,13,HIDALGO,50,SAN AGUSTÍN METZQUITITLÁN,PAN,1032,5592,2,130,5724,7545,1032,No
2016,13,HIDALGO,50,SAN AGUSTÍN METZQUITITLÁN,PRI,1555,5592,2,130,5724,7545,1555,No
2016,13,HIDALGO,50,SAN AGUSTÍN METZQUITITLÁN,PRD,76,5592,2,130,5724,7545,76,No
2016,13,HIDALGO,50,SAN AGUSTÍN METZQUITITLÁN,PVEM,18,5592,2,130,5724,7545,18,No
2016,13,HIDALGO,50,SAN AGUSTÍN METZQUITITLÁN,PT,269,5592,2,130,5724,7545,269,No
2016,13,HIDALGO,50,SAN AGUSTÍN METZQUITITLÁN,MC,1230,5592,2,130,5724,7545,1230,No
2016,13,HIDALGO,50,SAN AGUSTÍN METZQUITITLÁN,NVA _ALIANZA,52,5592,2,130,5724,7545,52,Sí
2016,13,HIDALGO,50,SAN AGUSTÍN METZQUITITLÁN,ES,1336,5592,2,130,5724,7545,1336,No
2016,13,HIDALGO,50,SAN AGUSTÍN METZQUITITLÁN,PRI_VERDE_NUAL,16,5592,2,130,5724,7545,1571,Sí
2016,13,HIDALGO,50,SAN AGUSTÍN METZQUITITLÁN,PRI_VERDE,4,5592,2,130,5724,7545,1559,Sí
2016,13,HIDALGO,50,SAN AGUSTÍN METZQUITITLÁN,PRI_NUAL,3,5592,2,130,5724,7545,1558,Sí
2016,13,HIDALGO,50,SAN AGUSTÍN METZQUITITLÁN,VERDE_NUAL,1,5592,2,130,5724,7545,1,Sí
2016,13,HIDALGO,51,SAN AGUSTÍN TLAXIACA,PAN,1566,13701,7,350,14058,22534,1566,No
2016,13,HIDALGO,51,SAN AGUSTÍN TLAXIACA,PRI,5073,13701,7,350,14058,22534,5073,No
2016,13,HIDALGO,51,SAN AGUSTÍN TLAXIACA,PRD,589,13701,7,350,14058,22534,589,No
2016,13,HIDALGO,51,SAN AGUSTÍN TLAXIACA,PVEM,137,13701,7,350,14058,22534,137,No
2016,13,HIDALGO,51,SAN AGUSTÍN TLAXIACA,PT,121,13701,7,350,14058,22534,121,No
2016,13,HIDALGO,51,SAN AGUSTÍN TLAXIACA,MC,196,13701,7,350,14058,22534,196,No
2016,13,HIDALGO,51,SAN AGUSTÍN TLAXIACA,NVA _ALIANZA,224,13701,7,350,14058,22534,224,Sí
2016,13,HIDALGO,51,SAN AGUSTÍN TLAXIACA,MORENA,550,13701,7,350,14058,22534,550,No
2016,13,HIDALGO,51,SAN AGUSTÍN TLAXIACA,ES,4756,13701,7,350,14058,22534,4756,No
2016,13,HIDALGO,51,SAN AGUSTÍN TLAXIACA,PRI_VERDE_NUAL,20,13701,7,350,14058,22534,5093,Sí
2016,13,HIDALGO,51,SAN AGUSTÍN TLAXIACA,PRI_VERDE,11,13701,7,350,14058,22534,5084,Sí
2016,13,HIDALGO,51,SAN AGUSTÍN TLAXIACA,PRI_NUAL,11,13701,7,350,14058,22534,5084,Sí
2016,13,HIDALGO,51,SAN AGUSTÍN TLAXIACA,VERDE_NUAL,7,13701,7,350,14058,22534,7,Sí
2016,13,HIDALGO,51,SAN AGUSTÍN TLAXIACA,Candidatura Independiente,440,13701,7,350,14058,22534,440,No
2016,13,HIDALGO,52,SAN BARTOLO TUTOTEPEC,PAN,74,9487,1,375,9863,12553,74,No
2016,13,HIDALGO,52,SAN BARTOLO TUTOTEPEC,PRI,4430,9487,1,375,9863,12553,4430,No
2016,13,HIDALGO,52,SAN BARTOLO TUTOTEPEC,PRD,4219,9487,1,375,9863,12553,4219,No
2016,13,HIDALGO,52,SAN BARTOLO TUTOTEPEC,PVEM,55,9487,1,375,9863,12553,55,No
2016,13,HIDALGO,52,SAN BARTOLO TUTOTEPEC,NVA _ALIANZA,387,9487,1,375,9863,12553,387,Sí
2016,13,HIDALGO,52,SAN BARTOLO TUTOTEPEC,MORENA,42,9487,1,375,9863,12553,42,No
2016,13,HIDALGO,52,SAN BARTOLO TUTOTEPEC,PRI_VERDE_NUAL,154,9487,1,375,9863,12553,4584,Sí
2016,13,HIDALGO,52,SAN BARTOLO TUTOTEPEC,PRI_VERDE,42,9487,1,375,9863,12553,4472,Sí
2016,13,HIDALGO,52,SAN BARTOLO TUTOTEPEC,PRI_NUAL,79,9487,1,375,9863,12553,4509,Sí
2016,13,HIDALGO,52,SAN BARTOLO TUTOTEPEC,VERDE_NUAL,5,9487,1,375,9863,12553,5,Sí
2016,13,HIDALGO,53,SAN FELIPE ORIZATLÁN,PAN,7030,16884,0,828,17712,26886,7030,No
2016,13,HIDALGO,53,SAN FELIPE ORIZATLÁN,PRI,6566,16884,0,828,17712,26886,6566,No
2016,13,HIDALGO,53,SAN FELIPE ORIZATLÁN,PRD,216,16884,0,828,17712,26886,216,No
2016,13,HIDALGO,53,SAN FELIPE ORIZATLÁN,PVEM,78,16884,0,828,17712,26886,78,No
2016,13,HIDALGO,53,SAN FELIPE ORIZATLÁN,PT,63,16884,0,828,17712,26886,63,No
2016,13,HIDALGO,53,SAN FELIPE ORIZATLÁN,MC,50,16884,0,828,17712,26886,50,No
2016,13,HIDALGO,53,SAN FELIPE ORIZATLÁN,NVA _ALIANZA,748,16884,0,828,17712,26886,748,Sí
2016,13,HIDALGO,53,SAN FELIPE ORIZATLÁN,MORENA,105,16884,0,828,17712,26886,105,No
2016,13,HIDALGO,53,SAN FELIPE ORIZATLÁN,ES,2028,16884,0,828,17712,26886,2028,No
2016,13,HIDALGO,54,SAN SALVADOR,PAN,309,15217,11,439,15667,24650,309,No
2016,13,HIDALGO,54,SAN SALVADOR,PRI,3030,15217,11,439,15667,24650,3030,No
2016,13,HIDALGO,54,SAN SALVADOR,PRD,4408,15217,11,439,15667,24650,4408,No
2016,13,HIDALGO,54,SAN SALVADOR,PVEM,126,15217,11,439,15667,24650,126,No
2016,13,HIDALGO,54,SAN SALVADOR,MC,269,15217,11,439,15667,24650,269,No
2016,13,HIDALGO,54,SAN SALVADOR,NVA _ALIANZA,1405,15217,11,439,15667,24650,1405,Sí
2016,13,HIDALGO,54,SAN SALVADOR,MORENA,761,15217,11,439,15667,24650,761,No
2016,13,HIDALGO,54,SAN SALVADOR,ES,1378,15217,11,439,15667,24650,1378,No
2016,13,HIDALGO,54,SAN SALVADOR,PRI_VERDE_NUAL,141,15217,11,439,15667,24650,3171,Sí
2016,13,HIDALGO,54,SAN SALVADOR,PRI_VERDE,29,15217,11,439,15667,24650,3059,Sí
2016,13,HIDALGO,54,SAN SALVADOR,PRI_NUAL,70,15217,11,439,15667,24650,3100,Sí
2016,13,HIDALGO,54,SAN SALVADOR,VERDE_NUAL,6,15217,11,439,15667,24650,6,Sí
2016,13,HIDALGO,54,SAN SALVADOR,Candidatura Independiente,3285,15217,11,439,15667,24650,3285,No
2016,13,HIDALGO,55,SANTIAGO DE ANAYA,PAN,186,8049,0,0,8049,12477,186,No
2016,13,HIDALGO,55,SANTIAGO DE ANAYA,PRI,2849,8049,0,0,8049,12477,2849,No
2016,13,HIDALGO,55,SANTIAGO DE ANAYA,PRD,187,8049,0,0,8049,12477,187,No
2016,13,HIDALGO,55,SANTIAGO DE ANAYA,PVEM,86,8049,0,0,8049,12477,86,No
2016,13,HIDALGO,55,SANTIAGO DE ANAYA,MC,91,8049,0,0,8049,12477,91,No
2016,13,HIDALGO,55,SANTIAGO DE ANAYA,NVA _ALIANZA,1666,8049,0,0,8049,12477,1666,Sí
2016,13,HIDALGO,55,SANTIAGO DE ANAYA,MORENA,309,8049,0,0,8049,12477,309,No
2016,13,HIDALGO,55,SANTIAGO DE ANAYA,ES,47,8049,0,0,8049,12477,47,No
2016,13,HIDALGO,55,SANTIAGO DE ANAYA,Candidatura Independiente,2628,8049,0,0,8049,12477,2628,No
2016,13,HIDALGO,56,SANTIAGO TULANTEPEC DE LUGO GUERRERO,PAN,2987,12466,6,292,12764,23797,2987,No
2016,13,HIDALGO,56,SANTIAGO TULANTEPEC DE LUGO GUERRERO,PRI,4069,12466,6,292,12764,23797,4069,No
2016,13,HIDALGO,56,SANTIAGO TULANTEPEC DE LUGO GUERRERO,PRD,3605,12466,6,292,12764,23797,3605,No
2016,13,HIDALGO,56,SANTIAGO TULANTEPEC DE LUGO GUERRERO,PVEM,125,12466,6,292,12764,23797,125,No
2016,13,HIDALGO,56,SANTIAGO TULANTEPEC DE LUGO GUERRERO,PT,71,12466,6,292,12764,23797,71,No
2016,13,HIDALGO,56,SANTIAGO TULANTEPEC DE LUGO GUERRERO,MC,401,12466,6,292,12764,23797,401,No
2016,13,HIDALGO,56,SANTIAGO TULANTEPEC DE LUGO GUERRERO,NVA _ALIANZA,699,12466,6,292,12764,23797,699,Sí
2016,13,HIDALGO,56,SANTIAGO TULANTEPEC DE LUGO GUERRERO,MORENA,365,12466,6,292,12764,23797,365,No
2016,13,HIDALGO,56,SANTIAGO TULANTEPEC DE LUGO GUERRERO,ES,144,12466,6,292,12764,23797,144,No
2016,13,HIDALGO,57,SINGUILUCAN,PAN,373,7449,2,253,7704,11900,373,No
2016,13,HIDALGO,57,SINGUILUCAN,PRI,1369,7449,2,253,7704,11900,1369,No
2016,13,HIDALGO,57,SINGUILUCAN,PRD,358,7449,2,253,7704,11900,358,No
2016,13,HIDALGO,57,SINGUILUCAN,PVEM,93,7449,2,253,7704,11900,93,No
2016,13,HIDALGO,57,SINGUILUCAN,PT,1629,7449,2,253,7704,11900,1629,No
2016,13,HIDALGO,57,SINGUILUCAN,NVA _ALIANZA,2019,7449,2,253,7704,11900,2019,Sí
2016,13,HIDALGO,57,SINGUILUCAN,MORENA,200,7449,2,253,7704,11900,200,No
2016,13,HIDALGO,57,SINGUILUCAN,ES,1186,7449,2,253,7704,11900,1186,No
2016,13,HIDALGO,57,SINGUILUCAN,PRI_VERDE_NUAL,127,7449,2,253,7704,11900,1496,Sí
2016,13,HIDALGO,57,SINGUILUCAN,PRI_VERDE,13,7449,2,253,7704,11900,1382,Sí
2016,13,HIDALGO,57,SINGUILUCAN,PRI_NUAL,71,7449,2,253,7704,11900,1440,Sí
2016,13,HIDALGO,57,SINGUILUCAN,VERDE_NUAL,11,7449,2,253,7704,11900,11,Sí
2016,13,HIDALGO,58,TASQUILLO,PAN,92,7273,0,235,7508,14327,92,No
2016,13,HIDALGO,58,TASQUILLO,PRI,1375,7273,0,235,7508,14327,1375,No
2016,13,HIDALGO,58,TASQUILLO,PRD,2782,7273,0,235,7508,14327,2782,No
2016,13,HIDALGO,58,TASQUILLO,PVEM,115,7273,0,235,7508,14327,115,No
2016,13,HIDALGO,58,TASQUILLO,PT,340,7273,0,235,7508,14327,340,No
2016,13,HIDALGO,58,TASQUILLO,MC,188,7273,0,235,7508,14327,188,No
2016,13,HIDALGO,58,TASQUILLO,NVA _ALIANZA,707,7273,0,235,7508,14327,707,Sí
2016,13,HIDALGO,58,TASQUILLO,MORENA,504,7273,0,235,7508,14327,504,No
2016,13,HIDALGO,58,TASQUILLO,ES,103,7273,0,235,7508,14327,103,No
2016,13,HIDALGO,58,TASQUILLO,PRI_VERDE_NUAL,46,7273,0,235,7508,14327,1421,Sí
2016,13,HIDALGO,58,TASQUILLO,PRI_VERDE,12,7273,0,235,7508,14327,1387,Sí
2016,13,HIDALGO,58,TASQUILLO,PRI_NUAL,38,7273,0,235,7508,14327,1413,Sí
2016,13,HIDALGO,58,TASQUILLO,VERDE_NUAL,9,7273,0,235,7508,14327,9,Sí
2016,13,HIDALGO,58,TASQUILLO,Candidatura Independiente,962,7273,0,235,7508,14327,962,No
2016,13,HIDALGO,59,TECOZAUTLA,PAN,10062,15371,4,378,15753,26014,10062,No
2016,13,HIDALGO,59,TECOZAUTLA,PRI,2770,15371,4,378,15753,26014,2770,No
2016,13,HIDALGO,59,TECOZAUTLA,PRD,297,15371,4,378,15753,26014,297,No
2016,13,HIDALGO,59,TECOZAUTLA,PVEM,1443,15371,4,378,15753,26014,1443,No
2016,13,HIDALGO,59,TECOZAUTLA,NVA _ALIANZA,243,15371,4,378,15753,26014,243,Sí
2016,13,HIDALGO,59,TECOZAUTLA,MORENA,388,15371,4,378,15753,26014,388,No
2016,13,HIDALGO,59,TECOZAUTLA,PRI_VERDE_NUAL,91,15371,4,378,15753,26014,2861,Sí
2016,13,HIDALGO,59,TECOZAUTLA,PRI_VERDE,68,15371,4,378,15753,26014,2838,Sí
2016,13,HIDALGO,59,TECOZAUTLA,PRI_NUAL,6,15371,4,378,15753,26014,2776,Sí
2016,13,HIDALGO,59,TECOZAUTLA,VERDE_NUAL,3,15371,4,378,15753,26014,3,Sí
2016,13,HIDALGO,60,TENANGO DE DORIA,PAN,37,7622,0,350,7972,11942,37,No
2016,13,HIDALGO,60,TENANGO DE DORIA,PRI,1199,7622,0,350,7972,11942,1199,No
2016,13,HIDALGO,60,TENANGO DE DORIA,PRD,3103,7622,0,350,7972,11942,3103,No
2016,13,HIDALGO,60,TENANGO DE DORIA,PVEM,139,7622,0,350,7972,11942,139,No
2016,13,HIDALGO,60,TENANGO DE DORIA,NVA _ALIANZA,1764,7622,0,350,7972,11942,1764,Sí
2016,13,HIDALGO,60,TENANGO DE DORIA,MORENA,218,7622,0,350,7972,11942,218,No
2016,13,HIDALGO,60,TENANGO DE DORIA,ES,992,7622,0,350,7972,11942,992,No
2016,13,HIDALGO,60,TENANGO DE DORIA,PRI_VERDE_NUAL,95,7622,0,350,7972,11942,1294,Sí
2016,13,HIDALGO,60,TENANGO DE DORIA,PRI_VERDE,19,7622,0,350,7972,11942,1218,Sí
2016,13,HIDALGO,60,TENANGO DE DORIA,PRI_NUAL,44,7622,0,350,7972,11942,1243,Sí
2016,13,HIDALGO,60,TENANGO DE DORIA,VERDE_NUAL,12,7622,0,350,7972,11942,12,Sí
2016,13,HIDALGO,61,TEPEAPULCO,PAN,1823,20575,45,539,21159,42119,1823,No
2016,13,HIDALGO,61,TEPEAPULCO,PRI,8430,20575,45,539,21159,42119,8430,No
2016,13,HIDALGO,61,TEPEAPULCO,PRD,392,20575,45,539,21159,42119,392,No
2016,13,HIDALGO,61,TEPEAPULCO,PVEM,797,20575,45,539,21159,42119,797,No
2016,13,HIDALGO,61,TEPEAPULCO,MC,2737,20575,45,539,21159,42119,2737,No
2016,13,HIDALGO,61,TEPEAPULCO,NVA _ALIANZA,1591,20575,45,539,21159,42119,1591,Sí
2016,13,HIDALGO,61,TEPEAPULCO,MORENA,1708,20575,45,539,21159,42119,1708,No
2016,13,HIDALGO,61,TEPEAPULCO,ES,1080,20575,45,539,21159,42119,1080,No
2016,13,HIDALGO,61,TEPEAPULCO,Candidatura Independiente,2017,20575,45,539,21159,42119,2017,No
2016,13,HIDALGO,62,TEPEHUACÁN DE GUERRERO,PAN,354,12643,0,657,13300,18332,354,No
2016,13,HIDALGO,62,TEPEHUACÁN DE GUERRERO,PRI,7599,12643,0,657,13300,18332,7599,No
2016,13,HIDALGO,62,TEPEHUACÁN DE GUERRERO,PRD,2710,12643,0,657,13300,18332,2710,No
2016,13,HIDALGO,62,TEPEHUACÁN DE GUERRERO,NVA _ALIANZA,1799,12643,0,657,13300,18332,1799,Sí
2016,13,HIDALGO,62,TEPEHUACÁN DE GUERRERO,ES,181,12643,0,657,13300,18332,181,No
2016,13,HIDALGO,63,TEPEJI DEL RÍO DE OCAMPO,PAN,4102,26873,43,586,27502,57809,4102,No
2016,13,HIDALGO,63,TEPEJI DEL RÍO DE OCAMPO,PRI,4331,26873,43,586,27502,57809,4331,No
2016,13,HIDALGO,63,TEPEJI DEL RÍO DE OCAMPO,PRD,1430,26873,43,586,27502,57809,1430,No
2016,13,HIDALGO,63,TEPEJI DEL RÍO DE OCAMPO,PVEM,551,26873,43,586,27502,57809,551,No
2016,13,HIDALGO,63,TEPEJI DEL RÍO DE OCAMPO,MC,985,26873,43,586,27502,57809,985,No
2016,13,HIDALGO,63,TEPEJI DEL RÍO DE OCAMPO,NVA _ALIANZA,9333,26873,43,586,27502,57809,9333,Sí
2016,13,HIDALGO,63,TEPEJI DEL RÍO DE OCAMPO,MORENA,5037,26873,43,586,27502,57809,5037,No
2016,13,HIDALGO,63,TEPEJI DEL RÍO DE OCAMPO,ES,321,26873,43,586,27502,57809,321,No
2016,13,HIDALGO,63,TEPEJI DEL RÍO DE OCAMPO,Candidatura Independiente,783,26873,43,586,27502,57809,783,No
2016,13,HIDALGO,64,TEPETITLÁN,PAN,2730,5290,1,105,5396,7687,2730,No
2016,13,HIDALGO,64,TEPETITLÁN,PRI,1494,5290,1,105,5396,7687,1494,No
2016,13,HIDALGO,64,TEPETITLÁN,PRD,234,5290,1,105,5396,7687,234,No
2016,13,HIDALGO,64,TEPETITLÁN,PVEM,133,5290,1,105,5396,7687,133,No
2016,13,HIDALGO,64,TEPETITLÁN,MC,32,5290,1,105,5396,7687,32,No
2016,13,HIDALGO,64,TEPETITLÁN,NVA _ALIANZA,428,5290,1,105,5396,7687,428,Sí
2016,13,HIDALGO,64,TEPETITLÁN,MORENA,239,5290,1,105,5396,7687,239,No
2016,13,HIDALGO,65,TETEPANGO,PRI,555,6079,7,129,6215,8376,555,No
2016,13,HIDALGO,65,TETEPANGO,PVEM,85,6079,7,129,6215,8376,85,No
2016,13,HIDALGO,65,TETEPANGO,PT,3093,6079,7,129,6215,8376,3093,No
2016,13,HIDALGO,65,TETEPANGO,MC,370,6079,7,129,6215,8376,370,No
2016,13,HIDALGO,65,TETEPANGO,NVA _ALIANZA,305,6079,7,129,6215,8376,305,Sí
2016,13,HIDALGO,65,TETEPANGO,ES,1602,6079,7,129,6215,8376,1602,No
2016,13,HIDALGO,65,TETEPANGO,PRI_VERDE_NUAL,40,6079,7,129,6215,8376,595,Sí
2016,13,HIDALGO,65,TETEPANGO,PRI_VERDE,12,6079,7,129,6215,8376,567,Sí
2016,13,HIDALGO,65,TETEPANGO,PRI_NUAL,15,6079,7,129,6215,8376,570,Sí
2016,13,HIDALGO,65,TETEPANGO,VERDE_NUAL,2,6079,7,129,6215,8376,2,Sí
2016,13,HIDALGO,66,TEZONTEPEC DE ALDAMA,PAN,5851,22883,5,420,23308,34580,5851,No
2016,13,HIDALGO,66,TEZONTEPEC DE ALDAMA,PRI,5135,22883,5,420,23308,34580,5135,No
2016,13,HIDALGO,66,TEZONTEPEC DE ALDAMA,PRD,449,22883,5,420,23308,34580,449,No
2016,13,HIDALGO,66,TEZONTEPEC DE ALDAMA,PVEM,125,22883,5,420,23308,34580,125,No
2016,13,HIDALGO,66,TEZONTEPEC DE ALDAMA,MC,7552,22883,5,420,23308,34580,7552,No
2016,13,HIDALGO,66,TEZONTEPEC DE ALDAMA,NVA _ALIANZA,273,22883,5,420,23308,34580,273,Sí
2016,13,HIDALGO,66,TEZONTEPEC DE ALDAMA,MORENA,1962,22883,5,420,23308,34580,1962,No
2016,13,HIDALGO,66,TEZONTEPEC DE ALDAMA,ES,122,22883,5,420,23308,34580,122,No
2016,13,HIDALGO,66,TEZONTEPEC DE ALDAMA,PRI_VERDE_NUAL,113,22883,5,420,23308,34580,5248,Sí
2016,13,HIDALGO,66,TEZONTEPEC DE ALDAMA,PRI_VERDE,29,22883,5,420,23308,34580,5164,Sí
2016,13,HIDALGO,66,TEZONTEPEC DE ALDAMA,PRI_NUAL,4,22883,5,420,23308,34580,5139,Sí
2016,13,HIDALGO,66,TEZONTEPEC DE ALDAMA,VERDE_NUAL,7,22883,5,420,23308,34580,7,Sí
2016,13,HIDALGO,66,TEZONTEPEC DE ALDAMA,Candidatura Independiente,887,22883,5,420,23308,34580,887,No
2016,13,HIDALGO,66,TEZONTEPEC DE ALDAMA,Candidatura Independiente,374,22883,5,420,23308,34580,374,No
2016,13,HIDALGO,67,TIANGUISTENGO,PAN,197,7044,2,507,7553,10278,197,No
2016,13,HIDALGO,67,TIANGUISTENGO,PRI,1710,7044,2,507,7553,10278,1710,No
2016,13,HIDALGO,67,TIANGUISTENGO,PRD,679,7044,2,507,7553,10278,679,No
2016,13,HIDALGO,67,TIANGUISTENGO,PVEM,41,7044,2,507,7553,10278,41,No
2016,13,HIDALGO,67,TIANGUISTENGO,PT,58,7044,2,507,7553,10278,58,No
2016,13,HIDALGO,67,TIANGUISTENGO,NVA _ALIANZA,369,7044,2,507,7553,10278,369,Sí
2016,13,HIDALGO,67,TIANGUISTENGO,MORENA,141,7044,2,507,7553,10278,141,No
2016,13,HIDALGO,67,TIANGUISTENGO,ES,3849,7044,2,507,7553,10278,3849,No
2016,13,HIDALGO,68,TIZAYUCA,PAN,3593,29720,19,766,30505,79352,3593,No
2016,13,HIDALGO,68,TIZAYUCA,PRI,14571,29720,19,766,30505,79352,14571,No
2016,13,HIDALGO,68,TIZAYUCA,PRD,870,29720,19,766,30505,79352,870,No
2016,13,HIDALGO,68,TIZAYUCA,PVEM,541,29720,19,766,30505,79352,541,No
2016,13,HIDALGO,68,TIZAYUCA,PT,394,29720,19,766,30505,79352,394,No
2016,13,HIDALGO,68,TIZAYUCA,MC,712,29720,19,766,30505,79352,712,No
2016,13,HIDALGO,68,TIZAYUCA,NVA _ALIANZA,1415,29720,19,766,30505,79352,1415,Sí
2016,13,HIDALGO,68,TIZAYUCA,MORENA,2542,29720,19,766,30505,79352,2542,No
2016,13,HIDALGO,68,TIZAYUCA,ES,5082,29720,19,766,30505,79352,5082,No
2016,13,HIDALGO,69,TLAHUELILPAN,PRI,1613,7928,2,155,8085,12542,1613,No
2016,13,HIDALGO,69,TLAHUELILPAN,PRD,973,7928,2,155,8085,12542,973,No
2016,13,HIDALGO,69,TLAHUELILPAN,PVEM,133,7928,2,155,8085,12542,133,No
2016,13,HIDALGO,69,TLAHUELILPAN,PT,2052,7928,2,155,8085,12542,2052,No
2016,13,HIDALGO,69,TLAHUELILPAN,MC,546,7928,2,155,8085,12542,546,No
2016,13,HIDALGO,69,TLAHUELILPAN,NVA _ALIANZA,800,7928,2,155,8085,12542,800,Sí
2016,13,HIDALGO,69,TLAHUELILPAN,MORENA,1760,7928,2,155,8085,12542,1760,No
2016,13,HIDALGO,69,TLAHUELILPAN,ES,51,7928,2,155,8085,12542,51,No
2016,13,HIDALGO,70,TLAHUILTEPA,PRI,2223,5339,2,150,5491,7439,2223,No
2016,13,HIDALGO,70,TLAHUILTEPA,PRD,125,5339,2,150,5491,7439,125,No
2016,13,HIDALGO,70,TLAHUILTEPA,NVA _ALIANZA,2991,5339,2,150,5491,7439,2991,Sí
2016,13,HIDALGO,71,TLANALAPA,PAN,320,5397,0,128,5525,8244,320,No
2016,13,HIDALGO,71,TLANALAPA,PRI,788,5397,0,128,5525,8244,788,No
2016,13,HIDALGO,71,TLANALAPA,PRD,127,5397,0,128,5525,8244,127,No
2016,13,HIDALGO,71,TLANALAPA,PVEM,26,5397,0,128,5525,8244,26,No
2016,13,HIDALGO,71,TLANALAPA,PT,678,5397,0,128,5525,8244,678,No
2016,13,HIDALGO,71,TLANALAPA,MC,1239,5397,0,128,5525,8244,1239,No
2016,13,HIDALGO,71,TLANALAPA,NVA _ALIANZA,378,5397,0,128,5525,8244,378,Sí
2016,13,HIDALGO,71,TLANALAPA,MORENA,384,5397,0,128,5525,8244,384,No
2016,13,HIDALGO,71,TLANALAPA,ES,108,5397,0,128,5525,8244,108,No
2016,13,HIDALGO,71,TLANALAPA,PRI_VERDE_NUAL,32,5397,0,128,5525,8244,820,Sí
2016,13,HIDALGO,71,TLANALAPA,PRI_VERDE,4,5397,0,128,5525,8244,792,Sí
2016,13,HIDALGO,71,TLANALAPA,PRI_NUAL,24,5397,0,128,5525,8244,812,Sí
2016,13,HIDALGO,71,TLANALAPA,VERDE_NUAL,0,5397,0,128,5525,8244,0,Sí
2016,13,HIDALGO,71,TLANALAPA,Candidatura Independiente,1289,5397,0,128,5525,8244,1289,No
2016,13,HIDALGO,72,TLANCHINOL,PAN,6418,16386,1,836,17223,23852,6418,No
2016,13,HIDALGO,72,TLANCHINOL,PRI,4798,16386,1,836,17223,23852,4798,No
2016,13,HIDALGO,72,TLANCHINOL,PRD,237,16386,1,836,17223,23852,237,No
2016,13,HIDALGO,72,TLANCHINOL,PVEM,92,16386,1,836,17223,23852,92,No
2016,13,HIDALGO,72,TLANCHINOL,NVA _ALIANZA,277,16386,1,836,17223,23852,277,Sí
2016,13,HIDALGO,72,TLANCHINOL,MORENA,345,16386,1,836,17223,23852,345,No
2016,13,HIDALGO,72,TLANCHINOL,ES,3929,16386,1,836,17223,23852,3929,No
2016,13,HIDALGO,72,TLANCHINOL,PRI_VERDE_NUAL,35,16386,1,836,17223,23852,4833,Sí
2016,13,HIDALGO,72,TLANCHINOL,PRI_VERDE,19,16386,1,836,17223,23852,4817,Sí
2016,13,HIDALGO,72,TLANCHINOL,PRI_NUAL,5,16386,1,836,17223,23852,4803,Sí
2016,13,HIDALGO,72,TLANCHINOL,VERDE_NUAL,2,16386,1,836,17223,23852,2,Sí
2016,13,HIDALGO,72,TLANCHINOL,Candidatura Independiente,229,16386,1,836,17223,23852,229,No
2016,13,HIDALGO,73,TLAXCOAPAN,PAN,4174,12396,5,374,12775,20293,4174,No
2016,13,HIDALGO,73,TLAXCOAPAN,PRI,1176,12396,5,374,12775,20293,1176,No
2016,13,HIDALGO,73,TLAXCOAPAN,PRD,1848,12396,5,374,12775,20293,1848,No
2016,13,HIDALGO,73,TLAXCOAPAN,PVEM,92,12396,5,374,12775,20293,92,No
2016,13,HIDALGO,73,TLAXCOAPAN,PT,43,12396,5,374,12775,20293,43,No
2016,13,HIDALGO,73,TLAXCOAPAN,MC,1179,12396,5,374,12775,20293,1179,No
2016,13,HIDALGO,73,TLAXCOAPAN,NVA _ALIANZA,604,12396,5,374,12775,20293,604,Sí
2016,13,HIDALGO,73,TLAXCOAPAN,MORENA,1903,12396,5,374,12775,20293,1903,No
2016,13,HIDALGO,73,TLAXCOAPAN,ES,1337,12396,5,374,12775,20293,1337,No
2016,13,HIDALGO,73,TLAXCOAPAN,PRI_VERDE_NUAL,24,12396,5,374,12775,20293,1200,Sí
2016,13,HIDALGO,73,TLAXCOAPAN,PRI_VERDE,2,12396,5,374,12775,20293,1178,Sí
2016,13,HIDALGO,73,TLAXCOAPAN,PRI_NUAL,10,12396,5,374,12775,20293,1186,Sí
2016,13,HIDALGO,73,TLAXCOAPAN,VERDE_NUAL,4,12396,5,374,12775,20293,4,Sí
2016,13,HIDALGO,74,TOLCAYUCA,PAN,991,6677,1,104,6782,10564,991,No
2016,13,HIDALGO,74,TOLCAYUCA,PRI,1289,6677,1,104,6782,10564,1289,No
2016,13,HIDALGO,74,TOLCAYUCA,PRD,1001,6677,1,104,6782,10564,1001,No
2016,13,HIDALGO,74,TOLCAYUCA,PVEM,792,6677,1,104,6782,10564,792,No
2016,13,HIDALGO,74,TOLCAYUCA,MC,496,6677,1,104,6782,10564,496,No
2016,13,HIDALGO,74,TOLCAYUCA,NVA _ALIANZA,1616,6677,1,104,6782,10564,1616,Sí
2016,13,HIDALGO,74,TOLCAYUCA,MORENA,250,6677,1,104,6782,10564,250,No
2016,13,HIDALGO,74,TOLCAYUCA,ES,242,6677,1,104,6782,10564,242,No
2016,13,HIDALGO,75,TULA DE ALLENDE,PAN,6732,35561,6,302,35869,81551,6732,No
2016,13,HIDALGO,75,TULA DE ALLENDE,PRI,9722,35561,6,302,35869,81551,9722,No
2016,13,HIDALGO,75,TULA DE ALLENDE,PRD,8776,35561,6,302,35869,81551,8776,No
2016,13,HIDALGO,75,TULA DE ALLENDE,PVEM,414,35561,6,302,35869,81551,414,No
2016,13,HIDALGO,75,TULA DE ALLENDE,PT,489,35561,6,302,35869,81551,489,No
2016,13,HIDALGO,75,TULA DE ALLENDE,MC,3765,35561,6,302,35869,81551,3765,No
2016,13,HIDALGO,75,TULA DE ALLENDE,NVA _ALIANZA,703,35561,6,302,35869,81551,703,Sí
2016,13,HIDALGO,75,TULA DE ALLENDE,MORENA,4923,35561,6,302,35869,81551,4923,No
2016,13,HIDALGO,75,TULA DE ALLENDE,PRI_VERDE_NUAL,11,35561,6,302,35869,81551,9733,Sí
2016,13,HIDALGO,75,TULA DE ALLENDE,PRI_VERDE,22,35561,6,302,35869,81551,9744,Sí
2016,13,HIDALGO,75,TULA DE ALLENDE,PRI_NUAL,3,35561,6,302,35869,81551,9725,Sí
2016,13,HIDALGO,75,TULA DE ALLENDE,VERDE_NUAL,1,35561,6,302,35869,81551,1,Sí
2016,13,HIDALGO,76,TULANCINGO DE BRAVO,PAN,8969,55833,31,1674,57538,118375,8969,No
2016,13,HIDALGO,76,TULANCINGO DE BRAVO,PRI,17158,55833,31,1674,57538,118375,17158,No
2016,13,HIDALGO,76,TULANCINGO DE BRAVO,PRD,1345,55833,31,1674,57538,118375,1345,No
2016,13,HIDALGO,76,TULANCINGO DE BRAVO,PVEM,598,55833,31,1674,57538,118375,598,No
2016,13,HIDALGO,76,TULANCINGO DE BRAVO,PT,1205,55833,31,1674,57538,118375,1205,No
2016,13,HIDALGO,76,TULANCINGO DE BRAVO,MC,11604,55833,31,1674,57538,118375,11604,No
2016,13,HIDALGO,76,TULANCINGO DE BRAVO,NVA _ALIANZA,1455,55833,31,1674,57538,118375,1455,Sí
2016,13,HIDALGO,76,TULANCINGO DE BRAVO,MORENA,3073,55833,31,1674,57538,118375,3073,No
2016,13,HIDALGO,76,TULANCINGO DE BRAVO,ES,4473,55833,31,1674,57538,118375,4473,No
2016,13,HIDALGO,76,TULANCINGO DE BRAVO,PRI_VERDE_NUAL,182,55833,31,1674,57538,118375,17340,Sí
2016,13,HIDALGO,76,TULANCINGO DE BRAVO,PRI_VERDE,102,55833,31,1674,57538,118375,17260,Sí
2016,13,HIDALGO,76,TULANCINGO DE BRAVO,PRI_NUAL,41,55833,31,1674,57538,118375,17199,Sí
2016,13,HIDALGO,76,TULANCINGO DE BRAVO,VERDE_NUAL,14,55833,31,1674,57538,118375,14,Sí
2016,13,HIDALGO,76,TULANCINGO DE BRAVO,Candidatura Independiente,2441,55833,31,1674,57538,118375,2441,No
2016,13,HIDALGO,76,TULANCINGO DE BRAVO,Candidatura Independiente,1799,55833,31,1674,57538,118375,1799,No
2016,13,HIDALGO,76,TULANCINGO DE BRAVO,Candidatura Independiente,1374,55833,31,1674,57538,118375,1374,No
2016,13,HIDALGO,77,VILLA DE TEZONTEPEC,PAN,355,4995,2,125,5122,8382,355,No
2016,13,HIDALGO,77,VILLA DE TEZONTEPEC,PRI,980,4995,2,125,5122,8382,980,No
2016,13,HIDALGO,77,VILLA DE TEZONTEPEC,PVEM,129,4995,2,125,5122,8382,129,No
2016,13,HIDALGO,77,VILLA DE TEZONTEPEC,MC,1878,4995,2,125,5122,8382,1878,No
2016,13,HIDALGO,77,VILLA DE TEZONTEPEC,NVA _ALIANZA,974,4995,2,125,5122,8382,974,Sí
2016,13,HIDALGO,77,VILLA DE TEZONTEPEC,MORENA,176,4995,2,125,5122,8382,176,No
2016,13,HIDALGO,77,VILLA DE TEZONTEPEC,ES,445,4995,2,125,5122,8382,445,No
2016,13,HIDALGO,77,VILLA DE TEZONTEPEC,PRI_VERDE_NUAL,34,4995,2,125,5122,8382,1014,Sí
2016,13,HIDALGO,77,VILLA DE TEZONTEPEC,PRI_VERDE,3,4995,2,125,5122,8382,983,Sí
2016,13,HIDALGO,77,VILLA DE TEZONTEPEC,PRI_NUAL,18,4995,2,125,5122,8382,998,Sí
2016,13,HIDALGO,77,VILLA DE TEZONTEPEC,VERDE_NUAL,3,4995,2,125,5122,8382,3,Sí
2016,13,HIDALGO,78,XOCHIATIPAN,PAN,3069,10019,1,371,10391,12126,3069,No
2016,13,HIDALGO,78,XOCHIATIPAN,PRI,2747,10019,1,371,10391,12126,2747,No
2016,13,HIDALGO,78,XOCHIATIPAN,PRD,1835,10019,1,371,10391,12126,1835,No
2016,13,HIDALGO,78,XOCHIATIPAN,PVEM,17,10019,1,371,10391,12126,17,No
2016,13,HIDALGO,78,XOCHIATIPAN,PT,67,10019,1,371,10391,12126,67,No
2016,13,HIDALGO,78,XOCHIATIPAN,NVA _ALIANZA,59,10019,1,371,10391,12126,59,Sí
2016,13,HIDALGO,78,XOCHIATIPAN,MORENA,72,10019,1,371,10391,12126,72,No
2016,13,HIDALGO,78,XOCHIATIPAN,ES,2136,10019,1,371,10391,12126,2136,No
2016,13,HIDALGO,78,XOCHIATIPAN,PRI_VERDE_NUAL,8,10019,1,371,10391,12126,2755,Sí
2016,13,HIDALGO,78,XOCHIATIPAN,PRI_VERDE,1,10019,1,371,10391,12126,2748,Sí
2016,13,HIDALGO,78,XOCHIATIPAN,PRI_NUAL,6,10019,1,371,10391,12126,2753,Sí
2016,13,HIDALGO,78,XOCHIATIPAN,VERDE_NUAL,2,10019,1,371,10391,12126,2,Sí
2016,13,HIDALGO,79,XOCHICOATLÁN,PAN,18,4655,1,118,4774,5534,18,No
2016,13,HIDALGO,79,XOCHICOATLÁN,PRI,1013,4655,1,118,4774,5534,1013,No
2016,13,HIDALGO,79,XOCHICOATLÁN,PRD,540,4655,1,118,4774,5534,540,No
2016,13,HIDALGO,79,XOCHICOATLÁN,PVEM,43,4655,1,118,4774,5534,43,No
2016,13,HIDALGO,79,XOCHICOATLÁN,PT,1768,4655,1,118,4774,5534,1768,No
2016,13,HIDALGO,79,XOCHICOATLÁN,NVA _ALIANZA,241,4655,1,118,4774,5534,241,Sí
2016,13,HIDALGO,79,XOCHICOATLÁN,ES,1032,4655,1,118,4774,5534,1032,No
2016,13,HIDALGO,80,YAHUALICA,PAN,1479,12704,6,480,13190,15944,1479,No
2016,13,HIDALGO,80,YAHUALICA,PRI,3704,12704,6,480,13190,15944,3704,No
2016,13,HIDALGO,80,YAHUALICA,PRD,2183,12704,6,480,13190,15944,2183,No
2016,13,HIDALGO,80,YAHUALICA,PVEM,76,12704,6,480,13190,15944,76,No
2016,13,HIDALGO,80,YAHUALICA,PT,286,12704,6,480,13190,15944,286,No
2016,13,HIDALGO,80,YAHUALICA,MC,187,12704,6,480,13190,15944,187,No
2016,13,HIDALGO,80,YAHUALICA,NVA _ALIANZA,878,12704,6,480,13190,15944,878,Sí
2016,13,HIDALGO,80,YAHUALICA,ES,3911,12704,6,480,13190,15944,3911,No
2016,13,HIDALGO,81,ZACUALTIPÁN DE ÁNGELES,PAN,1560,14955,1,451,15407,24643,1560,No
2016,13,HIDALGO,81,ZACUALTIPÁN DE ÁNGELES,PRI,3336,14955,1,451,15407,24643,3336,No
2016,13,HIDALGO,81,ZACUALTIPÁN DE ÁNGELES,PRD,1307,14955,1,451,15407,24643,1307,No
2016,13,HIDALGO,81,ZACUALTIPÁN DE ÁNGELES,PVEM,1274,14955,1,451,15407,24643,1274,No
2016,13,HIDALGO,81,ZACUALTIPÁN DE ÁNGELES,PT,278,14955,1,451,15407,24643,278,No
2016,13,HIDALGO,81,ZACUALTIPÁN DE ÁNGELES,MC,5556,14955,1,451,15407,24643,5556,No
2016,13,HIDALGO,81,ZACUALTIPÁN DE ÁNGELES,NVA _ALIANZA,683,14955,1,451,15407,24643,683,Sí
2016,13,HIDALGO,81,ZACUALTIPÁN DE ÁNGELES,MORENA,535,14955,1,451,15407,24643,535,No
2016,13,HIDALGO,81,ZACUALTIPÁN DE ÁNGELES,ES,426,14955,1,451,15407,24643,426,No
2016,13,HIDALGO,82,ZAPOTLÁN DE JUÁREZ,PAN,723,8577,5,145,8727,13758,723,No
2016,13,HIDALGO,82,ZAPOTLÁN DE JUÁREZ,PRI,3048,8577,5,145,8727,13758,3048,No
2016,13,HIDALGO,82,ZAPOTLÁN DE JUÁREZ,PRD,3388,8577,5,145,8727,13758,3388,No
2016,13,HIDALGO,82,ZAPOTLÁN DE JUÁREZ,PVEM,103,8577,5,145,8727,13758,103,No
2016,13,HIDALGO,82,ZAPOTLÁN DE JUÁREZ,PT,194,8577,5,145,8727,13758,194,No
2016,13,HIDALGO,82,ZAPOTLÁN DE JUÁREZ,MC,53,8577,5,145,8727,13758,53,No
2016,13,HIDALGO,82,ZAPOTLÁN DE JUÁREZ,NVA _ALIANZA,868,8577,5,145,8727,13758,868,Sí
2016,13,HIDALGO,82,ZAPOTLÁN DE JUÁREZ,MORENA,127,8577,5,145,8727,13758,127,No
2016,13,HIDALGO,82,ZAPOTLÁN DE JUÁREZ,ES,73,8577,5,145,8727,13758,73,No
2016,13,HIDALGO,83,ZEMPOALA,PAN,1191,17272,10,424,17706,29098,1191,No
2016,13,HIDALGO,83,ZEMPOALA,PRI,7732,17272,10,424,17706,29098,7732,No
2016,13,HIDALGO,83,ZEMPOALA,PRD,371,17272,10,424,17706,29098,371,No
2016,13,HIDALGO,83,ZEMPOALA,PVEM,393,17272,10,424,17706,29098,393,No
2016,13,HIDALGO,83,ZEMPOALA,PT,114,17272,10,424,17706,29098,114,No
2016,13,HIDALGO,83,ZEMPOALA,MC,250,17272,10,424,17706,29098,250,No
2016,13,HIDALGO,83,ZEMPOALA,NVA _ALIANZA,6074,17272,10,424,17706,29098,6074,Sí
2016,13,HIDALGO,83,ZEMPOALA,MORENA,843,17272,10,424,17706,29098,843,No
2016,13,HIDALGO,83,ZEMPOALA,ES,304,17272,10,424,17706,29098,304,No
2016,13,HIDALGO,84,ZIMAPÁN,PAN,8942,16318,0,493,16811,29870,8942,No
2016,13,HIDALGO,84,ZIMAPÁN,PRI,5588,16318,0,493,16811,29870,5588,No
2016,13,HIDALGO,84,ZIMAPÁN,PVEM,157,16318,0,493,16811,29870,157,No
2016,13,HIDALGO,84,ZIMAPÁN,PT,157,16318,0,493,16811,29870,157,No
2016,13,HIDALGO,84,ZIMAPÁN,MC,258,16318,0,493,16811,29870,258,No
2016,13,HIDALGO,84,ZIMAPÁN,NVA _ALIANZA,560,16318,0,493,16811,29870,560,Sí
2016,13,HIDALGO,84,ZIMAPÁN,MORENA,590,16318,0,493,16811,29870,590,No
2016,13,HIDALGO,84,ZIMAPÁN,ES,66,16318,0,493,16811,29870,66,No
2016,20,OAXACA,2,ACATLAN DE PEREZ FIGUEROA,PAN,13174,23263,4,452,23719,31260,13174,No
2016,20,OAXACA,2,ACATLAN DE PEREZ FIGUEROA,PRI,7479,23263,4,452,23719,31260,7479,No
2016,20,OAXACA,2,ACATLAN DE PEREZ FIGUEROA,PRD,454,23263,4,452,23719,31260,454,No
2016,20,OAXACA,2,ACATLAN DE PEREZ FIGUEROA,PVEM,302,23263,4,452,23719,31260,302,No
2016,20,OAXACA,2,ACATLAN DE PEREZ FIGUEROA,PT,298,23263,4,452,23719,31260,298,No
2016,20,OAXACA,2,ACATLAN DE PEREZ FIGUEROA,MC,112,23263,4,452,23719,31260,112,No
2016,20,OAXACA,2,ACATLAN DE PEREZ FIGUEROA,NUAL,82,23263,4,452,23719,31260,82,No
2016,20,OAXACA,2,ACATLAN DE PEREZ FIGUEROA,PSD,43,23263,4,452,23719,31260,43,No
2016,20,OAXACA,2,ACATLAN DE PEREZ FIGUEROA,MORENA,732,23263,4,452,23719,31260,732,No
2016,20,OAXACA,2,ACATLAN DE PEREZ FIGUEROA,PAN_PRD,477,23263,4,452,23719,31260,14105,Sí
2016,20,OAXACA,2,ACATLAN DE PEREZ FIGUEROA,PRI_PVEM,110,23263,4,452,23719,31260,7891,Sí
2016,20,OAXACA,5,ASUNCION CUYOTEPEJI,PAN,277,648,0,9,657,861,277,No
2016,20,OAXACA,5,ASUNCION CUYOTEPEJI,PRI,313,648,0,9,657,861,313,No
2016,20,OAXACA,5,ASUNCION CUYOTEPEJI,PRD,1,648,0,9,657,861,1,No
2016,20,OAXACA,5,ASUNCION CUYOTEPEJI,PVEM,3,648,0,9,657,861,3,No
2016,20,OAXACA,5,ASUNCION CUYOTEPEJI,PT,0,648,0,9,657,861,0,No
2016,20,OAXACA,5,ASUNCION CUYOTEPEJI,MORENA,48,648,0,9,657,861,48,No
2016,20,OAXACA,5,ASUNCION CUYOTEPEJI,PAN_PRD,1,648,0,9,657,861,279,Sí
2016,20,OAXACA,5,ASUNCION CUYOTEPEJI,PRI_PVEM,5,648,0,9,657,861,321,Sí
2016,20,OAXACA,6,ASUNCION IXTALTEPEC,PAN,103,8751,0,192,8943,11756,103,No
2016,20,OAXACA,6,ASUNCION IXTALTEPEC,PRI,4672,8751,0,192,8943,11756,4672,No
2016,20,OAXACA,6,ASUNCION IXTALTEPEC,PRD,2467,8751,0,192,8943,11756,2467,No
2016,20,OAXACA,6,ASUNCION IXTALTEPEC,PVEM,127,8751,0,192,8943,11756,127,No
2016,20,OAXACA,6,ASUNCION IXTALTEPEC,PT,15,8751,0,192,8943,11756,15,No
2016,20,OAXACA,6,ASUNCION IXTALTEPEC,NUAL,1012,8751,0,192,8943,11756,1012,No
2016,20,OAXACA,6,ASUNCION IXTALTEPEC,MORENA,183,8751,0,192,8943,11756,183,No
2016,20,OAXACA,6,ASUNCION IXTALTEPEC,ES,7,8751,0,192,8943,11756,7,No
2016,20,OAXACA,6,ASUNCION IXTALTEPEC,PAN_PRD,101,8751,0,192,8943,11756,2671,Sí
2016,20,OAXACA,6,ASUNCION IXTALTEPEC,PRI_PVEM,64,8751,0,192,8943,11756,4863,Sí
2016,20,OAXACA,7,ASUNCION NOCHIXTLAN,PAN,229,7975,1,283,8259,12682,229,No
2016,20,OAXACA,7,ASUNCION NOCHIXTLAN,PRI,1359,7975,1,283,8259,12682,1359,No
2016,20,OAXACA,7,ASUNCION NOCHIXTLAN,PRD,927,7975,1,283,8259,12682,927,No
2016,20,OAXACA,7,ASUNCION NOCHIXTLAN,PVEM,86,7975,1,283,8259,12682,86,No
2016,20,OAXACA,7,ASUNCION NOCHIXTLAN,PT,1483,7975,1,283,8259,12682,1483,No
2016,20,OAXACA,7,ASUNCION NOCHIXTLAN,MC,78,7975,1,283,8259,12682,78,No
2016,20,OAXACA,7,ASUNCION NOCHIXTLAN,PUP,282,7975,1,283,8259,12682,282,No
2016,20,OAXACA,7,ASUNCION NOCHIXTLAN,PSD,2502,7975,1,283,8259,12682,2502,No
2016,20,OAXACA,7,ASUNCION NOCHIXTLAN,MORENA,930,7975,1,283,8259,12682,930,No
2016,20,OAXACA,7,ASUNCION NOCHIXTLAN,PAN_PRD,56,7975,1,283,8259,12682,1212,Sí
2016,20,OAXACA,7,ASUNCION NOCHIXTLAN,PRI_PVEM,43,7975,1,283,8259,12682,1488,Sí
2016,20,OAXACA,8,ASUNCION OCOTLAN,PAN,148,1512,0,68,1580,2626,148,No
2016,20,OAXACA,8,ASUNCION OCOTLAN,PRI,649,1512,0,68,1580,2626,649,No
2016,20,OAXACA,8,ASUNCION OCOTLAN,PRD,36,1512,0,68,1580,2626,36,No
2016,20,OAXACA,8,ASUNCION OCOTLAN,PVEM,19,1512,0,68,1580,2626,19,No
2016,20,OAXACA,8,ASUNCION OCOTLAN,PT,8,1512,0,68,1580,2626,8,No
2016,20,OAXACA,8,ASUNCION OCOTLAN,NUAL,587,1512,0,68,1580,2626,587,No
2016,20,OAXACA,8,ASUNCION OCOTLAN,MORENA,14,1512,0,68,1580,2626,14,No
2016,20,OAXACA,8,ASUNCION OCOTLAN,PAN_PRD,41,1512,0,68,1580,2626,225,Sí
2016,20,OAXACA,8,ASUNCION OCOTLAN,PRI_PVEM,10,1512,0,68,1580,2626,678,Sí
2016,20,OAXACA,11,AYOTZINTEPEC,PAN,100,3708,0,92,3800,4787,100,No
2016,20,OAXACA,11,AYOTZINTEPEC,PRI,1887,3708,0,92,3800,4787,1887,No
2016,20,OAXACA,11,AYOTZINTEPEC,PRD,1309,3708,0,92,3800,4787,1309,No
2016,20,OAXACA,11,AYOTZINTEPEC,PVEM,11,3708,0,92,3800,4787,11,No
2016,20,OAXACA,11,AYOTZINTEPEC,PT,12,3708,0,92,3800,4787,12,No
2016,20,OAXACA,11,AYOTZINTEPEC,MC,3,3708,0,92,3800,4787,3,No
2016,20,OAXACA,11,AYOTZINTEPEC,PUP,69,3708,0,92,3800,4787,69,No
2016,20,OAXACA,11,AYOTZINTEPEC,MORENA,236,3708,0,92,3800,4787,236,No
2016,20,OAXACA,11,AYOTZINTEPEC,PAN_PRD,46,3708,0,92,3800,4787,1455,Sí
2016,20,OAXACA,11,AYOTZINTEPEC,PRI_PVEM,35,3708,0,92,3800,4787,1933,Sí
2016,20,OAXACA,12,EL BARRIO DE LA SOLEDAD,PAN,1316,6317,0,180,6497,10045,1316,No
2016,20,OAXACA,12,EL BARRIO DE LA SOLEDAD,PRI,2636,6317,0,180,6497,10045,2636,No
2016,20,OAXACA,12,EL BARRIO DE LA SOLEDAD,PRD,134,6317,0,180,6497,10045,134,No
2016,20,OAXACA,12,EL BARRIO DE LA SOLEDAD,PVEM,70,6317,0,180,6497,10045,70,No
2016,20,OAXACA,12,EL BARRIO DE LA SOLEDAD,PT,30,6317,0,180,6497,10045,30,No
2016,20,OAXACA,12,EL BARRIO DE LA SOLEDAD,MC,858,6317,0,180,6497,10045,858,No
2016,20,OAXACA,12,EL BARRIO DE LA SOLEDAD,NUAL,26,6317,0,180,6497,10045,26,No
2016,20,OAXACA,12,EL BARRIO DE LA SOLEDAD,PSD,108,6317,0,180,6497,10045,108,No
2016,20,OAXACA,12,EL BARRIO DE LA SOLEDAD,MORENA,475,6317,0,180,6497,10045,475,No
2016,20,OAXACA,12,EL BARRIO DE LA SOLEDAD,PRS,380,6317,0,180,6497,10045,380,No
2016,20,OAXACA,12,EL BARRIO DE LA SOLEDAD,PAN_PRD,41,6317,0,180,6497,10045,1491,Sí
2016,20,OAXACA,12,EL BARRIO DE LA SOLEDAD,PRI_PVEM,59,6317,0,180,6497,10045,2765,Sí
2016,20,OAXACA,12,EL BARRIO DE LA SOLEDAD,Candidatura Independiente,184,6317,0,180,6497,10045,184,No
2016,20,OAXACA,15,CHAHUITES,PAN,82,5538,0,136,5674,7941,82,No
2016,20,OAXACA,15,CHAHUITES,PRI,1362,5538,0,136,5674,7941,1362,No
2016,20,OAXACA,15,CHAHUITES,PRD,400,5538,0,136,5674,7941,400,No
2016,20,OAXACA,15,CHAHUITES,PVEM,74,5538,0,136,5674,7941,74,No
2016,20,OAXACA,15,CHAHUITES,PT,667,5538,0,136,5674,7941,667,No
2016,20,OAXACA,15,CHAHUITES,MC,2799,5538,0,136,5674,7941,2799,No
2016,20,OAXACA,15,CHAHUITES,PSD,17,5538,0,136,5674,7941,17,No
2016,20,OAXACA,15,CHAHUITES,MORENA,55,5538,0,136,5674,7941,55,No
2016,20,OAXACA,15,CHAHUITES,PAN_PRD,44,5538,0,136,5674,7941,526,Sí
2016,20,OAXACA,15,CHAHUITES,PRI_PVEM,38,5538,0,136,5674,7941,1474,Sí
2016,20,OAXACA,16,CHALCATONGO DE HIDALGO,PAN,31,3848,0,294,4142,6349,31,No
2016,20,OAXACA,16,CHALCATONGO DE HIDALGO,PRI,578,3848,0,294,4142,6349,578,No
2016,20,OAXACA,16,CHALCATONGO DE HIDALGO,PRD,980,3848,0,294,4142,6349,980,No
2016,20,OAXACA,16,CHALCATONGO DE HIDALGO,PVEM,513,3848,0,294,4142,6349,513,No
2016,20,OAXACA,16,CHALCATONGO DE HIDALGO,PT,405,3848,0,294,4142,6349,405,No
2016,20,OAXACA,16,CHALCATONGO DE HIDALGO,MC,32,3848,0,294,4142,6349,32,No
2016,20,OAXACA,16,CHALCATONGO DE HIDALGO,PUP,108,3848,0,294,4142,6349,108,No
2016,20,OAXACA,16,CHALCATONGO DE HIDALGO,NUAL,693,3848,0,294,4142,6349,693,No
2016,20,OAXACA,16,CHALCATONGO DE HIDALGO,PSD,112,3848,0,294,4142,6349,112,No
2016,20,OAXACA,16,CHALCATONGO DE HIDALGO,MORENA,381,3848,0,294,4142,6349,381,No
2016,20,OAXACA,16,CHALCATONGO DE HIDALGO,PAN_PRD,15,3848,0,294,4142,6349,1026,Sí
2016,20,OAXACA,17,CIENEGA DE ZIMATLAN,PAN,67,1718,0,28,1746,2416,67,No
2016,20,OAXACA,17,CIENEGA DE ZIMATLAN,PRI,881,1718,0,28,1746,2416,881,No
2016,20,OAXACA,17,CIENEGA DE ZIMATLAN,PRD,639,1718,0,28,1746,2416,639,No
2016,20,OAXACA,17,CIENEGA DE ZIMATLAN,PVEM,5,1718,0,28,1746,2416,5,No
2016,20,OAXACA,17,CIENEGA DE ZIMATLAN,PT,3,1718,0,28,1746,2416,3,No
2016,20,OAXACA,17,CIENEGA DE ZIMATLAN,MC,4,1718,0,28,1746,2416,4,No
2016,20,OAXACA,17,CIENEGA DE ZIMATLAN,PSD,89,1718,0,28,1746,2416,89,No
2016,20,OAXACA,17,CIENEGA DE ZIMATLAN,MORENA,14,1718,0,28,1746,2416,14,No
2016,20,OAXACA,17,CIENEGA DE ZIMATLAN,PAN_PRD,16,1718,0,28,1746,2416,722,Sí
2016,20,OAXACA,24,COSOLAPA,PAN,749,6719,0,255,6974,9550,749,No
2016,20,OAXACA,24,COSOLAPA,PRI,3259,6719,0,255,6974,9550,3259,No
2016,20,OAXACA,24,COSOLAPA,PRD,60,6719,0,255,6974,9550,60,No
2016,20,OAXACA,24,COSOLAPA,PVEM,183,6719,0,255,6974,9550,183,No
2016,20,OAXACA,24,COSOLAPA,PT,40,6719,0,255,6974,9550,40,No
2016,20,OAXACA,24,COSOLAPA,MC,2027,6719,0,255,6974,9550,2027,No
2016,20,OAXACA,24,COSOLAPA,NUAL,23,6719,0,255,6974,9550,23,No
2016,20,OAXACA,24,COSOLAPA,PSD,36,6719,0,255,6974,9550,36,No
2016,20,OAXACA,24,COSOLAPA,MORENA,80,6719,0,255,6974,9550,80,No
2016,20,OAXACA,24,COSOLAPA,PRS,38,6719,0,255,6974,9550,38,No
2016,20,OAXACA,24,COSOLAPA,PAN_PRD,24,6719,0,255,6974,9550,833,Sí
2016,20,OAXACA,24,COSOLAPA,PRI_PVEM,200,6719,0,255,6974,9550,3642,Sí
2016,20,OAXACA,26,CUILAPAM DE GUERRERO,PAN,792,8748,6,336,9090,14054,792,No
2016,20,OAXACA,26,CUILAPAM DE GUERRERO,PRI,1249,8748,6,336,9090,14054,1249,No
2016,20,OAXACA,26,CUILAPAM DE GUERRERO,PRD,2724,8748,6,336,9090,14054,2724,No
2016,20,OAXACA,26,CUILAPAM DE GUERRERO,PVEM,66,8748,6,336,9090,14054,66,No
2016,20,OAXACA,26,CUILAPAM DE GUERRERO,PT,365,8748,6,336,9090,14054,365,No
2016,20,OAXACA,26,CUILAPAM DE GUERRERO,MC,1001,8748,6,336,9090,14054,1001,No
2016,20,OAXACA,26,CUILAPAM DE GUERRERO,PUP,82,8748,6,336,9090,14054,82,No
2016,20,OAXACA,26,CUILAPAM DE GUERRERO,NUAL,624,8748,6,336,9090,14054,624,No
2016,20,OAXACA,26,CUILAPAM DE GUERRERO,PSD,325,8748,6,336,9090,14054,325,No
2016,20,OAXACA,26,CUILAPAM DE GUERRERO,MORENA,922,8748,6,336,9090,14054,922,No
2016,20,OAXACA,26,CUILAPAM DE GUERRERO,ES,112,8748,6,336,9090,14054,112,No
2016,20,OAXACA,26,CUILAPAM DE GUERRERO,PRS,208,8748,6,336,9090,14054,208,No
2016,20,OAXACA,26,CUILAPAM DE GUERRERO,PAN_PRD,251,8748,6,336,9090,14054,3767,Sí
2016,20,OAXACA,26,CUILAPAM DE GUERRERO,PRI_PVEM,27,8748,6,336,9090,14054,1342,Sí
2016,20,OAXACA,28,HEROICA CIUDAD DE EJUTLA DE CRESPO,PAN,4484,10330,0,480,10810,16162,4484,No
2016,20,OAXACA,28,HEROICA CIUDAD DE EJUTLA DE CRESPO,PRI,2766,10330,0,480,10810,16162,2766,No
2016,20,OAXACA,28,HEROICA CIUDAD DE EJUTLA DE CRESPO,PRD,147,10330,0,480,10810,16162,147,No
2016,20,OAXACA,28,HEROICA CIUDAD DE EJUTLA DE CRESPO,PVEM,73,10330,0,480,10810,16162,73,No
2016,20,OAXACA,28,HEROICA CIUDAD DE EJUTLA DE CRESPO,PT,434,10330,0,480,10810,16162,434,No
2016,20,OAXACA,28,HEROICA CIUDAD DE EJUTLA DE CRESPO,MC,101,10330,0,480,10810,16162,101,No
2016,20,OAXACA,28,HEROICA CIUDAD DE EJUTLA DE CRESPO,PUP,170,10330,0,480,10810,16162,170,No
2016,20,OAXACA,28,HEROICA CIUDAD DE EJUTLA DE CRESPO,NUAL,96,10330,0,480,10810,16162,96,No
2016,20,OAXACA,28,HEROICA CIUDAD DE EJUTLA DE CRESPO,PSD,454,10330,0,480,10810,16162,454,No
2016,20,OAXACA,28,HEROICA CIUDAD DE EJUTLA DE CRESPO,MORENA,1233,10330,0,480,10810,16162,1233,No
2016,20,OAXACA,28,HEROICA CIUDAD DE EJUTLA DE CRESPO,ES,159,10330,0,480,10810,16162,159,No
2016,20,OAXACA,28,HEROICA CIUDAD DE EJUTLA DE CRESPO,PAN_PRD,162,10330,0,480,10810,16162,4793,Sí
2016,20,OAXACA,28,HEROICA CIUDAD DE EJUTLA DE CRESPO,PRI_PVEM,51,10330,0,480,10810,16162,2890,Sí
2016,20,OAXACA,30,EL ESPINAL,PAN,16,5105,0,76,5181,6596,16,No
2016,20,OAXACA,30,EL ESPINAL,PRI,1352,5105,0,76,5181,6596,1352,No
2016,20,OAXACA,30,EL ESPINAL,PRD,223,5105,0,76,5181,6596,223,No
2016,20,OAXACA,30,EL ESPINAL,PVEM,19,5105,0,76,5181,6596,19,No
2016,20,OAXACA,30,EL ESPINAL,PT,34,5105,0,76,5181,6596,34,No
2016,20,OAXACA,30,EL ESPINAL,MC,11,5105,0,76,5181,6596,11,No
2016,20,OAXACA,30,EL ESPINAL,PUP,1466,5105,0,76,5181,6596,1466,No
2016,20,OAXACA,30,EL ESPINAL,MORENA,1951,5105,0,76,5181,6596,1951,No
2016,20,OAXACA,30,EL ESPINAL,PAN_PRD,11,5105,0,76,5181,6596,250,Sí
2016,20,OAXACA,30,EL ESPINAL,PRI_PVEM,22,5105,0,76,5181,6596,1393,Sí
2016,20,OAXACA,31,FRESNILLO DE TRUJANO,PAN,6,510,0,14,524,798,6,No
2016,20,OAXACA,31,FRESNILLO DE TRUJANO,PRI,144,510,0,14,524,798,144,No
2016,20,OAXACA,31,FRESNILLO DE TRUJANO,PRD,160,510,0,14,524,798,160,No
2016,20,OAXACA,31,FRESNILLO DE TRUJANO,PVEM,1,510,0,14,524,798,1,No
2016,20,OAXACA,31,FRESNILLO DE TRUJANO,PT,7,510,0,14,524,798,7,No
2016,20,OAXACA,31,FRESNILLO DE TRUJANO,MC,2,510,0,14,524,798,2,No
2016,20,OAXACA,31,FRESNILLO DE TRUJANO,NUAL,2,510,0,14,524,798,2,No
2016,20,OAXACA,31,FRESNILLO DE TRUJANO,PSD,10,510,0,14,524,798,10,No
2016,20,OAXACA,31,FRESNILLO DE TRUJANO,MORENA,168,510,0,14,524,798,168,No
2016,20,OAXACA,31,FRESNILLO DE TRUJANO,PAN_PRD,7,510,0,14,524,798,173,Sí
2016,20,OAXACA,31,FRESNILLO DE TRUJANO,PRI_PVEM,3,510,0,14,524,798,148,Sí
2016,20,OAXACA,32,GUADALUPE DE RAMIREZ,PRI,233,754,0,19,773,1156,233,No
2016,20,OAXACA,32,GUADALUPE DE RAMIREZ,PVEM,2,754,0,19,773,1156,2,No
2016,20,OAXACA,32,GUADALUPE DE RAMIREZ,PT,356,754,0,19,773,1156,356,No
2016,20,OAXACA,32,GUADALUPE DE RAMIREZ,MC,2,754,0,19,773,1156,2,No
2016,20,OAXACA,32,GUADALUPE DE RAMIREZ,NUAL,38,754,0,19,773,1156,38,No
2016,20,OAXACA,32,GUADALUPE DE RAMIREZ,MORENA,122,754,0,19,773,1156,122,No
2016,20,OAXACA,32,GUADALUPE DE RAMIREZ,PRI_PVEM,1,754,0,19,773,1156,236,Sí
2016,20,OAXACA,37,HEROICA CIUDAD DE HUAJUAPAN DE LEON,PAN,5372,24238,7,637,24882,54142,5372,No
2016,20,OAXACA,37,HEROICA CIUDAD DE HUAJUAPAN DE LEON,PRI,6475,24238,7,637,24882,54142,6475,No
2016,20,OAXACA,37,HEROICA CIUDAD DE HUAJUAPAN DE LEON,PRD,1262,24238,7,637,24882,54142,1262,No
2016,20,OAXACA,37,HEROICA CIUDAD DE HUAJUAPAN DE LEON,PVEM,241,24238,7,637,24882,54142,241,No
2016,20,OAXACA,37,HEROICA CIUDAD DE HUAJUAPAN DE LEON,PT,469,24238,7,637,24882,54142,469,No
2016,20,OAXACA,37,HEROICA CIUDAD DE HUAJUAPAN DE LEON,MC,631,24238,7,637,24882,54142,631,No
2016,20,OAXACA,37,HEROICA CIUDAD DE HUAJUAPAN DE LEON,PUP,201,24238,7,637,24882,54142,201,No
2016,20,OAXACA,37,HEROICA CIUDAD DE HUAJUAPAN DE LEON,NUAL,437,24238,7,637,24882,54142,437,No
2016,20,OAXACA,37,HEROICA CIUDAD DE HUAJUAPAN DE LEON,PSD,132,24238,7,637,24882,54142,132,No
2016,20,OAXACA,37,HEROICA CIUDAD DE HUAJUAPAN DE LEON,MORENA,6694,24238,7,637,24882,54142,6694,No
2016,20,OAXACA,37,HEROICA CIUDAD DE HUAJUAPAN DE LEON,PRS,67,24238,7,637,24882,54142,67,No
2016,20,OAXACA,37,HEROICA CIUDAD DE HUAJUAPAN DE LEON,PAN_PRD,209,24238,7,637,24882,54142,6843,Sí
2016,20,OAXACA,37,HEROICA CIUDAD DE HUAJUAPAN DE LEON,PRI_PVEM,138,24238,7,637,24882,54142,6854,Sí
2016,20,OAXACA,37,HEROICA CIUDAD DE HUAJUAPAN DE LEON,Candidatura Independiente,586,24238,7,637,24882,54142,586,No
2016,20,OAXACA,37,HEROICA CIUDAD DE HUAJUAPAN DE LEON,Candidatura Independiente,138,24238,7,637,24882,54142,138,No
2016,20,OAXACA,37,HEROICA CIUDAD DE HUAJUAPAN DE LEON,Candidatura Independiente,688,24238,7,637,24882,54142,688,No
2016,20,OAXACA,37,HEROICA CIUDAD DE HUAJUAPAN DE LEON,Candidatura Independiente,498,24238,7,637,24882,54142,498,No
2016,20,OAXACA,38,HUAUTEPEC,PRI,1645,3178,0,107,3285,3866,1645,No
2016,20,OAXACA,38,HUAUTEPEC,PVEM,39,3178,0,107,3285,3866,39,No
2016,20,OAXACA,38,HUAUTEPEC,PT,84,3178,0,107,3285,3866,84,No
2016,20,OAXACA,38,HUAUTEPEC,PUP,60,3178,0,107,3285,3866,60,No
2016,20,OAXACA,38,HUAUTEPEC,MORENA,1340,3178,0,107,3285,3866,1340,No
2016,20,OAXACA,38,HUAUTEPEC,PRI_PVEM,10,3178,0,107,3285,3866,1694,Sí
2016,20,OAXACA,39,HUAUTLA DE JIMENEZ,PAN,102,15108,0,442,15550,20933,102,No
2016,20,OAXACA,39,HUAUTLA DE JIMENEZ,PRI,3134,15108,0,442,15550,20933,3134,No
2016,20,OAXACA,39,HUAUTLA DE JIMENEZ,PRD,4593,15108,0,442,15550,20933,4593,No
2016,20,OAXACA,39,HUAUTLA DE JIMENEZ,PVEM,51,15108,0,442,15550,20933,51,No
2016,20,OAXACA,39,HUAUTLA DE JIMENEZ,PT,108,15108,0,442,15550,20933,108,No
2016,20,OAXACA,39,HUAUTLA DE JIMENEZ,MC,72,15108,0,442,15550,20933,72,No
2016,20,OAXACA,39,HUAUTLA DE JIMENEZ,NUAL,118,15108,0,442,15550,20933,118,No
2016,20,OAXACA,39,HUAUTLA DE JIMENEZ,PSD,790,15108,0,442,15550,20933,790,No
2016,20,OAXACA,39,HUAUTLA DE JIMENEZ,MORENA,5124,15108,0,442,15550,20933,5124,No
2016,20,OAXACA,39,HUAUTLA DE JIMENEZ,ES,157,15108,0,442,15550,20933,157,No
2016,20,OAXACA,39,HUAUTLA DE JIMENEZ,PAN_PRD,184,15108,0,442,15550,20933,4879,Sí
2016,20,OAXACA,39,HUAUTLA DE JIMENEZ,PRI_PVEM,36,15108,0,442,15550,20933,3221,Sí
2016,20,OAXACA,39,HUAUTLA DE JIMENEZ,Candidatura Independiente,639,15108,0,442,15550,20933,639,No
2016,20,OAXACA,41,CIUDAD IXTEPEC,PAN,209,13230,5,335,13570,19987,209,No
2016,20,OAXACA,41,CIUDAD IXTEPEC,PRI,2385,13230,5,335,13570,19987,2385,No
2016,20,OAXACA,41,CIUDAD IXTEPEC,PRD,672,13230,5,335,13570,19987,672,No
2016,20,OAXACA,41,CIUDAD IXTEPEC,PVEM,141,13230,5,335,13570,19987,141,No
2016,20,OAXACA,41,CIUDAD IXTEPEC,PT,3750,13230,5,335,13570,19987,3750,No
2016,20,OAXACA,41,CIUDAD IXTEPEC,MC,39,13230,5,335,13570,19987,39,No
2016,20,OAXACA,41,CIUDAD IXTEPEC,PUP,60,13230,5,335,13570,19987,60,No
2016,20,OAXACA,41,CIUDAD IXTEPEC,NUAL,77,13230,5,335,13570,19987,77,No
2016,20,OAXACA,41,CIUDAD IXTEPEC,MORENA,5471,13230,5,335,13570,19987,5471,No
2016,20,OAXACA,41,CIUDAD IXTEPEC,ES,82,13230,5,335,13570,19987,82,No
2016,20,OAXACA,41,CIUDAD IXTEPEC,PRS,150,13230,5,335,13570,19987,150,No
2016,20,OAXACA,41,CIUDAD IXTEPEC,PAN_PRD,49,13230,5,335,13570,19987,930,Sí
2016,20,OAXACA,41,CIUDAD IXTEPEC,PRI_PVEM,93,13230,5,335,13570,19987,2619,Sí
2016,20,OAXACA,41,CIUDAD IXTEPEC,Candidatura Independiente,52,13230,5,335,13570,19987,52,No
2016,20,OAXACA,43,HEROICA CIUDAD DE JUCHITAN DE ZARAGOZA,PAN,816,38033,8,1297,36958,66299,816,No
2016,20,OAXACA,43,HEROICA CIUDAD DE JUCHITAN DE ZARAGOZA,PRI,10477,38033,8,1297,36958,66299,10477,No
2016,20,OAXACA,43,HEROICA CIUDAD DE JUCHITAN DE ZARAGOZA,PRD,10525,38033,8,1297,36958,66299,10525,No
2016,20,OAXACA,43,HEROICA CIUDAD DE JUCHITAN DE ZARAGOZA,PVEM,574,38033,8,1297,36958,66299,574,No
2016,20,OAXACA,43,HEROICA CIUDAD DE JUCHITAN DE ZARAGOZA,PT,1344,38033,8,1297,36958,66299,1344,No
2016,20,OAXACA,43,HEROICA CIUDAD DE JUCHITAN DE ZARAGOZA,MC,926,38033,8,1297,36958,66299,926,No
2016,20,OAXACA,43,HEROICA CIUDAD DE JUCHITAN DE ZARAGOZA,PUP,307,38033,8,1297,36958,66299,307,No
2016,20,OAXACA,43,HEROICA CIUDAD DE JUCHITAN DE ZARAGOZA,NUAL,164,38033,8,1297,36958,66299,164,No
2016,20,OAXACA,43,HEROICA CIUDAD DE JUCHITAN DE ZARAGOZA,PSD,127,38033,8,1297,36958,66299,127,No
2016,20,OAXACA,43,HEROICA CIUDAD DE JUCHITAN DE ZARAGOZA,MORENA,3247,38033,8,1297,36958,66299,3247,No
2016,20,OAXACA,43,HEROICA CIUDAD DE JUCHITAN DE ZARAGOZA,PRS,40,38033,8,1297,36958,66299,40,No
2016,20,OAXACA,43,HEROICA CIUDAD DE JUCHITAN DE ZARAGOZA,PAN_PRD,269,38033,8,1297,36958,66299,11610,Sí
2016,20,OAXACA,43,HEROICA CIUDAD DE JUCHITAN DE ZARAGOZA,PRI_PVEM,222,38033,8,1297,36958,66299,11273,Sí
2016,20,OAXACA,43,HEROICA CIUDAD DE JUCHITAN DE ZARAGOZA,Candidatura Independiente,618,38033,8,1297,36958,66299,618,No
2016,20,OAXACA,43,HEROICA CIUDAD DE JUCHITAN DE ZARAGOZA,Candidatura Independiente,7324,38033,8,1297,36958,66299,7324,No
2016,20,OAXACA,43,HEROICA CIUDAD DE JUCHITAN DE ZARAGOZA,Candidatura Independiente,1053,38033,8,1297,36958,66299,1053,No
2016,20,OAXACA,44,LOMA BONITA,PRI,3138,18604,1,576,19181,28556,3138,No
2016,20,OAXACA,44,LOMA BONITA,PRD,6037,18604,1,576,19181,28556,6037,No
2016,20,OAXACA,44,LOMA BONITA,PVEM,226,18604,1,576,19181,28556,226,No
2016,20,OAXACA,44,LOMA BONITA,PT,759,18604,1,576,19181,28556,759,No
2016,20,OAXACA,44,LOMA BONITA,MC,5719,18604,1,576,19181,28556,5719,No
2016,20,OAXACA,44,LOMA BONITA,PUP,100,18604,1,576,19181,28556,100,No
2016,20,OAXACA,44,LOMA BONITA,NUAL,247,18604,1,576,19181,28556,247,No
2016,20,OAXACA,44,LOMA BONITA,MORENA,2206,18604,1,576,19181,28556,2206,No
2016,20,OAXACA,44,LOMA BONITA,PRS,77,18604,1,576,19181,28556,77,No
2016,20,OAXACA,44,LOMA BONITA,PRI_PVEM,95,18604,1,576,19181,28556,3459,Sí
2016,20,OAXACA,48,MAGDALENA OCOTLAN,PAN,8,662,0,25,687,824,8,No
2016,20,OAXACA,48,MAGDALENA OCOTLAN,PRI,175,662,0,25,687,824,175,No
2016,20,OAXACA,48,MAGDALENA OCOTLAN,PRD,292,662,0,25,687,824,292,No
2016,20,OAXACA,48,MAGDALENA OCOTLAN,PVEM,5,662,0,25,687,824,5,No
2016,20,OAXACA,48,MAGDALENA OCOTLAN,PT,7,662,0,25,687,824,7,No
2016,20,OAXACA,48,MAGDALENA OCOTLAN,PSD,57,662,0,25,687,824,57,No
2016,20,OAXACA,48,MAGDALENA OCOTLAN,MORENA,112,662,0,25,687,824,112,No
2016,20,OAXACA,48,MAGDALENA OCOTLAN,PAN_PRD,5,662,0,25,687,824,305,Sí
2016,20,OAXACA,48,MAGDALENA OCOTLAN,PRI_PVEM,1,662,0,25,687,824,181,Sí
2016,20,OAXACA,51,MAGDALENA TEQUISISTLAN,PAN,600,4008,0,136,4144,5274,600,No
2016,20,OAXACA,51,MAGDALENA TEQUISISTLAN,PRI,693,4008,0,136,4144,5274,693,No
2016,20,OAXACA,51,MAGDALENA TEQUISISTLAN,PRD,610,4008,0,136,4144,5274,610,No
2016,20,OAXACA,51,MAGDALENA TEQUISISTLAN,PVEM,13,4008,0,136,4144,5274,13,No
2016,20,OAXACA,51,MAGDALENA TEQUISISTLAN,PT,276,4008,0,136,4144,5274,276,No
2016,20,OAXACA,51,MAGDALENA TEQUISISTLAN,MC,659,4008,0,136,4144,5274,659,No
2016,20,OAXACA,51,MAGDALENA TEQUISISTLAN,PUP,508,4008,0,136,4144,5274,508,No
2016,20,OAXACA,51,MAGDALENA TEQUISISTLAN,NUAL,9,4008,0,136,4144,5274,9,No
2016,20,OAXACA,51,MAGDALENA TEQUISISTLAN,PSD,5,4008,0,136,4144,5274,5,No
2016,20,OAXACA,51,MAGDALENA TEQUISISTLAN,MORENA,613,4008,0,136,4144,5274,613,No
2016,20,OAXACA,51,MAGDALENA TEQUISISTLAN,PRS,8,4008,0,136,4144,5274,8,No
2016,20,OAXACA,51,MAGDALENA TEQUISISTLAN,PRI_PVEM,14,4008,0,136,4144,5274,720,Sí
2016,20,OAXACA,52,MAGDALENA TLACOTEPEC,PAN,1,863,0,7,870,1016,1,No
2016,20,OAXACA,52,MAGDALENA TLACOTEPEC,PRI,29,863,0,7,870,1016,29,No
2016,20,OAXACA,52,MAGDALENA TLACOTEPEC,PRD,16,863,0,7,870,1016,16,No
2016,20,OAXACA,52,MAGDALENA TLACOTEPEC,PVEM,2,863,0,7,870,1016,2,No
2016,20,OAXACA,52,MAGDALENA TLACOTEPEC,PT,111,863,0,7,870,1016,111,No
2016,20,OAXACA,52,MAGDALENA TLACOTEPEC,MC,382,863,0,7,870,1016,382,No
2016,20,OAXACA,52,MAGDALENA TLACOTEPEC,MORENA,322,863,0,7,870,1016,322,No
2016,20,OAXACA,52,MAGDALENA TLACOTEPEC,PAN_PRD,0,863,0,7,870,1016,17,Sí
2016,20,OAXACA,52,MAGDALENA TLACOTEPEC,PRI_PVEM,0,863,0,7,870,1016,31,Sí
2016,20,OAXACA,55,MARISCALA DE JUAREZ,PAN,25,1608,111,61,1780,2717,25,No
2016,20,OAXACA,55,MARISCALA DE JUAREZ,PRI,439,1608,111,61,1780,2717,439,No
2016,20,OAXACA,55,MARISCALA DE JUAREZ,PRD,297,1608,111,61,1780,2717,297,No
2016,20,OAXACA,55,MARISCALA DE JUAREZ,PVEM,15,1608,111,61,1780,2717,15,No
2016,20,OAXACA,55,MARISCALA DE JUAREZ,PT,301,1608,111,61,1780,2717,301,No
2016,20,OAXACA,55,MARISCALA DE JUAREZ,MC,6,1608,111,61,1780,2717,6,No
2016,20,OAXACA,55,MARISCALA DE JUAREZ,NUAL,345,1608,111,61,1780,2717,345,No
2016,20,OAXACA,55,MARISCALA DE JUAREZ,MORENA,170,1608,111,61,1780,2717,170,No
2016,20,OAXACA,55,MARISCALA DE JUAREZ,PAN_PRD,4,1608,111,61,1780,2717,326,Sí
2016,20,OAXACA,55,MARISCALA DE JUAREZ,PRI_PVEM,6,1608,111,61,1780,2717,460,Sí
2016,20,OAXACA,56,MARTIRES DE TACUBAYA,PAN,0,844,0,27,871,1067,0,No
2016,20,OAXACA,56,MARTIRES DE TACUBAYA,PRI,192,844,0,27,871,1067,192,No
2016,20,OAXACA,56,MARTIRES DE TACUBAYA,PRD,6,844,0,27,871,1067,6,No
2016,20,OAXACA,56,MARTIRES DE TACUBAYA,PVEM,2,844,0,27,871,1067,2,No
2016,20,OAXACA,56,MARTIRES DE TACUBAYA,PT,107,844,0,27,871,1067,107,No
2016,20,OAXACA,56,MARTIRES DE TACUBAYA,MC,183,844,0,27,871,1067,183,No
2016,20,OAXACA,56,MARTIRES DE TACUBAYA,PUP,192,844,0,27,871,1067,192,No
2016,20,OAXACA,56,MARTIRES DE TACUBAYA,NUAL,5,844,0,27,871,1067,5,No
2016,20,OAXACA,56,MARTIRES DE TACUBAYA,MORENA,156,844,0,27,871,1067,156,No
2016,20,OAXACA,56,MARTIRES DE TACUBAYA,PAN_PRD,0,844,0,27,871,1067,6,Sí
2016,20,OAXACA,56,MARTIRES DE TACUBAYA,PRI_PVEM,1,844,0,27,871,1067,195,Sí
2016,20,OAXACA,57,MATIAS ROMERO AVENDAÑO,PAN,2722,14739,0,615,15354,29038,2722,No
2016,20,OAXACA,57,MATIAS ROMERO AVENDAÑO,PRI,3898,14739,0,615,15354,29038,3898,No
2016,20,OAXACA,57,MATIAS ROMERO AVENDAÑO,PRD,587,14739,0,615,15354,29038,587,No
2016,20,OAXACA,57,MATIAS ROMERO AVENDAÑO,PVEM,228,14739,0,615,15354,29038,228,No
2016,20,OAXACA,57,MATIAS ROMERO AVENDAÑO,PT,160,14739,0,615,15354,29038,160,No
2016,20,OAXACA,57,MATIAS ROMERO AVENDAÑO,MC,299,14739,0,615,15354,29038,299,No
2016,20,OAXACA,57,MATIAS ROMERO AVENDAÑO,NUAL,1267,14739,0,615,15354,29038,1267,No
2016,20,OAXACA,57,MATIAS ROMERO AVENDAÑO,PSD,190,14739,0,615,15354,29038,190,No
2016,20,OAXACA,57,MATIAS ROMERO AVENDAÑO,MORENA,2574,14739,0,615,15354,29038,2574,No
2016,20,OAXACA,57,MATIAS ROMERO AVENDAÑO,PRS,89,14739,0,615,15354,29038,89,No
2016,20,OAXACA,57,MATIAS ROMERO AVENDAÑO,PAN_PRD,105,14739,0,615,15354,29038,3414,Sí
2016,20,OAXACA,57,MATIAS ROMERO AVENDAÑO,PRI_PVEM,87,14739,0,615,15354,29038,4213,Sí
2016,20,OAXACA,57,MATIAS ROMERO AVENDAÑO,Candidatura Independiente,2533,14739,0,615,15354,29038,2533,No
2016,20,OAXACA,59,MIAHUATLAN DE PORFIRIO DIAZ,PAN,2534,15767,23,675,16465,31839,2534,No
2016,20,OAXACA,59,MIAHUATLAN DE PORFIRIO DIAZ,PRI,5671,15767,23,675,16465,31839,5671,No
2016,20,OAXACA,59,MIAHUATLAN DE PORFIRIO DIAZ,PRD,246,15767,23,675,16465,31839,246,No
2016,20,OAXACA,59,MIAHUATLAN DE PORFIRIO DIAZ,PVEM,232,15767,23,675,16465,31839,232,No
2016,20,OAXACA,59,MIAHUATLAN DE PORFIRIO DIAZ,PT,701,15767,23,675,16465,31839,701,No
2016,20,OAXACA,59,MIAHUATLAN DE PORFIRIO DIAZ,MC,121,15767,23,675,16465,31839,121,No
2016,20,OAXACA,59,MIAHUATLAN DE PORFIRIO DIAZ,PUP,872,15767,23,675,16465,31839,872,No
2016,20,OAXACA,59,MIAHUATLAN DE PORFIRIO DIAZ,NUAL,250,15767,23,675,16465,31839,250,No
2016,20,OAXACA,59,MIAHUATLAN DE PORFIRIO DIAZ,PSD,285,15767,23,675,16465,31839,285,No
2016,20,OAXACA,59,MIAHUATLAN DE PORFIRIO DIAZ,MORENA,3743,15767,23,675,16465,31839,3743,No
2016,20,OAXACA,59,MIAHUATLAN DE PORFIRIO DIAZ,PAN_PRD,77,15767,23,675,16465,31839,2857,Sí
2016,20,OAXACA,59,MIAHUATLAN DE PORFIRIO DIAZ,PRI_PVEM,87,15767,23,675,16465,31839,5990,Sí
2016,20,OAXACA,59,MIAHUATLAN DE PORFIRIO DIAZ,Candidatura Independiente,948,15767,23,675,16465,31839,948,No
2016,20,OAXACA,66,OAXACA DE JUAREZ,PAN,18023,112934,115,3864,116913,219629,18023,No
2016,20,OAXACA,66,OAXACA DE JUAREZ,PRI,27235,112934,115,3864,116913,219629,27235,No
2016,20,OAXACA,66,OAXACA DE JUAREZ,PRD,7129,112934,115,3864,116913,219629,7129,No
2016,20,OAXACA,66,OAXACA DE JUAREZ,PVEM,3026,112934,115,3864,116913,219629,3026,No
2016,20,OAXACA,66,OAXACA DE JUAREZ,PT,7827,112934,115,3864,116913,219629,7827,No
2016,20,OAXACA,66,OAXACA DE JUAREZ,MC,1045,112934,115,3864,116913,219629,1045,No
2016,20,OAXACA,66,OAXACA DE JUAREZ,PUP,1943,112934,115,3864,116913,219629,1943,No
2016,20,OAXACA,66,OAXACA DE JUAREZ,NUAL,1717,112934,115,3864,116913,219629,1717,No
2016,20,OAXACA,66,OAXACA DE JUAREZ,PSD,1007,112934,115,3864,116913,219629,1007,No
2016,20,OAXACA,66,OAXACA DE JUAREZ,MORENA,26856,112934,115,3864,116913,219629,26856,No
2016,20,OAXACA,66,OAXACA DE JUAREZ,PRS,2060,112934,115,3864,116913,219629,2060,No
2016,20,OAXACA,66,OAXACA DE JUAREZ,PAN_PRD,1021,112934,115,3864,116913,219629,26173,Sí
2016,20,OAXACA,66,OAXACA DE JUAREZ,PRI_PVEM,891,112934,115,3864,116913,219629,31152,Sí
2016,20,OAXACA,66,OAXACA DE JUAREZ,C_COMUN_NUAL_PSD,57,112934,115,3864,116913,219629,2781,Sí
2016,20,OAXACA,66,OAXACA DE JUAREZ,Candidatura Independiente,4793,112934,115,3864,116913,219629,4793,No
2016,20,OAXACA,66,OAXACA DE JUAREZ,Candidatura Independiente,1361,112934,115,3864,116913,219629,1361,No
2016,20,OAXACA,66,OAXACA DE JUAREZ,Candidatura Independiente,1363,112934,115,3864,116913,219629,1363,No
2016,20,OAXACA,66,OAXACA DE JUAREZ,Candidatura Independiente,1212,112934,115,3864,116913,219629,1212,No
2016,20,OAXACA,66,OAXACA DE JUAREZ,Candidatura Independiente,4368,112934,115,3864,116913,219629,4368,No
2016,20,OAXACA,67,OCOTLAN DE MORELOS,PAN,349,10608,4,363,10975,15804,349,No
2016,20,OAXACA,67,OCOTLAN DE MORELOS,PRI,1353,10608,4,363,10975,15804,1353,No
2016,20,OAXACA,67,OCOTLAN DE MORELOS,PRD,1341,10608,4,363,10975,15804,1341,No
2016,20,OAXACA,67,OCOTLAN DE MORELOS,PVEM,71,10608,4,363,10975,15804,71,No
2016,20,OAXACA,67,OCOTLAN DE MORELOS,PT,179,10608,4,363,10975,15804,179,No
2016,20,OAXACA,67,OCOTLAN DE MORELOS,MC,795,10608,4,363,10975,15804,795,No
2016,20,OAXACA,67,OCOTLAN DE MORELOS,NUAL,2334,10608,4,363,10975,15804,2334,No
2016,20,OAXACA,67,OCOTLAN DE MORELOS,PSD,247,10608,4,363,10975,15804,247,No
2016,20,OAXACA,67,OCOTLAN DE MORELOS,MORENA,3793,10608,4,363,10975,15804,3793,No
2016,20,OAXACA,67,OCOTLAN DE MORELOS,PRS,72,10608,4,363,10975,15804,72,No
2016,20,OAXACA,67,OCOTLAN DE MORELOS,PAN_PRD,56,10608,4,363,10975,15804,1746,Sí
2016,20,OAXACA,67,OCOTLAN DE MORELOS,PRI_PVEM,18,10608,4,363,10975,15804,1442,Sí
2016,20,OAXACA,69,PINOTEPA DE DON LUIS,PAN,13,3422,0,45,3467,4512,13,No
2016,20,OAXACA,69,PINOTEPA DE DON LUIS,PRI,1376,3422,0,45,3467,4512,1376,No
2016,20,OAXACA,69,PINOTEPA DE DON LUIS,PRD,1773,3422,0,45,3467,4512,1773,No
2016,20,OAXACA,69,PINOTEPA DE DON LUIS,PVEM,9,3422,0,45,3467,4512,9,No
2016,20,OAXACA,69,PINOTEPA DE DON LUIS,PT,12,3422,0,45,3467,4512,12,No
2016,20,OAXACA,69,PINOTEPA DE DON LUIS,MORENA,202,3422,0,45,3467,4512,202,No
2016,20,OAXACA,69,PINOTEPA DE DON LUIS,PAN_PRD,13,3422,0,45,3467,4512,1799,Sí
2016,20,OAXACA,69,PINOTEPA DE DON LUIS,PRI_PVEM,24,3422,0,45,3467,4512,1409,Sí
2016,20,OAXACA,71,PUTLA VILLA DE GUERRERO,PAN,43,13384,1,662,14047,22965,43,No
2016,20,OAXACA,71,PUTLA VILLA DE GUERRERO,PRI,742,13384,1,662,14047,22965,742,No
2016,20,OAXACA,71,PUTLA VILLA DE GUERRERO,PRD,584,13384,1,662,14047,22965,584,No
2016,20,OAXACA,71,PUTLA VILLA DE GUERRERO,PVEM,87,13384,1,662,14047,22965,87,No
2016,20,OAXACA,71,PUTLA VILLA DE GUERRERO,PT,1346,13384,1,662,14047,22965,1346,No
2016,20,OAXACA,71,PUTLA VILLA DE GUERRERO,MC,1983,13384,1,662,14047,22965,1983,No
2016,20,OAXACA,71,PUTLA VILLA DE GUERRERO,PUP,193,13384,1,662,14047,22965,193,No
2016,20,OAXACA,71,PUTLA VILLA DE GUERRERO,NUAL,54,13384,1,662,14047,22965,54,No
2016,20,OAXACA,71,PUTLA VILLA DE GUERRERO,PSD,272,13384,1,662,14047,22965,272,No
2016,20,OAXACA,71,PUTLA VILLA DE GUERRERO,MORENA,2324,13384,1,662,14047,22965,2324,No
2016,20,OAXACA,71,PUTLA VILLA DE GUERRERO,PRS,1207,13384,1,662,14047,22965,1207,No
2016,20,OAXACA,71,PUTLA VILLA DE GUERRERO,PAN_PRD,6,13384,1,662,14047,22965,633,Sí
2016,20,OAXACA,71,PUTLA VILLA DE GUERRERO,PRI_PVEM,32,13384,1,662,14047,22965,861,Sí
2016,20,OAXACA,71,PUTLA VILLA DE GUERRERO,Candidatura Independiente,3379,13384,1,662,14047,22965,3379,No
2016,20,OAXACA,71,PUTLA VILLA DE GUERRERO,Candidatura Independiente,1132,13384,1,662,14047,22965,1132,No
2016,20,OAXACA,72,REFORMA DE PINEDA,PAN,4,1463,1,60,1524,2054,4,No
2016,20,OAXACA,72,REFORMA DE PINEDA,PRI,626,1463,1,60,1524,2054,626,No
2016,20,OAXACA,72,REFORMA DE PINEDA,PRD,18,1463,1,60,1524,2054,18,No
2016,20,OAXACA,72,REFORMA DE PINEDA,PVEM,5,1463,1,60,1524,2054,5,No
2016,20,OAXACA,72,REFORMA DE PINEDA,PT,20,1463,1,60,1524,2054,20,No
2016,20,OAXACA,72,REFORMA DE PINEDA,MC,9,1463,1,60,1524,2054,9,No
2016,20,OAXACA,72,REFORMA DE PINEDA,PSD,8,1463,1,60,1524,2054,8,No
2016,20,OAXACA,72,REFORMA DE PINEDA,MORENA,128,1463,1,60,1524,2054,128,No
2016,20,OAXACA,72,REFORMA DE PINEDA,PAN_PRD,0,1463,1,60,1524,2054,22,Sí
2016,20,OAXACA,72,REFORMA DE PINEDA,PRI_PVEM,6,1463,1,60,1524,2054,637,Sí
2016,20,OAXACA,72,REFORMA DE PINEDA,Candidatura Independiente,639,1463,1,60,1524,2054,639,No
2016,20,OAXACA,76,SALINA CRUZ,PAN,5817,29338,10,665,30013,61755,5817,No
2016,20,OAXACA,76,SALINA CRUZ,PRI,10298,29338,10,665,30013,61755,10298,No
2016,20,OAXACA,76,SALINA CRUZ,PRD,1530,29338,10,665,30013,61755,1530,No
2016,20,OAXACA,76,SALINA CRUZ,PVEM,245,29338,10,665,30013,61755,245,No
2016,20,OAXACA,76,SALINA CRUZ,PT,4075,29338,10,665,30013,61755,4075,No
2016,20,OAXACA,76,SALINA CRUZ,MC,284,29338,10,665,30013,61755,284,No
2016,20,OAXACA,76,SALINA CRUZ,PUP,602,29338,10,665,30013,61755,602,No
2016,20,OAXACA,76,SALINA CRUZ,NUAL,440,29338,10,665,30013,61755,440,No
2016,20,OAXACA,76,SALINA CRUZ,PSD,94,29338,10,665,30013,61755,94,No
2016,20,OAXACA,76,SALINA CRUZ,MORENA,4285,29338,10,665,30013,61755,4285,No
2016,20,OAXACA,76,SALINA CRUZ,PRS,244,29338,10,665,30013,61755,244,No
2016,20,OAXACA,76,SALINA CRUZ,PAN_PRD,384,29338,10,665,30013,61755,7731,Sí
2016,20,OAXACA,76,SALINA CRUZ,PRI_PVEM,207,29338,10,665,30013,61755,10750,Sí
2016,20,OAXACA,76,SALINA CRUZ,Candidatura Independiente,833,29338,10,665,30013,61755,833,No
2016,20,OAXACA,77,SAN AGUSTIN AMATENGO,PAN,257,923,0,47,970,1301,257,No
2016,20,OAXACA,77,SAN AGUSTIN AMATENGO,PRI,415,923,0,47,970,1301,415,No
2016,20,OAXACA,77,SAN AGUSTIN AMATENGO,PRD,38,923,0,47,970,1301,38,No
2016,20,OAXACA,77,SAN AGUSTIN AMATENGO,PVEM,5,923,0,47,970,1301,5,No
2016,20,OAXACA,77,SAN AGUSTIN AMATENGO,PT,15,923,0,47,970,1301,15,No
2016,20,OAXACA,77,SAN AGUSTIN AMATENGO,NUAL,12,923,0,47,970,1301,12,No
2016,20,OAXACA,77,SAN AGUSTIN AMATENGO,PSD,16,923,0,47,970,1301,16,No
2016,20,OAXACA,77,SAN AGUSTIN AMATENGO,MORENA,152,923,0,47,970,1301,152,No
2016,20,OAXACA,77,SAN AGUSTIN AMATENGO,PAN_PRD,5,923,0,47,970,1301,300,Sí
2016,20,OAXACA,77,SAN AGUSTIN AMATENGO,PRI_PVEM,8,923,0,47,970,1301,428,Sí
2016,20,OAXACA,78,SAN AGUSTIN ATENANGO,PAN,3,869,0,41,910,1578,3,No
2016,20,OAXACA,78,SAN AGUSTIN ATENANGO,PRI,419,869,0,41,910,1578,419,No
2016,20,OAXACA,78,SAN AGUSTIN ATENANGO,PRD,229,869,0,41,910,1578,229,No
2016,20,OAXACA,78,SAN AGUSTIN ATENANGO,PVEM,10,869,0,41,910,1578,10,No
2016,20,OAXACA,78,SAN AGUSTIN ATENANGO,PT,5,869,0,41,910,1578,5,No
2016,20,OAXACA,78,SAN AGUSTIN ATENANGO,MORENA,200,869,0,41,910,1578,200,No
2016,20,OAXACA,78,SAN AGUSTIN ATENANGO,PAN_PRD,0,869,0,41,910,1578,232,Sí
2016,20,OAXACA,78,SAN AGUSTIN ATENANGO,PRI_PVEM,3,869,0,41,910,1578,432,Sí
2016,20,OAXACA,85,SAN ANDRES CABECERA NUEVA,PAN,5,1409,0,47,1456,1987,5,No
2016,20,OAXACA,85,SAN ANDRES CABECERA NUEVA,PRI,559,1409,0,47,1456,1987,559,No
2016,20,OAXACA,85,SAN ANDRES CABECERA NUEVA,PRD,25,1409,0,47,1456,1987,25,No
2016,20,OAXACA,85,SAN ANDRES CABECERA NUEVA,PVEM,31,1409,0,47,1456,1987,31,No
2016,20,OAXACA,85,SAN ANDRES CABECERA NUEVA,PT,664,1409,0,47,1456,1987,664,No
2016,20,OAXACA,85,SAN ANDRES CABECERA NUEVA,MORENA,80,1409,0,47,1456,1987,80,No
2016,20,OAXACA,85,SAN ANDRES CABECERA NUEVA,PAN_PRD,1,1409,0,47,1456,1987,31,Sí
2016,20,OAXACA,85,SAN ANDRES CABECERA NUEVA,PRI_PVEM,44,1409,0,47,1456,1987,634,Sí
2016,20,OAXACA,86,SAN ANDRES DINICUITI,PAN,5,1134,0,27,1161,1704,5,No
2016,20,OAXACA,86,SAN ANDRES DINICUITI,PRI,348,1134,0,27,1161,1704,348,No
2016,20,OAXACA,86,SAN ANDRES DINICUITI,PRD,330,1134,0,27,1161,1704,330,No
2016,20,OAXACA,86,SAN ANDRES DINICUITI,PVEM,214,1134,0,27,1161,1704,214,No
2016,20,OAXACA,86,SAN ANDRES DINICUITI,PT,10,1134,0,27,1161,1704,10,No
2016,20,OAXACA,86,SAN ANDRES DINICUITI,MORENA,224,1134,0,27,1161,1704,224,No
2016,20,OAXACA,86,SAN ANDRES DINICUITI,PAN_PRD,3,1134,0,27,1161,1704,338,Sí
2016,20,OAXACA,87,SAN ANDRES HUAXPALTEPEC,PAN,27,2959,1,67,3027,4328,27,No
2016,20,OAXACA,87,SAN ANDRES HUAXPALTEPEC,PRI,790,2959,1,67,3027,4328,790,No
2016,20,OAXACA,87,SAN ANDRES HUAXPALTEPEC,PRD,242,2959,1,67,3027,4328,242,No
2016,20,OAXACA,87,SAN ANDRES HUAXPALTEPEC,PVEM,20,2959,1,67,3027,4328,20,No
2016,20,OAXACA,87,SAN ANDRES HUAXPALTEPEC,PT,218,2959,1,67,3027,4328,218,No
2016,20,OAXACA,87,SAN ANDRES HUAXPALTEPEC,MC,68,2959,1,67,3027,4328,68,No
2016,20,OAXACA,87,SAN ANDRES HUAXPALTEPEC,PUP,1038,2959,1,67,3027,4328,1038,No
2016,20,OAXACA,87,SAN ANDRES HUAXPALTEPEC,NUAL,18,2959,1,67,3027,4328,18,No
2016,20,OAXACA,87,SAN ANDRES HUAXPALTEPEC,MORENA,517,2959,1,67,3027,4328,517,No
2016,20,OAXACA,87,SAN ANDRES HUAXPALTEPEC,PAN_PRD,11,2959,1,67,3027,4328,280,Sí
2016,20,OAXACA,87,SAN ANDRES HUAXPALTEPEC,PRI_PVEM,10,2959,1,67,3027,4328,820,Sí
2016,20,OAXACA,99,SAN ANDRES ZAUTLA,PAN,34,2139,0,32,2171,2911,34,No
2016,20,OAXACA,99,SAN ANDRES ZAUTLA,PRI,1011,2139,0,32,2171,2911,1011,No
2016,20,OAXACA,99,SAN ANDRES ZAUTLA,PRD,806,2139,0,32,2171,2911,806,No
2016,20,OAXACA,99,SAN ANDRES ZAUTLA,PVEM,18,2139,0,32,2171,2911,18,No
2016,20,OAXACA,99,SAN ANDRES ZAUTLA,PT,22,2139,0,32,2171,2911,22,No
2016,20,OAXACA,99,SAN ANDRES ZAUTLA,PSD,63,2139,0,32,2171,2911,63,No
2016,20,OAXACA,99,SAN ANDRES ZAUTLA,MORENA,122,2139,0,32,2171,2911,122,No
2016,20,OAXACA,99,SAN ANDRES ZAUTLA,PAN_PRD,42,2139,0,32,2171,2911,882,Sí
2016,20,OAXACA,99,SAN ANDRES ZAUTLA,PRI_PVEM,21,2139,0,32,2171,2911,1050,Sí
2016,20,OAXACA,100,SAN ANTONINO CASTILLO VELASCO,PAN,45,2332,0,133,2465,4067,45,No
2016,20,OAXACA,100,SAN ANTONINO CASTILLO VELASCO,PRI,140,2332,0,133,2465,4067,140,No
2016,20,OAXACA,100,SAN ANTONINO CASTILLO VELASCO,PRD,267,2332,0,133,2465,4067,267,No
2016,20,OAXACA,100,SAN ANTONINO CASTILLO VELASCO,PVEM,6,2332,0,133,2465,4067,6,No
2016,20,OAXACA,100,SAN ANTONINO CASTILLO VELASCO,PT,15,2332,0,133,2465,4067,15,No
2016,20,OAXACA,100,SAN ANTONINO CASTILLO VELASCO,MC,550,2332,0,133,2465,4067,550,No
2016,20,OAXACA,100,SAN ANTONINO CASTILLO VELASCO,NUAL,27,2332,0,133,2465,4067,27,No
2016,20,OAXACA,100,SAN ANTONINO CASTILLO VELASCO,MORENA,524,2332,0,133,2465,4067,524,No
2016,20,OAXACA,100,SAN ANTONINO CASTILLO VELASCO,PRS,731,2332,0,133,2465,4067,731,No
2016,20,OAXACA,100,SAN ANTONINO CASTILLO VELASCO,PAN_PRD,19,2332,0,133,2465,4067,331,Sí
2016,20,OAXACA,100,SAN ANTONINO CASTILLO VELASCO,PRI_PVEM,8,2332,0,133,2465,4067,154,Sí
2016,20,OAXACA,109,SAN BALTAZAR CHICHICAPAM,PAN,22,1771,0,81,1852,2285,22,No
2016,20,OAXACA,109,SAN BALTAZAR CHICHICAPAM,PRI,533,1771,0,81,1852,2285,533,No
2016,20,OAXACA,109,SAN BALTAZAR CHICHICAPAM,PRD,1151,1771,0,81,1852,2285,1151,No
2016,20,OAXACA,109,SAN BALTAZAR CHICHICAPAM,PVEM,8,1771,0,81,1852,2285,8,No
2016,20,OAXACA,109,SAN BALTAZAR CHICHICAPAM,PT,3,1771,0,81,1852,2285,3,No
2016,20,OAXACA,109,SAN BALTAZAR CHICHICAPAM,MC,3,1771,0,81,1852,2285,3,No
2016,20,OAXACA,109,SAN BALTAZAR CHICHICAPAM,MORENA,16,1771,0,81,1852,2285,16,No
2016,20,OAXACA,109,SAN BALTAZAR CHICHICAPAM,PAN_PRD,19,1771,0,81,1852,2285,1192,Sí
2016,20,OAXACA,109,SAN BALTAZAR CHICHICAPAM,PRI_PVEM,16,1771,0,81,1852,2285,557,Sí
2016,20,OAXACA,115,SAN BARTOLOME AYAUTLA,PAN,5,2196,0,64,2260,2763,5,No
2016,20,OAXACA,115,SAN BARTOLOME AYAUTLA,PRI,511,2196,0,64,2260,2763,511,No
2016,20,OAXACA,115,SAN BARTOLOME AYAUTLA,PRD,760,2196,0,64,2260,2763,760,No
2016,20,OAXACA,115,SAN BARTOLOME AYAUTLA,PVEM,2,2196,0,64,2260,2763,2,No
2016,20,OAXACA,115,SAN BARTOLOME AYAUTLA,PT,15,2196,0,64,2260,2763,15,No
2016,20,OAXACA,115,SAN BARTOLOME AYAUTLA,MC,6,2196,0,64,2260,2763,6,No
2016,20,OAXACA,115,SAN BARTOLOME AYAUTLA,PUP,5,2196,0,64,2260,2763,5,No
2016,20,OAXACA,115,SAN BARTOLOME AYAUTLA,PSD,856,2196,0,64,2260,2763,856,No
2016,20,OAXACA,115,SAN BARTOLOME AYAUTLA,MORENA,33,2196,0,64,2260,2763,33,No
2016,20,OAXACA,115,SAN BARTOLOME AYAUTLA,PAN_PRD,1,2196,0,64,2260,2763,766,Sí
2016,20,OAXACA,115,SAN BARTOLOME AYAUTLA,PRI_PVEM,2,2196,0,64,2260,2763,515,Sí
2016,20,OAXACA,121,SAN BLAS ATEMPA,PAN,47,10355,0,155,10510,13539,47,No
2016,20,OAXACA,121,SAN BLAS ATEMPA,PRI,3867,10355,0,155,10510,13539,3867,No
2016,20,OAXACA,121,SAN BLAS ATEMPA,PRD,4866,10355,0,155,10510,13539,4866,No
2016,20,OAXACA,121,SAN BLAS ATEMPA,PVEM,91,10355,0,155,10510,13539,91,No
2016,20,OAXACA,121,SAN BLAS ATEMPA,PT,39,10355,0,155,10510,13539,39,No
2016,20,OAXACA,121,SAN BLAS ATEMPA,NUAL,24,10355,0,155,10510,13539,24,No
2016,20,OAXACA,121,SAN BLAS ATEMPA,PSD,51,10355,0,155,10510,13539,51,No
2016,20,OAXACA,121,SAN BLAS ATEMPA,MORENA,1275,10355,0,155,10510,13539,1275,No
2016,20,OAXACA,121,SAN BLAS ATEMPA,PAN_PRD,48,10355,0,155,10510,13539,4961,Sí
2016,20,OAXACA,121,SAN BLAS ATEMPA,PRI_PVEM,47,10355,0,155,10510,13539,4005,Sí
2016,20,OAXACA,127,SAN DIONISIO DEL MAR,PLANILLA_UNICA,2244,2244,0,187,2431,3812,2244,Sí
2016,20,OAXACA,131,SAN FELIPE JALAPA DE DIAZ,PAN,21,15608,0,155,15763,18292,21,No
2016,20,OAXACA,131,SAN FELIPE JALAPA DE DIAZ,PRI,6400,15608,0,155,15763,18292,6400,No
2016,20,OAXACA,131,SAN FELIPE JALAPA DE DIAZ,PRD,1589,15608,0,155,15763,18292,1589,No
2016,20,OAXACA,131,SAN FELIPE JALAPA DE DIAZ,PVEM,22,15608,0,155,15763,18292,22,No
2016,20,OAXACA,131,SAN FELIPE JALAPA DE DIAZ,PT,89,15608,0,155,15763,18292,89,No
2016,20,OAXACA,131,SAN FELIPE JALAPA DE DIAZ,MC,51,15608,0,155,15763,18292,51,No
2016,20,OAXACA,131,SAN FELIPE JALAPA DE DIAZ,PUP,249,15608,0,155,15763,18292,249,No
2016,20,OAXACA,131,SAN FELIPE JALAPA DE DIAZ,NUAL,75,15608,0,155,15763,18292,75,No
2016,20,OAXACA,131,SAN FELIPE JALAPA DE DIAZ,PSD,79,15608,0,155,15763,18292,79,No
2016,20,OAXACA,131,SAN FELIPE JALAPA DE DIAZ,MORENA,6871,15608,0,155,15763,18292,6871,No
2016,20,OAXACA,131,SAN FELIPE JALAPA DE DIAZ,PRS,46,15608,0,155,15763,18292,46,No
2016,20,OAXACA,131,SAN FELIPE JALAPA DE DIAZ,PAN_PRD,19,15608,0,155,15763,18292,1629,Sí
2016,20,OAXACA,131,SAN FELIPE JALAPA DE DIAZ,PRI_PVEM,97,15608,0,155,15763,18292,6519,Sí
2016,20,OAXACA,133,SAN FELIPE USILA,PAN,292,7169,0,60,7229,8423,292,No
2016,20,OAXACA,133,SAN FELIPE USILA,PRI,3454,7169,0,60,7229,8423,3454,No
2016,20,OAXACA,133,SAN FELIPE USILA,PRD,22,7169,0,60,7229,8423,22,No
2016,20,OAXACA,133,SAN FELIPE USILA,PVEM,19,7169,0,60,7229,8423,19,No
2016,20,OAXACA,133,SAN FELIPE USILA,PT,100,7169,0,60,7229,8423,100,No
2016,20,OAXACA,133,SAN FELIPE USILA,PUP,1166,7169,0,60,7229,8423,1166,No
2016,20,OAXACA,133,SAN FELIPE USILA,PSD,21,7169,0,60,7229,8423,21,No
2016,20,OAXACA,133,SAN FELIPE USILA,MORENA,2080,7169,0,60,7229,8423,2080,No
2016,20,OAXACA,133,SAN FELIPE USILA,PAN_PRD,0,7169,0,60,7229,8423,314,Sí
2016,20,OAXACA,133,SAN FELIPE USILA,PRI_PVEM,15,7169,0,60,7229,8423,3488,Sí
2016,20,OAXACA,138,SAN FRANCISCO DEL MAR,PAN,3,4213,0,32,4245,5244,3,No
2016,20,OAXACA,138,SAN FRANCISCO DEL MAR,PRI,2156,4213,0,32,4245,5244,2156,No
2016,20,OAXACA,138,SAN FRANCISCO DEL MAR,PRD,17,4213,0,32,4245,5244,17,No
2016,20,OAXACA,138,SAN FRANCISCO DEL MAR,PVEM,14,4213,0,32,4245,5244,14,No
2016,20,OAXACA,138,SAN FRANCISCO DEL MAR,PT,2,4213,0,32,4245,5244,2,No
2016,20,OAXACA,138,SAN FRANCISCO DEL MAR,PUP,2016,4213,0,32,4245,5244,2016,No
2016,20,OAXACA,138,SAN FRANCISCO DEL MAR,MORENA,4,4213,0,32,4245,5244,4,No
2016,20,OAXACA,138,SAN FRANCISCO DEL MAR,PAN_PRD,0,4213,0,32,4245,5244,20,Sí
2016,20,OAXACA,138,SAN FRANCISCO DEL MAR,PRI_PVEM,1,4213,0,32,4245,5244,2171,Sí
2016,20,OAXACA,140,SAN FRANCISCO IXHUATAN,PAN,1119,5064,0,99,5163,6929,1119,No
2016,20,OAXACA,140,SAN FRANCISCO IXHUATAN,PRI,1902,5064,0,99,5163,6929,1902,No
2016,20,OAXACA,140,SAN FRANCISCO IXHUATAN,PRD,907,5064,0,99,5163,6929,907,No
2016,20,OAXACA,140,SAN FRANCISCO IXHUATAN,PVEM,456,5064,0,99,5163,6929,456,No
2016,20,OAXACA,140,SAN FRANCISCO IXHUATAN,PT,29,5064,0,99,5163,6929,29,No
2016,20,OAXACA,140,SAN FRANCISCO IXHUATAN,MC,6,5064,0,99,5163,6929,6,No
2016,20,OAXACA,140,SAN FRANCISCO IXHUATAN,MORENA,475,5064,0,99,5163,6929,475,No
2016,20,OAXACA,140,SAN FRANCISCO IXHUATAN,PAN_PRD,170,5064,0,99,5163,6929,2196,Sí
2016,20,OAXACA,147,SAN FRANCISCO TELIXTLAHUACA,PAN,106,6070,0,159,6229,8807,106,No
2016,20,OAXACA,147,SAN FRANCISCO TELIXTLAHUACA,PRI,795,6070,0,159,6229,8807,795,No
2016,20,OAXACA,147,SAN FRANCISCO TELIXTLAHUACA,PRD,832,6070,0,159,6229,8807,832,No
2016,20,OAXACA,147,SAN FRANCISCO TELIXTLAHUACA,PVEM,54,6070,0,159,6229,8807,54,No
2016,20,OAXACA,147,SAN FRANCISCO TELIXTLAHUACA,PT,1543,6070,0,159,6229,8807,1543,No
2016,20,OAXACA,147,SAN FRANCISCO TELIXTLAHUACA,MC,18,6070,0,159,6229,8807,18,No
2016,20,OAXACA,147,SAN FRANCISCO TELIXTLAHUACA,PUP,844,6070,0,159,6229,8807,844,No
2016,20,OAXACA,147,SAN FRANCISCO TELIXTLAHUACA,NUAL,23,6070,0,159,6229,8807,23,No
2016,20,OAXACA,147,SAN FRANCISCO TELIXTLAHUACA,PSD,192,6070,0,159,6229,8807,192,No
2016,20,OAXACA,147,SAN FRANCISCO TELIXTLAHUACA,MORENA,651,6070,0,159,6229,8807,651,No
2016,20,OAXACA,147,SAN FRANCISCO TELIXTLAHUACA,PRS,88,6070,0,159,6229,8807,88,No
2016,20,OAXACA,147,SAN FRANCISCO TELIXTLAHUACA,PAN_PRD,33,6070,0,159,6229,8807,971,Sí
2016,20,OAXACA,147,SAN FRANCISCO TELIXTLAHUACA,PRI_PVEM,14,6070,0,159,6229,8807,863,Sí
2016,20,OAXACA,147,SAN FRANCISCO TELIXTLAHUACA,Candidatura Independiente,877,6070,0,159,6229,8807,877,No
2016,20,OAXACA,154,SAN JACINTO AMILPAS,PAN,304,5656,3,165,5824,10083,304,No
2016,20,OAXACA,154,SAN JACINTO AMILPAS,PRI,690,5656,3,165,5824,10083,690,No
2016,20,OAXACA,154,SAN JACINTO AMILPAS,PRD,1351,5656,3,165,5824,10083,1351,No
2016,20,OAXACA,154,SAN JACINTO AMILPAS,PVEM,70,5656,3,165,5824,10083,70,No
2016,20,OAXACA,154,SAN JACINTO AMILPAS,PT,1049,5656,3,165,5824,10083,1049,No
2016,20,OAXACA,154,SAN JACINTO AMILPAS,MC,233,5656,3,165,5824,10083,233,No
2016,20,OAXACA,154,SAN JACINTO AMILPAS,PUP,262,5656,3,165,5824,10083,262,No
2016,20,OAXACA,154,SAN JACINTO AMILPAS,NUAL,143,5656,3,165,5824,10083,143,No
2016,20,OAXACA,154,SAN JACINTO AMILPAS,PSD,193,5656,3,165,5824,10083,193,No
2016,20,OAXACA,154,SAN JACINTO AMILPAS,MORENA,1203,5656,3,165,5824,10083,1203,No
2016,20,OAXACA,154,SAN JACINTO AMILPAS,PRS,99,5656,3,165,5824,10083,99,No
2016,20,OAXACA,154,SAN JACINTO AMILPAS,PAN_PRD,47,5656,3,165,5824,10083,1702,Sí
2016,20,OAXACA,154,SAN JACINTO AMILPAS,PRI_PVEM,12,5656,3,165,5824,10083,772,Sí
2016,20,OAXACA,157,SAN JERONIMO SILACAYOAPILLA,PAN,258,728,0,13,741,1176,258,No
2016,20,OAXACA,157,SAN JERONIMO SILACAYOAPILLA,PRI,407,728,0,13,741,1176,407,No
2016,20,OAXACA,157,SAN JERONIMO SILACAYOAPILLA,PRD,23,728,0,13,741,1176,23,No
2016,20,OAXACA,157,SAN JERONIMO SILACAYOAPILLA,PVEM,5,728,0,13,741,1176,5,No
2016,20,OAXACA,157,SAN JERONIMO SILACAYOAPILLA,PT,2,728,0,13,741,1176,2,No
2016,20,OAXACA,157,SAN JERONIMO SILACAYOAPILLA,MC,2,728,0,13,741,1176,2,No
2016,20,OAXACA,157,SAN JERONIMO SILACAYOAPILLA,MORENA,21,728,0,13,741,1176,21,No
2016,20,OAXACA,157,SAN JERONIMO SILACAYOAPILLA,PAN_PRD,2,728,0,13,741,1176,283,Sí
2016,20,OAXACA,157,SAN JERONIMO SILACAYOAPILLA,PRI_PVEM,8,728,0,13,741,1176,420,Sí
2016,20,OAXACA,164,SAN JOSE CHILTEPEC,PAN,135,6332,3,222,6557,8279,135,No
2016,20,OAXACA,164,SAN JOSE CHILTEPEC,PRI,2241,6332,3,222,6557,8279,2241,No
2016,20,OAXACA,164,SAN JOSE CHILTEPEC,PRD,597,6332,3,222,6557,8279,597,No
2016,20,OAXACA,164,SAN JOSE CHILTEPEC,PVEM,103,6332,3,222,6557,8279,103,No
2016,20,OAXACA,164,SAN JOSE CHILTEPEC,PT,314,6332,3,222,6557,8279,314,No
2016,20,OAXACA,164,SAN JOSE CHILTEPEC,MC,856,6332,3,222,6557,8279,856,No
2016,20,OAXACA,164,SAN JOSE CHILTEPEC,NUAL,49,6332,3,222,6557,8279,49,No
2016,20,OAXACA,164,SAN JOSE CHILTEPEC,PSD,39,6332,3,222,6557,8279,39,No
2016,20,OAXACA,164,SAN JOSE CHILTEPEC,MORENA,1905,6332,3,222,6557,8279,1905,No
2016,20,OAXACA,164,SAN JOSE CHILTEPEC,PAN_PRD,42,6332,3,222,6557,8279,774,Sí
2016,20,OAXACA,164,SAN JOSE CHILTEPEC,PRI_PVEM,51,6332,3,222,6557,8279,2395,Sí
2016,20,OAXACA,166,SAN JOSE ESTANCIA GRANDE,PAN,0,562,0,13,575,741,0,No
2016,20,OAXACA,166,SAN JOSE ESTANCIA GRANDE,PRI,230,562,0,13,575,741,230,No
2016,20,OAXACA,166,SAN JOSE ESTANCIA GRANDE,PRD,3,562,0,13,575,741,3,No
2016,20,OAXACA,166,SAN JOSE ESTANCIA GRANDE,PVEM,1,562,0,13,575,741,1,No
2016,20,OAXACA,166,SAN JOSE ESTANCIA GRANDE,PT,143,562,0,13,575,741,143,No
2016,20,OAXACA,166,SAN JOSE ESTANCIA GRANDE,NUAL,0,562,0,13,575,741,0,No
2016,20,OAXACA,166,SAN JOSE ESTANCIA GRANDE,PSD,11,562,0,13,575,741,11,No
2016,20,OAXACA,166,SAN JOSE ESTANCIA GRANDE,MORENA,169,562,0,13,575,741,169,No
2016,20,OAXACA,166,SAN JOSE ESTANCIA GRANDE,PAN_PRD,0,562,0,13,575,741,3,Sí
2016,20,OAXACA,166,SAN JOSE ESTANCIA GRANDE,PRI_PVEM,5,562,0,13,575,741,236,Sí
2016,20,OAXACA,167,SAN JOSE INDEPENDENCIA,PAN,81,2626,0,19,2645,3388,81,No
2016,20,OAXACA,167,SAN JOSE INDEPENDENCIA,PRI,1364,2626,0,19,2645,3388,1364,No
2016,20,OAXACA,167,SAN JOSE INDEPENDENCIA,PRD,1137,2626,0,19,2645,3388,1137,No
2016,20,OAXACA,167,SAN JOSE INDEPENDENCIA,PVEM,4,2626,0,19,2645,3388,4,No
2016,20,OAXACA,167,SAN JOSE INDEPENDENCIA,PT,2,2626,0,19,2645,3388,2,No
2016,20,OAXACA,167,SAN JOSE INDEPENDENCIA,MORENA,4,2626,0,19,2645,3388,4,No
2016,20,OAXACA,167,SAN JOSE INDEPENDENCIA,PAN_PRD,21,2626,0,19,2645,3388,1239,Sí
2016,20,OAXACA,167,SAN JOSE INDEPENDENCIA,PRI_PVEM,13,2626,0,19,2645,3388,1381,Sí
2016,20,OAXACA,170,SAN JOSE TENANGO,PAN,15,8662,0,271,8933,11439,15,No
2016,20,OAXACA,170,SAN JOSE TENANGO,PRI,1324,8662,0,271,8933,11439,1324,No
2016,20,OAXACA,170,SAN JOSE TENANGO,PRD,79,8662,0,271,8933,11439,79,No
2016,20,OAXACA,170,SAN JOSE TENANGO,PVEM,25,8662,0,271,8933,11439,25,No
2016,20,OAXACA,170,SAN JOSE TENANGO,PT,2495,8662,0,271,8933,11439,2495,No
2016,20,OAXACA,170,SAN JOSE TENANGO,MC,2312,8662,0,271,8933,11439,2312,No
2016,20,OAXACA,170,SAN JOSE TENANGO,PSD,66,8662,0,271,8933,11439,66,No
2016,20,OAXACA,170,SAN JOSE TENANGO,MORENA,41,8662,0,271,8933,11439,41,No
2016,20,OAXACA,170,SAN JOSE TENANGO,PRS,2048,8662,0,271,8933,11439,2048,No
2016,20,OAXACA,170,SAN JOSE TENANGO,PAN_PRD,2,8662,0,271,8933,11439,96,Sí
2016,20,OAXACA,170,SAN JOSE TENANGO,PRI_PVEM,11,8662,0,271,8933,11439,1360,Sí
2016,20,OAXACA,170,SAN JOSE TENANGO,Candidatura Independiente,244,8662,0,271,8933,11439,244,No
2016,20,OAXACA,175,SAN JUAN BAUTISTA CUICATLAN,PAN,1120,4979,0,223,5202,7224,1120,No
2016,20,OAXACA,175,SAN JUAN BAUTISTA CUICATLAN,PRI,1172,4979,0,223,5202,7224,1172,No
2016,20,OAXACA,175,SAN JUAN BAUTISTA CUICATLAN,PRD,438,4979,0,223,5202,7224,438,No
2016,20,OAXACA,175,SAN JUAN BAUTISTA CUICATLAN,PVEM,41,4979,0,223,5202,7224,41,No
2016,20,OAXACA,175,SAN JUAN BAUTISTA CUICATLAN,PT,431,4979,0,223,5202,7224,431,No
2016,20,OAXACA,175,SAN JUAN BAUTISTA CUICATLAN,MC,4,4979,0,223,5202,7224,4,No
2016,20,OAXACA,175,SAN JUAN BAUTISTA CUICATLAN,PUP,168,4979,0,223,5202,7224,168,No
2016,20,OAXACA,175,SAN JUAN BAUTISTA CUICATLAN,NUAL,191,4979,0,223,5202,7224,191,No
2016,20,OAXACA,175,SAN JUAN BAUTISTA CUICATLAN,PSD,381,4979,0,223,5202,7224,381,No
2016,20,OAXACA,175,SAN JUAN BAUTISTA CUICATLAN,MORENA,738,4979,0,223,5202,7224,738,No
2016,20,OAXACA,175,SAN JUAN BAUTISTA CUICATLAN,PRS,14,4979,0,223,5202,7224,14,No
2016,20,OAXACA,175,SAN JUAN BAUTISTA CUICATLAN,PAN_PRD,251,4979,0,223,5202,7224,1809,Sí
2016,20,OAXACA,175,SAN JUAN BAUTISTA CUICATLAN,PRI_PVEM,30,4979,0,223,5202,7224,1243,Sí
2016,20,OAXACA,178,SAN JUAN BAUTISTA LO DE SOTO,PAN,278,1455,0,59,1514,1996,278,No
2016,20,OAXACA,178,SAN JUAN BAUTISTA LO DE SOTO,PRI,456,1455,0,59,1514,1996,456,No
2016,20,OAXACA,178,SAN JUAN BAUTISTA LO DE SOTO,PRD,115,1455,0,59,1514,1996,115,No
2016,20,OAXACA,178,SAN JUAN BAUTISTA LO DE SOTO,PVEM,7,1455,0,59,1514,1996,7,No
2016,20,OAXACA,178,SAN JUAN BAUTISTA LO DE SOTO,PT,63,1455,0,59,1514,1996,63,No
2016,20,OAXACA,178,SAN JUAN BAUTISTA LO DE SOTO,MC,412,1455,0,59,1514,1996,412,No
2016,20,OAXACA,178,SAN JUAN BAUTISTA LO DE SOTO,PUP,4,1455,0,59,1514,1996,4,No
2016,20,OAXACA,178,SAN JUAN BAUTISTA LO DE SOTO,NUAL,3,1455,0,59,1514,1996,3,No
2016,20,OAXACA,178,SAN JUAN BAUTISTA LO DE SOTO,MORENA,53,1455,0,59,1514,1996,53,No
2016,20,OAXACA,178,SAN JUAN BAUTISTA LO DE SOTO,PAN_PRD,58,1455,0,59,1514,1996,451,Sí
2016,20,OAXACA,178,SAN JUAN BAUTISTA LO DE SOTO,PRI_PVEM,6,1455,0,59,1514,1996,469,Sí
2016,20,OAXACA,179,SAN JUAN BAUTISTA SUCHITEPEC,PAN,126,304,0,6,310,404,126,No
2016,20,OAXACA,179,SAN JUAN BAUTISTA SUCHITEPEC,PRI,136,304,0,6,310,404,136,No
2016,20,OAXACA,179,SAN JUAN BAUTISTA SUCHITEPEC,PRD,5,304,0,6,310,404,5,No
2016,20,OAXACA,179,SAN JUAN BAUTISTA SUCHITEPEC,PVEM,0,304,0,6,310,404,0,No
2016,20,OAXACA,179,SAN JUAN BAUTISTA SUCHITEPEC,PT,2,304,0,6,310,404,2,No
2016,20,OAXACA,179,SAN JUAN BAUTISTA SUCHITEPEC,MC,0,304,0,6,310,404,0,No
2016,20,OAXACA,179,SAN JUAN BAUTISTA SUCHITEPEC,MORENA,29,304,0,6,310,404,29,No
2016,20,OAXACA,179,SAN JUAN BAUTISTA SUCHITEPEC,PAN_PRD,2,304,0,6,310,404,133,Sí
2016,20,OAXACA,179,SAN JUAN BAUTISTA SUCHITEPEC,PRI_PVEM,4,304,0,6,310,404,140,Sí
2016,20,OAXACA,181,SAN JUAN BAUTISTA TLACOATZINTEPEC,PRI,60,1381,0,20,1401,1628,60,No
2016,20,OAXACA,181,SAN JUAN BAUTISTA TLACOATZINTEPEC,PVEM,297,1381,0,20,1401,1628,297,No
2016,20,OAXACA,181,SAN JUAN BAUTISTA TLACOATZINTEPEC,PT,4,1381,0,20,1401,1628,4,No
2016,20,OAXACA,181,SAN JUAN BAUTISTA TLACOATZINTEPEC,PUP,30,1381,0,20,1401,1628,30,No
2016,20,OAXACA,181,SAN JUAN BAUTISTA TLACOATZINTEPEC,NUAL,292,1381,0,20,1401,1628,292,No
2016,20,OAXACA,181,SAN JUAN BAUTISTA TLACOATZINTEPEC,PSD,210,1381,0,20,1401,1628,210,No
2016,20,OAXACA,181,SAN JUAN BAUTISTA TLACOATZINTEPEC,MORENA,480,1381,0,20,1401,1628,480,No
2016,20,OAXACA,181,SAN JUAN BAUTISTA TLACOATZINTEPEC,PRI_PVEM,8,1381,0,20,1401,1628,365,Sí
2016,20,OAXACA,182,SAN JUAN BAUTISTA TUXTEPEC,PAN,5689,62137,28,1658,63823,112363,5689,No
2016,20,OAXACA,182,SAN JUAN BAUTISTA TUXTEPEC,PRI,11817,62137,28,1658,63823,112363,11817,No
2016,20,OAXACA,182,SAN JUAN BAUTISTA TUXTEPEC,PRD,6032,62137,28,1658,63823,112363,6032,No
2016,20,OAXACA,182,SAN JUAN BAUTISTA TUXTEPEC,PVEM,801,62137,28,1658,63823,112363,801,No
2016,20,OAXACA,182,SAN JUAN BAUTISTA TUXTEPEC,PT,16112,62137,28,1658,63823,112363,16112,No
2016,20,OAXACA,182,SAN JUAN BAUTISTA TUXTEPEC,MC,2776,62137,28,1658,63823,112363,2776,No
2016,20,OAXACA,182,SAN JUAN BAUTISTA TUXTEPEC,PUP,325,62137,28,1658,63823,112363,325,No
2016,20,OAXACA,182,SAN JUAN BAUTISTA TUXTEPEC,NUAL,1319,62137,28,1658,63823,112363,1319,No
2016,20,OAXACA,182,SAN JUAN BAUTISTA TUXTEPEC,PSD,319,62137,28,1658,63823,112363,319,No
2016,20,OAXACA,182,SAN JUAN BAUTISTA TUXTEPEC,MORENA,10570,62137,28,1658,63823,112363,10570,No
2016,20,OAXACA,182,SAN JUAN BAUTISTA TUXTEPEC,PRS,301,62137,28,1658,63823,112363,301,No
2016,20,OAXACA,182,SAN JUAN BAUTISTA TUXTEPEC,PAN_PRD,937,62137,28,1658,63823,112363,12658,Sí
2016,20,OAXACA,182,SAN JUAN BAUTISTA TUXTEPEC,PRI_PVEM,278,62137,28,1658,63823,112363,12896,Sí
2016,20,OAXACA,182,SAN JUAN BAUTISTA TUXTEPEC,Candidatura Independiente,4519,62137,28,1658,63823,112363,4519,No
2016,20,OAXACA,182,SAN JUAN BAUTISTA TUXTEPEC,Candidatura Independiente,342,62137,28,1658,63823,112363,342,No
2016,20,OAXACA,183,SAN JUAN BAUTISTA VALLE NACIONAL,PAN,1169,11117,6,451,11574,16954,1169,No
2016,20,OAXACA,183,SAN JUAN BAUTISTA VALLE NACIONAL,PRI,1246,11117,6,451,11574,16954,1246,No
2016,20,OAXACA,183,SAN JUAN BAUTISTA VALLE NACIONAL,PRD,355,11117,6,451,11574,16954,355,No
2016,20,OAXACA,183,SAN JUAN BAUTISTA VALLE NACIONAL,PVEM,136,11117,6,451,11574,16954,136,No
2016,20,OAXACA,183,SAN JUAN BAUTISTA VALLE NACIONAL,PT,568,11117,6,451,11574,16954,568,No
2016,20,OAXACA,183,SAN JUAN BAUTISTA VALLE NACIONAL,MC,522,11117,6,451,11574,16954,522,No
2016,20,OAXACA,183,SAN JUAN BAUTISTA VALLE NACIONAL,PUP,2492,11117,6,451,11574,16954,2492,No
2016,20,OAXACA,183,SAN JUAN BAUTISTA VALLE NACIONAL,NUAL,300,11117,6,451,11574,16954,300,No
2016,20,OAXACA,183,SAN JUAN BAUTISTA VALLE NACIONAL,PSD,1978,11117,6,451,11574,16954,1978,No
2016,20,OAXACA,183,SAN JUAN BAUTISTA VALLE NACIONAL,MORENA,1591,11117,6,451,11574,16954,1591,No
2016,20,OAXACA,183,SAN JUAN BAUTISTA VALLE NACIONAL,PRS,588,11117,6,451,11574,16954,588,No
2016,20,OAXACA,183,SAN JUAN BAUTISTA VALLE NACIONAL,PAN_PRD,117,11117,6,451,11574,16954,1641,Sí
2016,20,OAXACA,183,SAN JUAN BAUTISTA VALLE NACIONAL,PRI_PVEM,55,11117,6,451,11574,16954,1437,Sí
2016,20,OAXACA,184,SAN JUAN CACAHUATEPEC,PAN,17,4290,0,115,4405,6391,17,No
2016,20,OAXACA,184,SAN JUAN CACAHUATEPEC,PRI,1118,4290,0,115,4405,6391,1118,No
2016,20,OAXACA,184,SAN JUAN CACAHUATEPEC,PRD,1166,4290,0,115,4405,6391,1166,No
2016,20,OAXACA,184,SAN JUAN CACAHUATEPEC,PVEM,39,4290,0,115,4405,6391,39,No
2016,20,OAXACA,184,SAN JUAN CACAHUATEPEC,PT,29,4290,0,115,4405,6391,29,No
2016,20,OAXACA,184,SAN JUAN CACAHUATEPEC,MC,1368,4290,0,115,4405,6391,1368,No
2016,20,OAXACA,184,SAN JUAN CACAHUATEPEC,PUP,256,4290,0,115,4405,6391,256,No
2016,20,OAXACA,184,SAN JUAN CACAHUATEPEC,PSD,90,4290,0,115,4405,6391,90,No
2016,20,OAXACA,184,SAN JUAN CACAHUATEPEC,MORENA,184,4290,0,115,4405,6391,184,No
2016,20,OAXACA,184,SAN JUAN CACAHUATEPEC,PAN_PRD,11,4290,0,115,4405,6391,1194,Sí
2016,20,OAXACA,184,SAN JUAN CACAHUATEPEC,PRI_PVEM,12,4290,0,115,4405,6391,1169,Sí
2016,20,OAXACA,189,SAN JUAN COATZOSPAM,PAN,2,953,0,43,996,1408,2,No
2016,20,OAXACA,189,SAN JUAN COATZOSPAM,PRI,362,953,0,43,996,1408,362,No
2016,20,OAXACA,189,SAN JUAN COATZOSPAM,PRD,6,953,0,43,996,1408,6,No
2016,20,OAXACA,189,SAN JUAN COATZOSPAM,PVEM,4,953,0,43,996,1408,4,No
2016,20,OAXACA,189,SAN JUAN COATZOSPAM,PT,9,953,0,43,996,1408,9,No
2016,20,OAXACA,189,SAN JUAN COATZOSPAM,PUP,124,953,0,43,996,1408,124,No
2016,20,OAXACA,189,SAN JUAN COATZOSPAM,PSD,9,953,0,43,996,1408,9,No
2016,20,OAXACA,189,SAN JUAN COATZOSPAM,PRS,433,953,0,43,996,1408,433,No
2016,20,OAXACA,189,SAN JUAN COATZOSPAM,PAN_PRD,0,953,0,43,996,1408,8,Sí
2016,20,OAXACA,189,SAN JUAN COATZOSPAM,PRI_PVEM,4,953,0,43,996,1408,370,Sí
2016,20,OAXACA,190,SAN JUAN COLORADO,PAN,11,4720,0,103,4823,6289,11,No
2016,20,OAXACA,190,SAN JUAN COLORADO,PRI,2375,4720,0,103,4823,6289,2375,No
2016,20,OAXACA,190,SAN JUAN COLORADO,PRD,1855,4720,0,103,4823,6289,1855,No
2016,20,OAXACA,190,SAN JUAN COLORADO,PVEM,14,4720,0,103,4823,6289,14,No
2016,20,OAXACA,190,SAN JUAN COLORADO,PT,15,4720,0,103,4823,6289,15,No
2016,20,OAXACA,190,SAN JUAN COLORADO,PUP,342,4720,0,103,4823,6289,342,No
2016,20,OAXACA,190,SAN JUAN COLORADO,NUAL,4,4720,0,103,4823,6289,4,No
2016,20,OAXACA,190,SAN JUAN COLORADO,MORENA,82,4720,0,103,4823,6289,82,No
2016,20,OAXACA,190,SAN JUAN COLORADO,PAN_PRD,7,4720,0,103,4823,6289,1873,Sí
2016,20,OAXACA,190,SAN JUAN COLORADO,PRI_PVEM,15,4720,0,103,4823,6289,2404,Sí
2016,20,OAXACA,199,SAN JUAN GUICHICOVI,PAN,178,14808,9,903,15720,21929,178,No
2016,20,OAXACA,199,SAN JUAN GUICHICOVI,PRI,4948,14808,9,903,15720,21929,4948,No
2016,20,OAXACA,199,SAN JUAN GUICHICOVI,PRD,8047,14808,9,903,15720,21929,8047,No
2016,20,OAXACA,199,SAN JUAN GUICHICOVI,PVEM,230,14808,9,903,15720,21929,230,No
2016,20,OAXACA,199,SAN JUAN GUICHICOVI,PT,324,14808,9,903,15720,21929,324,No
2016,20,OAXACA,199,SAN JUAN GUICHICOVI,MC,23,14808,9,903,15720,21929,23,No
2016,20,OAXACA,199,SAN JUAN GUICHICOVI,PUP,34,14808,9,903,15720,21929,34,No
2016,20,OAXACA,199,SAN JUAN GUICHICOVI,PSD,85,14808,9,903,15720,21929,85,No
2016,20,OAXACA,199,SAN JUAN GUICHICOVI,MORENA,271,14808,9,903,15720,21929,271,No
2016,20,OAXACA,199,SAN JUAN GUICHICOVI,PRS,625,14808,9,903,15720,21929,625,No
2016,20,OAXACA,199,SAN JUAN GUICHICOVI,PAN_PRD,43,14808,9,903,15720,21929,8268,Sí
2016,20,OAXACA,199,SAN JUAN GUICHICOVI,PRI_PVEM,0,14808,9,903,15720,21929,5178,Sí
2016,20,OAXACA,200,SAN JUAN IHUALTEPEC,PAN,159,348,0,22,370,625,159,No
2016,20,OAXACA,200,SAN JUAN IHUALTEPEC,PRI,88,348,0,22,370,625,88,No
2016,20,OAXACA,200,SAN JUAN IHUALTEPEC,PRD,11,348,0,22,370,625,11,No
2016,20,OAXACA,200,SAN JUAN IHUALTEPEC,PVEM,0,348,0,22,370,625,0,No
2016,20,OAXACA,200,SAN JUAN IHUALTEPEC,PT,0,348,0,22,370,625,0,No
2016,20,OAXACA,200,SAN JUAN IHUALTEPEC,MC,77,348,0,22,370,625,77,No
2016,20,OAXACA,200,SAN JUAN IHUALTEPEC,MORENA,7,348,0,22,370,625,7,No
2016,20,OAXACA,200,SAN JUAN IHUALTEPEC,PAN_PRD,5,348,0,22,370,625,175,Sí
2016,20,OAXACA,200,SAN JUAN IHUALTEPEC,PRI_PVEM,1,348,0,22,370,625,89,Sí
2016,20,OAXACA,225,SAN LORENZO,PAN,889,2972,1,72,3045,3829,889,No
2016,20,OAXACA,225,SAN LORENZO,PRI,279,2972,1,72,3045,3829,279,No
2016,20,OAXACA,225,SAN LORENZO,PRD,67,2972,1,72,3045,3829,67,No
2016,20,OAXACA,225,SAN LORENZO,PVEM,16,2972,1,72,3045,3829,16,No
2016,20,OAXACA,225,SAN LORENZO,PT,14,2972,1,72,3045,3829,14,No
2016,20,OAXACA,225,SAN LORENZO,MC,50,2972,1,72,3045,3829,50,No
2016,20,OAXACA,225,SAN LORENZO,PUP,199,2972,1,72,3045,3829,199,No
2016,20,OAXACA,225,SAN LORENZO,NUAL,892,2972,1,72,3045,3829,892,No
2016,20,OAXACA,225,SAN LORENZO,MORENA,549,2972,1,72,3045,3829,549,No
2016,20,OAXACA,225,SAN LORENZO,PAN_PRD,16,2972,1,72,3045,3829,972,Sí
2016,20,OAXACA,225,SAN LORENZO,PRI_PVEM,1,2972,1,72,3045,3829,296,Sí
2016,20,OAXACA,232,SAN LUCAS OJITLAN,PAN,3481,11815,7,194,12016,14741,3481,No
2016,20,OAXACA,232,SAN LUCAS OJITLAN,PRI,1280,11815,7,194,12016,14741,1280,No
2016,20,OAXACA,232,SAN LUCAS OJITLAN,PRD,538,11815,7,194,12016,14741,538,No
2016,20,OAXACA,232,SAN LUCAS OJITLAN,PVEM,44,11815,7,194,12016,14741,44,No
2016,20,OAXACA,232,SAN LUCAS OJITLAN,MC,2083,11815,7,194,12016,14741,2083,No
2016,20,OAXACA,232,SAN LUCAS OJITLAN,NUAL,77,11815,7,194,12016,14741,77,No
2016,20,OAXACA,232,SAN LUCAS OJITLAN,PSD,253,11815,7,194,12016,14741,253,No
2016,20,OAXACA,232,SAN LUCAS OJITLAN,MORENA,3895,11815,7,194,12016,14741,3895,No
2016,20,OAXACA,232,SAN LUCAS OJITLAN,PAN_PRD,141,11815,7,194,12016,14741,4160,Sí
2016,20,OAXACA,232,SAN LUCAS OJITLAN,PRI_PVEM,23,11815,7,194,12016,14741,1347,Sí
2016,20,OAXACA,237,SAN MARCOS ARTEAGA,PAN,14,814,0,11,825,1266,14,No
2016,20,OAXACA,237,SAN MARCOS ARTEAGA,PRI,356,814,0,11,825,1266,356,No
2016,20,OAXACA,237,SAN MARCOS ARTEAGA,PRD,380,814,0,11,825,1266,380,No
2016,20,OAXACA,237,SAN MARCOS ARTEAGA,PVEM,1,814,0,11,825,1266,1,No
2016,20,OAXACA,237,SAN MARCOS ARTEAGA,PT,0,814,0,11,825,1266,0,No
2016,20,OAXACA,237,SAN MARCOS ARTEAGA,MC,2,814,0,11,825,1266,2,No
2016,20,OAXACA,237,SAN MARCOS ARTEAGA,PSD,3,814,0,11,825,1266,3,No
2016,20,OAXACA,237,SAN MARCOS ARTEAGA,MORENA,37,814,0,11,825,1266,37,No
2016,20,OAXACA,237,SAN MARCOS ARTEAGA,PAN_PRD,14,814,0,11,825,1266,408,Sí
2016,20,OAXACA,237,SAN MARCOS ARTEAGA,PRI_PVEM,7,814,0,11,825,1266,364,Sí
2016,20,OAXACA,245,SAN MARTIN ZACATEPEC,PAN,1,866,0,15,881,1223,1,No
2016,20,OAXACA,245,SAN MARTIN ZACATEPEC,PRI,387,866,0,15,881,1223,387,No
2016,20,OAXACA,245,SAN MARTIN ZACATEPEC,PRD,432,866,0,15,881,1223,432,No
2016,20,OAXACA,245,SAN MARTIN ZACATEPEC,PVEM,0,866,0,15,881,1223,0,No
2016,20,OAXACA,245,SAN MARTIN ZACATEPEC,PT,1,866,0,15,881,1223,1,No
2016,20,OAXACA,245,SAN MARTIN ZACATEPEC,MORENA,28,866,0,15,881,1223,28,No
2016,20,OAXACA,245,SAN MARTIN ZACATEPEC,PAN_PRD,6,866,0,15,881,1223,439,Sí
2016,20,OAXACA,245,SAN MARTIN ZACATEPEC,PRI_PVEM,11,866,0,15,881,1223,398,Sí
2016,20,OAXACA,252,SAN MATEO RIO HONDO,PAN,772,1633,0,63,1696,2417,772,No
2016,20,OAXACA,252,SAN MATEO RIO HONDO,PRI,724,1633,0,63,1696,2417,724,No
2016,20,OAXACA,252,SAN MATEO RIO HONDO,PRD,39,1633,0,63,1696,2417,39,No
2016,20,OAXACA,252,SAN MATEO RIO HONDO,PVEM,9,1633,0,63,1696,2417,9,No
2016,20,OAXACA,252,SAN MATEO RIO HONDO,PT,14,1633,0,63,1696,2417,14,No
2016,20,OAXACA,252,SAN MATEO RIO HONDO,MC,5,1633,0,63,1696,2417,5,No
2016,20,OAXACA,252,SAN MATEO RIO HONDO,MORENA,25,1633,0,63,1696,2417,25,No
2016,20,OAXACA,252,SAN MATEO RIO HONDO,PAN_PRD,27,1633,0,63,1696,2417,838,Sí
2016,20,OAXACA,252,SAN MATEO RIO HONDO,PRI_PVEM,18,1633,0,63,1696,2417,751,Sí
2016,20,OAXACA,258,SAN MIGUEL AHUEHUETITLAN,PAN,513,1292,0,30,1322,1883,513,No
2016,20,OAXACA,258,SAN MIGUEL AHUEHUETITLAN,PRI,471,1292,0,30,1322,1883,471,No
2016,20,OAXACA,258,SAN MIGUEL AHUEHUETITLAN,PRD,28,1292,0,30,1322,1883,28,No
2016,20,OAXACA,258,SAN MIGUEL AHUEHUETITLAN,PVEM,3,1292,0,30,1322,1883,3,No
2016,20,OAXACA,258,SAN MIGUEL AHUEHUETITLAN,PT,200,1292,0,30,1322,1883,200,No
2016,20,OAXACA,258,SAN MIGUEL AHUEHUETITLAN,MORENA,59,1292,0,30,1322,1883,59,No
2016,20,OAXACA,258,SAN MIGUEL AHUEHUETITLAN,PAN_PRD,8,1292,0,30,1322,1883,549,Sí
2016,20,OAXACA,258,SAN MIGUEL AHUEHUETITLAN,PRI_PVEM,10,1292,0,30,1322,1883,484,Sí
2016,20,OAXACA,260,SAN MIGUEL AMATITLAN,PAN,1592,3409,0,83,3492,4901,1592,No
2016,20,OAXACA,260,SAN MIGUEL AMATITLAN,PRI,896,3409,0,83,3492,4901,896,No
2016,20,OAXACA,260,SAN MIGUEL AMATITLAN,PRD,166,3409,0,83,3492,4901,166,No
2016,20,OAXACA,260,SAN MIGUEL AMATITLAN,PVEM,9,3409,0,83,3492,4901,9,No
2016,20,OAXACA,260,SAN MIGUEL AMATITLAN,PT,642,3409,0,83,3492,4901,642,No
2016,20,OAXACA,260,SAN MIGUEL AMATITLAN,MC,3,3409,0,83,3492,4901,3,No
2016,20,OAXACA,260,SAN MIGUEL AMATITLAN,NUAL,14,3409,0,83,3492,4901,14,No
2016,20,OAXACA,260,SAN MIGUEL AMATITLAN,PSD,2,3409,0,83,3492,4901,2,No
2016,20,OAXACA,260,SAN MIGUEL AMATITLAN,MORENA,69,3409,0,83,3492,4901,69,No
2016,20,OAXACA,260,SAN MIGUEL AMATITLAN,PAN_PRD,15,3409,0,83,3492,4901,1773,Sí
2016,20,OAXACA,260,SAN MIGUEL AMATITLAN,PRI_PVEM,1,3409,0,83,3492,4901,906,Sí
2016,20,OAXACA,276,SAN MIGUEL SOYALTEPEC,PAN,4508,20678,0,310,20988,26089,4508,No
2016,20,OAXACA,276,SAN MIGUEL SOYALTEPEC,PRI,11908,20678,0,310,20988,26089,11908,No
2016,20,OAXACA,276,SAN MIGUEL SOYALTEPEC,PRD,2491,20678,0,310,20988,26089,2491,No
2016,20,OAXACA,276,SAN MIGUEL SOYALTEPEC,PVEM,55,20678,0,310,20988,26089,55,No
2016,20,OAXACA,276,SAN MIGUEL SOYALTEPEC,PT,417,20678,0,310,20988,26089,417,No
2016,20,OAXACA,276,SAN MIGUEL SOYALTEPEC,MC,49,20678,0,310,20988,26089,49,No
2016,20,OAXACA,276,SAN MIGUEL SOYALTEPEC,PUP,282,20678,0,310,20988,26089,282,No
2016,20,OAXACA,276,SAN MIGUEL SOYALTEPEC,NUAL,44,20678,0,310,20988,26089,44,No
2016,20,OAXACA,276,SAN MIGUEL SOYALTEPEC,MORENA,545,20678,0,310,20988,26089,545,No
2016,20,OAXACA,276,SAN MIGUEL SOYALTEPEC,PAN_PRD,299,20678,0,310,20988,26089,7298,Sí
2016,20,OAXACA,276,SAN MIGUEL SOYALTEPEC,PRI_PVEM,80,20678,0,310,20988,26089,12043,Sí
2016,20,OAXACA,283,SAN MIGUEL TLACAMAMA,PAN,4,1973,0,85,2058,2527,4,No
2016,20,OAXACA,283,SAN MIGUEL TLACAMAMA,PRI,538,1973,0,85,2058,2527,538,No
2016,20,OAXACA,283,SAN MIGUEL TLACAMAMA,PRD,119,1973,0,85,2058,2527,119,No
2016,20,OAXACA,283,SAN MIGUEL TLACAMAMA,PVEM,14,1973,0,85,2058,2527,14,No
2016,20,OAXACA,283,SAN MIGUEL TLACAMAMA,PT,17,1973,0,85,2058,2527,17,No
2016,20,OAXACA,283,SAN MIGUEL TLACAMAMA,PUP,885,1973,0,85,2058,2527,885,No
2016,20,OAXACA,283,SAN MIGUEL TLACAMAMA,MORENA,375,1973,0,85,2058,2527,375,No
2016,20,OAXACA,283,SAN MIGUEL TLACAMAMA,PAN_PRD,4,1973,0,85,2058,2527,127,Sí
2016,20,OAXACA,283,SAN MIGUEL TLACAMAMA,PRI_PVEM,17,1973,0,85,2058,2527,569,Sí
2016,20,OAXACA,288,SAN NICOLAS HIDALGO,PAN,3,551,1,9,561,786,3,No
2016,20,OAXACA,288,SAN NICOLAS HIDALGO,PRI,118,551,1,9,561,786,118,No
2016,20,OAXACA,288,SAN NICOLAS HIDALGO,PRD,224,551,1,9,561,786,224,No
2016,20,OAXACA,288,SAN NICOLAS HIDALGO,PVEM,2,551,1,9,561,786,2,No
2016,20,OAXACA,288,SAN NICOLAS HIDALGO,PT,2,551,1,9,561,786,2,No
2016,20,OAXACA,288,SAN NICOLAS HIDALGO,MC,129,551,1,9,561,786,129,No
2016,20,OAXACA,288,SAN NICOLAS HIDALGO,MORENA,70,551,1,9,561,786,70,No
2016,20,OAXACA,288,SAN NICOLAS HIDALGO,PAN_PRD,1,551,1,9,561,786,228,Sí
2016,20,OAXACA,288,SAN NICOLAS HIDALGO,PRI_PVEM,2,551,1,9,561,786,122,Sí
2016,20,OAXACA,292,SAN PABLO HUITZO,PAN,448,3605,2,121,3728,5042,448,No
2016,20,OAXACA,292,SAN PABLO HUITZO,PRI,755,3605,2,121,3728,5042,755,No
2016,20,OAXACA,292,SAN PABLO HUITZO,PRD,425,3605,2,121,3728,5042,425,No
2016,20,OAXACA,292,SAN PABLO HUITZO,PVEM,183,3605,2,121,3728,5042,183,No
2016,20,OAXACA,292,SAN PABLO HUITZO,PT,99,3605,2,121,3728,5042,99,No
2016,20,OAXACA,292,SAN PABLO HUITZO,MC,2,3605,2,121,3728,5042,2,No
2016,20,OAXACA,292,SAN PABLO HUITZO,PUP,431,3605,2,121,3728,5042,431,No
2016,20,OAXACA,292,SAN PABLO HUITZO,NUAL,450,3605,2,121,3728,5042,450,No
2016,20,OAXACA,292,SAN PABLO HUITZO,PSD,11,3605,2,121,3728,5042,11,No
2016,20,OAXACA,292,SAN PABLO HUITZO,MORENA,329,3605,2,121,3728,5042,329,No
2016,20,OAXACA,292,SAN PABLO HUITZO,PRS,168,3605,2,121,3728,5042,168,No
2016,20,OAXACA,292,SAN PABLO HUITZO,PAN_PRD,44,3605,2,121,3728,5042,917,Sí
2016,20,OAXACA,292,SAN PABLO HUITZO,Candidatura Independiente,260,3605,2,121,3728,5042,260,No
2016,20,OAXACA,293,SAN PABLO HUIXTEPEC,PAN,356,4895,0,162,5057,7083,356,No
2016,20,OAXACA,293,SAN PABLO HUIXTEPEC,PRI,1686,4895,0,162,5057,7083,1686,No
2016,20,OAXACA,293,SAN PABLO HUIXTEPEC,PRD,64,4895,0,162,5057,7083,64,No
2016,20,OAXACA,293,SAN PABLO HUIXTEPEC,PVEM,73,4895,0,162,5057,7083,73,No
2016,20,OAXACA,293,SAN PABLO HUIXTEPEC,PT,1210,4895,0,162,5057,7083,1210,No
2016,20,OAXACA,293,SAN PABLO HUIXTEPEC,MC,18,4895,0,162,5057,7083,18,No
2016,20,OAXACA,293,SAN PABLO HUIXTEPEC,NUAL,148,4895,0,162,5057,7083,148,No
2016,20,OAXACA,293,SAN PABLO HUIXTEPEC,PSD,350,4895,0,162,5057,7083,350,No
2016,20,OAXACA,293,SAN PABLO HUIXTEPEC,MORENA,976,4895,0,162,5057,7083,976,No
2016,20,OAXACA,293,SAN PABLO HUIXTEPEC,PAN_PRD,14,4895,0,162,5057,7083,434,Sí
2016,20,OAXACA,293,SAN PABLO HUIXTEPEC,PRI_PVEM,0,4895,0,162,5057,7083,1759,Sí
2016,20,OAXACA,296,SAN PABLO VILLA DE MITLA,PAN,2173,5705,1,176,5882,8798,2173,No
2016,20,OAXACA,296,SAN PABLO VILLA DE MITLA,PRI,1695,5705,1,176,5882,8798,1695,No
2016,20,OAXACA,296,SAN PABLO VILLA DE MITLA,PRD,171,5705,1,176,5882,8798,171,No
2016,20,OAXACA,296,SAN PABLO VILLA DE MITLA,PVEM,631,5705,1,176,5882,8798,631,No
2016,20,OAXACA,296,SAN PABLO VILLA DE MITLA,PT,256,5705,1,176,5882,8798,256,No
2016,20,OAXACA,296,SAN PABLO VILLA DE MITLA,NUAL,44,5705,1,176,5882,8798,44,No
2016,20,OAXACA,296,SAN PABLO VILLA DE MITLA,PSD,34,5705,1,176,5882,8798,34,No
2016,20,OAXACA,296,SAN PABLO VILLA DE MITLA,MORENA,379,5705,1,176,5882,8798,379,No
2016,20,OAXACA,296,SAN PABLO VILLA DE MITLA,PAN_PRD,88,5705,1,176,5882,8798,2432,Sí
2016,20,OAXACA,296,SAN PABLO VILLA DE MITLA,PRI_PVEM,234,5705,1,176,5882,8798,2560,Sí
2016,20,OAXACA,298,SAN PEDRO AMUZGOS,PAN,2,3248,0,61,3309,4511,2,No
2016,20,OAXACA,298,SAN PEDRO AMUZGOS,PRI,1537,3248,0,61,3309,4511,1537,No
2016,20,OAXACA,298,SAN PEDRO AMUZGOS,PRD,1310,3248,0,61,3309,4511,1310,No
2016,20,OAXACA,298,SAN PEDRO AMUZGOS,PVEM,6,3248,0,61,3309,4511,6,No
2016,20,OAXACA,298,SAN PEDRO AMUZGOS,PT,11,3248,0,61,3309,4511,11,No
2016,20,OAXACA,298,SAN PEDRO AMUZGOS,PUP,14,3248,0,61,3309,4511,14,No
2016,20,OAXACA,298,SAN PEDRO AMUZGOS,PSD,69,3248,0,61,3309,4511,69,No
2016,20,OAXACA,298,SAN PEDRO AMUZGOS,MORENA,281,3248,0,61,3309,4511,281,No
2016,20,OAXACA,298,SAN PEDRO AMUZGOS,PAN_PRD,11,3248,0,61,3309,4511,1323,Sí
2016,20,OAXACA,298,SAN PEDRO AMUZGOS,PRI_PVEM,7,3248,0,61,3309,4511,1550,Sí
2016,20,OAXACA,300,SAN PEDRO ATOYAC,PAN,10,2156,1,52,2209,2852,10,No
2016,20,OAXACA,300,SAN PEDRO ATOYAC,PRI,917,2156,1,52,2209,2852,917,No
2016,20,OAXACA,300,SAN PEDRO ATOYAC,PRD,1169,2156,1,52,2209,2852,1169,No
2016,20,OAXACA,300,SAN PEDRO ATOYAC,PVEM,11,2156,1,52,2209,2852,11,No
2016,20,OAXACA,300,SAN PEDRO ATOYAC,PT,6,2156,1,52,2209,2852,6,No
2016,20,OAXACA,300,SAN PEDRO ATOYAC,PSD,5,2156,1,52,2209,2852,5,No
2016,20,OAXACA,300,SAN PEDRO ATOYAC,MORENA,19,2156,1,52,2209,2852,19,No
2016,20,OAXACA,300,SAN PEDRO ATOYAC,PAN_PRD,4,2156,1,52,2209,2852,1183,Sí
2016,20,OAXACA,300,SAN PEDRO ATOYAC,PRI_PVEM,15,2156,1,52,2209,2852,943,Sí
2016,20,OAXACA,303,SAN PEDRO COMITANCILLO,PAN,10,2676,0,51,2727,3373,10,No
2016,20,OAXACA,303,SAN PEDRO COMITANCILLO,PRI,987,2676,0,51,2727,3373,987,No
2016,20,OAXACA,303,SAN PEDRO COMITANCILLO,PRD,887,2676,0,51,2727,3373,887,No
2016,20,OAXACA,303,SAN PEDRO COMITANCILLO,PVEM,6,2676,0,51,2727,3373,6,No
2016,20,OAXACA,303,SAN PEDRO COMITANCILLO,PT,9,2676,0,51,2727,3373,9,No
2016,20,OAXACA,303,SAN PEDRO COMITANCILLO,MC,125,2676,0,51,2727,3373,125,No
2016,20,OAXACA,303,SAN PEDRO COMITANCILLO,MORENA,628,2676,0,51,2727,3373,628,No
2016,20,OAXACA,303,SAN PEDRO COMITANCILLO,PAN_PRD,14,2676,0,51,2727,3373,911,Sí
2016,20,OAXACA,303,SAN PEDRO COMITANCILLO,PRI_PVEM,10,2676,0,51,2727,3373,1003,Sí
2016,20,OAXACA,305,SAN PEDRO HUAMELULA,PAN,222,4781,0,187,4968,7072,222,No
2016,20,OAXACA,305,SAN PEDRO HUAMELULA,PRI,913,4781,0,187,4968,7072,913,No
2016,20,OAXACA,305,SAN PEDRO HUAMELULA,PRD,1216,4781,0,187,4968,7072,1216,No
2016,20,OAXACA,305,SAN PEDRO HUAMELULA,PVEM,15,4781,0,187,4968,7072,15,No
2016,20,OAXACA,305,SAN PEDRO HUAMELULA,PT,117,4781,0,187,4968,7072,117,No
2016,20,OAXACA,305,SAN PEDRO HUAMELULA,MC,4,4781,0,187,4968,7072,4,No
2016,20,OAXACA,305,SAN PEDRO HUAMELULA,PUP,75,4781,0,187,4968,7072,75,No
2016,20,OAXACA,305,SAN PEDRO HUAMELULA,NUAL,19,4781,0,187,4968,7072,19,No
2016,20,OAXACA,305,SAN PEDRO HUAMELULA,PSD,49,4781,0,187,4968,7072,49,No
2016,20,OAXACA,305,SAN PEDRO HUAMELULA,MORENA,486,4781,0,187,4968,7072,486,No
2016,20,OAXACA,305,SAN PEDRO HUAMELULA,PRS,1659,4781,0,187,4968,7072,1659,No
2016,20,OAXACA,305,SAN PEDRO HUAMELULA,PRI_PVEM,6,4781,0,187,4968,7072,934,Sí
2016,20,OAXACA,306,SAN PEDRO HUILOTEPEC,PAN,7,1637,0,34,1671,2213,7,No
2016,20,OAXACA,306,SAN PEDRO HUILOTEPEC,PRI,551,1637,0,34,1671,2213,551,No
2016,20,OAXACA,306,SAN PEDRO HUILOTEPEC,PRD,146,1637,0,34,1671,2213,146,No
2016,20,OAXACA,306,SAN PEDRO HUILOTEPEC,PVEM,7,1637,0,34,1671,2213,7,No
2016,20,OAXACA,306,SAN PEDRO HUILOTEPEC,PT,170,1637,0,34,1671,2213,170,No
2016,20,OAXACA,306,SAN PEDRO HUILOTEPEC,MC,0,1637,0,34,1671,2213,0,No
2016,20,OAXACA,306,SAN PEDRO HUILOTEPEC,PUP,404,1637,0,34,1671,2213,404,No
2016,20,OAXACA,306,SAN PEDRO HUILOTEPEC,NUAL,62,1637,0,34,1671,2213,62,No
2016,20,OAXACA,306,SAN PEDRO HUILOTEPEC,MORENA,243,1637,0,34,1671,2213,243,No
2016,20,OAXACA,306,SAN PEDRO HUILOTEPEC,PRS,37,1637,0,34,1671,2213,37,No
2016,20,OAXACA,306,SAN PEDRO HUILOTEPEC,PAN_PRD,4,1637,0,34,1671,2213,157,Sí
2016,20,OAXACA,306,SAN PEDRO HUILOTEPEC,PRI_PVEM,6,1637,0,34,1671,2213,564,Sí
2016,20,OAXACA,307,SAN PEDRO IXCATLAN,PAN,212,5915,0,201,6116,7409,212,No
2016,20,OAXACA,307,SAN PEDRO IXCATLAN,PRI,1795,5915,0,201,6116,7409,1795,No
2016,20,OAXACA,307,SAN PEDRO IXCATLAN,PRD,55,5915,0,201,6116,7409,55,No
2016,20,OAXACA,307,SAN PEDRO IXCATLAN,PVEM,15,5915,0,201,6116,7409,15,No
2016,20,OAXACA,307,SAN PEDRO IXCATLAN,PT,68,5915,0,201,6116,7409,68,No
2016,20,OAXACA,307,SAN PEDRO IXCATLAN,MC,1470,5915,0,201,6116,7409,1470,No
2016,20,OAXACA,307,SAN PEDRO IXCATLAN,NUAL,60,5915,0,201,6116,7409,60,No
2016,20,OAXACA,307,SAN PEDRO IXCATLAN,MORENA,2229,5915,0,201,6116,7409,2229,No
2016,20,OAXACA,307,SAN PEDRO IXCATLAN,PAN_PRD,5,5915,0,201,6116,7409,272,Sí
2016,20,OAXACA,307,SAN PEDRO IXCATLAN,PRI_PVEM,6,5915,0,201,6116,7409,1816,Sí
2016,20,OAXACA,310,SAN PEDRO JICAYAN,PAN,39,5190,4,172,5366,7426,39,No
2016,20,OAXACA,310,SAN PEDRO JICAYAN,PRI,1468,5190,4,172,5366,7426,1468,No
2016,20,OAXACA,310,SAN PEDRO JICAYAN,PRD,2285,5190,4,172,5366,7426,2285,No
2016,20,OAXACA,310,SAN PEDRO JICAYAN,PVEM,43,5190,4,172,5366,7426,43,No
2016,20,OAXACA,310,SAN PEDRO JICAYAN,PT,47,5190,4,172,5366,7426,47,No
2016,20,OAXACA,310,SAN PEDRO JICAYAN,PSD,87,5190,4,172,5366,7426,87,No
2016,20,OAXACA,310,SAN PEDRO JICAYAN,MORENA,1159,5190,4,172,5366,7426,1159,No
2016,20,OAXACA,310,SAN PEDRO JICAYAN,PAN_PRD,29,5190,4,172,5366,7426,2353,Sí
2016,20,OAXACA,310,SAN PEDRO JICAYAN,PRI_PVEM,33,5190,4,172,5366,7426,1544,Sí
2016,20,OAXACA,316,SAN PEDRO MIXTEPEC,PAN,3064,18299,5,520,18824,32893,3064,No
2016,20,OAXACA,316,SAN PEDRO MIXTEPEC,PRI,7349,18299,5,520,18824,32893,7349,No
2016,20,OAXACA,316,SAN PEDRO MIXTEPEC,PRD,2217,18299,5,520,18824,32893,2217,No
2016,20,OAXACA,316,SAN PEDRO MIXTEPEC,PVEM,484,18299,5,520,18824,32893,484,No
2016,20,OAXACA,316,SAN PEDRO MIXTEPEC,PT,2197,18299,5,520,18824,32893,2197,No
2016,20,OAXACA,316,SAN PEDRO MIXTEPEC,MC,56,18299,5,520,18824,32893,56,No
2016,20,OAXACA,316,SAN PEDRO MIXTEPEC,NUAL,97,18299,5,520,18824,32893,97,No
2016,20,OAXACA,316,SAN PEDRO MIXTEPEC,MORENA,1806,18299,5,520,18824,32893,1806,No
2016,20,OAXACA,316,SAN PEDRO MIXTEPEC,PRS,156,18299,5,520,18824,32893,156,No
2016,20,OAXACA,316,SAN PEDRO MIXTEPEC,PAN_PRD,540,18299,5,520,18824,32893,5821,Sí
2016,20,OAXACA,316,SAN PEDRO MIXTEPEC,PRI_PVEM,333,18299,5,520,18824,32893,8166,Sí
2016,20,OAXACA,322,SAN PEDRO POCHUTLA,PAN,313,19972,3,738,20713,31242,313,No
2016,20,OAXACA,322,SAN PEDRO POCHUTLA,PRI,2613,19972,3,738,20713,31242,2613,No
2016,20,OAXACA,322,SAN PEDRO POCHUTLA,PRD,2334,19972,3,738,20713,31242,2334,No
2016,20,OAXACA,322,SAN PEDRO POCHUTLA,PVEM,104,19972,3,738,20713,31242,104,No
2016,20,OAXACA,322,SAN PEDRO POCHUTLA,PT,8917,19972,3,738,20713,31242,8917,No
2016,20,OAXACA,322,SAN PEDRO POCHUTLA,MC,2326,19972,3,738,20713,31242,2326,No
2016,20,OAXACA,322,SAN PEDRO POCHUTLA,PUP,155,19972,3,738,20713,31242,155,No
2016,20,OAXACA,322,SAN PEDRO POCHUTLA,NUAL,694,19972,3,738,20713,31242,694,No
2016,20,OAXACA,322,SAN PEDRO POCHUTLA,PSD,992,19972,3,738,20713,31242,992,No
2016,20,OAXACA,322,SAN PEDRO POCHUTLA,MORENA,1229,19972,3,738,20713,31242,1229,No
2016,20,OAXACA,322,SAN PEDRO POCHUTLA,PRS,105,19972,3,738,20713,31242,105,No
2016,20,OAXACA,322,SAN PEDRO POCHUTLA,PAN_PRD,135,19972,3,738,20713,31242,2782,Sí
2016,20,OAXACA,322,SAN PEDRO POCHUTLA,PRI_PVEM,55,19972,3,738,20713,31242,2772,Sí
2016,20,OAXACA,325,SAN PEDRO TAPANATEPEC,PAN,2997,6997,0,110,7107,9737,2997,No
2016,20,OAXACA,325,SAN PEDRO TAPANATEPEC,PRI,3249,6997,0,110,7107,9737,3249,No
2016,20,OAXACA,325,SAN PEDRO TAPANATEPEC,PRD,78,6997,0,110,7107,9737,78,No
2016,20,OAXACA,325,SAN PEDRO TAPANATEPEC,PVEM,106,6997,0,110,7107,9737,106,No
2016,20,OAXACA,325,SAN PEDRO TAPANATEPEC,PT,68,6997,0,110,7107,9737,68,No
2016,20,OAXACA,325,SAN PEDRO TAPANATEPEC,PSD,12,6997,0,110,7107,9737,12,No
2016,20,OAXACA,325,SAN PEDRO TAPANATEPEC,MORENA,346,6997,0,110,7107,9737,346,No
2016,20,OAXACA,325,SAN PEDRO TAPANATEPEC,PRS,6,6997,0,110,7107,9737,6,No
2016,20,OAXACA,325,SAN PEDRO TAPANATEPEC,PAN_PRD,40,6997,0,110,7107,9737,3115,Sí
2016,20,OAXACA,325,SAN PEDRO TAPANATEPEC,PRI_PVEM,95,6997,0,110,7107,9737,3450,Sí
2016,20,OAXACA,332,VILLA DE TUTUTEPEC DE MELCHOR OCAMPO,PAN,297,18350,11,705,19066,32416,297,No
2016,20,OAXACA,332,VILLA DE TUTUTEPEC DE MELCHOR OCAMPO,PRI,4306,18350,11,705,19066,32416,4306,No
2016,20,OAXACA,332,VILLA DE TUTUTEPEC DE MELCHOR OCAMPO,PRD,1745,18350,11,705,19066,32416,1745,No
2016,20,OAXACA,332,VILLA DE TUTUTEPEC DE MELCHOR OCAMPO,PVEM,294,18350,11,705,19066,32416,294,No
2016,20,OAXACA,332,VILLA DE TUTUTEPEC DE MELCHOR OCAMPO,PT,236,18350,11,705,19066,32416,236,No
2016,20,OAXACA,332,VILLA DE TUTUTEPEC DE MELCHOR OCAMPO,MC,262,18350,11,705,19066,32416,262,No
2016,20,OAXACA,332,VILLA DE TUTUTEPEC DE MELCHOR OCAMPO,PUP,755,18350,11,705,19066,32416,755,No
2016,20,OAXACA,332,VILLA DE TUTUTEPEC DE MELCHOR OCAMPO,NUAL,4552,18350,11,705,19066,32416,4552,No
2016,20,OAXACA,332,VILLA DE TUTUTEPEC DE MELCHOR OCAMPO,MORENA,5233,18350,11,705,19066,32416,5233,No
2016,20,OAXACA,332,VILLA DE TUTUTEPEC DE MELCHOR OCAMPO,PAN_PRD,110,18350,11,705,19066,32416,2152,Sí
2016,20,OAXACA,332,VILLA DE TUTUTEPEC DE MELCHOR OCAMPO,PRI_PVEM,120,18350,11,705,19066,32416,4720,Sí
2016,20,OAXACA,332,VILLA DE TUTUTEPEC DE MELCHOR OCAMPO,Candidatura Independiente,440,18350,11,705,19066,32416,440,No
2016,20,OAXACA,334,SAN PEDRO Y SAN PABLO TEPOSCOLULA,PAN,43,2117,3,54,2174,3132,43,No
2016,20,OAXACA,334,SAN PEDRO Y SAN PABLO TEPOSCOLULA,PRI,770,2117,3,54,2174,3132,770,No
2016,20,OAXACA,334,SAN PEDRO Y SAN PABLO TEPOSCOLULA,PRD,123,2117,3,54,2174,3132,123,No
2016,20,OAXACA,334,SAN PEDRO Y SAN PABLO TEPOSCOLULA,PVEM,21,2117,3,54,2174,3132,21,No
2016,20,OAXACA,334,SAN PEDRO Y SAN PABLO TEPOSCOLULA,PT,13,2117,3,54,2174,3132,13,No
2016,20,OAXACA,334,SAN PEDRO Y SAN PABLO TEPOSCOLULA,MC,9,2117,3,54,2174,3132,9,No
2016,20,OAXACA,334,SAN PEDRO Y SAN PABLO TEPOSCOLULA,PUP,35,2117,3,54,2174,3132,35,No
2016,20,OAXACA,334,SAN PEDRO Y SAN PABLO TEPOSCOLULA,MORENA,1090,2117,3,54,2174,3132,1090,No
2016,20,OAXACA,334,SAN PEDRO Y SAN PABLO TEPOSCOLULA,PRI_PVEM,13,2117,3,54,2174,3132,804,Sí
2016,20,OAXACA,342,SAN SEBASTIAN IXCAPA,PAN,8,2224,0,52,2276,2980,8,No
2016,20,OAXACA,342,SAN SEBASTIAN IXCAPA,PRI,896,2224,0,52,2276,2980,896,No
2016,20,OAXACA,342,SAN SEBASTIAN IXCAPA,PRD,1067,2224,0,52,2276,2980,1067,No
2016,20,OAXACA,342,SAN SEBASTIAN IXCAPA,PVEM,13,2224,0,52,2276,2980,13,No
2016,20,OAXACA,342,SAN SEBASTIAN IXCAPA,PT,15,2224,0,52,2276,2980,15,No
2016,20,OAXACA,342,SAN SEBASTIAN IXCAPA,PSD,10,2224,0,52,2276,2980,10,No
2016,20,OAXACA,342,SAN SEBASTIAN IXCAPA,MORENA,191,2224,0,52,2276,2980,191,No
2016,20,OAXACA,342,SAN SEBASTIAN IXCAPA,PAN_PRD,12,2224,0,52,2276,2980,1087,Sí
2016,20,OAXACA,342,SAN SEBASTIAN IXCAPA,PRI_PVEM,12,2224,0,52,2276,2980,921,Sí
2016,20,OAXACA,360,SANTA ANA ZEGACHE,PAN,73,1950,0,66,2016,2916,73,No
2016,20,OAXACA,360,SANTA ANA ZEGACHE,PRI,891,1950,0,66,2016,2916,891,No
2016,20,OAXACA,360,SANTA ANA ZEGACHE,PRD,791,1950,0,66,2016,2916,791,No
2016,20,OAXACA,360,SANTA ANA ZEGACHE,PVEM,13,1950,0,66,2016,2916,13,No
2016,20,OAXACA,360,SANTA ANA ZEGACHE,PT,35,1950,0,66,2016,2916,35,No
2016,20,OAXACA,360,SANTA ANA ZEGACHE,MC,9,1950,0,66,2016,2916,9,No
2016,20,OAXACA,360,SANTA ANA ZEGACHE,MORENA,104,1950,0,66,2016,2916,104,No
2016,20,OAXACA,360,SANTA ANA ZEGACHE,PAN_PRD,17,1950,0,66,2016,2916,881,Sí
2016,20,OAXACA,360,SANTA ANA ZEGACHE,PRI_PVEM,17,1950,0,66,2016,2916,921,Sí
2016,20,OAXACA,364,SANTA CATARINA JUQUILA,PAN,0,7867,0,243,8110,10924,0,No
2016,20,OAXACA,364,SANTA CATARINA JUQUILA,PRI,1899,7867,0,243,8110,10924,1899,No
2016,20,OAXACA,364,SANTA CATARINA JUQUILA,PRD,115,7867,0,243,8110,10924,115,No
2016,20,OAXACA,364,SANTA CATARINA JUQUILA,PVEM,199,7867,0,243,8110,10924,199,No
2016,20,OAXACA,364,SANTA CATARINA JUQUILA,PT,3832,7867,0,243,8110,10924,3832,No
2016,20,OAXACA,364,SANTA CATARINA JUQUILA,MC,331,7867,0,243,8110,10924,331,No
2016,20,OAXACA,364,SANTA CATARINA JUQUILA,MORENA,1419,7867,0,243,8110,10924,1419,No
2016,20,OAXACA,364,SANTA CATARINA JUQUILA,PRI_PVEM,72,7867,0,243,8110,10924,2170,Sí
2016,20,OAXACA,376,SANTA CRUZ AMILPAS,PAN,560,5004,2,165,5171,8120,560,No
2016,20,OAXACA,376,SANTA CRUZ AMILPAS,PRI,551,5004,2,165,5171,8120,551,No
2016,20,OAXACA,376,SANTA CRUZ AMILPAS,PRD,91,5004,2,165,5171,8120,91,No
2016,20,OAXACA,376,SANTA CRUZ AMILPAS,PVEM,52,5004,2,165,5171,8120,52,No
2016,20,OAXACA,376,SANTA CRUZ AMILPAS,MC,1406,5004,2,165,5171,8120,1406,No
2016,20,OAXACA,376,SANTA CRUZ AMILPAS,PUP,1152,5004,2,165,5171,8120,1152,No
2016,20,OAXACA,376,SANTA CRUZ AMILPAS,NUAL,206,5004,2,165,5171,8120,206,No
2016,20,OAXACA,376,SANTA CRUZ AMILPAS,PSD,48,5004,2,165,5171,8120,48,No
2016,20,OAXACA,376,SANTA CRUZ AMILPAS,MORENA,462,5004,2,165,5171,8120,462,No
2016,20,OAXACA,376,SANTA CRUZ AMILPAS,PRS,460,5004,2,165,5171,8120,460,No
2016,20,OAXACA,376,SANTA CRUZ AMILPAS,PRI_PVEM,16,5004,2,165,5171,8120,619,Sí
2016,20,OAXACA,378,SANTA CRUZ ITUNDUJIA,PAN,82,5578,0,119,5697,7529,82,No
2016,20,OAXACA,378,SANTA CRUZ ITUNDUJIA,PRI,2889,5578,0,119,5697,7529,2889,No
2016,20,OAXACA,378,SANTA CRUZ ITUNDUJIA,PRD,2171,5578,0,119,5697,7529,2171,No
2016,20,OAXACA,378,SANTA CRUZ ITUNDUJIA,PVEM,153,5578,0,119,5697,7529,153,No
2016,20,OAXACA,378,SANTA CRUZ ITUNDUJIA,PT,28,5578,0,119,5697,7529,28,No
2016,20,OAXACA,378,SANTA CRUZ ITUNDUJIA,MORENA,201,5578,0,119,5697,7529,201,No
2016,20,OAXACA,378,SANTA CRUZ ITUNDUJIA,PAN_PRD,12,5578,0,119,5697,7529,2265,Sí
2016,20,OAXACA,378,SANTA CRUZ ITUNDUJIA,PRI_PVEM,42,5578,0,119,5697,7529,3084,Sí
2016,20,OAXACA,382,SANTA CRUZ TACACHE DE MINA,PAN,304,1346,0,30,1376,2051,304,No
2016,20,OAXACA,382,SANTA CRUZ TACACHE DE MINA,PRI,597,1346,0,30,1376,2051,597,No
2016,20,OAXACA,382,SANTA CRUZ TACACHE DE MINA,PRD,355,1346,0,30,1376,2051,355,No
2016,20,OAXACA,382,SANTA CRUZ TACACHE DE MINA,PVEM,10,1346,0,30,1376,2051,10,No
2016,20,OAXACA,382,SANTA CRUZ TACACHE DE MINA,PT,0,1346,0,30,1376,2051,0,No
2016,20,OAXACA,382,SANTA CRUZ TACACHE DE MINA,MC,1,1346,0,30,1376,2051,1,No
2016,20,OAXACA,382,SANTA CRUZ TACACHE DE MINA,MORENA,62,1346,0,30,1376,2051,62,No
2016,20,OAXACA,382,SANTA CRUZ TACACHE DE MINA,PAN_PRD,12,1346,0,30,1376,2051,671,Sí
2016,20,OAXACA,382,SANTA CRUZ TACACHE DE MINA,PRI_PVEM,5,1346,0,30,1376,2051,612,Sí
2016,20,OAXACA,386,SANTA CRUZ XOXOCOTLAN,PAN,1948,33295,50,1026,34371,61222,1948,No
2016,20,OAXACA,386,SANTA CRUZ XOXOCOTLAN,PRI,6617,33295,50,1026,34371,61222,6617,No
2016,20,OAXACA,386,SANTA CRUZ XOXOCOTLAN,PRD,7247,33295,50,1026,34371,61222,7247,No
2016,20,OAXACA,386,SANTA CRUZ XOXOCOTLAN,PVEM,367,33295,50,1026,34371,61222,367,No
2016,20,OAXACA,386,SANTA CRUZ XOXOCOTLAN,PT,4175,33295,50,1026,34371,61222,4175,No
2016,20,OAXACA,386,SANTA CRUZ XOXOCOTLAN,MC,182,33295,50,1026,34371,61222,182,No
2016,20,OAXACA,386,SANTA CRUZ XOXOCOTLAN,PUP,608,33295,50,1026,34371,61222,608,No
2016,20,OAXACA,386,SANTA CRUZ XOXOCOTLAN,NUAL,658,33295,50,1026,34371,61222,658,No
2016,20,OAXACA,386,SANTA CRUZ XOXOCOTLAN,PSD,1207,33295,50,1026,34371,61222,1207,No
2016,20,OAXACA,386,SANTA CRUZ XOXOCOTLAN,MORENA,6501,33295,50,1026,34371,61222,6501,No
2016,20,OAXACA,386,SANTA CRUZ XOXOCOTLAN,PRS,931,33295,50,1026,34371,61222,931,No
2016,20,OAXACA,386,SANTA CRUZ XOXOCOTLAN,PAN_PRD,491,33295,50,1026,34371,61222,9686,Sí
2016,20,OAXACA,386,SANTA CRUZ XOXOCOTLAN,PRI_PVEM,247,33295,50,1026,34371,61222,7231,Sí
2016,20,OAXACA,386,SANTA CRUZ XOXOCOTLAN,Candidatura Independiente,417,33295,50,1026,34371,61222,417,No
2016,20,OAXACA,386,SANTA CRUZ XOXOCOTLAN,Candidatura Independiente,1699,33295,50,1026,34371,61222,1699,No
2016,20,OAXACA,388,SANTA GERTRUDIS,PAN,134,1651,0,57,1708,2455,134,No
2016,20,OAXACA,388,SANTA GERTRUDIS,PRI,568,1651,0,57,1708,2455,568,No
2016,20,OAXACA,388,SANTA GERTRUDIS,PRD,512,1651,0,57,1708,2455,512,No
2016,20,OAXACA,388,SANTA GERTRUDIS,PVEM,17,1651,0,57,1708,2455,17,No
2016,20,OAXACA,388,SANTA GERTRUDIS,MORENA,369,1651,0,57,1708,2455,369,No
2016,20,OAXACA,388,SANTA GERTRUDIS,PAN_PRD,33,1651,0,57,1708,2455,679,Sí
2016,20,OAXACA,388,SANTA GERTRUDIS,PRI_PVEM,18,1651,0,57,1708,2455,603,Sí
2016,20,OAXACA,392,SANTA LUCIA DEL CAMINO,PAN,1213,21092,16,748,21856,38380,1213,No
2016,20,OAXACA,392,SANTA LUCIA DEL CAMINO,PRI,3382,21092,16,748,21856,38380,3382,No
2016,20,OAXACA,392,SANTA LUCIA DEL CAMINO,PRD,1826,21092,16,748,21856,38380,1826,No
2016,20,OAXACA,392,SANTA LUCIA DEL CAMINO,PVEM,293,21092,16,748,21856,38380,293,No
2016,20,OAXACA,392,SANTA LUCIA DEL CAMINO,PT,1028,21092,16,748,21856,38380,1028,No
2016,20,OAXACA,392,SANTA LUCIA DEL CAMINO,MC,793,21092,16,748,21856,38380,793,No
2016,20,OAXACA,392,SANTA LUCIA DEL CAMINO,PUP,1807,21092,16,748,21856,38380,1807,No
2016,20,OAXACA,392,SANTA LUCIA DEL CAMINO,NUAL,593,21092,16,748,21856,38380,593,No
2016,20,OAXACA,392,SANTA LUCIA DEL CAMINO,PSD,400,21092,16,748,21856,38380,400,No
2016,20,OAXACA,392,SANTA LUCIA DEL CAMINO,MORENA,3646,21092,16,748,21856,38380,3646,No
2016,20,OAXACA,392,SANTA LUCIA DEL CAMINO,PRS,2435,21092,16,748,21856,38380,2435,No
2016,20,OAXACA,392,SANTA LUCIA DEL CAMINO,PAN_PRD,135,21092,16,748,21856,38380,3174,Sí
2016,20,OAXACA,392,SANTA LUCIA DEL CAMINO,PRI_PVEM,97,21092,16,748,21856,38380,3772,Sí
2016,20,OAXACA,392,SANTA LUCIA DEL CAMINO,Candidatura Independiente,3444,21092,16,748,21856,38380,3444,No
2016,20,OAXACA,407,SANTA MARIA CORTIJO,PAN,1,719,0,18,737,950,1,No
2016,20,OAXACA,407,SANTA MARIA CORTIJO,PRI,167,719,0,18,737,950,167,No
2016,20,OAXACA,407,SANTA MARIA CORTIJO,PRD,1,719,0,18,737,950,1,No
2016,20,OAXACA,407,SANTA MARIA CORTIJO,PVEM,2,719,0,18,737,950,2,No
2016,20,OAXACA,407,SANTA MARIA CORTIJO,PT,332,719,0,18,737,950,332,No
2016,20,OAXACA,407,SANTA MARIA CORTIJO,MC,67,719,0,18,737,950,67,No
2016,20,OAXACA,407,SANTA MARIA CORTIJO,PUP,140,719,0,18,737,950,140,No
2016,20,OAXACA,407,SANTA MARIA CORTIJO,MORENA,8,719,0,18,737,950,8,No
2016,20,OAXACA,407,SANTA MARIA CORTIJO,PAN_PRD,0,719,0,18,737,950,2,Sí
2016,20,OAXACA,407,SANTA MARIA CORTIJO,PRI_PVEM,1,719,0,18,737,950,170,Sí
2016,20,OAXACA,414,SANTA MARIA HUATULCO,PAN,1280,18129,2,690,18821,30215,1280,No
2016,20,OAXACA,414,SANTA MARIA HUATULCO,PRI,1893,18129,2,690,18821,30215,1893,No
2016,20,OAXACA,414,SANTA MARIA HUATULCO,PRD,870,18129,2,690,18821,30215,870,No
2016,20,OAXACA,414,SANTA MARIA HUATULCO,PVEM,232,18129,2,690,18821,30215,232,No
2016,20,OAXACA,414,SANTA MARIA HUATULCO,PT,978,18129,2,690,18821,30215,978,No
2016,20,OAXACA,414,SANTA MARIA HUATULCO,MC,4742,18129,2,690,18821,30215,4742,No
2016,20,OAXACA,414,SANTA MARIA HUATULCO,PUP,162,18129,2,690,18821,30215,162,No
2016,20,OAXACA,414,SANTA MARIA HUATULCO,NUAL,3272,18129,2,690,18821,30215,3272,No
2016,20,OAXACA,414,SANTA MARIA HUATULCO,PSD,683,18129,2,690,18821,30215,683,No
2016,20,OAXACA,414,SANTA MARIA HUATULCO,MORENA,668,18129,2,690,18821,30215,668,No
2016,20,OAXACA,414,SANTA MARIA HUATULCO,PRS,2356,18129,2,690,18821,30215,2356,No
2016,20,OAXACA,414,SANTA MARIA HUATULCO,PAN_PRD,379,18129,2,690,18821,30215,2529,Sí
2016,20,OAXACA,414,SANTA MARIA HUATULCO,PRI_PVEM,177,18129,2,690,18821,30215,2302,Sí
2016,20,OAXACA,414,SANTA MARIA HUATULCO,Candidatura Independiente,437,18129,2,690,18821,30215,437,No
2016,20,OAXACA,415,SANTA MARIA HUAZOLOTITLAN,PAN,40,5628,0,139,5767,7945,40,No
2016,20,OAXACA,415,SANTA MARIA HUAZOLOTITLAN,PRI,2130,5628,0,139,5767,7945,2130,No
2016,20,OAXACA,415,SANTA MARIA HUAZOLOTITLAN,PRD,1980,5628,0,139,5767,7945,1980,No
2016,20,OAXACA,415,SANTA MARIA HUAZOLOTITLAN,PVEM,30,5628,0,139,5767,7945,30,No
2016,20,OAXACA,415,SANTA MARIA HUAZOLOTITLAN,PT,920,5628,0,139,5767,7945,920,No
2016,20,OAXACA,415,SANTA MARIA HUAZOLOTITLAN,NUAL,30,5628,0,139,5767,7945,30,No
2016,20,OAXACA,415,SANTA MARIA HUAZOLOTITLAN,MORENA,432,5628,0,139,5767,7945,432,No
2016,20,OAXACA,415,SANTA MARIA HUAZOLOTITLAN,PAN_PRD,28,5628,0,139,5767,7945,2048,Sí
2016,20,OAXACA,415,SANTA MARIA HUAZOLOTITLAN,PRI_PVEM,38,5628,0,139,5767,7945,2198,Sí
2016,20,OAXACA,416,SANTA MARIA IPALAPA,PAN,315,2466,0,127,2593,3575,315,No
2016,20,OAXACA,416,SANTA MARIA IPALAPA,PRI,77,2466,0,127,2593,3575,77,No
2016,20,OAXACA,416,SANTA MARIA IPALAPA,PRD,787,2466,0,127,2593,3575,787,No
2016,20,OAXACA,416,SANTA MARIA IPALAPA,PVEM,16,2466,0,127,2593,3575,16,No
2016,20,OAXACA,416,SANTA MARIA IPALAPA,PT,17,2466,0,127,2593,3575,17,No
2016,20,OAXACA,416,SANTA MARIA IPALAPA,PUP,1161,2466,0,127,2593,3575,1161,No
2016,20,OAXACA,416,SANTA MARIA IPALAPA,PSD,3,2466,0,127,2593,3575,3,No
2016,20,OAXACA,416,SANTA MARIA IPALAPA,MORENA,53,2466,0,127,2593,3575,53,No
2016,20,OAXACA,416,SANTA MARIA IPALAPA,PAN_PRD,37,2466,0,127,2593,3575,1139,Sí
2016,20,OAXACA,416,SANTA MARIA IPALAPA,PRI_PVEM,0,2466,0,127,2593,3575,93,Sí
2016,20,OAXACA,418,SANTA MARIA JACATEPEC,PAN,164,5244,0,150,5394,6935,164,No
2016,20,OAXACA,418,SANTA MARIA JACATEPEC,PRI,748,5244,0,150,5394,6935,748,No
2016,20,OAXACA,418,SANTA MARIA JACATEPEC,PRD,1601,5244,0,150,5394,6935,1601,No
2016,20,OAXACA,418,SANTA MARIA JACATEPEC,PVEM,10,5244,0,150,5394,6935,10,No
2016,20,OAXACA,418,SANTA MARIA JACATEPEC,PT,1416,5244,0,150,5394,6935,1416,No
2016,20,OAXACA,418,SANTA MARIA JACATEPEC,MC,10,5244,0,150,5394,6935,10,No
2016,20,OAXACA,418,SANTA MARIA JACATEPEC,NUAL,16,5244,0,150,5394,6935,16,No
2016,20,OAXACA,418,SANTA MARIA JACATEPEC,PSD,39,5244,0,150,5394,6935,39,No
2016,20,OAXACA,418,SANTA MARIA JACATEPEC,MORENA,242,5244,0,150,5394,6935,242,No
2016,20,OAXACA,418,SANTA MARIA JACATEPEC,PAN_PRD,100,5244,0,150,5394,6935,1865,Sí
2016,20,OAXACA,418,SANTA MARIA JACATEPEC,Candidatura Independiente,898,5244,0,150,5394,6935,898,No
2016,20,OAXACA,419,SANTA MARIA JALAPA DEL MARQUES,PAN,71,6407,2,112,6521,9018,71,No
2016,20,OAXACA,419,SANTA MARIA JALAPA DEL MARQUES,PRI,1568,6407,2,112,6521,9018,1568,No
2016,20,OAXACA,419,SANTA MARIA JALAPA DEL MARQUES,PRD,666,6407,2,112,6521,9018,666,No
2016,20,OAXACA,419,SANTA MARIA JALAPA DEL MARQUES,PVEM,49,6407,2,112,6521,9018,49,No
2016,20,OAXACA,419,SANTA MARIA JALAPA DEL MARQUES,PT,131,6407,2,112,6521,9018,131,No
2016,20,OAXACA,419,SANTA MARIA JALAPA DEL MARQUES,MC,4,6407,2,112,6521,9018,4,No
2016,20,OAXACA,419,SANTA MARIA JALAPA DEL MARQUES,PUP,49,6407,2,112,6521,9018,49,No
2016,20,OAXACA,419,SANTA MARIA JALAPA DEL MARQUES,NUAL,22,6407,2,112,6521,9018,22,No
2016,20,OAXACA,419,SANTA MARIA JALAPA DEL MARQUES,PSD,17,6407,2,112,6521,9018,17,No
2016,20,OAXACA,419,SANTA MARIA JALAPA DEL MARQUES,MORENA,2989,6407,2,112,6521,9018,2989,No
2016,20,OAXACA,419,SANTA MARIA JALAPA DEL MARQUES,PRS,54,6407,2,112,6521,9018,54,No
2016,20,OAXACA,419,SANTA MARIA JALAPA DEL MARQUES,PAN_PRD,39,6407,2,112,6521,9018,776,Sí
2016,20,OAXACA,419,SANTA MARIA JALAPA DEL MARQUES,PRI_PVEM,199,6407,2,112,6521,9018,1816,Sí
2016,20,OAXACA,419,SANTA MARIA JALAPA DEL MARQUES,Candidatura Independiente,549,6407,2,112,6521,9018,549,No
2016,20,OAXACA,422,SANTA MARIA MIXTEQUILLA,PAN,2,2623,0,39,2662,3423,2,No
2016,20,OAXACA,422,SANTA MARIA MIXTEQUILLA,PRI,218,2623,0,39,2662,3423,218,No
2016,20,OAXACA,422,SANTA MARIA MIXTEQUILLA,PRD,22,2623,0,39,2662,3423,22,No
2016,20,OAXACA,422,SANTA MARIA MIXTEQUILLA,PVEM,88,2623,0,39,2662,3423,88,No
2016,20,OAXACA,422,SANTA MARIA MIXTEQUILLA,PT,1623,2623,0,39,2662,3423,1623,No
2016,20,OAXACA,422,SANTA MARIA MIXTEQUILLA,MC,15,2623,0,39,2662,3423,15,No
2016,20,OAXACA,422,SANTA MARIA MIXTEQUILLA,PUP,22,2623,0,39,2662,3423,22,No
2016,20,OAXACA,422,SANTA MARIA MIXTEQUILLA,PSD,13,2623,0,39,2662,3423,13,No
2016,20,OAXACA,422,SANTA MARIA MIXTEQUILLA,MORENA,607,2623,0,39,2662,3423,607,No
2016,20,OAXACA,422,SANTA MARIA MIXTEQUILLA,PAN_PRD,4,2623,0,39,2662,3423,28,Sí
2016,20,OAXACA,422,SANTA MARIA MIXTEQUILLA,PRI_PVEM,9,2623,0,39,2662,3423,315,Sí
2016,20,OAXACA,427,SANTA MARIA PETAPA,PAN,226,6646,7,213,6866,11006,226,No
2016,20,OAXACA,427,SANTA MARIA PETAPA,PRI,2370,6646,7,213,6866,11006,2370,No
2016,20,OAXACA,427,SANTA MARIA PETAPA,PRD,570,6646,7,213,6866,11006,570,No
2016,20,OAXACA,427,SANTA MARIA PETAPA,PVEM,38,6646,7,213,6866,11006,38,No
2016,20,OAXACA,427,SANTA MARIA PETAPA,PT,2469,6646,7,213,6866,11006,2469,No
2016,20,OAXACA,427,SANTA MARIA PETAPA,MC,31,6646,7,213,6866,11006,31,No
2016,20,OAXACA,427,SANTA MARIA PETAPA,NUAL,62,6646,7,213,6866,11006,62,No
2016,20,OAXACA,427,SANTA MARIA PETAPA,PSD,31,6646,7,213,6866,11006,31,No
2016,20,OAXACA,427,SANTA MARIA PETAPA,MORENA,567,6646,7,213,6866,11006,567,No
2016,20,OAXACA,427,SANTA MARIA PETAPA,PRS,28,6646,7,213,6866,11006,28,No
2016,20,OAXACA,427,SANTA MARIA PETAPA,PAN_PRD,115,6646,7,213,6866,11006,911,Sí
2016,20,OAXACA,427,SANTA MARIA PETAPA,PRI_PVEM,139,6646,7,213,6866,11006,2547,Sí
2016,20,OAXACA,432,SANTA MARIA TECOMAVACA,PAN,2,1084,0,30,1114,1422,2,No
2016,20,OAXACA,432,SANTA MARIA TECOMAVACA,PRI,253,1084,0,30,1114,1422,253,No
2016,20,OAXACA,432,SANTA MARIA TECOMAVACA,PRD,16,1084,0,30,1114,1422,16,No
2016,20,OAXACA,432,SANTA MARIA TECOMAVACA,PVEM,74,1084,0,30,1114,1422,74,No
2016,20,OAXACA,432,SANTA MARIA TECOMAVACA,PT,2,1084,0,30,1114,1422,2,No
2016,20,OAXACA,432,SANTA MARIA TECOMAVACA,PUP,109,1084,0,30,1114,1422,109,No
2016,20,OAXACA,432,SANTA MARIA TECOMAVACA,NUAL,291,1084,0,30,1114,1422,291,No
2016,20,OAXACA,432,SANTA MARIA TECOMAVACA,MORENA,297,1084,0,30,1114,1422,297,No
2016,20,OAXACA,432,SANTA MARIA TECOMAVACA,PAN_PRD,0,1084,0,30,1114,1422,18,Sí
2016,20,OAXACA,432,SANTA MARIA TECOMAVACA,PRI_PVEM,40,1084,0,30,1114,1422,367,Sí
2016,20,OAXACA,435,SANTA MARIA TEOPOXCO,PAN,9,1874,0,87,1961,2889,9,No
2016,20,OAXACA,435,SANTA MARIA TEOPOXCO,PRI,1226,1874,0,87,1961,2889,1226,No
2016,20,OAXACA,435,SANTA MARIA TEOPOXCO,PRD,23,1874,0,87,1961,2889,23,No
2016,20,OAXACA,435,SANTA MARIA TEOPOXCO,PVEM,15,1874,0,87,1961,2889,15,No
2016,20,OAXACA,435,SANTA MARIA TEOPOXCO,PT,9,1874,0,87,1961,2889,9,No
2016,20,OAXACA,435,SANTA MARIA TEOPOXCO,NUAL,20,1874,0,87,1961,2889,20,No
2016,20,OAXACA,435,SANTA MARIA TEOPOXCO,MORENA,558,1874,0,87,1961,2889,558,No
2016,20,OAXACA,435,SANTA MARIA TEOPOXCO,PAN_PRD,1,1874,0,87,1961,2889,33,Sí
2016,20,OAXACA,435,SANTA MARIA TEOPOXCO,PRI_PVEM,13,1874,0,87,1961,2889,1254,Sí
2016,20,OAXACA,437,SANTA MARIA TEXCATITLAN,PAN,5,590,0,13,603,782,5,No
2016,20,OAXACA,437,SANTA MARIA TEXCATITLAN,PRI,283,590,0,13,603,782,283,No
2016,20,OAXACA,437,SANTA MARIA TEXCATITLAN,PRD,285,590,0,13,603,782,285,No
2016,20,OAXACA,437,SANTA MARIA TEXCATITLAN,PVEM,2,590,0,13,603,782,2,No
2016,20,OAXACA,437,SANTA MARIA TEXCATITLAN,PSD,5,590,0,13,603,782,5,No
2016,20,OAXACA,437,SANTA MARIA TEXCATITLAN,MORENA,5,590,0,13,603,782,5,No
2016,20,OAXACA,437,SANTA MARIA TEXCATITLAN,PAN_PRD,4,590,0,13,603,782,294,Sí
2016,20,OAXACA,437,SANTA MARIA TEXCATITLAN,PRI_PVEM,1,590,0,13,603,782,286,Sí
2016,20,OAXACA,440,SANTA MARIA TONAMECA,PAN,2312,10910,0,489,11399,17084,2312,No
2016,20,OAXACA,440,SANTA MARIA TONAMECA,PRI,1466,10910,0,489,11399,17084,1466,No
2016,20,OAXACA,440,SANTA MARIA TONAMECA,PRD,1242,10910,0,489,11399,17084,1242,No
2016,20,OAXACA,440,SANTA MARIA TONAMECA,PVEM,158,10910,0,489,11399,17084,158,No
2016,20,OAXACA,440,SANTA MARIA TONAMECA,PT,144,10910,0,489,11399,17084,144,No
2016,20,OAXACA,440,SANTA MARIA TONAMECA,MC,931,10910,0,489,11399,17084,931,No
2016,20,OAXACA,440,SANTA MARIA TONAMECA,NUAL,2218,10910,0,489,11399,17084,2218,No
2016,20,OAXACA,440,SANTA MARIA TONAMECA,PSD,281,10910,0,489,11399,17084,281,No
2016,20,OAXACA,440,SANTA MARIA TONAMECA,MORENA,1975,10910,0,489,11399,17084,1975,No
2016,20,OAXACA,440,SANTA MARIA TONAMECA,PRI_PVEM,59,10910,0,489,11399,17084,1683,Sí
2016,20,OAXACA,440,SANTA MARIA TONAMECA,Candidatura Independiente,124,10910,0,489,11399,17084,124,No
2016,20,OAXACA,442,SANTA MARIA XADANI,PAN,11,3844,0,8,3852,5705,11,No
2016,20,OAXACA,442,SANTA MARIA XADANI,PRI,739,3844,0,8,3852,5705,739,No
2016,20,OAXACA,442,SANTA MARIA XADANI,PRD,6,3844,0,8,3852,5705,6,No
2016,20,OAXACA,442,SANTA MARIA XADANI,PVEM,1094,3844,0,8,3852,5705,1094,No
2016,20,OAXACA,442,SANTA MARIA XADANI,PT,10,3844,0,8,3852,5705,10,No
2016,20,OAXACA,442,SANTA MARIA XADANI,MC,9,3844,0,8,3852,5705,9,No
2016,20,OAXACA,442,SANTA MARIA XADANI,PUP,69,3844,0,8,3852,5705,69,No
2016,20,OAXACA,442,SANTA MARIA XADANI,MORENA,8,3844,0,8,3852,5705,8,No
2016,20,OAXACA,442,SANTA MARIA XADANI,PRS,1875,3844,0,8,3852,5705,1875,No
2016,20,OAXACA,442,SANTA MARIA XADANI,PRI_PVEM,23,3844,0,8,3852,5705,1856,Sí
2016,20,OAXACA,448,SANTA MARIA ZACATEPEC,PAN,31,7326,5,248,7579,11642,31,No
2016,20,OAXACA,448,SANTA MARIA ZACATEPEC,PRI,2967,7326,5,248,7579,11642,2967,No
2016,20,OAXACA,448,SANTA MARIA ZACATEPEC,PRD,2198,7326,5,248,7579,11642,2198,No
2016,20,OAXACA,448,SANTA MARIA ZACATEPEC,PVEM,445,7326,5,248,7579,11642,445,No
2016,20,OAXACA,448,SANTA MARIA ZACATEPEC,PT,86,7326,5,248,7579,11642,86,No
2016,20,OAXACA,448,SANTA MARIA ZACATEPEC,PUP,300,7326,5,248,7579,11642,300,No
2016,20,OAXACA,448,SANTA MARIA ZACATEPEC,MORENA,1167,7326,5,248,7579,11642,1167,No
2016,20,OAXACA,448,SANTA MARIA ZACATEPEC,PAN_PRD,20,7326,5,248,7579,11642,2249,Sí
2016,20,OAXACA,448,SANTA MARIA ZACATEPEC,PRI_PVEM,112,7326,5,248,7579,11642,3524,Sí
2016,20,OAXACA,456,SANTIAGO AYUQUILILLA,PAN,491,1040,0,35,1075,1822,491,No
2016,20,OAXACA,456,SANTIAGO AYUQUILILLA,PRI,466,1040,0,35,1075,1822,466,No
2016,20,OAXACA,456,SANTIAGO AYUQUILILLA,PRD,30,1040,0,35,1075,1822,30,No
2016,20,OAXACA,456,SANTIAGO AYUQUILILLA,PVEM,6,1040,0,35,1075,1822,6,No
2016,20,OAXACA,456,SANTIAGO AYUQUILILLA,PT,5,1040,0,35,1075,1822,5,No
2016,20,OAXACA,456,SANTIAGO AYUQUILILLA,MC,0,1040,0,35,1075,1822,0,No
2016,20,OAXACA,456,SANTIAGO AYUQUILILLA,MORENA,23,1040,0,35,1075,1822,23,No
2016,20,OAXACA,456,SANTIAGO AYUQUILILLA,PAN_PRD,5,1040,0,35,1075,1822,526,Sí
2016,20,OAXACA,456,SANTIAGO AYUQUILILLA,PRI_PVEM,14,1040,0,35,1075,1822,486,Sí
2016,20,OAXACA,457,SANTIAGO CACALOXTEPEC,PAN,661,1198,0,21,1219,1563,661,No
2016,20,OAXACA,457,SANTIAGO CACALOXTEPEC,PRI,458,1198,0,21,1219,1563,458,No
2016,20,OAXACA,457,SANTIAGO CACALOXTEPEC,PRD,19,1198,0,21,1219,1563,19,No
2016,20,OAXACA,457,SANTIAGO CACALOXTEPEC,PVEM,8,1198,0,21,1219,1563,8,No
2016,20,OAXACA,457,SANTIAGO CACALOXTEPEC,PT,4,1198,0,21,1219,1563,4,No
2016,20,OAXACA,457,SANTIAGO CACALOXTEPEC,PSD,8,1198,0,21,1219,1563,8,No
2016,20,OAXACA,457,SANTIAGO CACALOXTEPEC,MORENA,27,1198,0,21,1219,1563,27,No
2016,20,OAXACA,457,SANTIAGO CACALOXTEPEC,PAN_PRD,12,1198,0,21,1219,1563,692,Sí
2016,20,OAXACA,457,SANTIAGO CACALOXTEPEC,PRI_PVEM,1,1198,0,21,1219,1563,467,Sí
2016,20,OAXACA,459,VILLA DE SANTIAGO CHAZUMBA,PAN,54,2292,0,42,2334,3313,54,No
2016,20,OAXACA,459,VILLA DE SANTIAGO CHAZUMBA,PRI,964,2292,0,42,2334,3313,964,No
2016,20,OAXACA,459,VILLA DE SANTIAGO CHAZUMBA,PRD,731,2292,0,42,2334,3313,731,No
2016,20,OAXACA,459,VILLA DE SANTIAGO CHAZUMBA,PVEM,21,2292,0,42,2334,3313,21,No
2016,20,OAXACA,459,VILLA DE SANTIAGO CHAZUMBA,PT,15,2292,0,42,2334,3313,15,No
2016,20,OAXACA,459,VILLA DE SANTIAGO CHAZUMBA,MC,8,2292,0,42,2334,3313,8,No
2016,20,OAXACA,459,VILLA DE SANTIAGO CHAZUMBA,PSD,25,2292,0,42,2334,3313,25,No
2016,20,OAXACA,459,VILLA DE SANTIAGO CHAZUMBA,MORENA,468,2292,0,42,2334,3313,468,No
2016,20,OAXACA,459,VILLA DE SANTIAGO CHAZUMBA,PAN_PRD,1,2292,0,42,2334,3313,786,Sí
2016,20,OAXACA,459,VILLA DE SANTIAGO CHAZUMBA,PRI_PVEM,5,2292,0,42,2334,3313,990,Sí
2016,20,OAXACA,463,SANTIAGO HUAJOLOTITLAN,PAN,602,2073,2,60,2135,3327,602,No
2016,20,OAXACA,463,SANTIAGO HUAJOLOTITLAN,PRI,703,2073,2,60,2135,3327,703,No
2016,20,OAXACA,463,SANTIAGO HUAJOLOTITLAN,PRD,443,2073,2,60,2135,3327,443,No
2016,20,OAXACA,463,SANTIAGO HUAJOLOTITLAN,PVEM,118,2073,2,60,2135,3327,118,No
2016,20,OAXACA,463,SANTIAGO HUAJOLOTITLAN,PT,7,2073,2,60,2135,3327,7,No
2016,20,OAXACA,463,SANTIAGO HUAJOLOTITLAN,MC,35,2073,2,60,2135,3327,35,No
2016,20,OAXACA,463,SANTIAGO HUAJOLOTITLAN,MORENA,136,2073,2,60,2135,3327,136,No
2016,20,OAXACA,463,SANTIAGO HUAJOLOTITLAN,PAN_PRD,29,2073,2,60,2135,3327,1074,Sí
2016,20,OAXACA,468,SANTIAGO JAMILTEPEC,PAN,80,9590,1,265,9856,13338,80,No
2016,20,OAXACA,468,SANTIAGO JAMILTEPEC,PRI,4706,9590,1,265,9856,13338,4706,No
2016,20,OAXACA,468,SANTIAGO JAMILTEPEC,PRD,924,9590,1,265,9856,13338,924,No
2016,20,OAXACA,468,SANTIAGO JAMILTEPEC,PVEM,98,9590,1,265,9856,13338,98,No
2016,20,OAXACA,468,SANTIAGO JAMILTEPEC,PT,193,9590,1,265,9856,13338,193,No
2016,20,OAXACA,468,SANTIAGO JAMILTEPEC,MC,82,9590,1,265,9856,13338,82,No
2016,20,OAXACA,468,SANTIAGO JAMILTEPEC,MORENA,3428,9590,1,265,9856,13338,3428,No
2016,20,OAXACA,468,SANTIAGO JAMILTEPEC,PAN_PRD,23,9590,1,265,9856,13338,1027,Sí
2016,20,OAXACA,468,SANTIAGO JAMILTEPEC,PRI_PVEM,56,9590,1,265,9856,13338,4860,Sí
2016,20,OAXACA,470,SANTIAGO JUXTLAHUACA,PAN,242,13291,0,534,13825,21915,242,No
2016,20,OAXACA,470,SANTIAGO JUXTLAHUACA,PRI,5204,13291,0,534,13825,21915,5204,No
2016,20,OAXACA,470,SANTIAGO JUXTLAHUACA,PRD,499,13291,0,534,13825,21915,499,No
2016,20,OAXACA,470,SANTIAGO JUXTLAHUACA,PVEM,185,13291,0,534,13825,21915,185,No
2016,20,OAXACA,470,SANTIAGO JUXTLAHUACA,PT,275,13291,0,534,13825,21915,275,No
2016,20,OAXACA,470,SANTIAGO JUXTLAHUACA,MC,94,13291,0,534,13825,21915,94,No
2016,20,OAXACA,470,SANTIAGO JUXTLAHUACA,PSD,355,13291,0,534,13825,21915,355,No
2016,20,OAXACA,470,SANTIAGO JUXTLAHUACA,MORENA,6376,13291,0,534,13825,21915,6376,No
2016,20,OAXACA,470,SANTIAGO JUXTLAHUACA,PRI_PVEM,61,13291,0,534,13825,21915,5450,Sí
2016,20,OAXACA,473,SANTIAGO LAOLLAGA,PAN,2,1858,1,33,1892,2657,2,No
2016,20,OAXACA,473,SANTIAGO LAOLLAGA,PRI,632,1858,1,33,1892,2657,632,No
2016,20,OAXACA,473,SANTIAGO LAOLLAGA,PRD,10,1858,1,33,1892,2657,10,No
2016,20,OAXACA,473,SANTIAGO LAOLLAGA,PVEM,120,1858,1,33,1892,2657,120,No
2016,20,OAXACA,473,SANTIAGO LAOLLAGA,PT,244,1858,1,33,1892,2657,244,No
2016,20,OAXACA,473,SANTIAGO LAOLLAGA,MC,40,1858,1,33,1892,2657,40,No
2016,20,OAXACA,473,SANTIAGO LAOLLAGA,NUAL,550,1858,1,33,1892,2657,550,No
2016,20,OAXACA,473,SANTIAGO LAOLLAGA,MORENA,239,1858,1,33,1892,2657,239,No
2016,20,OAXACA,473,SANTIAGO LAOLLAGA,PRS,0,1858,1,33,1892,2657,0,No
2016,20,OAXACA,473,SANTIAGO LAOLLAGA,PAN_PRD,0,1858,1,33,1892,2657,12,Sí
2016,20,OAXACA,473,SANTIAGO LAOLLAGA,PRI_PVEM,21,1858,1,33,1892,2657,773,Sí
2016,20,OAXACA,475,SANTIAGO LLANO GRANDE,PAN,4,1881,0,18,1899,2731,4,No
2016,20,OAXACA,475,SANTIAGO LLANO GRANDE,PRI,564,1881,0,18,1899,2731,564,No
2016,20,OAXACA,475,SANTIAGO LLANO GRANDE,PRD,20,1881,0,18,1899,2731,20,No
2016,20,OAXACA,475,SANTIAGO LLANO GRANDE,PVEM,3,1881,0,18,1899,2731,3,No
2016,20,OAXACA,475,SANTIAGO LLANO GRANDE,PT,1111,1881,0,18,1899,2731,1111,No
2016,20,OAXACA,475,SANTIAGO LLANO GRANDE,NUAL,4,1881,0,18,1899,2731,4,No
2016,20,OAXACA,475,SANTIAGO LLANO GRANDE,MORENA,172,1881,0,18,1899,2731,172,No
2016,20,OAXACA,475,SANTIAGO LLANO GRANDE,PAN_PRD,0,1881,0,18,1899,2731,24,Sí
2016,20,OAXACA,475,SANTIAGO LLANO GRANDE,PRI_PVEM,3,1881,0,18,1899,2731,570,Sí
2016,20,OAXACA,481,SANTIAGO NILTEPEC,PAN,15,3012,1,67,3080,4033,15,No
2016,20,OAXACA,481,SANTIAGO NILTEPEC,PRI,890,3012,1,67,3080,4033,890,No
2016,20,OAXACA,481,SANTIAGO NILTEPEC,PRD,923,3012,1,67,3080,4033,923,No
2016,20,OAXACA,481,SANTIAGO NILTEPEC,PVEM,4,3012,1,67,3080,4033,4,No
2016,20,OAXACA,481,SANTIAGO NILTEPEC,PT,888,3012,1,67,3080,4033,888,No
2016,20,OAXACA,481,SANTIAGO NILTEPEC,MC,1,3012,1,67,3080,4033,1,No
2016,20,OAXACA,481,SANTIAGO NILTEPEC,PSD,8,3012,1,67,3080,4033,8,No
2016,20,OAXACA,481,SANTIAGO NILTEPEC,MORENA,267,3012,1,67,3080,4033,267,No
2016,20,OAXACA,481,SANTIAGO NILTEPEC,PRS,2,3012,1,67,3080,4033,2,No
2016,20,OAXACA,481,SANTIAGO NILTEPEC,PAN_PRD,5,3012,1,67,3080,4033,943,Sí
2016,20,OAXACA,481,SANTIAGO NILTEPEC,PRI_PVEM,9,3012,1,67,3080,4033,903,Sí
2016,20,OAXACA,484,SANTIAGO PINOTEPA NACIONAL,PAN,420,21696,11,672,22379,36976,420,No
2016,20,OAXACA,484,SANTIAGO PINOTEPA NACIONAL,PRI,6782,21696,11,672,22379,36976,6782,No
2016,20,OAXACA,484,SANTIAGO PINOTEPA NACIONAL,PRD,10553,21696,11,672,22379,36976,10553,No
2016,20,OAXACA,484,SANTIAGO PINOTEPA NACIONAL,PVEM,144,21696,11,672,22379,36976,144,No
2016,20,OAXACA,484,SANTIAGO PINOTEPA NACIONAL,PT,878,21696,11,672,22379,36976,878,No
2016,20,OAXACA,484,SANTIAGO PINOTEPA NACIONAL,MC,185,21696,11,672,22379,36976,185,No
2016,20,OAXACA,484,SANTIAGO PINOTEPA NACIONAL,PUP,107,21696,11,672,22379,36976,107,No
2016,20,OAXACA,484,SANTIAGO PINOTEPA NACIONAL,NUAL,541,21696,11,672,22379,36976,541,No
2016,20,OAXACA,484,SANTIAGO PINOTEPA NACIONAL,PSD,122,21696,11,672,22379,36976,122,No
2016,20,OAXACA,484,SANTIAGO PINOTEPA NACIONAL,MORENA,1138,21696,11,672,22379,36976,1138,No
2016,20,OAXACA,484,SANTIAGO PINOTEPA NACIONAL,PRS,29,21696,11,672,22379,36976,29,No
2016,20,OAXACA,484,SANTIAGO PINOTEPA NACIONAL,PAN_PRD,369,21696,11,672,22379,36976,11342,Sí
2016,20,OAXACA,484,SANTIAGO PINOTEPA NACIONAL,PRI_PVEM,142,21696,11,672,22379,36976,7068,Sí
2016,20,OAXACA,484,SANTIAGO PINOTEPA NACIONAL,Candidatura Independiente,286,21696,11,672,22379,36976,286,No
2016,20,OAXACA,485,SANTIAGO SUCHILQUITONGO,PAN,117,4613,0,89,4702,7099,117,No
2016,20,OAXACA,485,SANTIAGO SUCHILQUITONGO,PRI,1553,4613,0,89,4702,7099,1553,No
2016,20,OAXACA,485,SANTIAGO SUCHILQUITONGO,PRD,1490,4613,0,89,4702,7099,1490,No
2016,20,OAXACA,485,SANTIAGO SUCHILQUITONGO,PVEM,38,4613,0,89,4702,7099,38,No
2016,20,OAXACA,485,SANTIAGO SUCHILQUITONGO,PT,703,4613,0,89,4702,7099,703,No
2016,20,OAXACA,485,SANTIAGO SUCHILQUITONGO,PUP,284,4613,0,89,4702,7099,284,No
2016,20,OAXACA,485,SANTIAGO SUCHILQUITONGO,PSD,27,4613,0,89,4702,7099,27,No
2016,20,OAXACA,485,SANTIAGO SUCHILQUITONGO,MORENA,313,4613,0,89,4702,7099,313,No
2016,20,OAXACA,485,SANTIAGO SUCHILQUITONGO,PAN_PRD,47,4613,0,89,4702,7099,1654,Sí
2016,20,OAXACA,485,SANTIAGO SUCHILQUITONGO,PRI_PVEM,41,4613,0,89,4702,7099,1632,Sí
2016,20,OAXACA,486,SANTIAGO TAMAZOLA,PAN,160,2001,0,41,2042,3083,160,No
2016,20,OAXACA,486,SANTIAGO TAMAZOLA,PRI,1081,2001,0,41,2042,3083,1081,No
2016,20,OAXACA,486,SANTIAGO TAMAZOLA,PRD,660,2001,0,41,2042,3083,660,No
2016,20,OAXACA,486,SANTIAGO TAMAZOLA,PVEM,2,2001,0,41,2042,3083,2,No
2016,20,OAXACA,486,SANTIAGO TAMAZOLA,PT,8,2001,0,41,2042,3083,8,No
2016,20,OAXACA,486,SANTIAGO TAMAZOLA,MC,4,2001,0,41,2042,3083,4,No
2016,20,OAXACA,486,SANTIAGO TAMAZOLA,PSD,17,2001,0,41,2042,3083,17,No
2016,20,OAXACA,486,SANTIAGO TAMAZOLA,MORENA,29,2001,0,41,2042,3083,29,No
2016,20,OAXACA,486,SANTIAGO TAMAZOLA,PAN_PRD,23,2001,0,41,2042,3083,843,Sí
2016,20,OAXACA,486,SANTIAGO TAMAZOLA,PRI_PVEM,17,2001,0,41,2042,3083,1100,Sí
2016,20,OAXACA,487,SANTIAGO TAPEXTLA,PAN,13,1499,0,60,1559,2190,13,No
2016,20,OAXACA,487,SANTIAGO TAPEXTLA,PRI,577,1499,0,60,1559,2190,577,No
2016,20,OAXACA,487,SANTIAGO TAPEXTLA,PRD,86,1499,0,60,1559,2190,86,No
2016,20,OAXACA,487,SANTIAGO TAPEXTLA,PVEM,19,1499,0,60,1559,2190,19,No
2016,20,OAXACA,487,SANTIAGO TAPEXTLA,PT,617,1499,0,60,1559,2190,617,No
2016,20,OAXACA,487,SANTIAGO TAPEXTLA,MORENA,168,1499,0,60,1559,2190,168,No
2016,20,OAXACA,487,SANTIAGO TAPEXTLA,PAN_PRD,5,1499,0,60,1559,2190,104,Sí
2016,20,OAXACA,487,SANTIAGO TAPEXTLA,PRI_PVEM,14,1499,0,60,1559,2190,610,Sí
2016,20,OAXACA,490,SANTIAGO TETEPEC,PAN,608,2446,0,57,2503,3284,608,No
2016,20,OAXACA,490,SANTIAGO TETEPEC,PRI,413,2446,0,57,2503,3284,413,No
2016,20,OAXACA,490,SANTIAGO TETEPEC,PRD,47,2446,0,57,2503,3284,47,No
2016,20,OAXACA,490,SANTIAGO TETEPEC,PVEM,16,2446,0,57,2503,3284,16,No
2016,20,OAXACA,490,SANTIAGO TETEPEC,PT,1111,2446,0,57,2503,3284,1111,No
2016,20,OAXACA,490,SANTIAGO TETEPEC,MORENA,229,2446,0,57,2503,3284,229,No
2016,20,OAXACA,490,SANTIAGO TETEPEC,PAN_PRD,18,2446,0,57,2503,3284,673,Sí
2016,20,OAXACA,490,SANTIAGO TETEPEC,PRI_PVEM,4,2446,0,57,2503,3284,433,Sí
2016,20,OAXACA,506,SANTO DOMINGO ARMENTA,PAN,64,1579,0,36,1615,2274,64,No
2016,20,OAXACA,506,SANTO DOMINGO ARMENTA,PRI,483,1579,0,36,1615,2274,483,No
2016,20,OAXACA,506,SANTO DOMINGO ARMENTA,PRD,799,1579,0,36,1615,2274,799,No
2016,20,OAXACA,506,SANTO DOMINGO ARMENTA,PVEM,4,1579,0,36,1615,2274,4,No
2016,20,OAXACA,506,SANTO DOMINGO ARMENTA,PT,116,1579,0,36,1615,2274,116,No
2016,20,OAXACA,506,SANTO DOMINGO ARMENTA,PSD,4,1579,0,36,1615,2274,4,No
2016,20,OAXACA,506,SANTO DOMINGO ARMENTA,MORENA,51,1579,0,36,1615,2274,51,No
2016,20,OAXACA,506,SANTO DOMINGO ARMENTA,PAN_PRD,41,1579,0,36,1615,2274,904,Sí
2016,20,OAXACA,506,SANTO DOMINGO ARMENTA,PRI_PVEM,17,1579,0,36,1615,2274,504,Sí
2016,20,OAXACA,507,SANTO DOMINGO CHIHUITAN,PAN,1,990,0,16,1006,1248,1,No
2016,20,OAXACA,507,SANTO DOMINGO CHIHUITAN,PRI,384,990,0,16,1006,1248,384,No
2016,20,OAXACA,507,SANTO DOMINGO CHIHUITAN,PRD,7,990,0,16,1006,1248,7,No
2016,20,OAXACA,507,SANTO DOMINGO CHIHUITAN,PVEM,0,990,0,16,1006,1248,0,No
2016,20,OAXACA,507,SANTO DOMINGO CHIHUITAN,PT,512,990,0,16,1006,1248,512,No
2016,20,OAXACA,507,SANTO DOMINGO CHIHUITAN,MORENA,86,990,0,16,1006,1248,86,No
2016,20,OAXACA,507,SANTO DOMINGO CHIHUITAN,PAN_PRD,0,990,0,16,1006,1248,8,Sí
2016,20,OAXACA,507,SANTO DOMINGO CHIHUITAN,PRI_PVEM,0,990,0,16,1006,1248,384,Sí
2016,20,OAXACA,509,SANTO DOMINGO INGENIO,PAN,867,4537,0,167,4704,6365,867,No
2016,20,OAXACA,509,SANTO DOMINGO INGENIO,PRI,1680,4537,0,167,4704,6365,1680,No
2016,20,OAXACA,509,SANTO DOMINGO INGENIO,PRD,124,4537,0,167,4704,6365,124,No
2016,20,OAXACA,509,SANTO DOMINGO INGENIO,PVEM,30,4537,0,167,4704,6365,30,No
2016,20,OAXACA,509,SANTO DOMINGO INGENIO,PT,51,4537,0,167,4704,6365,51,No
2016,20,OAXACA,509,SANTO DOMINGO INGENIO,NUAL,1492,4537,0,167,4704,6365,1492,No
2016,20,OAXACA,509,SANTO DOMINGO INGENIO,MORENA,224,4537,0,167,4704,6365,224,No
2016,20,OAXACA,509,SANTO DOMINGO INGENIO,PAN_PRD,44,4537,0,167,4704,6365,1035,Sí
2016,20,OAXACA,509,SANTO DOMINGO INGENIO,PRI_PVEM,25,4537,0,167,4704,6365,1735,Sí
2016,20,OAXACA,513,SANTO DOMINGO PETAPA,PAN,9,4445,1,33,4479,6059,9,No
2016,20,OAXACA,513,SANTO DOMINGO PETAPA,PRI,1666,4445,1,33,4479,6059,1666,No
2016,20,OAXACA,513,SANTO DOMINGO PETAPA,PRD,406,4445,1,33,4479,6059,406,No
2016,20,OAXACA,513,SANTO DOMINGO PETAPA,PVEM,10,4445,1,33,4479,6059,10,No
2016,20,OAXACA,513,SANTO DOMINGO PETAPA,PT,52,4445,1,33,4479,6059,52,No
2016,20,OAXACA,513,SANTO DOMINGO PETAPA,MC,1,4445,1,33,4479,6059,1,No
2016,20,OAXACA,513,SANTO DOMINGO PETAPA,NUAL,1171,4445,1,33,4479,6059,1171,No
2016,20,OAXACA,513,SANTO DOMINGO PETAPA,PSD,44,4445,1,33,4479,6059,44,No
2016,20,OAXACA,513,SANTO DOMINGO PETAPA,MORENA,1018,4445,1,33,4479,6059,1018,No
2016,20,OAXACA,513,SANTO DOMINGO PETAPA,PRS,63,4445,1,33,4479,6059,63,No
2016,20,OAXACA,513,SANTO DOMINGO PETAPA,PAN_PRD,4,4445,1,33,4479,6059,419,Sí
2016,20,OAXACA,513,SANTO DOMINGO PETAPA,PRI_PVEM,1,4445,1,33,4479,6059,1677,Sí
2016,20,OAXACA,515,SANTO DOMINGO TEHUANTEPEC,PAN,1202,28181,4,846,29031,46588,1202,No
2016,20,OAXACA,515,SANTO DOMINGO TEHUANTEPEC,PRI,4908,28181,4,846,29031,46588,4908,No
2016,20,OAXACA,515,SANTO DOMINGO TEHUANTEPEC,PRD,6863,28181,4,846,29031,46588,6863,No
2016,20,OAXACA,515,SANTO DOMINGO TEHUANTEPEC,PVEM,386,28181,4,846,29031,46588,386,No
2016,20,OAXACA,515,SANTO DOMINGO TEHUANTEPEC,PT,6033,28181,4,846,29031,46588,6033,No
2016,20,OAXACA,515,SANTO DOMINGO TEHUANTEPEC,MC,65,28181,4,846,29031,46588,65,No
2016,20,OAXACA,515,SANTO DOMINGO TEHUANTEPEC,PUP,966,28181,4,846,29031,46588,966,No
2016,20,OAXACA,515,SANTO DOMINGO TEHUANTEPEC,NUAL,99,28181,4,846,29031,46588,99,No
2016,20,OAXACA,515,SANTO DOMINGO TEHUANTEPEC,PSD,343,28181,4,846,29031,46588,343,No
2016,20,OAXACA,515,SANTO DOMINGO TEHUANTEPEC,MORENA,6452,28181,4,846,29031,46588,6452,No
2016,20,OAXACA,515,SANTO DOMINGO TEHUANTEPEC,PRS,81,28181,4,846,29031,46588,81,No
2016,20,OAXACA,515,SANTO DOMINGO TEHUANTEPEC,PAN_PRD,310,28181,4,846,29031,46588,8375,Sí
2016,20,OAXACA,515,SANTO DOMINGO TEHUANTEPEC,PRI_PVEM,68,28181,4,846,29031,46588,5362,Sí
2016,20,OAXACA,515,SANTO DOMINGO TEHUANTEPEC,Candidatura Independiente,405,28181,4,846,29031,46588,405,No
2016,20,OAXACA,520,SANTO DOMINGO TONALA,PAN,28,3130,7,113,3250,5908,28,No
2016,20,OAXACA,520,SANTO DOMINGO TONALA,PRI,836,3130,7,113,3250,5908,836,No
2016,20,OAXACA,520,SANTO DOMINGO TONALA,PRD,1124,3130,7,113,3250,5908,1124,No
2016,20,OAXACA,520,SANTO DOMINGO TONALA,PVEM,11,3130,7,113,3250,5908,11,No
2016,20,OAXACA,520,SANTO DOMINGO TONALA,PT,789,3130,7,113,3250,5908,789,No
2016,20,OAXACA,520,SANTO DOMINGO TONALA,MC,3,3130,7,113,3250,5908,3,No
2016,20,OAXACA,520,SANTO DOMINGO TONALA,MORENA,37,3130,7,113,3250,5908,37,No
2016,20,OAXACA,520,SANTO DOMINGO TONALA,PAN_PRD,14,3130,7,113,3250,5908,1166,Sí
2016,20,OAXACA,520,SANTO DOMINGO TONALA,PRI_PVEM,7,3130,7,113,3250,5908,854,Sí
2016,20,OAXACA,520,SANTO DOMINGO TONALA,Candidatura Independiente,228,3130,7,113,3250,5908,228,No
2016,20,OAXACA,520,SANTO DOMINGO TONALA,Candidatura Independiente,53,3130,7,113,3250,5908,53,No
2016,20,OAXACA,525,SANTO DOMINGO ZANATEPEC,PAN,25,5674,0,173,5847,8202,25,No
2016,20,OAXACA,525,SANTO DOMINGO ZANATEPEC,PRI,865,5674,0,173,5847,8202,865,No
2016,20,OAXACA,525,SANTO DOMINGO ZANATEPEC,PRD,431,5674,0,173,5847,8202,431,No
2016,20,OAXACA,525,SANTO DOMINGO ZANATEPEC,PVEM,591,5674,0,173,5847,8202,591,No
2016,20,OAXACA,525,SANTO DOMINGO ZANATEPEC,MC,829,5674,0,173,5847,8202,829,No
2016,20,OAXACA,525,SANTO DOMINGO ZANATEPEC,PUP,17,5674,0,173,5847,8202,17,No
2016,20,OAXACA,525,SANTO DOMINGO ZANATEPEC,NUAL,2536,5674,0,173,5847,8202,2536,No
2016,20,OAXACA,525,SANTO DOMINGO ZANATEPEC,PSD,164,5674,0,173,5847,8202,164,No
2016,20,OAXACA,525,SANTO DOMINGO ZANATEPEC,MORENA,147,5674,0,173,5847,8202,147,No
2016,20,OAXACA,525,SANTO DOMINGO ZANATEPEC,ES,13,5674,0,173,5847,8202,13,No
2016,20,OAXACA,525,SANTO DOMINGO ZANATEPEC,PRS,45,5674,0,173,5847,8202,45,No
2016,20,OAXACA,525,SANTO DOMINGO ZANATEPEC,PAN_PRD,11,5674,0,173,5847,8202,467,Sí
2016,20,OAXACA,534,SILACAYOAPAM,PAN,39,3018,0,110,3128,5508,39,No
2016,20,OAXACA,534,SILACAYOAPAM,PRI,1285,3018,0,110,3128,5508,1285,No
2016,20,OAXACA,534,SILACAYOAPAM,PRD,1326,3018,0,110,3128,5508,1326,No
2016,20,OAXACA,534,SILACAYOAPAM,PVEM,19,3018,0,110,3128,5508,19,No
2016,20,OAXACA,534,SILACAYOAPAM,PT,100,3018,0,110,3128,5508,100,No
2016,20,OAXACA,534,SILACAYOAPAM,MC,9,3018,0,110,3128,5508,9,No
2016,20,OAXACA,534,SILACAYOAPAM,MORENA,212,3018,0,110,3128,5508,212,No
2016,20,OAXACA,534,SILACAYOAPAM,PAN_PRD,12,3018,0,110,3128,5508,1377,Sí
2016,20,OAXACA,534,SILACAYOAPAM,PRI_PVEM,16,3018,0,110,3128,5508,1320,Sí
2016,20,OAXACA,536,VILLA SOLA DE VEGA,PAN,596,5089,1,349,5439,8736,596,No
2016,20,OAXACA,536,VILLA SOLA DE VEGA,PRI,1049,5089,1,349,5439,8736,1049,No
2016,20,OAXACA,536,VILLA SOLA DE VEGA,PRD,230,5089,1,349,5439,8736,230,No
2016,20,OAXACA,536,VILLA SOLA DE VEGA,PVEM,72,5089,1,349,5439,8736,72,No
2016,20,OAXACA,536,VILLA SOLA DE VEGA,PT,980,5089,1,349,5439,8736,980,No
2016,20,OAXACA,536,VILLA SOLA DE VEGA,NUAL,1651,5089,1,349,5439,8736,1651,No
2016,20,OAXACA,536,VILLA SOLA DE VEGA,PSD,50,5089,1,349,5439,8736,50,No
2016,20,OAXACA,536,VILLA SOLA DE VEGA,MORENA,416,5089,1,349,5439,8736,416,No
2016,20,OAXACA,536,VILLA SOLA DE VEGA,PAN_PRD,30,5089,1,349,5439,8736,856,Sí
2016,20,OAXACA,536,VILLA SOLA DE VEGA,PRI_PVEM,15,5089,1,349,5439,8736,1136,Sí
2016,20,OAXACA,537,SOLEDAD ETLA,PAN,22,2745,0,66,2811,4022,22,No
2016,20,OAXACA,537,SOLEDAD ETLA,PRI,720,2745,0,66,2811,4022,720,No
2016,20,OAXACA,537,SOLEDAD ETLA,PRD,164,2745,0,66,2811,4022,164,No
2016,20,OAXACA,537,SOLEDAD ETLA,PVEM,124,2745,0,66,2811,4022,124,No
2016,20,OAXACA,537,SOLEDAD ETLA,PT,590,2745,0,66,2811,4022,590,No
2016,20,OAXACA,537,SOLEDAD ETLA,MC,156,2745,0,66,2811,4022,156,No
2016,20,OAXACA,537,SOLEDAD ETLA,PUP,20,2745,0,66,2811,4022,20,No
2016,20,OAXACA,537,SOLEDAD ETLA,NUAL,6,2745,0,66,2811,4022,6,No
2016,20,OAXACA,537,SOLEDAD ETLA,PSD,834,2745,0,66,2811,4022,834,No
2016,20,OAXACA,537,SOLEDAD ETLA,MORENA,101,2745,0,66,2811,4022,101,No
2016,20,OAXACA,537,SOLEDAD ETLA,PRS,7,2745,0,66,2811,4022,7,No
2016,20,OAXACA,537,SOLEDAD ETLA,PAN_PRD,1,2745,0,66,2811,4022,187,Sí
2016,20,OAXACA,539,VILLA DE TAMAZULAPAM DEL PROGRESO,PAN,9,3481,3,92,3576,5382,9,No
2016,20,OAXACA,539,VILLA DE TAMAZULAPAM DEL PROGRESO,PRI,878,3481,3,92,3576,5382,878,No
2016,20,OAXACA,539,VILLA DE TAMAZULAPAM DEL PROGRESO,PRD,38,3481,3,92,3576,5382,38,No
2016,20,OAXACA,539,VILLA DE TAMAZULAPAM DEL PROGRESO,PVEM,15,3481,3,92,3576,5382,15,No
2016,20,OAXACA,539,VILLA DE TAMAZULAPAM DEL PROGRESO,PT,1589,3481,3,92,3576,5382,1589,No
2016,20,OAXACA,539,VILLA DE TAMAZULAPAM DEL PROGRESO,MC,276,3481,3,92,3576,5382,276,No
2016,20,OAXACA,539,VILLA DE TAMAZULAPAM DEL PROGRESO,PUP,58,3481,3,92,3576,5382,58,No
2016,20,OAXACA,539,VILLA DE TAMAZULAPAM DEL PROGRESO,NUAL,261,3481,3,92,3576,5382,261,No
2016,20,OAXACA,539,VILLA DE TAMAZULAPAM DEL PROGRESO,MORENA,347,3481,3,92,3576,5382,347,No
2016,20,OAXACA,539,VILLA DE TAMAZULAPAM DEL PROGRESO,PAN_PRD,0,3481,3,92,3576,5382,47,Sí
2016,20,OAXACA,539,VILLA DE TAMAZULAPAM DEL PROGRESO,PRI_PVEM,10,3481,3,92,3576,5382,903,Sí
2016,20,OAXACA,543,VILLA TEJUPAM DE LA UNION,PAN,21,1257,0,37,1294,1774,21,No
2016,20,OAXACA,543,VILLA TEJUPAM DE LA UNION,PRI,372,1257,0,37,1294,1774,372,No
2016,20,OAXACA,543,VILLA TEJUPAM DE LA UNION,PRD,377,1257,0,37,1294,1774,377,No
2016,20,OAXACA,543,VILLA TEJUPAM DE LA UNION,PVEM,15,1257,0,37,1294,1774,15,No
2016,20,OAXACA,543,VILLA TEJUPAM DE LA UNION,PT,8,1257,0,37,1294,1774,8,No
2016,20,OAXACA,543,VILLA TEJUPAM DE LA UNION,PSD,148,1257,0,37,1294,1774,148,No
2016,20,OAXACA,543,VILLA TEJUPAM DE LA UNION,MORENA,297,1257,0,37,1294,1774,297,No
2016,20,OAXACA,543,VILLA TEJUPAM DE LA UNION,PAN_PRD,11,1257,0,37,1294,1774,409,Sí
2016,20,OAXACA,543,VILLA TEJUPAM DE LA UNION,PRI_PVEM,8,1257,0,37,1294,1774,395,Sí
2016,20,OAXACA,545,TEOTITLAN DE FLORES MAGON,PAN,112,4665,0,147,4812,6850,112,No
2016,20,OAXACA,545,TEOTITLAN DE FLORES MAGON,PRI,882,4665,0,147,4812,6850,882,No
2016,20,OAXACA,545,TEOTITLAN DE FLORES MAGON,PRD,1971,4665,0,147,4812,6850,1971,No
2016,20,OAXACA,545,TEOTITLAN DE FLORES MAGON,PVEM,31,4665,0,147,4812,6850,31,No
2016,20,OAXACA,545,TEOTITLAN DE FLORES MAGON,PT,56,4665,0,147,4812,6850,56,No
2016,20,OAXACA,545,TEOTITLAN DE FLORES MAGON,MC,13,4665,0,147,4812,6850,13,No
2016,20,OAXACA,545,TEOTITLAN DE FLORES MAGON,NUAL,1162,4665,0,147,4812,6850,1162,No
2016,20,OAXACA,545,TEOTITLAN DE FLORES MAGON,PSD,21,4665,0,147,4812,6850,21,No
2016,20,OAXACA,545,TEOTITLAN DE FLORES MAGON,MORENA,353,4665,0,147,4812,6850,353,No
2016,20,OAXACA,545,TEOTITLAN DE FLORES MAGON,PAN_PRD,46,4665,0,147,4812,6850,2129,Sí
2016,20,OAXACA,545,TEOTITLAN DE FLORES MAGON,PRI_PVEM,18,4665,0,147,4812,6850,931,Sí
2016,20,OAXACA,549,"HEROICA VILLA TEZOATLAN DE SEGURA Y LUNA, CUNA DE LA INDEPENDENCIA DE OAXACA",PAN,511,4436,2,218,4656,9283,511,No
2016,20,OAXACA,549,"HEROICA VILLA TEZOATLAN DE SEGURA Y LUNA, CUNA DE LA INDEPENDENCIA DE OAXACA",PRI,1286,4436,2,218,4656,9283,1286,No
2016,20,OAXACA,549,"HEROICA VILLA TEZOATLAN DE SEGURA Y LUNA, CUNA DE LA INDEPENDENCIA DE OAXACA",PRD,1106,4436,2,218,4656,9283,1106,No
2016,20,OAXACA,549,"HEROICA VILLA TEZOATLAN DE SEGURA Y LUNA, CUNA DE LA INDEPENDENCIA DE OAXACA",PVEM,40,4436,2,218,4656,9283,40,No
2016,20,OAXACA,549,"HEROICA VILLA TEZOATLAN DE SEGURA Y LUNA, CUNA DE LA INDEPENDENCIA DE OAXACA",PT,1135,4436,2,218,4656,9283,1135,No
2016,20,OAXACA,549,"HEROICA VILLA TEZOATLAN DE SEGURA Y LUNA, CUNA DE LA INDEPENDENCIA DE OAXACA",MORENA,343,4436,2,218,4656,9283,343,No
2016,20,OAXACA,549,"HEROICA VILLA TEZOATLAN DE SEGURA Y LUNA, CUNA DE LA INDEPENDENCIA DE OAXACA",PRI_PVEM,15,4436,2,218,4656,9283,1341,Sí
2016,20,OAXACA,550,TLACOLULA DE MATAMOROS,PAN,1673,9104,6,222,9332,17259,1673,No
2016,20,OAXACA,550,TLACOLULA DE MATAMOROS,PRI,2163,9104,6,222,9332,17259,2163,No
2016,20,OAXACA,550,TLACOLULA DE MATAMOROS,PRD,1101,9104,6,222,9332,17259,1101,No
2016,20,OAXACA,550,TLACOLULA DE MATAMOROS,PVEM,195,9104,6,222,9332,17259,195,No
2016,20,OAXACA,550,TLACOLULA DE MATAMOROS,PT,114,9104,6,222,9332,17259,114,No
2016,20,OAXACA,550,TLACOLULA DE MATAMOROS,MC,2673,9104,6,222,9332,17259,2673,No
2016,20,OAXACA,550,TLACOLULA DE MATAMOROS,NUAL,99,9104,6,222,9332,17259,99,No
2016,20,OAXACA,550,TLACOLULA DE MATAMOROS,PSD,67,9104,6,222,9332,17259,67,No
2016,20,OAXACA,550,TLACOLULA DE MATAMOROS,MORENA,760,9104,6,222,9332,17259,760,No
2016,20,OAXACA,550,TLACOLULA DE MATAMOROS,PAN_PRD,164,9104,6,222,9332,17259,2938,Sí
2016,20,OAXACA,550,TLACOLULA DE MATAMOROS,PRI_PVEM,95,9104,6,222,9332,17259,2453,Sí
2016,20,OAXACA,553,HEROICA CIUDAD DE TLAXIACO,PAN,178,15925,1,461,16387,28358,178,No
2016,20,OAXACA,553,HEROICA CIUDAD DE TLAXIACO,PRI,2305,15925,1,461,16387,28358,2305,No
2016,20,OAXACA,553,HEROICA CIUDAD DE TLAXIACO,PRD,2004,15925,1,461,16387,28358,2004,No
2016,20,OAXACA,553,HEROICA CIUDAD DE TLAXIACO,PVEM,189,15925,1,461,16387,28358,189,No
2016,20,OAXACA,553,HEROICA CIUDAD DE TLAXIACO,PT,1566,15925,1,461,16387,28358,1566,No
2016,20,OAXACA,553,HEROICA CIUDAD DE TLAXIACO,MC,521,15925,1,461,16387,28358,521,No
2016,20,OAXACA,553,HEROICA CIUDAD DE TLAXIACO,PUP,4970,15925,1,461,16387,28358,4970,No
2016,20,OAXACA,553,HEROICA CIUDAD DE TLAXIACO,NUAL,871,15925,1,461,16387,28358,871,No
2016,20,OAXACA,553,HEROICA CIUDAD DE TLAXIACO,PSD,676,15925,1,461,16387,28358,676,No
2016,20,OAXACA,553,HEROICA CIUDAD DE TLAXIACO,MORENA,2501,15925,1,461,16387,28358,2501,No
2016,20,OAXACA,553,HEROICA CIUDAD DE TLAXIACO,PAN_PRD,72,15925,1,461,16387,28358,2254,Sí
2016,20,OAXACA,553,HEROICA CIUDAD DE TLAXIACO,PRI_PVEM,72,15925,1,461,16387,28358,2566,Sí
2016,20,OAXACA,555,TRINIDAD ZAACHILA,PAN,30,1508,0,63,1571,2274,30,No
2016,20,OAXACA,555,TRINIDAD ZAACHILA,PRI,117,1508,0,63,1571,2274,117,No
2016,20,OAXACA,555,TRINIDAD ZAACHILA,PRD,624,1508,0,63,1571,2274,624,No
2016,20,OAXACA,555,TRINIDAD ZAACHILA,PVEM,15,1508,0,63,1571,2274,15,No
2016,20,OAXACA,555,TRINIDAD ZAACHILA,PSD,148,1508,0,63,1571,2274,148,No
2016,20,OAXACA,555,TRINIDAD ZAACHILA,MORENA,558,1508,0,63,1571,2274,558,No
2016,20,OAXACA,555,TRINIDAD ZAACHILA,PAN_PRD,16,1508,0,63,1571,2274,670,Sí
2016,20,OAXACA,557,UNION HIDALGO,PAN,210,7678,1,194,7873,10499,210,No
2016,20,OAXACA,557,UNION HIDALGO,PRI,1932,7678,1,194,7873,10499,1932,No
2016,20,OAXACA,557,UNION HIDALGO,PRD,1420,7678,1,194,7873,10499,1420,No
2016,20,OAXACA,557,UNION HIDALGO,PVEM,82,7678,1,194,7873,10499,82,No
2016,20,OAXACA,557,UNION HIDALGO,PT,2480,7678,1,194,7873,10499,2480,No
2016,20,OAXACA,557,UNION HIDALGO,MC,2,7678,1,194,7873,10499,2,No
2016,20,OAXACA,557,UNION HIDALGO,NUAL,40,7678,1,194,7873,10499,40,No
2016,20,OAXACA,557,UNION HIDALGO,PSD,15,7678,1,194,7873,10499,15,No
2016,20,OAXACA,557,UNION HIDALGO,MORENA,414,7678,1,194,7873,10499,414,No
2016,20,OAXACA,557,UNION HIDALGO,PRS,376,7678,1,194,7873,10499,376,No
2016,20,OAXACA,557,UNION HIDALGO,PAN_PRD,127,7678,1,194,7873,10499,1757,Sí
2016,20,OAXACA,557,UNION HIDALGO,PRI_PVEM,165,7678,1,194,7873,10499,2179,Sí
2016,20,OAXACA,557,UNION HIDALGO,Candidatura Independiente,415,7678,1,194,7873,10499,415,No
2016,20,OAXACA,558,VALERIO TRUJANO,PAN,7,964,0,17,981,1242,7,No
2016,20,OAXACA,558,VALERIO TRUJANO,PRI,28,964,0,17,981,1242,28,No
2016,20,OAXACA,558,VALERIO TRUJANO,PRD,152,964,0,17,981,1242,152,No
2016,20,OAXACA,558,VALERIO TRUJANO,PVEM,155,964,0,17,981,1242,155,No
2016,20,OAXACA,558,VALERIO TRUJANO,PT,51,964,0,17,981,1242,51,No
2016,20,OAXACA,558,VALERIO TRUJANO,MC,0,964,0,17,981,1242,0,No
2016,20,OAXACA,558,VALERIO TRUJANO,PUP,147,964,0,17,981,1242,147,No
2016,20,OAXACA,558,VALERIO TRUJANO,NUAL,57,964,0,17,981,1242,57,No
2016,20,OAXACA,558,VALERIO TRUJANO,PSD,95,964,0,17,981,1242,95,No
2016,20,OAXACA,558,VALERIO TRUJANO,MORENA,162,964,0,17,981,1242,162,No
2016,20,OAXACA,558,VALERIO TRUJANO,PRS,98,964,0,17,981,1242,98,No
2016,20,OAXACA,558,VALERIO TRUJANO,PAN_PRD,3,964,0,17,981,1242,162,Sí
2016,20,OAXACA,558,VALERIO TRUJANO,PRI_PVEM,9,964,0,17,981,1242,192,Sí
2016,20,OAXACA,560,VILLA DE ETLA,PAN,134,4654,5,149,4808,7733,134,No
2016,20,OAXACA,560,VILLA DE ETLA,PRI,905,4654,5,149,4808,7733,905,No
2016,20,OAXACA,560,VILLA DE ETLA,PRD,954,4654,5,149,4808,7733,954,No
2016,20,OAXACA,560,VILLA DE ETLA,PVEM,45,4654,5,149,4808,7733,45,No
2016,20,OAXACA,560,VILLA DE ETLA,PT,131,4654,5,149,4808,7733,131,No
2016,20,OAXACA,560,VILLA DE ETLA,MC,1397,4654,5,149,4808,7733,1397,No
2016,20,OAXACA,560,VILLA DE ETLA,NUAL,153,4654,5,149,4808,7733,153,No
2016,20,OAXACA,560,VILLA DE ETLA,PSD,241,4654,5,149,4808,7733,241,No
2016,20,OAXACA,560,VILLA DE ETLA,MORENA,476,4654,5,149,4808,7733,476,No
2016,20,OAXACA,560,VILLA DE ETLA,PAN_PRD,40,4654,5,149,4808,7733,1128,Sí
2016,20,OAXACA,560,VILLA DE ETLA,PRI_PVEM,20,4654,5,149,4808,7733,970,Sí
2016,20,OAXACA,560,VILLA DE ETLA,Candidatura Independiente,158,4654,5,149,4808,7733,158,No
2016,20,OAXACA,566,VILLA DE ZAACHILA,PAN,221,13669,3,523,14195,25813,221,No
2016,20,OAXACA,566,VILLA DE ZAACHILA,PRI,3349,13669,3,523,14195,25813,3349,No
2016,20,OAXACA,566,VILLA DE ZAACHILA,PRD,2880,13669,3,523,14195,25813,2880,No
2016,20,OAXACA,566,VILLA DE ZAACHILA,PVEM,711,13669,3,523,14195,25813,711,No
2016,20,OAXACA,566,VILLA DE ZAACHILA,PT,216,13669,3,523,14195,25813,216,No
2016,20,OAXACA,566,VILLA DE ZAACHILA,MC,62,13669,3,523,14195,25813,62,No
2016,20,OAXACA,566,VILLA DE ZAACHILA,NUAL,1148,13669,3,523,14195,25813,1148,No
2016,20,OAXACA,566,VILLA DE ZAACHILA,PSD,785,13669,3,523,14195,25813,785,No
2016,20,OAXACA,566,VILLA DE ZAACHILA,MORENA,3425,13669,3,523,14195,25813,3425,No
2016,20,OAXACA,566,VILLA DE ZAACHILA,ES,588,13669,3,523,14195,25813,588,No
2016,20,OAXACA,566,VILLA DE ZAACHILA,PRS,208,13669,3,523,14195,25813,208,No
2016,20,OAXACA,566,VILLA DE ZAACHILA,PAN_PRD,76,13669,3,523,14195,25813,3177,Sí
2016,20,OAXACA,568,ZAPOTITLAN LAGUNAS,PAN,124,1372,0,54,1426,2309,124,No
2016,20,OAXACA,568,ZAPOTITLAN LAGUNAS,PRI,435,1372,0,54,1426,2309,435,No
2016,20,OAXACA,568,ZAPOTITLAN LAGUNAS,PRD,19,1372,0,54,1426,2309,19,No
2016,20,OAXACA,568,ZAPOTITLAN LAGUNAS,PVEM,11,1372,0,54,1426,2309,11,No
2016,20,OAXACA,568,ZAPOTITLAN LAGUNAS,PT,667,1372,0,54,1426,2309,667,No
2016,20,OAXACA,568,ZAPOTITLAN LAGUNAS,MC,51,1372,0,54,1426,2309,51,No
2016,20,OAXACA,568,ZAPOTITLAN LAGUNAS,MORENA,51,1372,0,54,1426,2309,51,No
2016,20,OAXACA,568,ZAPOTITLAN LAGUNAS,PAN_PRD,5,1372,0,54,1426,2309,148,Sí
2016,20,OAXACA,568,ZAPOTITLAN LAGUNAS,PRI_PVEM,9,1372,0,54,1426,2309,455,Sí
2016,20,OAXACA,570,ZIMATLAN DE ALVAREZ,PAN,1998,9594,1,411,10006,14752,1998,No
2016,20,OAXACA,570,ZIMATLAN DE ALVAREZ,PRI,1985,9594,1,411,10006,14752,1985,No
2016,20,OAXACA,570,ZIMATLAN DE ALVAREZ,PRD,648,9594,1,411,10006,14752,648,No
2016,20,OAXACA,570,ZIMATLAN DE ALVAREZ,PVEM,872,9594,1,411,10006,14752,872,No
2016,20,OAXACA,570,ZIMATLAN DE ALVAREZ,PT,437,9594,1,411,10006,14752,437,No
2016,20,OAXACA,570,ZIMATLAN DE ALVAREZ,MC,681,9594,1,411,10006,14752,681,No
2016,20,OAXACA,570,ZIMATLAN DE ALVAREZ,PUP,64,9594,1,411,10006,14752,64,No
2016,20,OAXACA,570,ZIMATLAN DE ALVAREZ,NUAL,553,9594,1,411,10006,14752,553,No
2016,20,OAXACA,570,ZIMATLAN DE ALVAREZ,PSD,53,9594,1,411,10006,14752,53,No
2016,20,OAXACA,570,ZIMATLAN DE ALVAREZ,MORENA,967,9594,1,411,10006,14752,967,No
2016,20,OAXACA,570,ZIMATLAN DE ALVAREZ,PAN_PRD,249,9594,1,411,10006,14752,2895,Sí
2016,20,OAXACA,570,ZIMATLAN DE ALVAREZ,Candidatura Independiente,355,9594,1,411,10006,14752,355,No
2016,20,OAXACA,570,ZIMATLAN DE ALVAREZ,Candidatura Independiente,732,9594,1,411,10006,14752,732,No
2016,23,QUINTANA ROO,1,BENITO JUÁREZ,PAN,38540,237233,463,8479,246175,520173,38540,No
2016,23,QUINTANA ROO,1,BENITO JUÁREZ,PRI,36901,237233,463,8479,246175,520173,36901,No
2016,23,QUINTANA ROO,1,BENITO JUÁREZ,PRD,13641,237233,463,8479,246175,520173,13641,No
2016,23,QUINTANA ROO,1,BENITO JUÁREZ,PVEM,49999,237233,463,8479,246175,520173,49999,No
2016,23,QUINTANA ROO,1,BENITO JUÁREZ,PT,4270,237233,463,8479,246175,520173,4270,No
2016,23,QUINTANA ROO,1,BENITO JUÁREZ,MC,5682,237233,463,8479,246175,520173,5682,No
2016,23,QUINTANA ROO,1,BENITO JUÁREZ,NUAL,3140,237233,463,8479,246175,520173,3140,No
2016,23,QUINTANA ROO,1,BENITO JUÁREZ,MORENA,28917,237233,463,8479,246175,520173,28917,No
2016,23,QUINTANA ROO,1,BENITO JUÁREZ,ES,39408,237233,463,8479,246175,520173,39408,No
2016,23,QUINTANA ROO,1,BENITO JUÁREZ,PAN_PRD,5163,237233,463,8479,246175,520173,57344,Sí
2016,23,QUINTANA ROO,1,BENITO JUÁREZ,PRI_PVEM_NUAL,1073,237233,463,8479,246175,520173,91113,Sí
2016,23,QUINTANA ROO,1,BENITO JUÁREZ,PRI_PVEM,5395,237233,463,8479,246175,520173,92295,Sí
2016,23,QUINTANA ROO,1,BENITO JUÁREZ,PRI_NUAL,123,237233,463,8479,246175,520173,40164,Sí
2016,23,QUINTANA ROO,1,BENITO JUÁREZ,PVEM_NUAL,73,237233,463,8479,246175,520173,53212,Sí
2016,23,QUINTANA ROO,1,BENITO JUÁREZ,Candidatura Independiente,4908,237233,463,8479,246175,520173,4908,No
2016,23,QUINTANA ROO,2,COZUMEL,PAN,20235,38916,11,797,39724,63872,20235,No
2016,23,QUINTANA ROO,2,COZUMEL,PRI,13139,38916,11,797,39724,63872,13139,No
2016,23,QUINTANA ROO,2,COZUMEL,PRD,641,38916,11,797,39724,63872,641,No
2016,23,QUINTANA ROO,2,COZUMEL,PVEM,765,38916,11,797,39724,63872,765,No
2016,23,QUINTANA ROO,2,COZUMEL,PT,140,38916,11,797,39724,63872,140,No
2016,23,QUINTANA ROO,2,COZUMEL,MC,193,38916,11,797,39724,63872,193,No
2016,23,QUINTANA ROO,2,COZUMEL,NUAL,192,38916,11,797,39724,63872,192,No
2016,23,QUINTANA ROO,2,COZUMEL,MORENA,943,38916,11,797,39724,63872,943,No
2016,23,QUINTANA ROO,2,COZUMEL,ES,289,38916,11,797,39724,63872,289,No
2016,23,QUINTANA ROO,2,COZUMEL,PAN_PRD,1808,38916,11,797,39724,63872,22684,Sí
2016,23,QUINTANA ROO,2,COZUMEL,PRI_PVEM_NUAL,109,38916,11,797,39724,63872,14205,Sí
2016,23,QUINTANA ROO,2,COZUMEL,PRI_PVEM,449,38916,11,797,39724,63872,14353,Sí
2016,23,QUINTANA ROO,2,COZUMEL,PRI_NUAL,8,38916,11,797,39724,63872,13339,Sí
2016,23,QUINTANA ROO,2,COZUMEL,PVEM_NUAL,5,38916,11,797,39724,63872,962,Sí
2016,23,QUINTANA ROO,3,FELIPE CARRILLO PUERTO,PAN,3167,32506,4,1502,34012,48700,3167,No
2016,23,QUINTANA ROO,3,FELIPE CARRILLO PUERTO,PRI,13177,32506,4,1502,34012,48700,13177,No
2016,23,QUINTANA ROO,3,FELIPE CARRILLO PUERTO,PRD,5892,32506,4,1502,34012,48700,5892,No
2016,23,QUINTANA ROO,3,FELIPE CARRILLO PUERTO,PVEM,661,32506,4,1502,34012,48700,661,No
2016,23,QUINTANA ROO,3,FELIPE CARRILLO PUERTO,PT,437,32506,4,1502,34012,48700,437,No
2016,23,QUINTANA ROO,3,FELIPE CARRILLO PUERTO,MC,232,32506,4,1502,34012,48700,232,No
2016,23,QUINTANA ROO,3,FELIPE CARRILLO PUERTO,NUAL,600,32506,4,1502,34012,48700,600,No
2016,23,QUINTANA ROO,3,FELIPE CARRILLO PUERTO,MORENA,2216,32506,4,1502,34012,48700,2216,No
2016,23,QUINTANA ROO,3,FELIPE CARRILLO PUERTO,ES,3367,32506,4,1502,34012,48700,3367,No
2016,23,QUINTANA ROO,3,FELIPE CARRILLO PUERTO,PAN_PRD,2092,32506,4,1502,34012,48700,11151,Sí
2016,23,QUINTANA ROO,3,FELIPE CARRILLO PUERTO,PRI_PVEM_NUAL,170,32506,4,1502,34012,48700,14608,Sí
2016,23,QUINTANA ROO,3,FELIPE CARRILLO PUERTO,PRI_PVEM,465,32506,4,1502,34012,48700,14303,Sí
2016,23,QUINTANA ROO,3,FELIPE CARRILLO PUERTO,PRI_NUAL,26,32506,4,1502,34012,48700,13803,Sí
2016,23,QUINTANA ROO,3,FELIPE CARRILLO PUERTO,PVEM_NUAL,4,32506,4,1502,34012,48700,1265,Sí
2016,23,QUINTANA ROO,4,ISLA MUJERES,PAN,3782,9606,0,177,9783,16921,3782,No
2016,23,QUINTANA ROO,4,ISLA MUJERES,PRI,3992,9606,0,177,9783,16921,3992,No
2016,23,QUINTANA ROO,4,ISLA MUJERES,PRD,139,9606,0,177,9783,16921,139,No
2016,23,QUINTANA ROO,4,ISLA MUJERES,PVEM,321,9606,0,177,9783,16921,321,No
2016,23,QUINTANA ROO,4,ISLA MUJERES,PT,60,9606,0,177,9783,16921,60,No
2016,23,QUINTANA ROO,4,ISLA MUJERES,MC,60,9606,0,177,9783,16921,60,No
2016,23,QUINTANA ROO,4,ISLA MUJERES,NUAL,108,9606,0,177,9783,16921,108,No
2016,23,QUINTANA ROO,4,ISLA MUJERES,MORENA,544,9606,0,177,9783,16921,544,No
2016,23,QUINTANA ROO,4,ISLA MUJERES,ES,98,9606,0,177,9783,16921,98,No
2016,23,QUINTANA ROO,4,ISLA MUJERES,PAN_PRD,331,9606,0,177,9783,16921,4252,Sí
2016,23,QUINTANA ROO,4,ISLA MUJERES,PRI_PVEM_NUAL,36,9606,0,177,9783,16921,4457,Sí
2016,23,QUINTANA ROO,4,ISLA MUJERES,PRI_PVEM,134,9606,0,177,9783,16921,4447,Sí
2016,23,QUINTANA ROO,4,ISLA MUJERES,PRI_NUAL,1,9606,0,177,9783,16921,4101,Sí
2016,23,QUINTANA ROO,4,ISLA MUJERES,PVEM_NUAL,0,9606,0,177,9783,16921,429,Sí
2016,23,QUINTANA ROO,5,JOSÉ MARÍA MORELOS,PAN,612,18460,4,764,19228,24212,612,No
2016,23,QUINTANA ROO,5,JOSÉ MARÍA MORELOS,PRI,6776,18460,4,764,19228,24212,6776,No
2016,23,QUINTANA ROO,5,JOSÉ MARÍA MORELOS,PRD,2009,18460,4,764,19228,24212,2009,No
2016,23,QUINTANA ROO,5,JOSÉ MARÍA MORELOS,PVEM,322,18460,4,764,19228,24212,322,No
2016,23,QUINTANA ROO,5,JOSÉ MARÍA MORELOS,PT,139,18460,4,764,19228,24212,139,No
2016,23,QUINTANA ROO,5,JOSÉ MARÍA MORELOS,MC,107,18460,4,764,19228,24212,107,No
2016,23,QUINTANA ROO,5,JOSÉ MARÍA MORELOS,NUAL,207,18460,4,764,19228,24212,207,No
2016,23,QUINTANA ROO,5,JOSÉ MARÍA MORELOS,MORENA,169,18460,4,764,19228,24212,169,No
2016,23,QUINTANA ROO,5,JOSÉ MARÍA MORELOS,ES,3772,18460,4,764,19228,24212,3772,No
2016,23,QUINTANA ROO,5,JOSÉ MARÍA MORELOS,PAN_PRD,320,18460,4,764,19228,24212,2941,Sí
2016,23,QUINTANA ROO,5,JOSÉ MARÍA MORELOS,PRI_PVEM_NUAL,227,18460,4,764,19228,24212,7532,Sí
2016,23,QUINTANA ROO,5,JOSÉ MARÍA MORELOS,PRI_PVEM,159,18460,4,764,19228,24212,7257,Sí
2016,23,QUINTANA ROO,5,JOSÉ MARÍA MORELOS,PRI_NUAL,11,18460,4,764,19228,24212,6994,Sí
2016,23,QUINTANA ROO,5,JOSÉ MARÍA MORELOS,PVEM_NUAL,5,18460,4,764,19228,24212,534,Sí
2016,23,QUINTANA ROO,5,JOSÉ MARÍA MORELOS,Candidatura Independiente,3625,18460,4,764,19228,24212,3625,No
2016,23,QUINTANA ROO,6,LÁZARO CÁRDENAS,PAN,4695,13556,3,381,13940,18720,4695,No
2016,23,QUINTANA ROO,6,LÁZARO CÁRDENAS,PRI,5048,13556,3,381,13940,18720,5048,No
2016,23,QUINTANA ROO,6,LÁZARO CÁRDENAS,PRD,569,13556,3,381,13940,18720,569,No
2016,23,QUINTANA ROO,6,LÁZARO CÁRDENAS,PVEM,307,13556,3,381,13940,18720,307,No
2016,23,QUINTANA ROO,6,LÁZARO CÁRDENAS,PT,236,13556,3,381,13940,18720,236,No
2016,23,QUINTANA ROO,6,LÁZARO CÁRDENAS,MC,129,13556,3,381,13940,18720,129,No
2016,23,QUINTANA ROO,6,LÁZARO CÁRDENAS,NUAL,500,13556,3,381,13940,18720,500,No
2016,23,QUINTANA ROO,6,LÁZARO CÁRDENAS,MORENA,444,13556,3,381,13940,18720,444,No
2016,23,QUINTANA ROO,6,LÁZARO CÁRDENAS,ES,1059,13556,3,381,13940,18720,1059,No
2016,23,QUINTANA ROO,6,LÁZARO CÁRDENAS,PAN_PRD,291,13556,3,381,13940,18720,5555,Sí
2016,23,QUINTANA ROO,6,LÁZARO CÁRDENAS,PRI_PVEM_NUAL,85,13556,3,381,13940,18720,5940,Sí
2016,23,QUINTANA ROO,6,LÁZARO CÁRDENAS,PRI_PVEM,156,13556,3,381,13940,18720,5511,Sí
2016,23,QUINTANA ROO,6,LÁZARO CÁRDENAS,PRI_NUAL,29,13556,3,381,13940,18720,5577,Sí
2016,23,QUINTANA ROO,6,LÁZARO CÁRDENAS,PVEM_NUAL,8,13556,3,381,13940,18720,815,Sí
2016,23,QUINTANA ROO,7,OTHÓN P. BLANCO,PAN,46878,101166,46,2678,103890,160940,46878,No
2016,23,QUINTANA ROO,7,OTHÓN P. BLANCO,PRI,24264,101166,46,2678,103890,160940,24264,No
2016,23,QUINTANA ROO,7,OTHÓN P. BLANCO,PRD,6293,101166,46,2678,103890,160940,6293,No
2016,23,QUINTANA ROO,7,OTHÓN P. BLANCO,PVEM,1348,101166,46,2678,103890,160940,1348,No
2016,23,QUINTANA ROO,7,OTHÓN P. BLANCO,PT,1595,101166,46,2678,103890,160940,1595,No
2016,23,QUINTANA ROO,7,OTHÓN P. BLANCO,MC,1107,101166,46,2678,103890,160940,1107,No
2016,23,QUINTANA ROO,7,OTHÓN P. BLANCO,NUAL,1119,101166,46,2678,103890,160940,1119,No
2016,23,QUINTANA ROO,7,OTHÓN P. BLANCO,MORENA,8368,101166,46,2678,103890,160940,8368,No
2016,23,QUINTANA ROO,7,OTHÓN P. BLANCO,ES,1619,101166,46,2678,103890,160940,1619,No
2016,23,QUINTANA ROO,7,OTHÓN P. BLANCO,PAN_PRD,7286,101166,46,2678,103890,160940,60457,Sí
2016,23,QUINTANA ROO,7,OTHÓN P. BLANCO,PRI_PVEM_NUAL,434,101166,46,2678,103890,160940,27165,Sí
2016,23,QUINTANA ROO,7,OTHÓN P. BLANCO,PRI_PVEM,760,101166,46,2678,103890,160940,26372,Sí
2016,23,QUINTANA ROO,7,OTHÓN P. BLANCO,PRI_NUAL,72,101166,46,2678,103890,160940,25455,Sí
2016,23,QUINTANA ROO,7,OTHÓN P. BLANCO,PVEM_NUAL,23,101166,46,2678,103890,160940,2490,Sí
2016,23,QUINTANA ROO,8,SOLIDARIDAD,PAN,15985,63151,82,2025,65258,163475,15985,No
2016,23,QUINTANA ROO,8,SOLIDARIDAD,PRI,14557,63151,82,2025,65258,163475,14557,No
2016,23,QUINTANA ROO,8,SOLIDARIDAD,PRD,6723,63151,82,2025,65258,163475,6723,No
2016,23,QUINTANA ROO,8,SOLIDARIDAD,PVEM,1456,63151,82,2025,65258,163475,1456,No
2016,23,QUINTANA ROO,8,SOLIDARIDAD,PT,808,63151,82,2025,65258,163475,808,No
2016,23,QUINTANA ROO,8,SOLIDARIDAD,MC,1579,63151,82,2025,65258,163475,1579,No
2016,23,QUINTANA ROO,8,SOLIDARIDAD,NUAL,1038,63151,82,2025,65258,163475,1038,No
2016,23,QUINTANA ROO,8,SOLIDARIDAD,MORENA,14505,63151,82,2025,65258,163475,14505,No
2016,23,QUINTANA ROO,8,SOLIDARIDAD,ES,2567,63151,82,2025,65258,163475,2567,No
2016,23,QUINTANA ROO,8,SOLIDARIDAD,PAN_PRD,2944,63151,82,2025,65258,163475,25652,Sí
2016,23,QUINTANA ROO,8,SOLIDARIDAD,PRI_PVEM_NUAL,259,63151,82,2025,65258,163475,17310,Sí
2016,23,QUINTANA ROO,8,SOLIDARIDAD,PRI_PVEM,680,63151,82,2025,65258,163475,16693,Sí
2016,23,QUINTANA ROO,8,SOLIDARIDAD,PRI_NUAL,46,63151,82,2025,65258,163475,15641,Sí
2016,23,QUINTANA ROO,8,SOLIDARIDAD,PVEM_NUAL,4,63151,82,2025,65258,163475,2498,Sí
2016,23,QUINTANA ROO,9,TULUM,PAN,2185,15003,6,444,15453,24902,2185,No
2016,23,QUINTANA ROO,9,TULUM,PRI,6255,15003,6,444,15453,24902,6255,No
2016,23,QUINTANA ROO,9,TULUM,PRD,2558,15003,6,444,15453,24902,2558,No
2016,23,QUINTANA ROO,9,TULUM,PVEM,336,15003,6,444,15453,24902,336,No
2016,23,QUINTANA ROO,9,TULUM,PT,175,15003,6,444,15453,24902,175,No
2016,23,QUINTANA ROO,9,TULUM,MC,223,15003,6,444,15453,24902,223,No
2016,23,QUINTANA ROO,9,TULUM,NUAL,134,15003,6,444,15453,24902,134,No
2016,23,QUINTANA ROO,9,TULUM,MORENA,1007,15003,6,444,15453,24902,1007,No
2016,23,QUINTANA ROO,9,TULUM,ES,260,15003,6,444,15453,24902,260,No
2016,23,QUINTANA ROO,9,TULUM,PAN_PRD,1297,15003,6,444,15453,24902,6040,Sí
2016,23,QUINTANA ROO,9,TULUM,PRI_PVEM_NUAL,316,15003,6,444,15453,24902,7041,Sí
2016,23,QUINTANA ROO,9,TULUM,PRI_PVEM,245,15003,6,444,15453,24902,6836,Sí
2016,23,QUINTANA ROO,9,TULUM,PRI_NUAL,11,15003,6,444,15453,24902,6400,Sí
2016,23,QUINTANA ROO,9,TULUM,PVEM_NUAL,1,15003,6,444,15453,24902,471,Sí
2016,23,QUINTANA ROO,10,BACALAR,PAN,1388,16890,6,829,17725,27319,1388,No
2016,23,QUINTANA ROO,10,BACALAR,PRI,4815,16890,6,829,17725,27319,4815,No
2016,23,QUINTANA ROO,10,BACALAR,PRD,1366,16890,6,829,17725,27319,1366,No
2016,23,QUINTANA ROO,10,BACALAR,PVEM,397,16890,6,829,17725,27319,397,No
2016,23,QUINTANA ROO,10,BACALAR,PT,4993,16890,6,829,17725,27319,4993,No
2016,23,QUINTANA ROO,10,BACALAR,MC,235,16890,6,829,17725,27319,235,No
2016,23,QUINTANA ROO,10,BACALAR,NUAL,1544,16890,6,829,17725,27319,1544,No
2016,23,QUINTANA ROO,10,BACALAR,MORENA,1204,16890,6,829,17725,27319,1204,No
2016,23,QUINTANA ROO,10,BACALAR,ES,129,16890,6,829,17725,27319,129,No
2016,23,QUINTANA ROO,10,BACALAR,PAN_PRD,312,16890,6,829,17725,27319,3066,Sí
2016,23,QUINTANA ROO,10,BACALAR,PRI_PVEM_NUAL,291,16890,6,829,17725,27319,7047,Sí
2016,23,QUINTANA ROO,10,BACALAR,PRI_PVEM,141,16890,6,829,17725,27319,5353,Sí
2016,23,QUINTANA ROO,10,BACALAR,PRI_NUAL,62,16890,6,829,17725,27319,6421,Sí
2016,23,QUINTANA ROO,10,BACALAR,PVEM_NUAL,13,16890,6,829,17725,27319,1954,Sí
2016,23,QUINTANA ROO,11,PUERTO MORELOS,PAN,1766,8471,4,276,8751,14063,1766,No
2016,23,QUINTANA ROO,11,PUERTO MORELOS,PRI,1900,8471,4,276,8751,14063,1900,No
2016,23,QUINTANA ROO,11,PUERTO MORELOS,PRD,438,8471,4,276,8751,14063,438,No
2016,23,QUINTANA ROO,11,PUERTO MORELOS,PVEM,1018,8471,4,276,8751,14063,1018,No
2016,23,QUINTANA ROO,11,PUERTO MORELOS,PT,333,8471,4,276,8751,14063,333,No
2016,23,QUINTANA ROO,11,PUERTO MORELOS,MC,693,8471,4,276,8751,14063,693,No
2016,23,QUINTANA ROO,11,PUERTO MORELOS,NUAL,57,8471,4,276,8751,14063,57,No
2016,23,QUINTANA ROO,11,PUERTO MORELOS,MORENA,1120,8471,4,276,8751,14063,1120,No
2016,23,QUINTANA ROO,11,PUERTO MORELOS,ES,76,8471,4,276,8751,14063,76,No
2016,23,QUINTANA ROO,11,PUERTO MORELOS,PAN_PRD,429,8471,4,276,8751,14063,2633,Sí
2016,23,QUINTANA ROO,11,PUERTO MORELOS,PRI_PVEM_NUAL,29,8471,4,276,8751,14063,3004,Sí
2016,23,QUINTANA ROO,11,PUERTO MORELOS,PRI_PVEM,133,8471,4,276,8751,14063,3051,Sí
2016,23,QUINTANA ROO,11,PUERTO MORELOS,PRI_NUAL,1,8471,4,276,8751,14063,1958,Sí
2016,23,QUINTANA ROO,11,PUERTO MORELOS,PVEM_NUAL,0,8471,4,276,8751,14063,1075,Sí
2016,23,QUINTANA ROO,11,PUERTO MORELOS,Candidatura Independiente,478,8471,4,276,8751,14063,478,No
2016,25,SINALOA,1,AHOME,PAN,39703,148740,146,4576,153462,307269,39703,No
2016,25,SINALOA,1,AHOME,PRI,42318,148740,146,4576,153462,307269,42318,No
2016,25,SINALOA,1,AHOME,PRD,2822,148740,146,4576,153462,307269,2822,No
2016,25,SINALOA,1,AHOME,PT,1464,148740,146,4576,153462,307269,1464,No
2016,25,SINALOA,1,AHOME,PVEM,2057,148740,146,4576,153462,307269,2057,No
2016,25,SINALOA,1,AHOME,MC,926,148740,146,4576,153462,307269,926,No
2016,25,SINALOA,1,AHOME,NUAL,21927,148740,146,4576,153462,307269,21927,No
2016,25,SINALOA,1,AHOME,PAS,14522,148740,146,4576,153462,307269,14522,No
2016,25,SINALOA,1,AHOME,MORENA,6812,148740,146,4576,153462,307269,6812,No
2016,25,SINALOA,1,AHOME,ES,1183,148740,146,4576,153462,307269,1183,No
2016,25,SINALOA,1,AHOME,C_COMUN_MC_PAS,132,148740,146,4576,153462,307269,15580,Sí
2016,25,SINALOA,1,AHOME,Candidatura Independiente,2988,148740,146,4576,153462,307269,2988,No
2016,25,SINALOA,1,AHOME,Candidatura Independiente,11886,148740,146,4576,153462,307269,11886,No
2016,25,SINALOA,2,ANGOSTURA,PAN,988,23191,4,550,23745,35327,988,No
2016,25,SINALOA,2,ANGOSTURA,PRI,6528,23191,4,550,23745,35327,6528,No
2016,25,SINALOA,2,ANGOSTURA,PRD,3717,23191,4,550,23745,35327,3717,No
2016,25,SINALOA,2,ANGOSTURA,PT,119,23191,4,550,23745,35327,119,No
2016,25,SINALOA,2,ANGOSTURA,PVEM,400,23191,4,550,23745,35327,400,No
2016,25,SINALOA,2,ANGOSTURA,MC,370,23191,4,550,23745,35327,370,No
2016,25,SINALOA,2,ANGOSTURA,PAS,10199,23191,4,550,23745,35327,10199,No
2016,25,SINALOA,2,ANGOSTURA,MORENA,241,23191,4,550,23745,35327,241,No
2016,25,SINALOA,2,ANGOSTURA,ES,436,23191,4,550,23745,35327,436,No
2016,25,SINALOA,2,ANGOSTURA,C_COMUN_MC_PAS,193,23191,4,550,23745,35327,10762,Sí
2016,25,SINALOA,3,BADIRAGUATO,PAN,313,12831,5,581,13417,22191,313,No
2016,25,SINALOA,3,BADIRAGUATO,PRI,6490,12831,5,581,13417,22191,6490,No
2016,25,SINALOA,3,BADIRAGUATO,PRD,3066,12831,5,581,13417,22191,3066,No
2016,25,SINALOA,3,BADIRAGUATO,PT,508,12831,5,581,13417,22191,508,No
2016,25,SINALOA,3,BADIRAGUATO,PVEM,1039,12831,5,581,13417,22191,1039,No
2016,25,SINALOA,3,BADIRAGUATO,MC,228,12831,5,581,13417,22191,228,No
2016,25,SINALOA,3,BADIRAGUATO,NUAL,130,12831,5,581,13417,22191,130,No
2016,25,SINALOA,3,BADIRAGUATO,PAS,927,12831,5,581,13417,22191,927,No
2016,25,SINALOA,3,BADIRAGUATO,MORENA,48,12831,5,581,13417,22191,48,No
2016,25,SINALOA,3,BADIRAGUATO,ES,66,12831,5,581,13417,22191,66,No
2016,25,SINALOA,3,BADIRAGUATO,C_COMUN_PRI_NUAL,16,12831,5,581,13417,22191,6636,Sí
2016,25,SINALOA,4,CONCORDIA,PAN,1340,11531,0,426,11957,20934,1340,No
2016,25,SINALOA,4,CONCORDIA,PRI,6512,11531,0,426,11957,20934,6512,No
2016,25,SINALOA,4,CONCORDIA,PRD,740,11531,0,426,11957,20934,740,No
2016,25,SINALOA,4,CONCORDIA,PT,173,11531,0,426,11957,20934,173,No
2016,25,SINALOA,4,CONCORDIA,PVEM,341,11531,0,426,11957,20934,341,No
2016,25,SINALOA,4,CONCORDIA,MC,139,11531,0,426,11957,20934,139,No
2016,25,SINALOA,4,CONCORDIA,PAS,1572,11531,0,426,11957,20934,1572,No
2016,25,SINALOA,4,CONCORDIA,MORENA,514,11531,0,426,11957,20934,514,No
2016,25,SINALOA,4,CONCORDIA,ES,97,11531,0,426,11957,20934,97,No
2016,25,SINALOA,4,CONCORDIA,C_COMUN_MC_PAS,1,11531,0,426,11957,20934,1712,Sí
2016,25,SINALOA,4,CONCORDIA,Candidatura Independiente,102,11531,0,426,11957,20934,102,No
2016,25,SINALOA,5,COSALA,PAN,344,7783,2,243,8028,11881,344,No
2016,25,SINALOA,5,COSALA,PRI,2431,7783,2,243,8028,11881,2431,No
2016,25,SINALOA,5,COSALA,PRD,156,7783,2,243,8028,11881,156,No
2016,25,SINALOA,5,COSALA,PT,206,7783,2,243,8028,11881,206,No
2016,25,SINALOA,5,COSALA,PVEM,29,7783,2,243,8028,11881,29,No
2016,25,SINALOA,5,COSALA,MC,17,7783,2,243,8028,11881,17,No
2016,25,SINALOA,5,COSALA,NUAL,157,7783,2,243,8028,11881,157,No
2016,25,SINALOA,5,COSALA,PAS,4355,7783,2,243,8028,11881,4355,No
2016,25,SINALOA,5,COSALA,MORENA,65,7783,2,243,8028,11881,65,No
2016,25,SINALOA,5,COSALA,C_COMUN_PRI_NUAL,10,7783,2,243,8028,11881,2598,Sí
2016,25,SINALOA,5,COSALA,C_COMUN_MC_PAS,13,7783,2,243,8028,11881,4385,Sí
2016,25,SINALOA,6,CULIACAN,PAN,35795,247402,308,9996,257706,653066,35795,No
2016,25,SINALOA,6,CULIACAN,PRI,111458,247402,308,9996,257706,653066,111458,No
2016,25,SINALOA,6,CULIACAN,PRD,7791,247402,308,9996,257706,653066,7791,No
2016,25,SINALOA,6,CULIACAN,PT,3063,247402,308,9996,257706,653066,3063,No
2016,25,SINALOA,6,CULIACAN,PVEM,4192,247402,308,9996,257706,653066,4192,No
2016,25,SINALOA,6,CULIACAN,MC,3372,247402,308,9996,257706,653066,3372,No
2016,25,SINALOA,6,CULIACAN,NUAL,4695,247402,308,9996,257706,653066,4695,No
2016,25,SINALOA,6,CULIACAN,PAS,53672,247402,308,9996,257706,653066,53672,No
2016,25,SINALOA,6,CULIACAN,MORENA,17118,247402,308,9996,257706,653066,17118,No
2016,25,SINALOA,6,CULIACAN,ES,5744,247402,308,9996,257706,653066,5744,No
2016,25,SINALOA,6,CULIACAN,C_COMUN_PRI_NUAL,233,247402,308,9996,257706,653066,116386,Sí
2016,25,SINALOA,6,CULIACAN,C_COMUN_MC_PAS,269,247402,308,9996,257706,653066,57313,Sí
2016,25,SINALOA,7,CHOIX,PAN,8366,15469,1,308,15778,23430,8366,No
2016,25,SINALOA,7,CHOIX,PRI,5642,15469,1,308,15778,23430,5642,No
2016,25,SINALOA,7,CHOIX,PRD,703,15469,1,308,15778,23430,703,No
2016,25,SINALOA,7,CHOIX,PT,47,15469,1,308,15778,23430,47,No
2016,25,SINALOA,7,CHOIX,MC,119,15469,1,308,15778,23430,119,No
2016,25,SINALOA,7,CHOIX,NUAL,329,15469,1,308,15778,23430,329,No
2016,25,SINALOA,7,CHOIX,PAS,211,15469,1,308,15778,23430,211,No
2016,25,SINALOA,7,CHOIX,MORENA,25,15469,1,308,15778,23430,25,No
2016,25,SINALOA,7,CHOIX,C_COMUN_PRI_NUAL,23,15469,1,308,15778,23430,5994,Sí
2016,25,SINALOA,7,CHOIX,C_COMUN_MC_PAS,4,15469,1,308,15778,23430,334,Sí
2016,25,SINALOA,8,ELOTA,PAN,2413,16050,4,504,16558,28191,2413,No
2016,25,SINALOA,8,ELOTA,PRI,7369,16050,4,504,16558,28191,7369,No
2016,25,SINALOA,8,ELOTA,PRD,373,16050,4,504,16558,28191,373,No
2016,25,SINALOA,8,ELOTA,PVEM,180,16050,4,504,16558,28191,180,No
2016,25,SINALOA,8,ELOTA,MC,311,16050,4,504,16558,28191,311,No
2016,25,SINALOA,8,ELOTA,PAS,5193,16050,4,504,16558,28191,5193,No
2016,25,SINALOA,8,ELOTA,MORENA,211,16050,4,504,16558,28191,211,No
2016,25,SINALOA,9,ESCUINAPA,PAN,6064,22087,8,576,22671,39585,6064,No
2016,25,SINALOA,9,ESCUINAPA,PRI,6379,22087,8,576,22671,39585,6379,No
2016,25,SINALOA,9,ESCUINAPA,PRD,1416,22087,8,576,22671,39585,1416,No
2016,25,SINALOA,9,ESCUINAPA,MC,6037,22087,8,576,22671,39585,6037,No
2016,25,SINALOA,9,ESCUINAPA,NUAL,384,22087,8,576,22671,39585,384,No
2016,25,SINALOA,9,ESCUINAPA,PAS,1008,22087,8,576,22671,39585,1008,No
2016,25,SINALOA,9,ESCUINAPA,MORENA,664,22087,8,576,22671,39585,664,No
2016,25,SINALOA,9,ESCUINAPA,ES,96,22087,8,576,22671,39585,96,No
2016,25,SINALOA,9,ESCUINAPA,C_COMUN_PRI_NUAL,39,22087,8,576,22671,39585,6802,Sí
2016,25,SINALOA,10,EL FUERTE,PAN,7629,40205,32,1054,41291,71498,7629,No
2016,25,SINALOA,10,EL FUERTE,PRI,13912,40205,32,1054,41291,71498,13912,No
2016,25,SINALOA,10,EL FUERTE,PRD,742,40205,32,1054,41291,71498,742,No
2016,25,SINALOA,10,EL FUERTE,PT,524,40205,32,1054,41291,71498,524,No
2016,25,SINALOA,10,EL FUERTE,PVEM,5727,40205,32,1054,41291,71498,5727,No
2016,25,SINALOA,10,EL FUERTE,MC,449,40205,32,1054,41291,71498,449,No
2016,25,SINALOA,10,EL FUERTE,NUAL,503,40205,32,1054,41291,71498,503,No
2016,25,SINALOA,10,EL FUERTE,PAS,7969,40205,32,1054,41291,71498,7969,No
2016,25,SINALOA,10,EL FUERTE,MORENA,689,40205,32,1054,41291,71498,689,No
2016,25,SINALOA,10,EL FUERTE,ES,1008,40205,32,1054,41291,71498,1008,No
2016,25,SINALOA,10,EL FUERTE,C_COMUN_PRI_NUAL,27,40205,32,1054,41291,71498,14442,Sí
2016,25,SINALOA,10,EL FUERTE,C_COMUN_MC_PAS,38,40205,32,1054,41291,71498,8456,Sí
2016,25,SINALOA,10,EL FUERTE,Candidatura Independiente,988,40205,32,1054,41291,71498,988,No
2016,25,SINALOA,11,GUASAVE,PAN,18511,115984,15,3167,119166,204240,18511,No
2016,25,SINALOA,11,GUASAVE,PRI,53950,115984,15,3167,119166,204240,53950,No
2016,25,SINALOA,11,GUASAVE,PRD,2410,115984,15,3167,119166,204240,2410,No
2016,25,SINALOA,11,GUASAVE,PT,1378,115984,15,3167,119166,204240,1378,No
2016,25,SINALOA,11,GUASAVE,PVEM,1286,115984,15,3167,119166,204240,1286,No
2016,25,SINALOA,11,GUASAVE,MC,1163,115984,15,3167,119166,204240,1163,No
2016,25,SINALOA,11,GUASAVE,PAS,14888,115984,15,3167,119166,204240,14888,No
2016,25,SINALOA,11,GUASAVE,MORENA,1916,115984,15,3167,119166,204240,1916,No
2016,25,SINALOA,11,GUASAVE,ES,1008,115984,15,3167,119166,204240,1008,No
2016,25,SINALOA,11,GUASAVE,C_COMUN_MC_PAS,105,115984,15,3167,119166,204240,16156,Sí
2016,25,SINALOA,11,GUASAVE,Candidatura Independiente,1514,115984,15,3167,119166,204240,1514,No
2016,25,SINALOA,11,GUASAVE,Candidatura Independiente,16729,115984,15,3167,119166,204240,16729,No
2016,25,SINALOA,11,GUASAVE,Candidatura Independiente,1126,115984,15,3167,119166,204240,1126,No
2016,25,SINALOA,12,MAZATLAN,PAN,44152,135794,150,5214,141158,334891,44152,No
2016,25,SINALOA,12,MAZATLAN,PRI,42294,135794,150,5214,141158,334891,42294,No
2016,25,SINALOA,12,MAZATLAN,PRD,2408,135794,150,5214,141158,334891,2408,No
2016,25,SINALOA,12,MAZATLAN,PVEM,2967,135794,150,5214,141158,334891,2967,No
2016,25,SINALOA,12,MAZATLAN,MC,2052,135794,150,5214,141158,334891,2052,No
2016,25,SINALOA,12,MAZATLAN,NUAL,1800,135794,150,5214,141158,334891,1800,No
2016,25,SINALOA,12,MAZATLAN,PAS,20323,135794,150,5214,141158,334891,20323,No
2016,25,SINALOA,12,MAZATLAN,MORENA,10492,135794,150,5214,141158,334891,10492,No
2016,25,SINALOA,12,MAZATLAN,ES,1126,135794,150,5214,141158,334891,1126,No
2016,25,SINALOA,12,MAZATLAN,C_COMUN_PRI_NUAL,128,135794,150,5214,141158,334891,44222,Sí
2016,25,SINALOA,12,MAZATLAN,C_COMUN_MC_PAS,101,135794,150,5214,141158,334891,22476,Sí
2016,25,SINALOA,12,MAZATLAN,Candidatura Independiente,2460,135794,150,5214,141158,334891,2460,No
2016,25,SINALOA,12,MAZATLAN,Candidatura Independiente,4056,135794,150,5214,141158,334891,4056,No
2016,25,SINALOA,12,MAZATLAN,Candidatura Independiente,1435,135794,150,5214,141158,334891,1435,No
2016,25,SINALOA,13,MOCORITO,PAN,1094,20183,2,571,20756,35020,1094,No
2016,25,SINALOA,13,MOCORITO,PRI,8661,20183,2,571,20756,35020,8661,No
2016,25,SINALOA,13,MOCORITO,PRD,295,20183,2,571,20756,35020,295,No
2016,25,SINALOA,13,MOCORITO,MC,336,20183,2,571,20756,35020,336,No
2016,25,SINALOA,13,MOCORITO,NUAL,246,20183,2,571,20756,35020,246,No
2016,25,SINALOA,13,MOCORITO,PAS,9101,20183,2,571,20756,35020,9101,No
2016,25,SINALOA,13,MOCORITO,MORENA,251,20183,2,571,20756,35020,251,No
2016,25,SINALOA,13,MOCORITO,ES,153,20183,2,571,20756,35020,153,No
2016,25,SINALOA,13,MOCORITO,C_COMUN_PRI_NUAL,46,20183,2,571,20756,35020,8953,Sí
2016,25,SINALOA,14,ROSARIO,PAN,11203,22322,3,511,22836,37364,11203,No
2016,25,SINALOA,14,ROSARIO,PRI,6556,22322,3,511,22836,37364,6556,No
2016,25,SINALOA,14,ROSARIO,PRD,2203,22322,3,511,22836,37364,2203,No
2016,25,SINALOA,14,ROSARIO,MC,37,22322,3,511,22836,37364,37,No
2016,25,SINALOA,14,ROSARIO,NUAL,246,22322,3,511,22836,37364,246,No
2016,25,SINALOA,14,ROSARIO,PAS,1395,22322,3,511,22836,37364,1395,No
2016,25,SINALOA,14,ROSARIO,MORENA,347,22322,3,511,22836,37364,347,No
2016,25,SINALOA,14,ROSARIO,ES,122,22322,3,511,22836,37364,122,No
2016,25,SINALOA,14,ROSARIO,C_COMUN_PRI_NUAL,176,22322,3,511,22836,37364,6978,Sí
2016,25,SINALOA,14,ROSARIO,C_COMUN_MC_PAS,37,22322,3,511,22836,37364,1469,Sí
2016,25,SINALOA,15,SALVADOR ALVARADO,PAN,4145,31508,31,846,32385,59680,4145,No
2016,25,SINALOA,15,SALVADOR ALVARADO,PRI,17025,31508,31,846,32385,59680,17025,No
2016,25,SINALOA,15,SALVADOR ALVARADO,PRD,1148,31508,31,846,32385,59680,1148,No
2016,25,SINALOA,15,SALVADOR ALVARADO,PT,391,31508,31,846,32385,59680,391,No
2016,25,SINALOA,15,SALVADOR ALVARADO,PVEM,370,31508,31,846,32385,59680,370,No
2016,25,SINALOA,15,SALVADOR ALVARADO,MC,416,31508,31,846,32385,59680,416,No
2016,25,SINALOA,15,SALVADOR ALVARADO,NUAL,549,31508,31,846,32385,59680,549,No
2016,25,SINALOA,15,SALVADOR ALVARADO,PAS,5263,31508,31,846,32385,59680,5263,No
2016,25,SINALOA,15,SALVADOR ALVARADO,MORENA,645,31508,31,846,32385,59680,645,No
2016,25,SINALOA,15,SALVADOR ALVARADO,ES,1039,31508,31,846,32385,59680,1039,No
2016,25,SINALOA,15,SALVADOR ALVARADO,C_COMUN_PRI_NUAL,23,31508,31,846,32385,59680,17597,Sí
2016,25,SINALOA,15,SALVADOR ALVARADO,C_COMUN_MC_PAS,17,31508,31,846,32385,59680,5696,Sí
2016,25,SINALOA,15,SALVADOR ALVARADO,Candidatura Independiente,477,31508,31,846,32385,59680,477,No
2016,25,SINALOA,16,SAN IGNACIO,PAN,333,9935,0,243,10178,16471,333,No
2016,25,SINALOA,16,SAN IGNACIO,PRI,4103,9935,0,243,10178,16471,4103,No
2016,25,SINALOA,16,SAN IGNACIO,PRD,204,9935,0,243,10178,16471,204,No
2016,25,SINALOA,16,SAN IGNACIO,MC,35,9935,0,243,10178,16471,35,No
2016,25,SINALOA,16,SAN IGNACIO,NUAL,647,9935,0,243,10178,16471,647,No
2016,25,SINALOA,16,SAN IGNACIO,PAS,4398,9935,0,243,10178,16471,4398,No
2016,25,SINALOA,16,SAN IGNACIO,MORENA,92,9935,0,243,10178,16471,92,No
2016,25,SINALOA,16,SAN IGNACIO,C_COMUN_PRI_NUAL,95,9935,0,243,10178,16471,4845,Sí
2016,25,SINALOA,16,SAN IGNACIO,C_COMUN_MC_PAS,28,9935,0,243,10178,16471,4461,Sí
2016,25,SINALOA,17,SINALOA,PAN,2293,35254,7,1302,36563,62859,2293,No
2016,25,SINALOA,17,SINALOA,PRI,19771,35254,7,1302,36563,62859,19771,No
2016,25,SINALOA,17,SINALOA,PRD,1105,35254,7,1302,36563,62859,1105,No
2016,25,SINALOA,17,SINALOA,PVEM,507,35254,7,1302,36563,62859,507,No
2016,25,SINALOA,17,SINALOA,MC,294,35254,7,1302,36563,62859,294,No
2016,25,SINALOA,17,SINALOA,PAS,10522,35254,7,1302,36563,62859,10522,No
2016,25,SINALOA,17,SINALOA,MORENA,536,35254,7,1302,36563,62859,536,No
2016,25,SINALOA,17,SINALOA,ES,226,35254,7,1302,36563,62859,226,No
2016,25,SINALOA,18,NAVOLATO,PAN,4036,50698,30,1697,52425,100611,4036,No
2016,25,SINALOA,18,NAVOLATO,PRI,17595,50698,30,1697,52425,100611,17595,No
2016,25,SINALOA,18,NAVOLATO,PRD,848,50698,30,1697,52425,100611,848,No
2016,25,SINALOA,18,NAVOLATO,PT,474,50698,30,1697,52425,100611,474,No
2016,25,SINALOA,18,NAVOLATO,PVEM,10534,50698,30,1697,52425,100611,10534,No
2016,25,SINALOA,18,NAVOLATO,MC,753,50698,30,1697,52425,100611,753,No
2016,25,SINALOA,18,NAVOLATO,PAS,13658,50698,30,1697,52425,100611,13658,No
2016,25,SINALOA,18,NAVOLATO,MORENA,1821,50698,30,1697,52425,100611,1821,No
2016,25,SINALOA,18,NAVOLATO,ES,979,50698,30,1697,52425,100611,979,No
2016,28,TAMAULIPAS,1,ABASOLO,PAN,2797,6057,0,87,6144,8251,2797,No
2016,28,TAMAULIPAS,1,ABASOLO,PRI,2772,6057,0,87,6144,8251,2772,No
2016,28,TAMAULIPAS,1,ABASOLO,PRD,187,6057,0,87,6144,8251,187,No
2016,28,TAMAULIPAS,1,ABASOLO,PVEM,3,6057,0,87,6144,8251,3,No
2016,28,TAMAULIPAS,1,ABASOLO,PT,15,6057,0,87,6144,8251,15,No
2016,28,TAMAULIPAS,1,ABASOLO,MC,7,6057,0,87,6144,8251,7,No
2016,28,TAMAULIPAS,1,ABASOLO,NUAL,19,6057,0,87,6144,8251,19,No
2016,28,TAMAULIPAS,1,ABASOLO,MORENA,212,6057,0,87,6144,8251,212,No
2016,28,TAMAULIPAS,1,ABASOLO,ES,24,6057,0,87,6144,8251,24,No
2016,28,TAMAULIPAS,1,ABASOLO,PRI_PVEM_NUAL,3,6057,0,87,6144,8251,2797,Sí
2016,28,TAMAULIPAS,1,ABASOLO,PRI_PVEM,16,6057,0,87,6144,8251,2791,Sí
2016,28,TAMAULIPAS,1,ABASOLO,PRI_NUAL,2,6057,0,87,6144,8251,2793,Sí
2016,28,TAMAULIPAS,1,ABASOLO,PVEM_NUAL,0,6057,0,87,6144,8251,22,Sí
2016,28,TAMAULIPAS,2,ALDAMA,PAN,4884,16545,1,398,16944,23115,4884,No
2016,28,TAMAULIPAS,2,ALDAMA,PRI,5866,16545,1,398,16944,23115,5866,No
2016,28,TAMAULIPAS,2,ALDAMA,PRD,78,16545,1,398,16944,23115,78,No
2016,28,TAMAULIPAS,2,ALDAMA,PVEM,49,16545,1,398,16944,23115,49,No
2016,28,TAMAULIPAS,2,ALDAMA,PT,42,16545,1,398,16944,23115,42,No
2016,28,TAMAULIPAS,2,ALDAMA,MC,4958,16545,1,398,16944,23115,4958,No
2016,28,TAMAULIPAS,2,ALDAMA,NUAL,212,16545,1,398,16944,23115,212,No
2016,28,TAMAULIPAS,2,ALDAMA,MORENA,239,16545,1,398,16944,23115,239,No
2016,28,TAMAULIPAS,2,ALDAMA,ES,139,16545,1,398,16944,23115,139,No
2016,28,TAMAULIPAS,2,ALDAMA,PRI_PVEM_NUAL,21,16545,1,398,16944,23115,6148,Sí
2016,28,TAMAULIPAS,2,ALDAMA,PRI_PVEM,40,16545,1,398,16944,23115,5955,Sí
2016,28,TAMAULIPAS,2,ALDAMA,PRI_NUAL,14,16545,1,398,16944,23115,6092,Sí
2016,28,TAMAULIPAS,2,ALDAMA,PVEM_NUAL,3,16545,1,398,16944,23115,264,Sí
2016,28,TAMAULIPAS,3,ALTAMIRA,PAN,41375,87655,50,1411,88991,155168,41375,No
2016,28,TAMAULIPAS,3,ALTAMIRA,PRI,34432,87655,50,1411,88991,155168,34432,No
2016,28,TAMAULIPAS,3,ALTAMIRA,PRD,1744,87655,50,1411,88991,155168,1744,No
2016,28,TAMAULIPAS,3,ALTAMIRA,PVEM,745,87655,50,1411,88991,155168,745,No
2016,28,TAMAULIPAS,3,ALTAMIRA,PT,1157,87655,50,1411,88991,155168,1157,No
2016,28,TAMAULIPAS,3,ALTAMIRA,MC,3459,87655,50,1411,88991,155168,3459,No
2016,28,TAMAULIPAS,3,ALTAMIRA,NUAL,875,87655,50,1411,88991,155168,875,No
2016,28,TAMAULIPAS,3,ALTAMIRA,MORENA,1812,87655,50,1411,88991,155168,1812,No
2016,28,TAMAULIPAS,3,ALTAMIRA,ES,1020,87655,50,1411,88991,155168,1020,No
2016,28,TAMAULIPAS,3,ALTAMIRA,PRI_PVEM_NUAL,174,87655,50,1411,88991,155168,36226,Sí
2016,28,TAMAULIPAS,3,ALTAMIRA,PRI_PVEM,384,87655,50,1411,88991,155168,35561,Sí
2016,28,TAMAULIPAS,3,ALTAMIRA,PRI_NUAL,59,87655,50,1411,88991,155168,35366,Sí
2016,28,TAMAULIPAS,3,ALTAMIRA,PVEM_NUAL,7,87655,50,1411,88991,155168,1627,Sí
2016,28,TAMAULIPAS,3,ALTAMIRA,Candidatura Independiente,412,87655,50,1411,88991,155168,412,No
2016,28,TAMAULIPAS,4,ANTIGUO MORELOS,PAN,3664,5469,0,53,5523,7201,3664,No
2016,28,TAMAULIPAS,4,ANTIGUO MORELOS,PRI,1686,5469,0,53,5523,7201,1686,No
2016,28,TAMAULIPAS,4,ANTIGUO MORELOS,PRD,15,5469,0,53,5523,7201,15,No
2016,28,TAMAULIPAS,4,ANTIGUO MORELOS,PVEM,4,5469,0,53,5523,7201,4,No
2016,28,TAMAULIPAS,4,ANTIGUO MORELOS,PT,24,5469,0,53,5523,7201,24,No
2016,28,TAMAULIPAS,4,ANTIGUO MORELOS,MC,0,5469,0,53,5523,7201,0,No
2016,28,TAMAULIPAS,4,ANTIGUO MORELOS,NUAL,9,5469,0,53,5523,7201,9,No
2016,28,TAMAULIPAS,4,ANTIGUO MORELOS,MORENA,50,5469,0,53,5523,7201,50,No
2016,28,TAMAULIPAS,4,ANTIGUO MORELOS,ES,2,5469,0,53,5523,7201,2,No
2016,28,TAMAULIPAS,4,ANTIGUO MORELOS,PRI_PVEM_NUAL,4,5469,0,53,5523,7201,1703,Sí
2016,28,TAMAULIPAS,4,ANTIGUO MORELOS,PRI_PVEM,9,5469,0,53,5523,7201,1699,Sí
2016,28,TAMAULIPAS,4,ANTIGUO MORELOS,PRI_NUAL,2,5469,0,53,5523,7201,1697,Sí
2016,28,TAMAULIPAS,4,ANTIGUO MORELOS,PVEM_NUAL,0,5469,0,53,5523,7201,13,Sí
2016,28,TAMAULIPAS,5,BURGOS,PAN,1792,3510,0,21,3531,4373,1792,No
2016,28,TAMAULIPAS,5,BURGOS,PRI,1681,3510,0,21,3531,4373,1681,No
2016,28,TAMAULIPAS,5,BURGOS,PRD,1,3510,0,21,3531,4373,1,No
2016,28,TAMAULIPAS,5,BURGOS,PVEM,6,3510,0,21,3531,4373,6,No
2016,28,TAMAULIPAS,5,BURGOS,PT,2,3510,0,21,3531,4373,2,No
2016,28,TAMAULIPAS,5,BURGOS,MC,0,3510,0,21,3531,4373,0,No
2016,28,TAMAULIPAS,5,BURGOS,NUAL,13,3510,0,21,3531,4373,13,No
2016,28,TAMAULIPAS,5,BURGOS,MORENA,0,3510,0,21,3531,4373,0,No
2016,28,TAMAULIPAS,5,BURGOS,ES,0,3510,0,21,3531,4373,0,No
2016,28,TAMAULIPAS,5,BURGOS,PRI_PVEM_NUAL,1,3510,0,21,3531,4373,1701,Sí
2016,28,TAMAULIPAS,5,BURGOS,PRI_PVEM,8,3510,0,21,3531,4373,1695,Sí
2016,28,TAMAULIPAS,5,BURGOS,PRI_NUAL,5,3510,0,21,3531,4373,1699,Sí
2016,28,TAMAULIPAS,5,BURGOS,PVEM_NUAL,1,3510,0,21,3531,4373,20,Sí
2016,28,TAMAULIPAS,6,BUSTAMANTE,PAN,1208,4237,0,88,4325,5521,1208,No
2016,28,TAMAULIPAS,6,BUSTAMANTE,PRI,2731,4237,0,88,4325,5521,2731,No
2016,28,TAMAULIPAS,6,BUSTAMANTE,PRD,10,4237,0,88,4325,5521,10,No
2016,28,TAMAULIPAS,6,BUSTAMANTE,PVEM,9,4237,0,88,4325,5521,9,No
2016,28,TAMAULIPAS,6,BUSTAMANTE,PT,3,4237,0,88,4325,5521,3,No
2016,28,TAMAULIPAS,6,BUSTAMANTE,MC,2,4237,0,88,4325,5521,2,No
2016,28,TAMAULIPAS,6,BUSTAMANTE,NUAL,19,4237,0,88,4325,5521,19,No
2016,28,TAMAULIPAS,6,BUSTAMANTE,MORENA,11,4237,0,88,4325,5521,11,No
2016,28,TAMAULIPAS,6,BUSTAMANTE,ES,18,4237,0,88,4325,5521,18,No
2016,28,TAMAULIPAS,6,BUSTAMANTE,PRI_PVEM_NUAL,1,4237,0,88,4325,5521,2760,Sí
2016,28,TAMAULIPAS,6,BUSTAMANTE,PRI_PVEM,13,4237,0,88,4325,5521,2753,Sí
2016,28,TAMAULIPAS,6,BUSTAMANTE,PRI_NUAL,4,4237,0,88,4325,5521,2754,Sí
2016,28,TAMAULIPAS,6,BUSTAMANTE,PVEM_NUAL,0,4237,0,88,4325,5521,28,Sí
2016,28,TAMAULIPAS,6,BUSTAMANTE,Candidatura Independiente,208,4237,0,88,4325,5521,208,No
2016,28,TAMAULIPAS,7,CAMARGO,PAN,2108,6904,2,219,7126,12788,2108,No
2016,28,TAMAULIPAS,7,CAMARGO,PRI,2491,6904,2,219,7126,12788,2491,No
2016,28,TAMAULIPAS,7,CAMARGO,PRD,33,6904,2,219,7126,12788,33,No
2016,28,TAMAULIPAS,7,CAMARGO,PVEM,24,6904,2,219,7126,12788,24,No
2016,28,TAMAULIPAS,7,CAMARGO,PT,14,6904,2,219,7126,12788,14,No
2016,28,TAMAULIPAS,7,CAMARGO,MC,15,6904,2,219,7126,12788,15,No
2016,28,TAMAULIPAS,7,CAMARGO,NUAL,88,6904,2,219,7126,12788,88,No
2016,28,TAMAULIPAS,7,CAMARGO,MORENA,138,6904,2,219,7126,12788,138,No
2016,28,TAMAULIPAS,7,CAMARGO,ES,1537,6904,2,219,7126,12788,1537,No
2016,28,TAMAULIPAS,7,CAMARGO,PRI_PVEM_NUAL,10,6904,2,219,7126,12788,2613,Sí
2016,28,TAMAULIPAS,7,CAMARGO,PRI_PVEM,17,6904,2,219,7126,12788,2532,Sí
2016,28,TAMAULIPAS,7,CAMARGO,PRI_NUAL,6,6904,2,219,7126,12788,2585,Sí
2016,28,TAMAULIPAS,7,CAMARGO,PVEM_NUAL,1,6904,2,219,7126,12788,113,Sí
2016,28,TAMAULIPAS,7,CAMARGO,Candidatura Independiente,422,6904,2,219,7126,12788,422,No
2016,28,TAMAULIPAS,8,CASAS,PAN,1839,3408,0,49,3549,4109,1839,No
2016,28,TAMAULIPAS,8,CASAS,PRI,1497,3408,0,49,3549,4109,1497,No
2016,28,TAMAULIPAS,8,CASAS,PRD,24,3408,0,49,3549,4109,24,No
2016,28,TAMAULIPAS,8,CASAS,PVEM,2,3408,0,49,3549,4109,2,No
2016,28,TAMAULIPAS,8,CASAS,PT,10,3408,0,49,3549,4109,10,No
2016,28,TAMAULIPAS,8,CASAS,MC,2,3408,0,49,3549,4109,2,No
2016,28,TAMAULIPAS,8,CASAS,NUAL,9,3408,0,49,3549,4109,9,No
2016,28,TAMAULIPAS,8,CASAS,MORENA,0,3408,0,49,3549,4109,0,No
2016,28,TAMAULIPAS,8,CASAS,ES,22,3408,0,49,3549,4109,22,No
2016,28,TAMAULIPAS,8,CASAS,PRI_PVEM_NUAL,2,3408,0,49,3549,4109,1510,Sí
2016,28,TAMAULIPAS,8,CASAS,PRI_PVEM,1,3408,0,49,3549,4109,1500,Sí
2016,28,TAMAULIPAS,8,CASAS,PRI_NUAL,0,3408,0,49,3549,4109,1506,Sí
2016,28,TAMAULIPAS,8,CASAS,PVEM_NUAL,0,3408,0,49,3549,4109,11,Sí
2016,28,TAMAULIPAS,9,CIUDAD MADERO,PAN,44485,91246,85,1670,92590,164436,44485,No
2016,28,TAMAULIPAS,9,CIUDAD MADERO,PRI,31092,91246,85,1670,92590,164436,31092,No
2016,28,TAMAULIPAS,9,CIUDAD MADERO,PRD,2245,91246,85,1670,92590,164436,2245,No
2016,28,TAMAULIPAS,9,CIUDAD MADERO,PVEM,1157,91246,85,1670,92590,164436,1157,No
2016,28,TAMAULIPAS,9,CIUDAD MADERO,PT,731,91246,85,1670,92590,164436,731,No
2016,28,TAMAULIPAS,9,CIUDAD MADERO,MC,4276,91246,85,1670,92590,164436,4276,No
2016,28,TAMAULIPAS,9,CIUDAD MADERO,NUAL,972,91246,85,1670,92590,164436,972,No
2016,28,TAMAULIPAS,9,CIUDAD MADERO,MORENA,4762,91246,85,1670,92590,164436,4762,No
2016,28,TAMAULIPAS,9,CIUDAD MADERO,ES,1271,91246,85,1670,92590,164436,1271,No
2016,28,TAMAULIPAS,9,CIUDAD MADERO,PRI_PVEM_NUAL,48,91246,85,1670,92590,164436,33269,Sí
2016,28,TAMAULIPAS,9,CIUDAD MADERO,PRI_PVEM,177,91246,85,1670,92590,164436,32426,Sí
2016,28,TAMAULIPAS,9,CIUDAD MADERO,PRI_NUAL,25,91246,85,1670,92590,164436,32089,Sí
2016,28,TAMAULIPAS,9,CIUDAD MADERO,PVEM_NUAL,5,91246,85,1670,92590,164436,2134,Sí
2016,28,TAMAULIPAS,10,CRUILLAS,PAN,207,1423,0,23,1446,2039,207,No
2016,28,TAMAULIPAS,10,CRUILLAS,PRI,1204,1423,0,23,1446,2039,1204,No
2016,28,TAMAULIPAS,10,CRUILLAS,PRD,2,1423,0,23,1446,2039,2,No
2016,28,TAMAULIPAS,10,CRUILLAS,PVEM,1,1423,0,23,1446,2039,1,No
2016,28,TAMAULIPAS,10,CRUILLAS,PT,0,1423,0,23,1446,2039,0,No
2016,28,TAMAULIPAS,10,CRUILLAS,MC,0,1423,0,23,1446,2039,0,No
2016,28,TAMAULIPAS,10,CRUILLAS,NUAL,0,1423,0,23,1446,2039,0,No
2016,28,TAMAULIPAS,10,CRUILLAS,MORENA,9,1423,0,23,1446,2039,9,No
2016,28,TAMAULIPAS,10,CRUILLAS,ES,0,1423,0,23,1446,2039,0,No
2016,28,TAMAULIPAS,11,GOMEZ FARIAS,PAN,3307,5454,0,73,5527,7004,3307,No
2016,28,TAMAULIPAS,11,GOMEZ FARIAS,PRI,1904,5454,0,73,5527,7004,1904,No
2016,28,TAMAULIPAS,11,GOMEZ FARIAS,PRD,9,5454,0,73,5527,7004,9,No
2016,28,TAMAULIPAS,11,GOMEZ FARIAS,PVEM,10,5454,0,73,5527,7004,10,No
2016,28,TAMAULIPAS,11,GOMEZ FARIAS,PT,34,5454,0,73,5527,7004,34,No
2016,28,TAMAULIPAS,11,GOMEZ FARIAS,MC,4,5454,0,73,5527,7004,4,No
2016,28,TAMAULIPAS,11,GOMEZ FARIAS,NUAL,50,5454,0,73,5527,7004,50,No
2016,28,TAMAULIPAS,11,GOMEZ FARIAS,MORENA,48,5454,0,73,5527,7004,48,No
2016,28,TAMAULIPAS,11,GOMEZ FARIAS,ES,21,5454,0,73,5527,7004,21,No
2016,28,TAMAULIPAS,11,GOMEZ FARIAS,PRI_PVEM_NUAL,9,5454,0,73,5527,7004,1973,Sí
2016,28,TAMAULIPAS,11,GOMEZ FARIAS,PRI_PVEM,7,5454,0,73,5527,7004,1921,Sí
2016,28,TAMAULIPAS,11,GOMEZ FARIAS,PRI_NUAL,3,5454,0,73,5527,7004,1957,Sí
2016,28,TAMAULIPAS,11,GOMEZ FARIAS,PVEM_NUAL,0,5454,0,73,5527,7004,60,Sí
2016,28,TAMAULIPAS,11,GOMEZ FARIAS,Candidatura Independiente,22,5454,0,73,5527,7004,22,No
2016,28,TAMAULIPAS,11,GOMEZ FARIAS,Candidatura Independiente,26,5454,0,73,5527,7004,26,No
2016,28,TAMAULIPAS,12,GONZALEZ,PAN,11484,19631,6,308,19945,30954,11484,No
2016,28,TAMAULIPAS,12,GONZALEZ,PRI,7466,19631,6,308,19945,30954,7466,No
2016,28,TAMAULIPAS,12,GONZALEZ,PRD,78,19631,6,308,19945,30954,78,No
2016,28,TAMAULIPAS,12,GONZALEZ,PVEM,67,19631,6,308,19945,30954,67,No
2016,28,TAMAULIPAS,12,GONZALEZ,PT,27,19631,6,308,19945,30954,27,No
2016,28,TAMAULIPAS,12,GONZALEZ,MC,122,19631,6,308,19945,30954,122,No
2016,28,TAMAULIPAS,12,GONZALEZ,NUAL,108,19631,6,308,19945,30954,108,No
2016,28,TAMAULIPAS,12,GONZALEZ,MORENA,154,19631,6,308,19945,30954,154,No
2016,28,TAMAULIPAS,12,GONZALEZ,ES,50,19631,6,308,19945,30954,50,No
2016,28,TAMAULIPAS,12,GONZALEZ,PRI_PVEM_NUAL,10,19631,6,308,19945,30954,7651,Sí
2016,28,TAMAULIPAS,12,GONZALEZ,PRI_PVEM,55,19631,6,308,19945,30954,7588,Sí
2016,28,TAMAULIPAS,12,GONZALEZ,PRI_NUAL,10,19631,6,308,19945,30954,7584,Sí
2016,28,TAMAULIPAS,12,GONZALEZ,PVEM_NUAL,0,19631,6,308,19945,30954,175,Sí
2016,28,TAMAULIPAS,13,GÜEMEZ,PAN,4655,9438,0,122,9411,12465,4655,No
2016,28,TAMAULIPAS,13,GÜEMEZ,PRI,4576,9438,0,122,9411,12465,4576,No
2016,28,TAMAULIPAS,13,GÜEMEZ,PRD,52,9438,0,122,9411,12465,52,No
2016,28,TAMAULIPAS,13,GÜEMEZ,PVEM,12,9438,0,122,9411,12465,12,No
2016,28,TAMAULIPAS,13,GÜEMEZ,PT,7,9438,0,122,9411,12465,7,No
2016,28,TAMAULIPAS,13,GÜEMEZ,MC,17,9438,0,122,9411,12465,17,No
2016,28,TAMAULIPAS,13,GÜEMEZ,NUAL,22,9438,0,122,9411,12465,22,No
2016,28,TAMAULIPAS,13,GÜEMEZ,MORENA,42,9438,0,122,9411,12465,42,No
2016,28,TAMAULIPAS,13,GÜEMEZ,ES,14,9438,0,122,9411,12465,14,No
2016,28,TAMAULIPAS,13,GÜEMEZ,PRI_PVEM_NUAL,9,9438,0,122,9411,12465,4619,Sí
2016,28,TAMAULIPAS,13,GÜEMEZ,PRI_PVEM,30,9438,0,122,9411,12465,4618,Sí
2016,28,TAMAULIPAS,13,GÜEMEZ,PRI_NUAL,2,9438,0,122,9411,12465,4600,Sí
2016,28,TAMAULIPAS,13,GÜEMEZ,PVEM_NUAL,0,9438,0,122,9411,12465,34,Sí
2016,28,TAMAULIPAS,14,GUERRERO,PAN,791,1562,0,26,1588,2742,791,No
2016,28,TAMAULIPAS,14,GUERRERO,PRI,690,1562,0,26,1588,2742,690,No
2016,28,TAMAULIPAS,14,GUERRERO,PRD,2,1562,0,26,1588,2742,2,No
2016,28,TAMAULIPAS,14,GUERRERO,PVEM,1,1562,0,26,1588,2742,1,No
2016,28,TAMAULIPAS,14,GUERRERO,PT,32,1562,0,26,1588,2742,32,No
2016,28,TAMAULIPAS,14,GUERRERO,MC,1,1562,0,26,1588,2742,1,No
2016,28,TAMAULIPAS,14,GUERRERO,NUAL,19,1562,0,26,1588,2742,19,No
2016,28,TAMAULIPAS,14,GUERRERO,MORENA,20,1562,0,26,1588,2742,20,No
2016,28,TAMAULIPAS,14,GUERRERO,ES,0,1562,0,26,1588,2742,0,No
2016,28,TAMAULIPAS,14,GUERRERO,PRI_PVEM_NUAL,2,1562,0,26,1588,2742,712,Sí
2016,28,TAMAULIPAS,14,GUERRERO,PRI_PVEM,2,1562,0,26,1588,2742,693,Sí
2016,28,TAMAULIPAS,14,GUERRERO,PRI_NUAL,2,1562,0,26,1588,2742,711,Sí
2016,28,TAMAULIPAS,14,GUERRERO,PVEM_NUAL,0,1562,0,26,1588,2742,20,Sí
2016,28,TAMAULIPAS,15,GUSTAVO DIAZ ORDAZ,PAN,1883,8057,0,139,8196,13362,1883,No
2016,28,TAMAULIPAS,15,GUSTAVO DIAZ ORDAZ,PRI,2406,8057,0,139,8196,13362,2406,No
2016,28,TAMAULIPAS,15,GUSTAVO DIAZ ORDAZ,PRD,11,8057,0,139,8196,13362,11,No
2016,28,TAMAULIPAS,15,GUSTAVO DIAZ ORDAZ,PVEM,17,8057,0,139,8196,13362,17,No
2016,28,TAMAULIPAS,15,GUSTAVO DIAZ ORDAZ,PT,20,8057,0,139,8196,13362,20,No
2016,28,TAMAULIPAS,15,GUSTAVO DIAZ ORDAZ,MC,10,8057,0,139,8196,13362,10,No
2016,28,TAMAULIPAS,15,GUSTAVO DIAZ ORDAZ,NUAL,124,8057,0,139,8196,13362,124,No
2016,28,TAMAULIPAS,15,GUSTAVO DIAZ ORDAZ,MORENA,68,8057,0,139,8196,13362,68,No
2016,28,TAMAULIPAS,15,GUSTAVO DIAZ ORDAZ,ES,3474,8057,0,139,8196,13362,3474,No
2016,28,TAMAULIPAS,15,GUSTAVO DIAZ ORDAZ,PRI_PVEM_NUAL,10,8057,0,139,8196,13362,2557,Sí
2016,28,TAMAULIPAS,15,GUSTAVO DIAZ ORDAZ,PRI_PVEM,24,8057,0,139,8196,13362,2447,Sí
2016,28,TAMAULIPAS,15,GUSTAVO DIAZ ORDAZ,PRI_NUAL,8,8057,0,139,8196,13362,2538,Sí
2016,28,TAMAULIPAS,15,GUSTAVO DIAZ ORDAZ,PVEM_NUAL,2,8057,0,139,8196,13362,143,Sí
2016,28,TAMAULIPAS,16,HIDALGO,PAN,7738,8625,3,1044,9672,15574,7738,No
2016,28,TAMAULIPAS,16,HIDALGO,PRI,120,8625,3,1044,9672,15574,120,No
2016,28,TAMAULIPAS,16,HIDALGO,PRD,58,8625,3,1044,9672,15574,58,No
2016,28,TAMAULIPAS,16,HIDALGO,PVEM,6,8625,3,1044,9672,15574,6,No
2016,28,TAMAULIPAS,16,HIDALGO,PT,61,8625,3,1044,9672,15574,61,No
2016,28,TAMAULIPAS,16,HIDALGO,MC,8,8625,3,1044,9672,15574,8,No
2016,28,TAMAULIPAS,16,HIDALGO,NUAL,7,8625,3,1044,9672,15574,7,No
2016,28,TAMAULIPAS,16,HIDALGO,MORENA,503,8625,3,1044,9672,15574,503,No
2016,28,TAMAULIPAS,16,HIDALGO,ES,122,8625,3,1044,9672,15574,122,No
2016,28,TAMAULIPAS,16,HIDALGO,PRI_PVEM_NUAL,2,8625,3,1044,9672,15574,135,Sí
2016,28,TAMAULIPAS,16,HIDALGO,PRI_PVEM,0,8625,3,1044,9672,15574,126,Sí
2016,28,TAMAULIPAS,16,HIDALGO,PRI_NUAL,0,8625,3,1044,9672,15574,127,Sí
2016,28,TAMAULIPAS,16,HIDALGO,PVEM_NUAL,0,8625,3,1044,9672,15574,13,Sí
2016,28,TAMAULIPAS,17,JAUMAVE,PAN,348,8297,0,418,8715,11085,348,No
2016,28,TAMAULIPAS,17,JAUMAVE,PRI,3120,8297,0,418,8715,11085,3120,No
2016,28,TAMAULIPAS,17,JAUMAVE,PRD,30,8297,0,418,8715,11085,30,No
2016,28,TAMAULIPAS,17,JAUMAVE,PVEM,19,8297,0,418,8715,11085,19,No
2016,28,TAMAULIPAS,17,JAUMAVE,PT,31,8297,0,418,8715,11085,31,No
2016,28,TAMAULIPAS,17,JAUMAVE,MC,52,8297,0,418,8715,11085,52,No
2016,28,TAMAULIPAS,17,JAUMAVE,NUAL,85,8297,0,418,8715,11085,85,No
2016,28,TAMAULIPAS,17,JAUMAVE,MORENA,66,8297,0,418,8715,11085,66,No
2016,28,TAMAULIPAS,17,JAUMAVE,ES,1105,8297,0,418,8715,11085,1105,No
2016,28,TAMAULIPAS,17,JAUMAVE,PRI_PVEM_NUAL,2,8297,0,418,8715,11085,3226,Sí
2016,28,TAMAULIPAS,17,JAUMAVE,PRI_PVEM,14,8297,0,418,8715,11085,3153,Sí
2016,28,TAMAULIPAS,17,JAUMAVE,PRI_NUAL,8,8297,0,418,8715,11085,3213,Sí
2016,28,TAMAULIPAS,17,JAUMAVE,PVEM_NUAL,0,8297,0,418,8715,11085,104,Sí
2016,28,TAMAULIPAS,17,JAUMAVE,Candidatura Independiente,3417,8297,0,418,8715,11085,3417,No
2016,28,TAMAULIPAS,18,JIMENEZ,PAN,2114,4542,0,38,2294,6094,2114,No
2016,28,TAMAULIPAS,18,JIMENEZ,PRI,2195,4542,0,38,2294,6094,2195,No
2016,28,TAMAULIPAS,18,JIMENEZ,PRD,27,4542,0,38,2294,6094,27,No
2016,28,TAMAULIPAS,18,JIMENEZ,PVEM,1,4542,0,38,2294,6094,1,No
2016,28,TAMAULIPAS,18,JIMENEZ,PT,3,4542,0,38,2294,6094,3,No
2016,28,TAMAULIPAS,18,JIMENEZ,MC,4,4542,0,38,2294,6094,4,No
2016,28,TAMAULIPAS,18,JIMENEZ,NUAL,12,4542,0,38,2294,6094,12,No
2016,28,TAMAULIPAS,18,JIMENEZ,MORENA,1,4542,0,38,2294,6094,1,No
2016,28,TAMAULIPAS,18,JIMENEZ,ES,20,4542,0,38,2294,6094,20,No
2016,28,TAMAULIPAS,18,JIMENEZ,PRI_PVEM_NUAL,156,4542,0,38,2294,6094,2364,Sí
2016,28,TAMAULIPAS,18,JIMENEZ,PRI_PVEM,8,4542,0,38,2294,6094,2204,Sí
2016,28,TAMAULIPAS,18,JIMENEZ,PRI_NUAL,1,4542,0,38,2294,6094,2208,Sí
2016,28,TAMAULIPAS,18,JIMENEZ,PVEM_NUAL,0,4542,0,38,2294,6094,13,Sí
2016,28,TAMAULIPAS,19,LLERA,PAN,2127,8967,2,443,9412,12872,2127,No
2016,28,TAMAULIPAS,19,LLERA,PRI,2375,8967,2,443,9412,12872,2375,No
2016,28,TAMAULIPAS,19,LLERA,PRD,43,8967,2,443,9412,12872,43,No
2016,28,TAMAULIPAS,19,LLERA,PVEM,26,8967,2,443,9412,12872,26,No
2016,28,TAMAULIPAS,19,LLERA,PT,12,8967,2,443,9412,12872,12,No
2016,28,TAMAULIPAS,19,LLERA,MC,67,8967,2,443,9412,12872,67,No
2016,28,TAMAULIPAS,19,LLERA,NUAL,269,8967,2,443,9412,12872,269,No
2016,28,TAMAULIPAS,19,LLERA,MORENA,78,8967,2,443,9412,12872,78,No
2016,28,TAMAULIPAS,19,LLERA,ES,83,8967,2,443,9412,12872,83,No
2016,28,TAMAULIPAS,19,LLERA,PRI_PVEM_NUAL,19,8967,2,443,9412,12872,2689,Sí
2016,28,TAMAULIPAS,19,LLERA,PRI_PVEM,29,8967,2,443,9412,12872,2430,Sí
2016,28,TAMAULIPAS,19,LLERA,PRI_NUAL,31,8967,2,443,9412,12872,2675,Sí
2016,28,TAMAULIPAS,19,LLERA,PVEM_NUAL,11,8967,2,443,9412,12872,306,Sí
2016,28,TAMAULIPAS,19,LLERA,Candidatura Independiente,3797,8967,2,443,9412,12872,3797,No
2016,28,TAMAULIPAS,20,MAINERO,PAN,1324,1360,0,107,1467,2308,1324,No
2016,28,TAMAULIPAS,20,MAINERO,PRI,0,1360,0,107,1467,2308,0,No
2016,28,TAMAULIPAS,20,MAINERO,PRD,23,1360,0,107,1467,2308,23,No
2016,28,TAMAULIPAS,20,MAINERO,PVEM,0,1360,0,107,1467,2308,0,No
2016,28,TAMAULIPAS,20,MAINERO,PT,0,1360,0,107,1467,2308,0,No
2016,28,TAMAULIPAS,20,MAINERO,MC,0,1360,0,107,1467,2308,0,No
2016,28,TAMAULIPAS,20,MAINERO,NUAL,0,1360,0,107,1467,2308,0,No
2016,28,TAMAULIPAS,20,MAINERO,MORENA,13,1360,0,107,1467,2308,13,No
2016,28,TAMAULIPAS,20,MAINERO,ES,0,1360,0,107,1467,2308,0,No
2016,28,TAMAULIPAS,20,MAINERO,PRI_PVEM_NUAL,0,1360,0,107,1467,2308,0,Sí
2016,28,TAMAULIPAS,20,MAINERO,PRI_PVEM,0,1360,0,107,1467,2308,0,Sí
2016,28,TAMAULIPAS,20,MAINERO,PRI_NUAL,0,1360,0,107,1467,2308,0,Sí
2016,28,TAMAULIPAS,20,MAINERO,PVEM_NUAL,0,1360,0,107,1467,2308,0,Sí
2016,28,TAMAULIPAS,21,EL MANTE,PAN,25604,53655,11,803,54503,87221,25604,No
2016,28,TAMAULIPAS,21,EL MANTE,PRI,21818,53655,11,803,54503,87221,21818,No
2016,28,TAMAULIPAS,21,EL MANTE,PRD,723,53655,11,803,54503,87221,723,No
2016,28,TAMAULIPAS,21,EL MANTE,PVEM,663,53655,11,803,54503,87221,663,No
2016,28,TAMAULIPAS,21,EL MANTE,PT,525,53655,11,803,54503,87221,525,No
2016,28,TAMAULIPAS,21,EL MANTE,MC,706,53655,11,803,54503,87221,706,No
2016,28,TAMAULIPAS,21,EL MANTE,NUAL,390,53655,11,803,54503,87221,390,No
2016,28,TAMAULIPAS,21,EL MANTE,MORENA,2152,53655,11,803,54503,87221,2152,No
2016,28,TAMAULIPAS,21,EL MANTE,ES,484,53655,11,803,54503,87221,484,No
2016,28,TAMAULIPAS,21,EL MANTE,PRI_PVEM_NUAL,48,53655,11,803,54503,87221,22919,Sí
2016,28,TAMAULIPAS,21,EL MANTE,PRI_PVEM,201,53655,11,803,54503,87221,22682,Sí
2016,28,TAMAULIPAS,21,EL MANTE,PRI_NUAL,10,53655,11,803,54503,87221,22218,Sí
2016,28,TAMAULIPAS,21,EL MANTE,PVEM_NUAL,1,53655,11,803,54503,87221,1054,Sí
2016,28,TAMAULIPAS,21,EL MANTE,Candidatura Independiente,330,53655,11,803,54503,87221,330,No
2016,28,TAMAULIPAS,22,MATAMOROS,PAN,64613,185409,132,3893,189494,385211,64613,No
2016,28,TAMAULIPAS,22,MATAMOROS,PRI,65633,185409,132,3893,189494,385211,65633,No
2016,28,TAMAULIPAS,22,MATAMOROS,PRD,1370,185409,132,3893,189494,385211,1370,No
2016,28,TAMAULIPAS,22,MATAMOROS,PVEM,1332,185409,132,3893,189494,385211,1332,No
2016,28,TAMAULIPAS,22,MATAMOROS,PT,1065,185409,132,3893,189494,385211,1065,No
2016,28,TAMAULIPAS,22,MATAMOROS,MC,5184,185409,132,3893,189494,385211,5184,No
2016,28,TAMAULIPAS,22,MATAMOROS,NUAL,1229,185409,132,3893,189494,385211,1229,No
2016,28,TAMAULIPAS,22,MATAMOROS,MORENA,3222,185409,132,3893,189494,385211,3222,No
2016,28,TAMAULIPAS,22,MATAMOROS,ES,1753,185409,132,3893,189494,385211,1753,No
2016,28,TAMAULIPAS,22,MATAMOROS,PRI_PVEM_NUAL,130,185409,132,3893,189494,385211,68324,Sí
2016,28,TAMAULIPAS,22,MATAMOROS,PRI_PVEM,671,185409,132,3893,189494,385211,67636,Sí
2016,28,TAMAULIPAS,22,MATAMOROS,PRI_NUAL,66,185409,132,3893,189494,385211,66928,Sí
2016,28,TAMAULIPAS,22,MATAMOROS,PVEM_NUAL,32,185409,132,3893,189494,385211,2593,Sí
2016,28,TAMAULIPAS,22,MATAMOROS,Candidatura Independiente,1185,185409,132,3893,189494,385211,1185,No
2016,28,TAMAULIPAS,22,MATAMOROS,Candidatura Independiente,868,185409,132,3893,189494,385211,868,No
2016,28,TAMAULIPAS,22,MATAMOROS,Candidatura Independiente,37056,185409,132,3893,189494,385211,37056,No
2016,28,TAMAULIPAS,23,MENDEZ,PAN,1573,3071,0,55,3126,3968,1573,No
2016,28,TAMAULIPAS,23,MENDEZ,PRI,1444,3071,0,55,3126,3968,1444,No
2016,28,TAMAULIPAS,23,MENDEZ,PRD,4,3071,0,55,3126,3968,4,No
2016,28,TAMAULIPAS,23,MENDEZ,PVEM,4,3071,0,55,3126,3968,4,No
2016,28,TAMAULIPAS,23,MENDEZ,PT,0,3071,0,55,3126,3968,0,No
2016,28,TAMAULIPAS,23,MENDEZ,MC,1,3071,0,55,3126,3968,1,No
2016,28,TAMAULIPAS,23,MENDEZ,NUAL,3,3071,0,55,3126,3968,3,No
2016,28,TAMAULIPAS,23,MENDEZ,MORENA,19,3071,0,55,3126,3968,19,No
2016,28,TAMAULIPAS,23,MENDEZ,ES,18,3071,0,55,3126,3968,18,No
2016,28,TAMAULIPAS,23,MENDEZ,PRI_PVEM_NUAL,0,3071,0,55,3126,3968,1451,Sí
2016,28,TAMAULIPAS,23,MENDEZ,PRI_PVEM,5,3071,0,55,3126,3968,1453,Sí
2016,28,TAMAULIPAS,23,MENDEZ,PRI_NUAL,0,3071,0,55,3126,3968,1447,Sí
2016,28,TAMAULIPAS,23,MENDEZ,PVEM_NUAL,0,3071,0,55,3126,3968,7,Sí
2016,28,TAMAULIPAS,24,MIER,PAN,1302,2742,0,44,2786,4405,1302,No
2016,28,TAMAULIPAS,24,MIER,PRI,657,2742,0,44,2786,4405,657,No
2016,28,TAMAULIPAS,24,MIER,PRD,5,2742,0,44,2786,4405,5,No
2016,28,TAMAULIPAS,24,MIER,PVEM,3,2742,0,44,2786,4405,3,No
2016,28,TAMAULIPAS,24,MIER,PT,12,2742,0,44,2786,4405,12,No
2016,28,TAMAULIPAS,24,MIER,MC,702,2742,0,44,2786,4405,702,No
2016,28,TAMAULIPAS,24,MIER,NUAL,19,2742,0,44,2786,4405,19,No
2016,28,TAMAULIPAS,24,MIER,MORENA,12,2742,0,44,2786,4405,12,No
2016,28,TAMAULIPAS,24,MIER,ES,24,2742,0,44,2786,4405,24,No
2016,28,TAMAULIPAS,24,MIER,PRI_PVEM_NUAL,1,2742,0,44,2786,4405,680,Sí
2016,28,TAMAULIPAS,24,MIER,PRI_PVEM,4,2742,0,44,2786,4405,664,Sí
2016,28,TAMAULIPAS,24,MIER,PRI_NUAL,1,2742,0,44,2786,4405,677,Sí
2016,28,TAMAULIPAS,24,MIER,PVEM_NUAL,0,2742,0,44,2786,4405,22,Sí
2016,28,TAMAULIPAS,25,MIGUEL ALEMAN,PAN,5950,12084,2,188,12266,20156,5950,No
2016,28,TAMAULIPAS,25,MIGUEL ALEMAN,PRI,3701,12084,2,188,12266,20156,3701,No
2016,28,TAMAULIPAS,25,MIGUEL ALEMAN,PRD,13,12084,2,188,12266,20156,13,No
2016,28,TAMAULIPAS,25,MIGUEL ALEMAN,PVEM,20,12084,2,188,12266,20156,20,No
2016,28,TAMAULIPAS,25,MIGUEL ALEMAN,PT,32,12084,2,188,12266,20156,32,No
2016,28,TAMAULIPAS,25,MIGUEL ALEMAN,MC,19,12084,2,188,12266,20156,19,No
2016,28,TAMAULIPAS,25,MIGUEL ALEMAN,NUAL,109,12084,2,188,12266,20156,109,No
2016,28,TAMAULIPAS,25,MIGUEL ALEMAN,MORENA,48,12084,2,188,12266,20156,48,No
2016,28,TAMAULIPAS,25,MIGUEL ALEMAN,ES,84,12084,2,188,12266,20156,84,No
2016,28,TAMAULIPAS,25,MIGUEL ALEMAN,PRI_PVEM_NUAL,12,12084,2,188,12266,20156,3842,Sí
2016,28,TAMAULIPAS,25,MIGUEL ALEMAN,PRI_PVEM,29,12084,2,188,12266,20156,3750,Sí
2016,28,TAMAULIPAS,25,MIGUEL ALEMAN,PRI_NUAL,4,12084,2,188,12266,20156,3814,Sí
2016,28,TAMAULIPAS,25,MIGUEL ALEMAN,PVEM_NUAL,3,12084,2,188,12266,20156,132,Sí
2016,28,TAMAULIPAS,25,MIGUEL ALEMAN,Candidatura Independiente,2060,12084,2,188,12266,20156,2060,No
2016,28,TAMAULIPAS,26,MIQUIHUANA,PAN,1054,2375,0,54,2429,2817,1054,No
2016,28,TAMAULIPAS,26,MIQUIHUANA,PRI,1187,2375,0,54,2429,2817,1187,No
2016,28,TAMAULIPAS,26,MIQUIHUANA,PRD,1,2375,0,54,2429,2817,1,No
2016,28,TAMAULIPAS,26,MIQUIHUANA,PVEM,1,2375,0,54,2429,2817,1,No
2016,28,TAMAULIPAS,26,MIQUIHUANA,PT,0,2375,0,54,2429,2817,0,No
2016,28,TAMAULIPAS,26,MIQUIHUANA,MC,12,2375,0,54,2429,2817,12,No
2016,28,TAMAULIPAS,26,MIQUIHUANA,NUAL,8,2375,0,54,2429,2817,8,No
2016,28,TAMAULIPAS,26,MIQUIHUANA,MORENA,107,2375,0,54,2429,2817,107,No
2016,28,TAMAULIPAS,26,MIQUIHUANA,ES,0,2375,0,54,2429,2817,0,No
2016,28,TAMAULIPAS,26,MIQUIHUANA,PRI_PVEM_NUAL,2,2375,0,54,2429,2817,1198,Sí
2016,28,TAMAULIPAS,26,MIQUIHUANA,PRI_PVEM,3,2375,0,54,2429,2817,1191,Sí
2016,28,TAMAULIPAS,26,MIQUIHUANA,PRI_NUAL,0,2375,0,54,2429,2817,1195,Sí
2016,28,TAMAULIPAS,26,MIQUIHUANA,PVEM_NUAL,0,2375,0,54,2429,2817,9,Sí
2016,28,TAMAULIPAS,27,NUEVO LAREDO,PAN,77914,142722,81,3036,145545,299617,77914,No
2016,28,TAMAULIPAS,27,NUEVO LAREDO,PRI,45780,142722,81,3036,145545,299617,45780,No
2016,28,TAMAULIPAS,27,NUEVO LAREDO,PRD,1536,142722,81,3036,145545,299617,1536,No
2016,28,TAMAULIPAS,27,NUEVO LAREDO,PVEM,1030,142722,81,3036,145545,299617,1030,No
2016,28,TAMAULIPAS,27,NUEVO LAREDO,PT,510,142722,81,3036,145545,299617,510,No
2016,28,TAMAULIPAS,27,NUEVO LAREDO,MC,2259,142722,81,3036,145545,299617,2259,No
2016,28,TAMAULIPAS,27,NUEVO LAREDO,NUAL,1275,142722,81,3036,145545,299617,1275,No
2016,28,TAMAULIPAS,27,NUEVO LAREDO,MORENA,1528,142722,81,3036,145545,299617,1528,No
2016,28,TAMAULIPAS,27,NUEVO LAREDO,ES,1277,142722,81,3036,145545,299617,1277,No
2016,28,TAMAULIPAS,27,NUEVO LAREDO,PRI_PVEM_NUAL,414,142722,81,3036,145545,299617,48499,Sí
2016,28,TAMAULIPAS,27,NUEVO LAREDO,PRI_PVEM,492,142722,81,3036,145545,299617,47302,Sí
2016,28,TAMAULIPAS,27,NUEVO LAREDO,PRI_NUAL,170,142722,81,3036,145545,299617,47225,Sí
2016,28,TAMAULIPAS,27,NUEVO LAREDO,PVEM_NUAL,161,142722,81,3036,145545,299617,2466,Sí
2016,28,TAMAULIPAS,27,NUEVO LAREDO,Candidatura Independiente,6048,142722,81,3036,145545,299617,6048,No
2016,28,TAMAULIPAS,27,NUEVO LAREDO,Candidatura Independiente,1588,142722,81,3036,145545,299617,1588,No
2016,28,TAMAULIPAS,27,NUEVO LAREDO,Candidatura Independiente,740,142722,81,3036,145545,299617,740,No
2016,28,TAMAULIPAS,28,NUEVO MORELOS,PAN,1234,2537,0,25,2562,2995,1234,No
2016,28,TAMAULIPAS,28,NUEVO MORELOS,PRI,1273,2537,0,25,2562,2995,1273,No
2016,28,TAMAULIPAS,28,NUEVO MORELOS,PRD,0,2537,0,25,2562,2995,0,No
2016,28,TAMAULIPAS,28,NUEVO MORELOS,PVEM,2,2537,0,25,2562,2995,2,No
2016,28,TAMAULIPAS,28,NUEVO MORELOS,PT,0,2537,0,25,2562,2995,0,No
2016,28,TAMAULIPAS,28,NUEVO MORELOS,MC,0,2537,0,25,2562,2995,0,No
2016,28,TAMAULIPAS,28,NUEVO MORELOS,NUAL,16,2537,0,25,2562,2995,16,No
2016,28,TAMAULIPAS,28,NUEVO MORELOS,MORENA,0,2537,0,25,2562,2995,0,No
2016,28,TAMAULIPAS,28,NUEVO MORELOS,ES,0,2537,0,25,2562,2995,0,No
2016,28,TAMAULIPAS,28,NUEVO MORELOS,PRI_PVEM_NUAL,1,2537,0,25,2562,2995,1292,Sí
2016,28,TAMAULIPAS,28,NUEVO MORELOS,PRI_PVEM,7,2537,0,25,2562,2995,1282,Sí
2016,28,TAMAULIPAS,28,NUEVO MORELOS,PRI_NUAL,3,2537,0,25,2562,2995,1292,Sí
2016,28,TAMAULIPAS,28,NUEVO MORELOS,PVEM_NUAL,1,2537,0,25,2562,2995,19,Sí
2016,28,TAMAULIPAS,29,OCAMPO,PAN,4003,8139,0,76,8215,10466,4003,No
2016,28,TAMAULIPAS,29,OCAMPO,PRI,3945,8139,0,76,8215,10466,3945,No
2016,28,TAMAULIPAS,29,OCAMPO,PRD,17,8139,0,76,8215,10466,17,No
2016,28,TAMAULIPAS,29,OCAMPO,PVEM,9,8139,0,76,8215,10466,9,No
2016,28,TAMAULIPAS,29,OCAMPO,PT,6,8139,0,76,8215,10466,6,No
2016,28,TAMAULIPAS,29,OCAMPO,MC,1,8139,0,76,8215,10466,1,No
2016,28,TAMAULIPAS,29,OCAMPO,NUAL,32,8139,0,76,8215,10466,32,No
2016,28,TAMAULIPAS,29,OCAMPO,MORENA,22,8139,0,76,8215,10466,22,No
2016,28,TAMAULIPAS,29,OCAMPO,ES,25,8139,0,76,8215,10466,25,No
2016,28,TAMAULIPAS,29,OCAMPO,PRI_PVEM_NUAL,11,8139,0,76,8215,10466,3997,Sí
2016,28,TAMAULIPAS,29,OCAMPO,PRI_PVEM,23,8139,0,76,8215,10466,3977,Sí
2016,28,TAMAULIPAS,29,OCAMPO,PRI_NUAL,7,8139,0,76,8215,10466,3984,Sí
2016,28,TAMAULIPAS,29,OCAMPO,PVEM_NUAL,0,8139,0,76,8215,10466,41,Sí
2016,28,TAMAULIPAS,29,OCAMPO,Candidatura Independiente,38,8139,0,76,8215,10466,38,No
2016,28,TAMAULIPAS,30,PADILLA,PAN,3961,8490,0,114,8604,11449,3961,No
2016,28,TAMAULIPAS,30,PADILLA,PRI,3772,8490,0,114,8604,11449,3772,No
2016,28,TAMAULIPAS,30,PADILLA,PRD,40,8490,0,114,8604,11449,40,No
2016,28,TAMAULIPAS,30,PADILLA,PVEM,14,8490,0,114,8604,11449,14,No
2016,28,TAMAULIPAS,30,PADILLA,PT,32,8490,0,114,8604,11449,32,No
2016,28,TAMAULIPAS,30,PADILLA,MC,92,8490,0,114,8604,11449,92,No
2016,28,TAMAULIPAS,30,PADILLA,NUAL,69,8490,0,114,8604,11449,69,No
2016,28,TAMAULIPAS,30,PADILLA,MORENA,48,8490,0,114,8604,11449,48,No
2016,28,TAMAULIPAS,30,PADILLA,ES,444,8490,0,114,8604,11449,444,No
2016,28,TAMAULIPAS,30,PADILLA,PRI_PVEM_NUAL,4,8490,0,114,8604,11449,3859,Sí
2016,28,TAMAULIPAS,30,PADILLA,PRI_PVEM,10,8490,0,114,8604,11449,3796,Sí
2016,28,TAMAULIPAS,30,PADILLA,PRI_NUAL,3,8490,0,114,8604,11449,3844,Sí
2016,28,TAMAULIPAS,30,PADILLA,PVEM_NUAL,1,8490,0,114,8604,11449,84,Sí
2016,28,TAMAULIPAS,31,PALMILLAS,PAN,499,1211,0,112,1323,1612,499,No
2016,28,TAMAULIPAS,31,PALMILLAS,PRI,684,1211,0,112,1323,1612,684,No
2016,28,TAMAULIPAS,31,PALMILLAS,PRD,8,1211,0,112,1323,1612,8,No
2016,28,TAMAULIPAS,31,PALMILLAS,PVEM,1,1211,0,112,1323,1612,1,No
2016,28,TAMAULIPAS,31,PALMILLAS,PT,0,1211,0,112,1323,1612,0,No
2016,28,TAMAULIPAS,31,PALMILLAS,MC,2,1211,0,112,1323,1612,2,No
2016,28,TAMAULIPAS,31,PALMILLAS,NUAL,6,1211,0,112,1323,1612,6,No
2016,28,TAMAULIPAS,31,PALMILLAS,MORENA,0,1211,0,112,1323,1612,0,No
2016,28,TAMAULIPAS,31,PALMILLAS,ES,9,1211,0,112,1323,1612,9,No
2016,28,TAMAULIPAS,31,PALMILLAS,PRI_PVEM_NUAL,0,1211,0,112,1323,1612,691,Sí
2016,28,TAMAULIPAS,31,PALMILLAS,PRI_PVEM,1,1211,0,112,1323,1612,686,Sí
2016,28,TAMAULIPAS,31,PALMILLAS,PRI_NUAL,1,1211,0,112,1323,1612,691,Sí
2016,28,TAMAULIPAS,31,PALMILLAS,PVEM_NUAL,0,1211,0,112,1323,1612,7,Sí
2016,28,TAMAULIPAS,32,REYNOSA,PAN,82102,227729,196,4523,231807,488143,82102,No
2016,28,TAMAULIPAS,32,REYNOSA,PRI,63571,227729,196,4523,231807,488143,63571,No
2016,28,TAMAULIPAS,32,REYNOSA,PRD,2017,227729,196,4523,231807,488143,2017,No
2016,28,TAMAULIPAS,32,REYNOSA,PVEM,1798,227729,196,4523,231807,488143,1798,No
2016,28,TAMAULIPAS,32,REYNOSA,PT,1400,227729,196,4523,231807,488143,1400,No
2016,28,TAMAULIPAS,32,REYNOSA,MC,4363,227729,196,4523,231807,488143,4363,No
2016,28,TAMAULIPAS,32,REYNOSA,NUAL,1933,227729,196,4523,231807,488143,1933,No
2016,28,TAMAULIPAS,32,REYNOSA,MORENA,6816,227729,196,4523,231807,488143,6816,No
2016,28,TAMAULIPAS,32,REYNOSA,ES,2447,227729,196,4523,231807,488143,2447,No
2016,28,TAMAULIPAS,32,REYNOSA,PRI_PVEM_NUAL,849,227729,196,4523,231807,488143,68151,Sí
2016,28,TAMAULIPAS,32,REYNOSA,PRI_PVEM,793,227729,196,4523,231807,488143,66162,Sí
2016,28,TAMAULIPAS,32,REYNOSA,PRI_NUAL,444,227729,196,4523,231807,488143,65948,Sí
2016,28,TAMAULIPAS,32,REYNOSA,PVEM_NUAL,45,227729,196,4523,231807,488143,3776,Sí
2016,28,TAMAULIPAS,32,REYNOSA,Candidatura Independiente,3778,227729,196,4523,231807,488143,3778,No
2016,28,TAMAULIPAS,32,REYNOSA,Candidatura Independiente,55373,227729,196,4523,231807,488143,55373,No
2016,28,TAMAULIPAS,33,RIO BRAVO,PAN,12291,46243,19,1102,47311,99017,12291,No
2016,28,TAMAULIPAS,33,RIO BRAVO,PRI,16043,46243,19,1102,47311,99017,16043,No
2016,28,TAMAULIPAS,33,RIO BRAVO,PRD,447,46243,19,1102,47311,99017,447,No
2016,28,TAMAULIPAS,33,RIO BRAVO,PVEM,708,46243,19,1102,47311,99017,708,No
2016,28,TAMAULIPAS,33,RIO BRAVO,PT,303,46243,19,1102,47311,99017,303,No
2016,28,TAMAULIPAS,33,RIO BRAVO,MC,538,46243,19,1102,47311,99017,538,No
2016,28,TAMAULIPAS,33,RIO BRAVO,NUAL,574,46243,19,1102,47311,99017,574,No
2016,28,TAMAULIPAS,33,RIO BRAVO,MORENA,1605,46243,19,1102,47311,99017,1605,No
2016,28,TAMAULIPAS,33,RIO BRAVO,ES,1957,46243,19,1102,47311,99017,1957,No
2016,28,TAMAULIPAS,33,RIO BRAVO,PRI_PVEM_NUAL,548,46243,19,1102,47311,99017,17873,Sí
2016,28,TAMAULIPAS,33,RIO BRAVO,PRI_PVEM,201,46243,19,1102,47311,99017,16952,Sí
2016,28,TAMAULIPAS,33,RIO BRAVO,PRI_NUAL,20,46243,19,1102,47311,99017,16637,Sí
2016,28,TAMAULIPAS,33,RIO BRAVO,PVEM_NUAL,3,46243,19,1102,47311,99017,1285,Sí
2016,28,TAMAULIPAS,33,RIO BRAVO,Candidatura Independiente,9885,46243,19,1102,47311,99017,9885,No
2016,28,TAMAULIPAS,33,RIO BRAVO,Candidatura Independiente,532,46243,19,1102,47311,99017,532,No
2016,28,TAMAULIPAS,33,RIO BRAVO,Candidatura Independiente,588,46243,19,1102,47311,99017,588,No
2016,28,TAMAULIPAS,34,SAN CARLOS,PAN,3065,5746,0,65,5811,7537,3065,No
2016,28,TAMAULIPAS,34,SAN CARLOS,PRI,2569,5746,0,65,5811,7537,2569,No
2016,28,TAMAULIPAS,34,SAN CARLOS,PRD,47,5746,0,65,5811,7537,47,No
2016,28,TAMAULIPAS,34,SAN CARLOS,PVEM,0,5746,0,65,5811,7537,0,No
2016,28,TAMAULIPAS,34,SAN CARLOS,PT,2,5746,0,65,5811,7537,2,No
2016,28,TAMAULIPAS,34,SAN CARLOS,MC,7,5746,0,65,5811,7537,7,No
2016,28,TAMAULIPAS,34,SAN CARLOS,NUAL,5,5746,0,65,5811,7537,5,No
2016,28,TAMAULIPAS,34,SAN CARLOS,MORENA,11,5746,0,65,5811,7537,11,No
2016,28,TAMAULIPAS,34,SAN CARLOS,ES,40,5746,0,65,5811,7537,40,No
2016,28,TAMAULIPAS,35,SAN FERNANDO,PAN,13148,25598,1,406,26005,38302,13148,No
2016,28,TAMAULIPAS,35,SAN FERNANDO,PRI,9411,25598,1,406,26005,38302,9411,No
2016,28,TAMAULIPAS,35,SAN FERNANDO,PRD,2037,25598,1,406,26005,38302,2037,No
2016,28,TAMAULIPAS,35,SAN FERNANDO,PVEM,26,25598,1,406,26005,38302,26,No
2016,28,TAMAULIPAS,35,SAN FERNANDO,PT,61,25598,1,406,26005,38302,61,No
2016,28,TAMAULIPAS,35,SAN FERNANDO,MC,97,25598,1,406,26005,38302,97,No
2016,28,TAMAULIPAS,35,SAN FERNANDO,NUAL,168,25598,1,406,26005,38302,168,No
2016,28,TAMAULIPAS,35,SAN FERNANDO,MORENA,335,25598,1,406,26005,38302,335,No
2016,28,TAMAULIPAS,35,SAN FERNANDO,ES,260,25598,1,406,26005,38302,260,No
2016,28,TAMAULIPAS,35,SAN FERNANDO,PRI_PVEM_NUAL,11,25598,1,406,26005,38302,9616,Sí
2016,28,TAMAULIPAS,35,SAN FERNANDO,PRI_PVEM,31,25598,1,406,26005,38302,9468,Sí
2016,28,TAMAULIPAS,35,SAN FERNANDO,PRI_NUAL,9,25598,1,406,26005,38302,9588,Sí
2016,28,TAMAULIPAS,35,SAN FERNANDO,PVEM_NUAL,4,25598,1,406,26005,38302,198,Sí
2016,28,TAMAULIPAS,36,SAN NICOLAS,PAN,22,877,0,10,887,1108,22,No
2016,28,TAMAULIPAS,36,SAN NICOLAS,PRI,781,877,0,10,887,1108,781,No
2016,28,TAMAULIPAS,36,SAN NICOLAS,PRD,8,877,0,10,887,1108,8,No
2016,28,TAMAULIPAS,36,SAN NICOLAS,PVEM,0,877,0,10,887,1108,0,No
2016,28,TAMAULIPAS,36,SAN NICOLAS,PT,0,877,0,10,887,1108,0,No
2016,28,TAMAULIPAS,36,SAN NICOLAS,MC,1,877,0,10,887,1108,1,No
2016,28,TAMAULIPAS,36,SAN NICOLAS,NUAL,1,877,0,10,887,1108,1,No
2016,28,TAMAULIPAS,36,SAN NICOLAS,MORENA,1,877,0,10,887,1108,1,No
2016,28,TAMAULIPAS,36,SAN NICOLAS,ES,63,877,0,10,887,1108,63,No
2016,28,TAMAULIPAS,36,SAN NICOLAS,PRI_PVEM_NUAL,0,877,0,10,887,1108,782,Sí
2016,28,TAMAULIPAS,36,SAN NICOLAS,PRI_PVEM,0,877,0,10,887,1108,781,Sí
2016,28,TAMAULIPAS,36,SAN NICOLAS,PRI_NUAL,0,877,0,10,887,1108,782,Sí
2016,28,TAMAULIPAS,36,SAN NICOLAS,PVEM_NUAL,0,877,0,10,887,1108,1,Sí
2016,28,TAMAULIPAS,37,SOTO LA MARINA,PAN,6319,13286,1,124,13411,18264,6319,No
2016,28,TAMAULIPAS,37,SOTO LA MARINA,PRI,5179,13286,1,124,13411,18264,5179,No
2016,28,TAMAULIPAS,37,SOTO LA MARINA,PRD,799,13286,1,124,13411,18264,799,No
2016,28,TAMAULIPAS,37,SOTO LA MARINA,PVEM,29,13286,1,124,13411,18264,29,No
2016,28,TAMAULIPAS,37,SOTO LA MARINA,PT,82,13286,1,124,13411,18264,82,No
2016,28,TAMAULIPAS,37,SOTO LA MARINA,MC,4,13286,1,124,13411,18264,4,No
2016,28,TAMAULIPAS,37,SOTO LA MARINA,NUAL,570,13286,1,124,13411,18264,570,No
2016,28,TAMAULIPAS,37,SOTO LA MARINA,MORENA,41,13286,1,124,13411,18264,41,No
2016,28,TAMAULIPAS,37,SOTO LA MARINA,ES,38,13286,1,124,13411,18264,38,No
2016,28,TAMAULIPAS,37,SOTO LA MARINA,PRI_PVEM_NUAL,153,13286,1,124,13411,18264,5931,Sí
2016,28,TAMAULIPAS,37,SOTO LA MARINA,PRI_PVEM,39,13286,1,124,13411,18264,5247,Sí
2016,28,TAMAULIPAS,37,SOTO LA MARINA,PRI_NUAL,29,13286,1,124,13411,18264,5778,Sí
2016,28,TAMAULIPAS,37,SOTO LA MARINA,PVEM_NUAL,4,13286,1,124,13411,18264,603,Sí
2016,28,TAMAULIPAS,38,TAMPICO,PAN,58491,140322,181,2294,142025,245533,58491,No
2016,28,TAMAULIPAS,38,TAMPICO,PRI,60815,140322,181,2294,142025,245533,60815,No
2016,28,TAMAULIPAS,38,TAMPICO,PRD,4551,140322,181,2294,142025,245533,4551,No
2016,28,TAMAULIPAS,38,TAMPICO,PVEM,1726,140322,181,2294,142025,245533,1726,No
2016,28,TAMAULIPAS,38,TAMPICO,PT,957,140322,181,2294,142025,245533,957,No
2016,28,TAMAULIPAS,38,TAMPICO,MC,4130,140322,181,2294,142025,245533,4130,No
2016,28,TAMAULIPAS,38,TAMPICO,NUAL,1365,140322,181,2294,142025,245533,1365,No
2016,28,TAMAULIPAS,38,TAMPICO,MORENA,4330,140322,181,2294,142025,245533,4330,No
2016,28,TAMAULIPAS,38,TAMPICO,ES,1194,140322,181,2294,142025,245533,1194,No
2016,28,TAMAULIPAS,38,TAMPICO,PRI_PVEM_NUAL,993,140322,181,2294,142025,245533,64899,Sí
2016,28,TAMAULIPAS,38,TAMPICO,PRI_PVEM,999,140322,181,2294,142025,245533,63540,Sí
2016,28,TAMAULIPAS,38,TAMPICO,PRI_NUAL,557,140322,181,2294,142025,245533,62737,Sí
2016,28,TAMAULIPAS,38,TAMPICO,PVEM_NUAL,214,140322,181,2294,142025,245533,3305,Sí
2016,28,TAMAULIPAS,39,TULA,PAN,7584,14264,0,222,14486,20898,7584,No
2016,28,TAMAULIPAS,39,TULA,PRI,6291,14264,0,222,14486,20898,6291,No
2016,28,TAMAULIPAS,39,TULA,PRD,70,14264,0,222,14486,20898,70,No
2016,28,TAMAULIPAS,39,TULA,PVEM,21,14264,0,222,14486,20898,21,No
2016,28,TAMAULIPAS,39,TULA,PT,62,14264,0,222,14486,20898,62,No
2016,28,TAMAULIPAS,39,TULA,MC,3,14264,0,222,14486,20898,3,No
2016,28,TAMAULIPAS,39,TULA,NUAL,132,14264,0,222,14486,20898,132,No
2016,28,TAMAULIPAS,39,TULA,MORENA,21,14264,0,222,14486,20898,21,No
2016,28,TAMAULIPAS,39,TULA,ES,21,14264,0,222,14486,20898,21,No
2016,28,TAMAULIPAS,39,TULA,PRI_PVEM_NUAL,10,14264,0,222,14486,20898,6454,Sí
2016,28,TAMAULIPAS,39,TULA,PRI_PVEM,39,14264,0,222,14486,20898,6351,Sí
2016,28,TAMAULIPAS,39,TULA,PRI_NUAL,9,14264,0,222,14486,20898,6432,Sí
2016,28,TAMAULIPAS,39,TULA,PVEM_NUAL,1,14264,0,222,14486,20898,154,Sí
2016,28,TAMAULIPAS,40,VALLE HERMOSO,PAN,6311,25773,11,573,26357,46525,6311,No
2016,28,TAMAULIPAS,40,VALLE HERMOSO,PRI,12308,25773,11,573,26357,46525,12308,No
2016,28,TAMAULIPAS,40,VALLE HERMOSO,PRD,150,25773,11,573,26357,46525,150,No
2016,28,TAMAULIPAS,40,VALLE HERMOSO,PVEM,86,25773,11,573,26357,46525,86,No
2016,28,TAMAULIPAS,40,VALLE HERMOSO,PT,213,25773,11,573,26357,46525,213,No
2016,28,TAMAULIPAS,40,VALLE HERMOSO,MC,158,25773,11,573,26357,46525,158,No
2016,28,TAMAULIPAS,40,VALLE HERMOSO,NUAL,258,25773,11,573,26357,46525,258,No
2016,28,TAMAULIPAS,40,VALLE HERMOSO,MORENA,312,25773,11,573,26357,46525,312,No
2016,28,TAMAULIPAS,40,VALLE HERMOSO,ES,1388,25773,11,573,26357,46525,1388,No
2016,28,TAMAULIPAS,40,VALLE HERMOSO,PRI_PVEM_NUAL,24,25773,11,573,26357,46525,12676,Sí
2016,28,TAMAULIPAS,40,VALLE HERMOSO,PRI_PVEM,57,25773,11,573,26357,46525,12451,Sí
2016,28,TAMAULIPAS,40,VALLE HERMOSO,PRI_NUAL,5,25773,11,573,26357,46525,12571,Sí
2016,28,TAMAULIPAS,40,VALLE HERMOSO,PVEM_NUAL,4,25773,11,573,26357,46525,348,Sí
2016,28,TAMAULIPAS,40,VALLE HERMOSO,Candidatura Independiente,4499,25773,11,573,26357,46525,4499,No
2016,28,TAMAULIPAS,41,VICTORIA,PAN,45274,152766,204,1850,154567,237628,45274,No
2016,28,TAMAULIPAS,41,VICTORIA,PRI,46334,152766,204,1850,154567,237628,46334,No
2016,28,TAMAULIPAS,41,VICTORIA,PRD,1845,152766,204,1850,154567,237628,1845,No
2016,28,TAMAULIPAS,41,VICTORIA,PVEM,533,152766,204,1850,154567,237628,533,No
2016,28,TAMAULIPAS,41,VICTORIA,PT,1130,152766,204,1850,154567,237628,1130,No
2016,28,TAMAULIPAS,41,VICTORIA,MC,25798,152766,204,1850,154567,237628,25798,No
2016,28,TAMAULIPAS,41,VICTORIA,NUAL,1112,152766,204,1850,154567,237628,1112,No
2016,28,TAMAULIPAS,41,VICTORIA,MORENA,1399,152766,204,1850,154567,237628,1399,No
2016,28,TAMAULIPAS,41,VICTORIA,ES,799,152766,204,1850,154567,237628,799,No
2016,28,TAMAULIPAS,41,VICTORIA,PRI_PVEM_NUAL,143,152766,204,1850,154567,237628,48122,Sí
2016,28,TAMAULIPAS,41,VICTORIA,PRI_PVEM,338,152766,204,1850,154567,237628,47205,Sí
2016,28,TAMAULIPAS,41,VICTORIA,PRI_NUAL,37,152766,204,1850,154567,237628,47483,Sí
2016,28,TAMAULIPAS,41,VICTORIA,PVEM_NUAL,16,152766,204,1850,154567,237628,1661,Sí
2016,28,TAMAULIPAS,41,VICTORIA,Candidatura Independiente,28008,152766,204,1850,154567,237628,28008,No
2016,28,TAMAULIPAS,42,VILLAGRAN,PAN,3043,3175,4,214,3393,4897,3043,No
2016,28,TAMAULIPAS,42,VILLAGRAN,PRI,55,3175,4,214,3393,4897,55,No
2016,28,TAMAULIPAS,42,VILLAGRAN,PRD,12,3175,4,214,3393,4897,12,No
2016,28,TAMAULIPAS,42,VILLAGRAN,PVEM,3,3175,4,214,3393,4897,3,No
2016,28,TAMAULIPAS,42,VILLAGRAN,PT,32,3175,4,214,3393,4897,32,No
2016,28,TAMAULIPAS,42,VILLAGRAN,MC,2,3175,4,214,3393,4897,2,No
2016,28,TAMAULIPAS,42,VILLAGRAN,NUAL,1,3175,4,214,3393,4897,1,No
2016,28,TAMAULIPAS,42,VILLAGRAN,MORENA,26,3175,4,214,3393,4897,26,No
2016,28,TAMAULIPAS,42,VILLAGRAN,ES,1,3175,4,214,3393,4897,1,No
2016,28,TAMAULIPAS,42,VILLAGRAN,PRI_PVEM_NUAL,0,3175,4,214,3393,4897,59,Sí
2016,28,TAMAULIPAS,42,VILLAGRAN,PRI_PVEM,0,3175,4,214,3393,4897,58,Sí
2016,28,TAMAULIPAS,42,VILLAGRAN,PRI_NUAL,0,3175,4,214,3393,4897,56,Sí
2016,28,TAMAULIPAS,42,VILLAGRAN,PVEM_NUAL,0,3175,4,214,3393,4897,4,Sí
2016,28,TAMAULIPAS,43,XICOTENCATL,PAN,8246,14051,0,207,14258,17998,8246,No
2016,28,TAMAULIPAS,43,XICOTENCATL,PRI,5500,14051,0,207,14258,17998,5500,No
2016,28,TAMAULIPAS,43,XICOTENCATL,PRD,68,14051,0,207,14258,17998,68,No
2016,28,TAMAULIPAS,43,XICOTENCATL,PVEM,18,14051,0,207,14258,17998,18,No
2016,28,TAMAULIPAS,43,XICOTENCATL,PT,16,14051,0,207,14258,17998,16,No
2016,28,TAMAULIPAS,43,XICOTENCATL,MC,7,14051,0,207,14258,17998,7,No
2016,28,TAMAULIPAS,43,XICOTENCATL,NUAL,28,14051,0,207,14258,17998,28,No
2016,28,TAMAULIPAS,43,XICOTENCATL,MORENA,66,14051,0,207,14258,17998,66,No
2016,28,TAMAULIPAS,43,XICOTENCATL,ES,69,14051,0,207,14258,17998,69,No
2016,28,TAMAULIPAS,43,XICOTENCATL,PRI_PVEM_NUAL,5,14051,0,207,14258,17998,5551,Sí
2016,28,TAMAULIPAS,43,XICOTENCATL,PRI_PVEM,25,14051,0,207,14258,17998,5543,Sí
2016,28,TAMAULIPAS,43,XICOTENCATL,PRI_NUAL,3,14051,0,207,14258,17998,5531,Sí
2016,28,TAMAULIPAS,43,XICOTENCATL,PVEM_NUAL,0,14051,0,207,14258,17998,46,Sí
2016,29,TLAXCALA,1,AMAXAC DE GUERRERO,PAN,185,5334,1,138,5472,7683,185,No
2016,29,TLAXCALA,1,AMAXAC DE GUERRERO,PRD,1295,5334,1,138,5472,7683,1295,No
2016,29,TLAXCALA,1,AMAXAC DE GUERRERO,PVEM,1459,5334,1,138,5472,7683,1459,No
2016,29,TLAXCALA,1,AMAXAC DE GUERRERO,MC,24,5334,1,138,5472,7683,24,No
2016,29,TLAXCALA,1,AMAXAC DE GUERRERO,PAC,351,5334,1,138,5472,7683,351,No
2016,29,TLAXCALA,1,AMAXAC DE GUERRERO,PS,124,5334,1,138,5472,7683,124,No
2016,29,TLAXCALA,1,AMAXAC DE GUERRERO,MORENA,1315,5334,1,138,5472,7683,1315,No
2016,29,TLAXCALA,1,AMAXAC DE GUERRERO,ES,35,5334,1,138,5472,7683,35,No
2016,29,TLAXCALA,1,AMAXAC DE GUERRERO,PRI_NUAL,545,5334,1,138,5472,7683,545,Sí
2016,29,TLAXCALA,2,APETATITLAN DE ANTONIO CARVAJAL,PAN,1902,7805,1,188,7993,11080,1902,No
2016,29,TLAXCALA,2,APETATITLAN DE ANTONIO CARVAJAL,PRD,1996,7805,1,188,7993,11080,1996,No
2016,29,TLAXCALA,2,APETATITLAN DE ANTONIO CARVAJAL,MC,50,7805,1,188,7993,11080,50,No
2016,29,TLAXCALA,2,APETATITLAN DE ANTONIO CARVAJAL,PAC,1174,7805,1,188,7993,11080,1174,No
2016,29,TLAXCALA,2,APETATITLAN DE ANTONIO CARVAJAL,MORENA,421,7805,1,188,7993,11080,421,No
2016,29,TLAXCALA,2,APETATITLAN DE ANTONIO CARVAJAL,ES,112,7805,1,188,7993,11080,112,No
2016,29,TLAXCALA,2,APETATITLAN DE ANTONIO CARVAJAL,PRI_PVEM_NUAL_PS,1534,7805,1,188,7993,11080,1534,Sí
2016,29,TLAXCALA,2,APETATITLAN DE ANTONIO CARVAJAL,Candidatura Independiente,471,7805,1,188,7993,11080,471,No
2016,29,TLAXCALA,2,APETATITLAN DE ANTONIO CARVAJAL,Candidatura Independiente,144,7805,1,188,7993,11080,144,No
2016,29,TLAXCALA,3,APIZACO,PAN,10663,35211,155,1352,36563,61976,10663,No
2016,29,TLAXCALA,3,APIZACO,PRI,8856,35211,155,1352,36563,61976,8856,No
2016,29,TLAXCALA,3,APIZACO,PRD,4540,35211,155,1352,36563,61976,4540,No
2016,29,TLAXCALA,3,APIZACO,PT,699,35211,155,1352,36563,61976,699,No
2016,29,TLAXCALA,3,APIZACO,PVEM,611,35211,155,1352,36563,61976,611,No
2016,29,TLAXCALA,3,APIZACO,MC,727,35211,155,1352,36563,61976,727,No
2016,29,TLAXCALA,3,APIZACO,NUAL,286,35211,155,1352,36563,61976,286,No
2016,29,TLAXCALA,3,APIZACO,PAC,1314,35211,155,1352,36563,61976,1314,No
2016,29,TLAXCALA,3,APIZACO,PS,185,35211,155,1352,36563,61976,185,No
2016,29,TLAXCALA,3,APIZACO,MORENA,2920,35211,155,1352,36563,61976,2920,No
2016,29,TLAXCALA,3,APIZACO,Candidatura Independiente,4255,35211,155,1352,36563,61976,4255,No
2016,29,TLAXCALA,4,ATLANGATEPEC,PAN,229,3543,0,89,3632,4665,229,No
2016,29,TLAXCALA,4,ATLANGATEPEC,PRI,1555,3543,0,89,3632,4665,1555,No
2016,29,TLAXCALA,4,ATLANGATEPEC,PVEM,12,3543,0,89,3632,4665,12,No
2016,29,TLAXCALA,4,ATLANGATEPEC,MC,329,3543,0,89,3632,4665,329,No
2016,29,TLAXCALA,4,ATLANGATEPEC,NUAL,666,3543,0,89,3632,4665,666,No
2016,29,TLAXCALA,4,ATLANGATEPEC,PAC,59,3543,0,89,3632,4665,59,No
2016,29,TLAXCALA,4,ATLANGATEPEC,PS,14,3543,0,89,3632,4665,14,No
2016,29,TLAXCALA,4,ATLANGATEPEC,MORENA,171,3543,0,89,3632,4665,171,No
2016,29,TLAXCALA,4,ATLANGATEPEC,PRD_PT,508,3543,0,89,3632,4665,508,Sí
2016,29,TLAXCALA,5,ATLTZAYANCA,PAN,421,8728,0,360,9088,11688,421,No
2016,29,TLAXCALA,5,ATLTZAYANCA,PRI,3579,8728,0,360,9088,11688,3579,No
2016,29,TLAXCALA,5,ATLTZAYANCA,PRD,2279,8728,0,360,9088,11688,2279,No
2016,29,TLAXCALA,5,ATLTZAYANCA,PT,49,8728,0,360,9088,11688,49,No
2016,29,TLAXCALA,5,ATLTZAYANCA,PVEM,496,8728,0,360,9088,11688,496,No
2016,29,TLAXCALA,5,ATLTZAYANCA,MC,29,8728,0,360,9088,11688,29,No
2016,29,TLAXCALA,5,ATLTZAYANCA,PAC,1537,8728,0,360,9088,11688,1537,No
2016,29,TLAXCALA,5,ATLTZAYANCA,PS,26,8728,0,360,9088,11688,26,No
2016,29,TLAXCALA,5,ATLTZAYANCA,MORENA,265,8728,0,360,9088,11688,265,No
2016,29,TLAXCALA,5,ATLTZAYANCA,ES,47,8728,0,360,9088,11688,47,No
2016,29,TLAXCALA,6,CALPULALPAN,PAN,2923,17907,24,615,18522,32380,2923,No
2016,29,TLAXCALA,6,CALPULALPAN,PRI,2600,17907,24,615,18522,32380,2600,No
2016,29,TLAXCALA,6,CALPULALPAN,PRD,576,17907,24,615,18522,32380,576,No
2016,29,TLAXCALA,6,CALPULALPAN,PT,816,17907,24,615,18522,32380,816,No
2016,29,TLAXCALA,6,CALPULALPAN,MC,1448,17907,24,615,18522,32380,1448,No
2016,29,TLAXCALA,6,CALPULALPAN,NUAL,314,17907,24,615,18522,32380,314,No
2016,29,TLAXCALA,6,CALPULALPAN,PAC,2631,17907,24,615,18522,32380,2631,No
2016,29,TLAXCALA,6,CALPULALPAN,PS,383,17907,24,615,18522,32380,383,No
2016,29,TLAXCALA,6,CALPULALPAN,MORENA,753,17907,24,615,18522,32380,753,No
2016,29,TLAXCALA,6,CALPULALPAN,ES,3714,17907,24,615,18522,32380,3714,No
2016,29,TLAXCALA,6,CALPULALPAN,Candidatura Independiente,1725,17907,24,615,18522,32380,1725,No
2016,29,TLAXCALA,7,EL CARMEN TEQUEXQUITLA,PAN,2271,6585,0,349,6934,10812,2271,No
2016,29,TLAXCALA,7,EL CARMEN TEQUEXQUITLA,PRI,3155,6585,0,349,6934,10812,3155,No
2016,29,TLAXCALA,7,EL CARMEN TEQUEXQUITLA,PVEM,34,6585,0,349,6934,10812,34,No
2016,29,TLAXCALA,7,EL CARMEN TEQUEXQUITLA,PAC,625,6585,0,349,6934,10812,625,No
2016,29,TLAXCALA,7,EL CARMEN TEQUEXQUITLA,PS,38,6585,0,349,6934,10812,38,No
2016,29,TLAXCALA,7,EL CARMEN TEQUEXQUITLA,MORENA,85,6585,0,349,6934,10812,85,No
2016,29,TLAXCALA,7,EL CARMEN TEQUEXQUITLA,PRD_PT,377,6585,0,349,6934,10812,377,Sí
2016,29,TLAXCALA,8,CUAPIAXTLA,PAN,1308,7105,1,271,7376,9724,1308,No
2016,29,TLAXCALA,8,CUAPIAXTLA,PRI,2244,7105,1,271,7376,9724,2244,No
2016,29,TLAXCALA,8,CUAPIAXTLA,PRD,119,7105,1,271,7376,9724,119,No
2016,29,TLAXCALA,8,CUAPIAXTLA,PT,91,7105,1,271,7376,9724,91,No
2016,29,TLAXCALA,8,CUAPIAXTLA,PVEM,2664,7105,1,271,7376,9724,2664,No
2016,29,TLAXCALA,8,CUAPIAXTLA,MC,32,7105,1,271,7376,9724,32,No
2016,29,TLAXCALA,8,CUAPIAXTLA,NUAL,1,7105,1,271,7376,9724,1,No
2016,29,TLAXCALA,8,CUAPIAXTLA,PAC,17,7105,1,271,7376,9724,17,No
2016,29,TLAXCALA,8,CUAPIAXTLA,PS,154,7105,1,271,7376,9724,154,No
2016,29,TLAXCALA,8,CUAPIAXTLA,MORENA,474,7105,1,271,7376,9724,474,No
2016,29,TLAXCALA,9,CUAXOMULCO,PAN,638,3107,0,96,3203,4369,638,No
2016,29,TLAXCALA,9,CUAXOMULCO,PRI,441,3107,0,96,3203,4369,441,No
2016,29,TLAXCALA,9,CUAXOMULCO,PRD,410,3107,0,96,3203,4369,410,No
2016,29,TLAXCALA,9,CUAXOMULCO,PT,255,3107,0,96,3203,4369,255,No
2016,29,TLAXCALA,9,CUAXOMULCO,PVEM,389,3107,0,96,3203,4369,389,No
2016,29,TLAXCALA,9,CUAXOMULCO,MC,33,3107,0,96,3203,4369,33,No
2016,29,TLAXCALA,9,CUAXOMULCO,PAC,748,3107,0,96,3203,4369,748,No
2016,29,TLAXCALA,9,CUAXOMULCO,PS,74,3107,0,96,3203,4369,74,No
2016,29,TLAXCALA,9,CUAXOMULCO,MORENA,110,3107,0,96,3203,4369,110,No
2016,29,TLAXCALA,9,CUAXOMULCO,ES,9,3107,0,96,3203,4369,9,No
2016,29,TLAXCALA,10,CHIAUTEMPAN,PAN,3307,31029,18,1223,32252,49849,3307,No
2016,29,TLAXCALA,10,CHIAUTEMPAN,MC,1248,31029,18,1223,32252,49849,1248,No
2016,29,TLAXCALA,10,CHIAUTEMPAN,NUAL,376,31029,18,1223,32252,49849,376,No
2016,29,TLAXCALA,10,CHIAUTEMPAN,PAC,1299,31029,18,1223,32252,49849,1299,No
2016,29,TLAXCALA,10,CHIAUTEMPAN,PS,253,31029,18,1223,32252,49849,253,No
2016,29,TLAXCALA,10,CHIAUTEMPAN,MORENA,1804,31029,18,1223,32252,49849,1804,No
2016,29,TLAXCALA,10,CHIAUTEMPAN,ES,288,31029,18,1223,32252,49849,288,No
2016,29,TLAXCALA,10,CHIAUTEMPAN,PRI_PVEM,9484,31029,18,1223,32252,49849,9484,Sí
2016,29,TLAXCALA,10,CHIAUTEMPAN,PRD_PT,8069,31029,18,1223,32252,49849,8069,Sí
2016,29,TLAXCALA,10,CHIAUTEMPAN,Candidatura Independiente,1800,31029,18,1223,32252,49849,1800,No
2016,29,TLAXCALA,10,CHIAUTEMPAN,Candidatura Independiente,2636,31029,18,1223,32252,49849,2636,No
2016,29,TLAXCALA,10,CHIAUTEMPAN,Candidatura Independiente,447,31029,18,1223,32252,49849,447,No
2016,29,TLAXCALA,11,MUÑOZ DE DOMINGO ARENAS,PAN,588,2465,0,100,2565,3542,588,No
2016,29,TLAXCALA,11,MUÑOZ DE DOMINGO ARENAS,PRI,717,2465,0,100,2565,3542,717,No
2016,29,TLAXCALA,11,MUÑOZ DE DOMINGO ARENAS,PRD,28,2465,0,100,2565,3542,28,No
2016,29,TLAXCALA,11,MUÑOZ DE DOMINGO ARENAS,PT,451,2465,0,100,2565,3542,451,No
2016,29,TLAXCALA,11,MUÑOZ DE DOMINGO ARENAS,PVEM,342,2465,0,100,2565,3542,342,No
2016,29,TLAXCALA,11,MUÑOZ DE DOMINGO ARENAS,MC,3,2465,0,100,2565,3542,3,No
2016,29,TLAXCALA,11,MUÑOZ DE DOMINGO ARENAS,NUAL,140,2465,0,100,2565,3542,140,No
2016,29,TLAXCALA,11,MUÑOZ DE DOMINGO ARENAS,PS,53,2465,0,100,2565,3542,53,No
2016,29,TLAXCALA,11,MUÑOZ DE DOMINGO ARENAS,MORENA,143,2465,0,100,2565,3542,143,No
2016,29,TLAXCALA,12,ESPAÑITA,PAN,1774,4514,1,124,4638,6257,1774,No
2016,29,TLAXCALA,12,ESPAÑITA,PRI,1782,4514,1,124,4638,6257,1782,No
2016,29,TLAXCALA,12,ESPAÑITA,PVEM,26,4514,1,124,4638,6257,26,No
2016,29,TLAXCALA,12,ESPAÑITA,MC,10,4514,1,124,4638,6257,10,No
2016,29,TLAXCALA,12,ESPAÑITA,PAC,685,4514,1,124,4638,6257,685,No
2016,29,TLAXCALA,12,ESPAÑITA,PS,10,4514,1,124,4638,6257,10,No
2016,29,TLAXCALA,12,ESPAÑITA,MORENA,183,4514,1,124,4638,6257,183,No
2016,29,TLAXCALA,12,ESPAÑITA,PRD_PT,43,4514,1,124,4638,6257,43,Sí
2016,29,TLAXCALA,13,HUAMANTLA,PAN,5233,35318,28,1623,36941,59649,5233,No
2016,29,TLAXCALA,13,HUAMANTLA,PRI,11211,35318,28,1623,36941,59649,11211,No
2016,29,TLAXCALA,13,HUAMANTLA,PVEM,2706,35318,28,1623,36941,59649,2706,No
2016,29,TLAXCALA,13,HUAMANTLA,MC,202,35318,28,1623,36941,59649,202,No
2016,29,TLAXCALA,13,HUAMANTLA,NUAL,1384,35318,28,1623,36941,59649,1384,No
2016,29,TLAXCALA,13,HUAMANTLA,PAC,4931,35318,28,1623,36941,59649,4931,No
2016,29,TLAXCALA,13,HUAMANTLA,PS,993,35318,28,1623,36941,59649,993,No
2016,29,TLAXCALA,13,HUAMANTLA,MORENA,1873,35318,28,1623,36941,59649,1873,No
2016,29,TLAXCALA,13,HUAMANTLA,ES,422,35318,28,1623,36941,59649,422,No
2016,29,TLAXCALA,13,HUAMANTLA,PRD_PT,6335,35318,28,1623,36941,59649,6335,Sí
2016,29,TLAXCALA,14,HUEYOTLIPAN,PAN,853,7543,3,280,7823,11002,853,No
2016,29,TLAXCALA,14,HUEYOTLIPAN,PRI,1647,7543,3,280,7823,11002,1647,No
2016,29,TLAXCALA,14,HUEYOTLIPAN,PT,2799,7543,3,280,7823,11002,2799,No
2016,29,TLAXCALA,14,HUEYOTLIPAN,MC,27,7543,3,280,7823,11002,27,No
2016,29,TLAXCALA,14,HUEYOTLIPAN,PAC,54,7543,3,280,7823,11002,54,No
2016,29,TLAXCALA,14,HUEYOTLIPAN,PS,8,7543,3,280,7823,11002,8,No
2016,29,TLAXCALA,14,HUEYOTLIPAN,MORENA,2089,7543,3,280,7823,11002,2089,No
2016,29,TLAXCALA,14,HUEYOTLIPAN,ES,63,7543,3,280,7823,11002,63,No
2016,29,TLAXCALA,15,IXTACUIXTLA DE MARIANO MATAMOROS,PAN,839,16788,20,644,17432,27027,839,No
2016,29,TLAXCALA,15,IXTACUIXTLA DE MARIANO MATAMOROS,PRI,4852,16788,20,644,17432,27027,4852,No
2016,29,TLAXCALA,15,IXTACUIXTLA DE MARIANO MATAMOROS,PRD,1961,16788,20,644,17432,27027,1961,No
2016,29,TLAXCALA,15,IXTACUIXTLA DE MARIANO MATAMOROS,PT,123,16788,20,644,17432,27027,123,No
2016,29,TLAXCALA,15,IXTACUIXTLA DE MARIANO MATAMOROS,PVEM,160,16788,20,644,17432,27027,160,No
2016,29,TLAXCALA,15,IXTACUIXTLA DE MARIANO MATAMOROS,MC,3931,16788,20,644,17432,27027,3931,No
2016,29,TLAXCALA,15,IXTACUIXTLA DE MARIANO MATAMOROS,NUAL,1883,16788,20,644,17432,27027,1883,No
2016,29,TLAXCALA,15,IXTACUIXTLA DE MARIANO MATAMOROS,PAC,2319,16788,20,644,17432,27027,2319,No
2016,29,TLAXCALA,15,IXTACUIXTLA DE MARIANO MATAMOROS,PS,235,16788,20,644,17432,27027,235,No
2016,29,TLAXCALA,15,IXTACUIXTLA DE MARIANO MATAMOROS,MORENA,465,16788,20,644,17432,27027,465,No
2016,29,TLAXCALA,16,IXTENCO,PAN,174,3562,0,159,3721,5061,174,No
2016,29,TLAXCALA,16,IXTENCO,PRI,330,3562,0,159,3721,5061,330,No
2016,29,TLAXCALA,16,IXTENCO,PRD,338,3562,0,159,3721,5061,338,No
2016,29,TLAXCALA,16,IXTENCO,PT,470,3562,0,159,3721,5061,470,No
2016,29,TLAXCALA,16,IXTENCO,PVEM,125,3562,0,159,3721,5061,125,No
2016,29,TLAXCALA,16,IXTENCO,MC,14,3562,0,159,3721,5061,14,No
2016,29,TLAXCALA,16,IXTENCO,NUAL,398,3562,0,159,3721,5061,398,No
2016,29,TLAXCALA,16,IXTENCO,PAC,182,3562,0,159,3721,5061,182,No
2016,29,TLAXCALA,16,IXTENCO,PS,367,3562,0,159,3721,5061,367,No
2016,29,TLAXCALA,16,IXTENCO,MORENA,372,3562,0,159,3721,5061,372,No
2016,29,TLAXCALA,16,IXTENCO,ES,521,3562,0,159,3721,5061,521,No
2016,29,TLAXCALA,16,IXTENCO,Candidatura Independiente,271,3562,0,159,3721,5061,271,No
2016,29,TLAXCALA,17,MAZATECOCHCO DE JOSE MARIA MORELOS,PAN,143,5466,0,145,5611,7327,143,No
2016,29,TLAXCALA,17,MAZATECOCHCO DE JOSE MARIA MORELOS,PRI,484,5466,0,145,5611,7327,484,No
2016,29,TLAXCALA,17,MAZATECOCHCO DE JOSE MARIA MORELOS,PRD,770,5466,0,145,5611,7327,770,No
2016,29,TLAXCALA,17,MAZATECOCHCO DE JOSE MARIA MORELOS,PT,757,5466,0,145,5611,7327,757,No
2016,29,TLAXCALA,17,MAZATECOCHCO DE JOSE MARIA MORELOS,PVEM,1137,5466,0,145,5611,7327,1137,No
2016,29,TLAXCALA,17,MAZATECOCHCO DE JOSE MARIA MORELOS,MC,302,5466,0,145,5611,7327,302,No
2016,29,TLAXCALA,17,MAZATECOCHCO DE JOSE MARIA MORELOS,PS,60,5466,0,145,5611,7327,60,No
2016,29,TLAXCALA,17,MAZATECOCHCO DE JOSE MARIA MORELOS,MORENA,85,5466,0,145,5611,7327,85,No
2016,29,TLAXCALA,17,MAZATECOCHCO DE JOSE MARIA MORELOS,ES,514,5466,0,145,5611,7327,514,No
2016,29,TLAXCALA,17,MAZATECOCHCO DE JOSE MARIA MORELOS,Candidatura Independiente,1214,5466,0,145,5611,7327,1214,No
2016,29,TLAXCALA,18,CONTLA DE JUAN CUAMATZI,PAN,3726,16619,16,544,17163,25376,3726,No
2016,29,TLAXCALA,18,CONTLA DE JUAN CUAMATZI,PRD,3754,16619,16,544,17163,25376,3754,No
2016,29,TLAXCALA,18,CONTLA DE JUAN CUAMATZI,PT,198,16619,16,544,17163,25376,198,No
2016,29,TLAXCALA,18,CONTLA DE JUAN CUAMATZI,PVEM,141,16619,16,544,17163,25376,141,No
2016,29,TLAXCALA,18,CONTLA DE JUAN CUAMATZI,MC,173,16619,16,544,17163,25376,173,No
2016,29,TLAXCALA,18,CONTLA DE JUAN CUAMATZI,PAC,1795,16619,16,544,17163,25376,1795,No
2016,29,TLAXCALA,18,CONTLA DE JUAN CUAMATZI,MORENA,737,16619,16,544,17163,25376,737,No
2016,29,TLAXCALA,18,CONTLA DE JUAN CUAMATZI,ES,637,16619,16,544,17163,25376,637,No
2016,29,TLAXCALA,18,CONTLA DE JUAN CUAMATZI,PRI_NUAL_PS,3061,16619,16,544,17163,25376,3061,Sí
2016,29,TLAXCALA,18,CONTLA DE JUAN CUAMATZI,Candidatura Independiente,2381,16619,16,544,17163,25376,2381,No
2016,29,TLAXCALA,19,TEPETITLA DE LARDIZABAL,PAN,2685,9138,1,258,9396,13775,2685,No
2016,29,TLAXCALA,19,TEPETITLA DE LARDIZABAL,PRD,785,9138,1,258,9396,13775,785,No
2016,29,TLAXCALA,19,TEPETITLA DE LARDIZABAL,PT,55,9138,1,258,9396,13775,55,No
2016,29,TLAXCALA,19,TEPETITLA DE LARDIZABAL,MC,36,9138,1,258,9396,13775,36,No
2016,29,TLAXCALA,19,TEPETITLA DE LARDIZABAL,NUAL,1755,9138,1,258,9396,13775,1755,No
2016,29,TLAXCALA,19,TEPETITLA DE LARDIZABAL,PAC,48,9138,1,258,9396,13775,48,No
2016,29,TLAXCALA,19,TEPETITLA DE LARDIZABAL,PS,58,9138,1,258,9396,13775,58,No
2016,29,TLAXCALA,19,TEPETITLA DE LARDIZABAL,MORENA,1352,9138,1,258,9396,13775,1352,No
2016,29,TLAXCALA,19,TEPETITLA DE LARDIZABAL,ES,1293,9138,1,258,9396,13775,1293,No
2016,29,TLAXCALA,19,TEPETITLA DE LARDIZABAL,PRI_PVEM,1070,9138,1,258,9396,13775,1070,Sí
2016,29,TLAXCALA,20,SANCTORUM DE LAZARO CARDENAS,PAN,867,4271,3,150,4421,6276,867,No
2016,29,TLAXCALA,20,SANCTORUM DE LAZARO CARDENAS,PRD,569,4271,3,150,4421,6276,569,No
2016,29,TLAXCALA,20,SANCTORUM DE LAZARO CARDENAS,PT,781,4271,3,150,4421,6276,781,No
2016,29,TLAXCALA,20,SANCTORUM DE LAZARO CARDENAS,MC,109,4271,3,150,4421,6276,109,No
2016,29,TLAXCALA,20,SANCTORUM DE LAZARO CARDENAS,NUAL,459,4271,3,150,4421,6276,459,No
2016,29,TLAXCALA,20,SANCTORUM DE LAZARO CARDENAS,PAC,601,4271,3,150,4421,6276,601,No
2016,29,TLAXCALA,20,SANCTORUM DE LAZARO CARDENAS,PS,215,4271,3,150,4421,6276,215,No
2016,29,TLAXCALA,20,SANCTORUM DE LAZARO CARDENAS,MORENA,109,4271,3,150,4421,6276,109,No
2016,29,TLAXCALA,20,SANCTORUM DE LAZARO CARDENAS,ES,368,4271,3,150,4421,6276,368,No
2016,29,TLAXCALA,20,SANCTORUM DE LAZARO CARDENAS,PRI_PVEM,190,4271,3,150,4421,6276,190,Sí
2016,29,TLAXCALA,21,NANACAMILPA DE MARIANO ARISTA,PAN,544,7121,6,285,7406,12398,544,No
2016,29,TLAXCALA,21,NANACAMILPA DE MARIANO ARISTA,PRD,661,7121,6,285,7406,12398,661,No
2016,29,TLAXCALA,21,NANACAMILPA DE MARIANO ARISTA,PT,1150,7121,6,285,7406,12398,1150,No
2016,29,TLAXCALA,21,NANACAMILPA DE MARIANO ARISTA,PVEM,44,7121,6,285,7406,12398,44,No
2016,29,TLAXCALA,21,NANACAMILPA DE MARIANO ARISTA,MC,77,7121,6,285,7406,12398,77,No
2016,29,TLAXCALA,21,NANACAMILPA DE MARIANO ARISTA,NUAL,1833,7121,6,285,7406,12398,1833,No
2016,29,TLAXCALA,21,NANACAMILPA DE MARIANO ARISTA,PAC,48,7121,6,285,7406,12398,48,No
2016,29,TLAXCALA,21,NANACAMILPA DE MARIANO ARISTA,MORENA,540,7121,6,285,7406,12398,540,No
2016,29,TLAXCALA,21,NANACAMILPA DE MARIANO ARISTA,PRI_PS,2218,7121,6,285,7406,12398,2218,Sí
2016,29,TLAXCALA,22,ACUAMANALA DE MIGUEL HIDALGO,PAN,369,3519,1,64,3583,4328,369,No
2016,29,TLAXCALA,22,ACUAMANALA DE MIGUEL HIDALGO,PRI,608,3519,1,64,3583,4328,608,No
2016,29,TLAXCALA,22,ACUAMANALA DE MIGUEL HIDALGO,PVEM,224,3519,1,64,3583,4328,224,No
2016,29,TLAXCALA,22,ACUAMANALA DE MIGUEL HIDALGO,MC,578,3519,1,64,3583,4328,578,No
2016,29,TLAXCALA,22,ACUAMANALA DE MIGUEL HIDALGO,PAC,315,3519,1,64,3583,4328,315,No
2016,29,TLAXCALA,22,ACUAMANALA DE MIGUEL HIDALGO,PS,227,3519,1,64,3583,4328,227,No
2016,29,TLAXCALA,22,ACUAMANALA DE MIGUEL HIDALGO,MORENA,549,3519,1,64,3583,4328,549,No
2016,29,TLAXCALA,22,ACUAMANALA DE MIGUEL HIDALGO,ES,4,3519,1,64,3583,4328,4,No
2016,29,TLAXCALA,22,ACUAMANALA DE MIGUEL HIDALGO,PRD_PT,644,3519,1,64,3583,4328,644,Sí
2016,29,TLAXCALA,23,NATIVITAS,PAN,942,10941,3,367,11308,17528,942,No
2016,29,TLAXCALA,23,NATIVITAS,PVEM,1904,10941,3,367,11308,17528,1904,No
2016,29,TLAXCALA,23,NATIVITAS,MC,57,10941,3,367,11308,17528,57,No
2016,29,TLAXCALA,23,NATIVITAS,PAC,4389,10941,3,367,11308,17528,4389,No
2016,29,TLAXCALA,23,NATIVITAS,PS,648,10941,3,367,11308,17528,648,No
2016,29,TLAXCALA,23,NATIVITAS,MORENA,605,10941,3,367,11308,17528,605,No
2016,29,TLAXCALA,23,NATIVITAS,ES,29,10941,3,367,11308,17528,29,No
2016,29,TLAXCALA,23,NATIVITAS,PRI_NUAL,2211,10941,3,367,11308,17528,2211,Sí
2016,29,TLAXCALA,23,NATIVITAS,PRD_PT,153,10941,3,367,11308,17528,153,Sí
2016,29,TLAXCALA,24,PANOTLA,PAN,834,12789,14,520,13309,19511,834,No
2016,29,TLAXCALA,24,PANOTLA,PRD,2810,12789,14,520,13309,19511,2810,No
2016,29,TLAXCALA,24,PANOTLA,PT,657,12789,14,520,13309,19511,657,No
2016,29,TLAXCALA,24,PANOTLA,PVEM,1291,12789,14,520,13309,19511,1291,No
2016,29,TLAXCALA,24,PANOTLA,MC,402,12789,14,520,13309,19511,402,No
2016,29,TLAXCALA,24,PANOTLA,NUAL,153,12789,14,520,13309,19511,153,No
2016,29,TLAXCALA,24,PANOTLA,PAC,691,12789,14,520,13309,19511,691,No
2016,29,TLAXCALA,24,PANOTLA,MORENA,834,12789,14,520,13309,19511,834,No
2016,29,TLAXCALA,24,PANOTLA,ES,205,12789,14,520,13309,19511,205,No
2016,29,TLAXCALA,24,PANOTLA,PRI_PS,1255,12789,14,520,13309,19511,1255,Sí
2016,29,TLAXCALA,24,PANOTLA,Candidatura Independiente,1406,12789,14,520,13309,19511,1406,No
2016,29,TLAXCALA,24,PANOTLA,Candidatura Independiente,740,12789,14,520,13309,19511,740,No
2016,29,TLAXCALA,24,PANOTLA,Candidatura Independiente,681,12789,14,520,13309,19511,681,No
2016,29,TLAXCALA,24,PANOTLA,Candidatura Independiente,816,12789,14,520,13309,19511,816,No
2016,29,TLAXCALA,25,SAN PABLO DEL MONTE,PAN,13006,34282,32,1126,35408,51211,13006,No
2016,29,TLAXCALA,25,SAN PABLO DEL MONTE,PVEM,466,34282,32,1126,35408,51211,466,No
2016,29,TLAXCALA,25,SAN PABLO DEL MONTE,MC,829,34282,32,1126,35408,51211,829,No
2016,29,TLAXCALA,25,SAN PABLO DEL MONTE,PAC,340,34282,32,1126,35408,51211,340,No
2016,29,TLAXCALA,25,SAN PABLO DEL MONTE,MORENA,3355,34282,32,1126,35408,51211,3355,No
2016,29,TLAXCALA,25,SAN PABLO DEL MONTE,ES,164,34282,32,1126,35408,51211,164,No
2016,29,TLAXCALA,25,SAN PABLO DEL MONTE,PRI_NUAL_PS,7742,34282,32,1126,35408,51211,7742,Sí
2016,29,TLAXCALA,25,SAN PABLO DEL MONTE,PRD_PT,8348,34282,32,1126,35408,51211,8348,Sí
2016,29,TLAXCALA,26,SANTA CRUZ TLAXCALA,PAN,1415,8719,8,272,8991,12995,1415,No
2016,29,TLAXCALA,26,SANTA CRUZ TLAXCALA,PRI,1643,8719,8,272,8991,12995,1643,No
2016,29,TLAXCALA,26,SANTA CRUZ TLAXCALA,PRD,326,8719,8,272,8991,12995,326,No
2016,29,TLAXCALA,26,SANTA CRUZ TLAXCALA,PT,308,8719,8,272,8991,12995,308,No
2016,29,TLAXCALA,26,SANTA CRUZ TLAXCALA,PVEM,1342,8719,8,272,8991,12995,1342,No
2016,29,TLAXCALA,26,SANTA CRUZ TLAXCALA,MC,913,8719,8,272,8991,12995,913,No
2016,29,TLAXCALA,26,SANTA CRUZ TLAXCALA,PAC,258,8719,8,272,8991,12995,258,No
2016,29,TLAXCALA,26,SANTA CRUZ TLAXCALA,PS,80,8719,8,272,8991,12995,80,No
2016,29,TLAXCALA,26,SANTA CRUZ TLAXCALA,MORENA,180,8719,8,272,8991,12995,180,No
2016,29,TLAXCALA,26,SANTA CRUZ TLAXCALA,ES,51,8719,8,272,8991,12995,51,No
2016,29,TLAXCALA,26,SANTA CRUZ TLAXCALA,Candidatura Independiente,2039,8719,8,272,8991,12995,2039,No
2016,29,TLAXCALA,26,SANTA CRUZ TLAXCALA,Candidatura Independiente,156,8719,8,272,8991,12995,156,No
2016,29,TLAXCALA,27,TENANCINGO,PAN,1483,4940,1,148,5088,8531,1483,No
2016,29,TLAXCALA,27,TENANCINGO,PRD,177,4940,1,148,5088,8531,177,No
2016,29,TLAXCALA,27,TENANCINGO,PT,50,4940,1,148,5088,8531,50,No
2016,29,TLAXCALA,27,TENANCINGO,PVEM,17,4940,1,148,5088,8531,17,No
2016,29,TLAXCALA,27,TENANCINGO,MC,574,4940,1,148,5088,8531,574,No
2016,29,TLAXCALA,27,TENANCINGO,PAC,1039,4940,1,148,5088,8531,1039,No
2016,29,TLAXCALA,27,TENANCINGO,MORENA,490,4940,1,148,5088,8531,490,No
2016,29,TLAXCALA,27,TENANCINGO,PRI_NUAL_PS,1109,4940,1,148,5088,8531,1109,Sí
2016,29,TLAXCALA,28,TEOLOCHOLCO,PAN,1713,11437,4,376,11813,16200,1713,No
2016,29,TLAXCALA,28,TEOLOCHOLCO,PRD,2032,11437,4,376,11813,16200,2032,No
2016,29,TLAXCALA,28,TEOLOCHOLCO,PT,2038,11437,4,376,11813,16200,2038,No
2016,29,TLAXCALA,28,TEOLOCHOLCO,MC,839,11437,4,376,11813,16200,839,No
2016,29,TLAXCALA,28,TEOLOCHOLCO,NUAL,51,11437,4,376,11813,16200,51,No
2016,29,TLAXCALA,28,TEOLOCHOLCO,PAC,486,11437,4,376,11813,16200,486,No
2016,29,TLAXCALA,28,TEOLOCHOLCO,PS,40,11437,4,376,11813,16200,40,No
2016,29,TLAXCALA,28,TEOLOCHOLCO,MORENA,1390,11437,4,376,11813,16200,1390,No
2016,29,TLAXCALA,28,TEOLOCHOLCO,ES,372,11437,4,376,11813,16200,372,No
2016,29,TLAXCALA,28,TEOLOCHOLCO,PRI_PVEM,2472,11437,4,376,11813,16200,2472,Sí
2016,29,TLAXCALA,29,TEPEYANCO,PAN,258,6255,0,160,6415,8437,258,No
2016,29,TLAXCALA,29,TEPEYANCO,PRD,1477,6255,0,160,6415,8437,1477,No
2016,29,TLAXCALA,29,TEPEYANCO,MC,1416,6255,0,160,6415,8437,1416,No
2016,29,TLAXCALA,29,TEPEYANCO,PAC,84,6255,0,160,6415,8437,84,No
2016,29,TLAXCALA,29,TEPEYANCO,PS,420,6255,0,160,6415,8437,420,No
2016,29,TLAXCALA,29,TEPEYANCO,MORENA,172,6255,0,160,6415,8437,172,No
2016,29,TLAXCALA,29,TEPEYANCO,ES,301,6255,0,160,6415,8437,301,No
2016,29,TLAXCALA,29,TEPEYANCO,PRI_PVEM_NUAL,2127,6255,0,160,6415,8437,2127,Sí
2016,29,TLAXCALA,30,TERRENATE,PAN,1715,7006,0,289,7295,9722,1715,No
2016,29,TLAXCALA,30,TERRENATE,PRD,49,7006,0,289,7295,9722,49,No
2016,29,TLAXCALA,30,TERRENATE,PT,2866,7006,0,289,7295,9722,2866,No
2016,29,TLAXCALA,30,TERRENATE,MC,10,7006,0,289,7295,9722,10,No
2016,29,TLAXCALA,30,TERRENATE,NUAL,882,7006,0,289,7295,9722,882,No
2016,29,TLAXCALA,30,TERRENATE,PS,304,7006,0,289,7295,9722,304,No
2016,29,TLAXCALA,30,TERRENATE,MORENA,366,7006,0,289,7295,9722,366,No
2016,29,TLAXCALA,30,TERRENATE,PRI_PVEM,814,7006,0,289,7295,9722,814,Sí
2016,29,TLAXCALA,31,TETLA DE LA SOLIDARIDAD,PAN,4073,13004,20,430,13434,20419,4073,No
2016,29,TLAXCALA,31,TETLA DE LA SOLIDARIDAD,PRD,2790,13004,20,430,13434,20419,2790,No
2016,29,TLAXCALA,31,TETLA DE LA SOLIDARIDAD,PT,92,13004,20,430,13434,20419,92,No
2016,29,TLAXCALA,31,TETLA DE LA SOLIDARIDAD,MC,1280,13004,20,430,13434,20419,1280,No
2016,29,TLAXCALA,31,TETLA DE LA SOLIDARIDAD,PAC,169,13004,20,430,13434,20419,169,No
2016,29,TLAXCALA,31,TETLA DE LA SOLIDARIDAD,PS,3323,13004,20,430,13434,20419,3323,No
2016,29,TLAXCALA,31,TETLA DE LA SOLIDARIDAD,MORENA,311,13004,20,430,13434,20419,311,No
2016,29,TLAXCALA,31,TETLA DE LA SOLIDARIDAD,ES,95,13004,20,430,13434,20419,95,No
2016,29,TLAXCALA,31,TETLA DE LA SOLIDARIDAD,PRI_PVEM,851,13004,20,430,13434,20419,851,Sí
2016,29,TLAXCALA,32,TETLATLAHUCA,PAN,113,6594,0,157,6751,9147,113,No
2016,29,TLAXCALA,32,TETLATLAHUCA,PRD,198,6594,0,157,6751,9147,198,No
2016,29,TLAXCALA,32,TETLATLAHUCA,PT,553,6594,0,157,6751,9147,553,No
2016,29,TLAXCALA,32,TETLATLAHUCA,PVEM,1892,6594,0,157,6751,9147,1892,No
2016,29,TLAXCALA,32,TETLATLAHUCA,MC,148,6594,0,157,6751,9147,148,No
2016,29,TLAXCALA,32,TETLATLAHUCA,PAC,644,6594,0,157,6751,9147,644,No
2016,29,TLAXCALA,32,TETLATLAHUCA,PS,164,6594,0,157,6751,9147,164,No
2016,29,TLAXCALA,32,TETLATLAHUCA,MORENA,777,6594,0,157,6751,9147,777,No
2016,29,TLAXCALA,32,TETLATLAHUCA,ES,1386,6594,0,157,6751,9147,1386,No
2016,29,TLAXCALA,32,TETLATLAHUCA,PRI_NUAL,719,6594,0,157,6751,9147,719,Sí
2016,29,TLAXCALA,33,TLAXCALA,PAN,5794,39966,128,1444,41410,70480,5794,No
2016,29,TLAXCALA,33,TLAXCALA,MC,1140,39966,128,1444,41410,70480,1140,No
2016,29,TLAXCALA,33,TLAXCALA,PAC,6320,39966,128,1444,41410,70480,6320,No
2016,29,TLAXCALA,33,TLAXCALA,MORENA,3195,39966,128,1444,41410,70480,3195,No
2016,29,TLAXCALA,33,TLAXCALA,ES,1205,39966,128,1444,41410,70480,1205,No
2016,29,TLAXCALA,33,TLAXCALA,PRI_PVEM_NUAL_PS,12172,39966,128,1444,41410,70480,12172,Sí
2016,29,TLAXCALA,33,TLAXCALA,PRD_PT,7828,39966,128,1444,41410,70480,7828,Sí
2016,29,TLAXCALA,33,TLAXCALA,Candidatura Independiente,2184,39966,128,1444,41410,70480,2184,No
2016,29,TLAXCALA,34,TLAXCO,PAN,1136,19139,3,736,19875,29357,1136,No
2016,29,TLAXCALA,34,TLAXCO,PRI,4764,19139,3,736,19875,29357,4764,No
2016,29,TLAXCALA,34,TLAXCO,PRD,3097,19139,3,736,19875,29357,3097,No
2016,29,TLAXCALA,34,TLAXCO,PVEM,123,19139,3,736,19875,29357,123,No
2016,29,TLAXCALA,34,TLAXCO,MC,2164,19139,3,736,19875,29357,2164,No
2016,29,TLAXCALA,34,TLAXCO,NUAL,2329,19139,3,736,19875,29357,2329,No
2016,29,TLAXCALA,34,TLAXCO,PAC,558,19139,3,736,19875,29357,558,No
2016,29,TLAXCALA,34,TLAXCO,PS,742,19139,3,736,19875,29357,742,No
2016,29,TLAXCALA,34,TLAXCO,MORENA,285,19139,3,736,19875,29357,285,No
2016,29,TLAXCALA,34,TLAXCO,Candidatura Independiente,3938,19139,3,736,19875,29357,3938,No
2016,29,TLAXCALA,35,TOCATLAN,PAN,114,3085,0,98,3183,4241,114,No
2016,29,TLAXCALA,35,TOCATLAN,PRI,612,3085,0,98,3183,4241,612,No
2016,29,TLAXCALA,35,TOCATLAN,PT,1136,3085,0,98,3183,4241,1136,No
2016,29,TLAXCALA,35,TOCATLAN,PVEM,77,3085,0,98,3183,4241,77,No
2016,29,TLAXCALA,35,TOCATLAN,MC,12,3085,0,98,3183,4241,12,No
2016,29,TLAXCALA,35,TOCATLAN,NUAL,378,3085,0,98,3183,4241,378,No
2016,29,TLAXCALA,35,TOCATLAN,PS,747,3085,0,98,3183,4241,747,No
2016,29,TLAXCALA,35,TOCATLAN,MORENA,9,3085,0,98,3183,4241,9,No
2016,29,TLAXCALA,36,TOTOLAC,PAN,1346,10724,8,369,11093,17611,1346,No
2016,29,TLAXCALA,36,TOTOLAC,PRD,2219,10724,8,369,11093,17611,2219,No
2016,29,TLAXCALA,36,TOTOLAC,PT,356,10724,8,369,11093,17611,356,No
2016,29,TLAXCALA,36,TOTOLAC,PVEM,798,10724,8,369,11093,17611,798,No
2016,29,TLAXCALA,36,TOTOLAC,MC,87,10724,8,369,11093,17611,87,No
2016,29,TLAXCALA,36,TOTOLAC,PAC,1689,10724,8,369,11093,17611,1689,No
2016,29,TLAXCALA,36,TOTOLAC,PS,157,10724,8,369,11093,17611,157,No
2016,29,TLAXCALA,36,TOTOLAC,MORENA,571,10724,8,369,11093,17611,571,No
2016,29,TLAXCALA,36,TOTOLAC,ES,1456,10724,8,369,11093,17611,1456,No
2016,29,TLAXCALA,36,TOTOLAC,PRI_NUAL,1800,10724,8,369,11093,17611,1800,Sí
2016,29,TLAXCALA,36,TOTOLAC,Candidatura Independiente,237,10724,8,369,11093,17611,237,No
2016,29,TLAXCALA,37,ZITLALTEPEC DE TRINIDAD SANCHEZ SANTOS,PAN,1453,4289,0,240,4529,6484,1453,No
2016,29,TLAXCALA,37,ZITLALTEPEC DE TRINIDAD SANCHEZ SANTOS,PRI,386,4289,0,240,4529,6484,386,No
2016,29,TLAXCALA,37,ZITLALTEPEC DE TRINIDAD SANCHEZ SANTOS,PRD,115,4289,0,240,4529,6484,115,No
2016,29,TLAXCALA,37,ZITLALTEPEC DE TRINIDAD SANCHEZ SANTOS,PT,123,4289,0,240,4529,6484,123,No
2016,29,TLAXCALA,37,ZITLALTEPEC DE TRINIDAD SANCHEZ SANTOS,PVEM,602,4289,0,240,4529,6484,602,No
2016,29,TLAXCALA,37,ZITLALTEPEC DE TRINIDAD SANCHEZ SANTOS,NUAL,26,4289,0,240,4529,6484,26,No
2016,29,TLAXCALA,37,ZITLALTEPEC DE TRINIDAD SANCHEZ SANTOS,PAC,76,4289,0,240,4529,6484,76,No
2016,29,TLAXCALA,37,ZITLALTEPEC DE TRINIDAD SANCHEZ SANTOS,MORENA,1305,4289,0,240,4529,6484,1305,No
2016,29,TLAXCALA,37,ZITLALTEPEC DE TRINIDAD SANCHEZ SANTOS,ES,203,4289,0,240,4529,6484,203,No
2016,29,TLAXCALA,38,TZOMPANTEPEC,PAN,373,6513,2,214,6727,10339,373,No
2016,29,TLAXCALA,38,TZOMPANTEPEC,PRI,479,6513,2,214,6727,10339,479,No
2016,29,TLAXCALA,38,TZOMPANTEPEC,PRD,312,6513,2,214,6727,10339,312,No
2016,29,TLAXCALA,38,TZOMPANTEPEC,PT,222,6513,2,214,6727,10339,222,No
2016,29,TLAXCALA,38,TZOMPANTEPEC,PVEM,251,6513,2,214,6727,10339,251,No
2016,29,TLAXCALA,38,TZOMPANTEPEC,MC,28,6513,2,214,6727,10339,28,No
2016,29,TLAXCALA,38,TZOMPANTEPEC,NUAL,872,6513,2,214,6727,10339,872,No
2016,29,TLAXCALA,38,TZOMPANTEPEC,PAC,1178,6513,2,214,6727,10339,1178,No
2016,29,TLAXCALA,38,TZOMPANTEPEC,PS,105,6513,2,214,6727,10339,105,No
2016,29,TLAXCALA,38,TZOMPANTEPEC,MORENA,679,6513,2,214,6727,10339,679,No
2016,29,TLAXCALA,38,TZOMPANTEPEC,ES,1121,6513,2,214,6727,10339,1121,No
2016,29,TLAXCALA,38,TZOMPANTEPEC,Candidatura Independiente,617,6513,2,214,6727,10339,617,No
2016,29,TLAXCALA,38,TZOMPANTEPEC,Candidatura Independiente,274,6513,2,214,6727,10339,274,No
2016,29,TLAXCALA,39,XALOZTOC,PAN,1898,10653,1,249,10902,15730,1898,No
2016,29,TLAXCALA,39,XALOZTOC,PRD,2016,10653,1,249,10902,15730,2016,No
2016,29,TLAXCALA,39,XALOZTOC,PT,393,10653,1,249,10902,15730,393,No
2016,29,TLAXCALA,39,XALOZTOC,PVEM,1658,10653,1,249,10902,15730,1658,No
2016,29,TLAXCALA,39,XALOZTOC,PAC,1677,10653,1,249,10902,15730,1677,No
2016,29,TLAXCALA,39,XALOZTOC,PS,343,10653,1,249,10902,15730,343,No
2016,29,TLAXCALA,39,XALOZTOC,MORENA,541,10653,1,249,10902,15730,541,No
2016,29,TLAXCALA,39,XALOZTOC,PRI_NUAL,1818,10653,1,249,10902,15730,1818,Sí
2016,29,TLAXCALA,39,XALOZTOC,Candidatura Independiente,308,10653,1,249,10902,15730,308,No
2016,29,TLAXCALA,40,XALTOCAN,PAN,437,5142,0,200,5342,7693,437,No
2016,29,TLAXCALA,40,XALTOCAN,PRI,819,5142,0,200,5342,7693,819,No
2016,29,TLAXCALA,40,XALTOCAN,PRD,693,5142,0,200,5342,7693,693,No
2016,29,TLAXCALA,40,XALTOCAN,PT,422,5142,0,200,5342,7693,422,No
2016,29,TLAXCALA,40,XALTOCAN,PVEM,788,5142,0,200,5342,7693,788,No
2016,29,TLAXCALA,40,XALTOCAN,MC,32,5142,0,200,5342,7693,32,No
2016,29,TLAXCALA,40,XALTOCAN,NUAL,25,5142,0,200,5342,7693,25,No
2016,29,TLAXCALA,40,XALTOCAN,PAC,1145,5142,0,200,5342,7693,1145,No
2016,29,TLAXCALA,40,XALTOCAN,PS,637,5142,0,200,5342,7693,637,No
2016,29,TLAXCALA,40,XALTOCAN,MORENA,144,5142,0,200,5342,7693,144,No
2016,29,TLAXCALA,41,PAPALOTLA DE XICOHTENCATL,PAN,2997,12919,3,391,13310,20357,2997,No
2016,29,TLAXCALA,41,PAPALOTLA DE XICOHTENCATL,PRD,2783,12919,3,391,13310,20357,2783,No
2016,29,TLAXCALA,41,PAPALOTLA DE XICOHTENCATL,PT,72,12919,3,391,13310,20357,72,No
2016,29,TLAXCALA,41,PAPALOTLA DE XICOHTENCATL,MC,2449,12919,3,391,13310,20357,2449,No
2016,29,TLAXCALA,41,PAPALOTLA DE XICOHTENCATL,PAC,922,12919,3,391,13310,20357,922,No
2016,29,TLAXCALA,41,PAPALOTLA DE XICOHTENCATL,MORENA,625,12919,3,391,13310,20357,625,No
2016,29,TLAXCALA,41,PAPALOTLA DE XICOHTENCATL,ES,1,12919,3,391,13310,20357,1,No
2016,29,TLAXCALA,41,PAPALOTLA DE XICOHTENCATL,PRI_PVEM,3067,12919,3,391,13310,20357,3067,Sí
2016,29,TLAXCALA,42,SANTO TORIBIO XICOHTZINCO,PAN,664,6826,6,180,7006,10183,664,No
2016,29,TLAXCALA,42,SANTO TORIBIO XICOHTZINCO,PRD,1639,6826,6,180,7006,10183,1639,No
2016,29,TLAXCALA,42,SANTO TORIBIO XICOHTZINCO,PT,371,6826,6,180,7006,10183,371,No
2016,29,TLAXCALA,42,SANTO TORIBIO XICOHTZINCO,MC,627,6826,6,180,7006,10183,627,No
2016,29,TLAXCALA,42,SANTO TORIBIO XICOHTZINCO,PS,1469,6826,6,180,7006,10183,1469,No
2016,29,TLAXCALA,42,SANTO TORIBIO XICOHTZINCO,MORENA,1057,6826,6,180,7006,10183,1057,No
2016,29,TLAXCALA,42,SANTO TORIBIO XICOHTZINCO,ES,366,6826,6,180,7006,10183,366,No
2016,29,TLAXCALA,42,SANTO TORIBIO XICOHTZINCO,PRI_PVEM_NUAL,627,6826,6,180,7006,10183,627,Sí
2016,29,TLAXCALA,43,YAUHQUEMEHCAN,PAN,3093,12980,8,464,13444,22158,3093,No
2016,29,TLAXCALA,43,YAUHQUEMEHCAN,PRI,1517,12980,8,464,13444,22158,1517,No
2016,29,TLAXCALA,43,YAUHQUEMEHCAN,PRD,523,12980,8,464,13444,22158,523,No
2016,29,TLAXCALA,43,YAUHQUEMEHCAN,PT,162,12980,8,464,13444,22158,162,No
2016,29,TLAXCALA,43,YAUHQUEMEHCAN,PVEM,104,12980,8,464,13444,22158,104,No
2016,29,TLAXCALA,43,YAUHQUEMEHCAN,MC,101,12980,8,464,13444,22158,101,No
2016,29,TLAXCALA,43,YAUHQUEMEHCAN,NUAL,1495,12980,8,464,13444,22158,1495,No
2016,29,TLAXCALA,43,YAUHQUEMEHCAN,PAC,3083,12980,8,464,13444,22158,3083,No
2016,29,TLAXCALA,43,YAUHQUEMEHCAN,PS,67,12980,8,464,13444,22158,67,No
2016,29,TLAXCALA,43,YAUHQUEMEHCAN,MORENA,2065,12980,8,464,13444,22158,2065,No
2016,29,TLAXCALA,43,YAUHQUEMEHCAN,ES,762,12980,8,464,13444,22158,762,No
2016,29,TLAXCALA,44,ZACATELCO,PAN,827,19218,8,576,19794,31173,827,No
2016,29,TLAXCALA,44,ZACATELCO,MC,882,19218,8,576,19794,31173,882,No
2016,29,TLAXCALA,44,ZACATELCO,PAC,2714,19218,8,576,19794,31173,2714,No
2016,29,TLAXCALA,44,ZACATELCO,MORENA,2795,19218,8,576,19794,31173,2795,No
2016,29,TLAXCALA,44,ZACATELCO,ES,3085,19218,8,576,19794,31173,3085,No
2016,29,TLAXCALA,44,ZACATELCO,PRI_NUAL,3120,19218,8,576,19794,31173,3120,Sí
2016,29,TLAXCALA,44,ZACATELCO,PRD_PT,3852,19218,8,576,19794,31173,3852,Sí
2016,29,TLAXCALA,44,ZACATELCO,PVEM_PS,1935,19218,8,576,19794,31173,1935,Sí
2016,29,TLAXCALA,45,SANTA APOLONIA TEACALCO,PAN,978,2872,0,51,2923,3538,978,No
2016,29,TLAXCALA,45,SANTA APOLONIA TEACALCO,MC,35,2872,0,51,2923,3538,35,No
2016,29,TLAXCALA,45,SANTA APOLONIA TEACALCO,NUAL,1004,2872,0,51,2923,3538,1004,No
2016,29,TLAXCALA,45,SANTA APOLONIA TEACALCO,PAC,226,2872,0,51,2923,3538,226,No
2016,29,TLAXCALA,45,SANTA APOLONIA TEACALCO,MORENA,14,2872,0,51,2923,3538,14,No
2016,29,TLAXCALA,45,SANTA APOLONIA TEACALCO,PRI_PS,26,2872,0,51,2923,3538,26,Sí
2016,29,TLAXCALA,45,SANTA APOLONIA TEACALCO,PRD_PT,589,2872,0,51,2923,3538,589,Sí
2016,29,TLAXCALA,46,SANTA CRUZ QUILEHTLA,PAN,25,2709,1,108,2817,4533,25,No
2016,29,TLAXCALA,46,SANTA CRUZ QUILEHTLA,PRI,285,2709,1,108,2817,4533,285,No
2016,29,TLAXCALA,46,SANTA CRUZ QUILEHTLA,PRD,496,2709,1,108,2817,4533,496,No
2016,29,TLAXCALA,46,SANTA CRUZ QUILEHTLA,PT,324,2709,1,108,2817,4533,324,No
2016,29,TLAXCALA,46,SANTA CRUZ QUILEHTLA,MC,317,2709,1,108,2817,4533,317,No
2016,29,TLAXCALA,46,SANTA CRUZ QUILEHTLA,NUAL,702,2709,1,108,2817,4533,702,No
2016,29,TLAXCALA,46,SANTA CRUZ QUILEHTLA,PAC,129,2709,1,108,2817,4533,129,No
2016,29,TLAXCALA,46,SANTA CRUZ QUILEHTLA,MORENA,18,2709,1,108,2817,4533,18,No
2016,29,TLAXCALA,46,SANTA CRUZ QUILEHTLA,ES,412,2709,1,108,2817,4533,412,No
2016,29,TLAXCALA,47,SAN JUAN HUACTZINCO,PAN,42,3632,0,110,3742,5126,42,No
2016,29,TLAXCALA,47,SAN JUAN HUACTZINCO,PRD,233,3632,0,110,3742,5126,233,No
2016,29,TLAXCALA,47,SAN JUAN HUACTZINCO,PT,538,3632,0,110,3742,5126,538,No
2016,29,TLAXCALA,47,SAN JUAN HUACTZINCO,PVEM,195,3632,0,110,3742,5126,195,No
2016,29,TLAXCALA,47,SAN JUAN HUACTZINCO,MC,412,3632,0,110,3742,5126,412,No
2016,29,TLAXCALA,47,SAN JUAN HUACTZINCO,PAC,674,3632,0,110,3742,5126,674,No
2016,29,TLAXCALA,47,SAN JUAN HUACTZINCO,PS,1024,3632,0,110,3742,5126,1024,No
2016,29,TLAXCALA,47,SAN JUAN HUACTZINCO,MORENA,113,3632,0,110,3742,5126,113,No
2016,29,TLAXCALA,47,SAN JUAN HUACTZINCO,ES,275,3632,0,110,3742,5126,275,No
2016,29,TLAXCALA,47,SAN JUAN HUACTZINCO,PRI_NUAL,126,3632,0,110,3742,5126,126,Sí
2016,29,TLAXCALA,48,SANTA CATARINA AYOMETLA,PAN,1544,4850,1,149,4999,6695,1544,No
2016,29,TLAXCALA,48,SANTA CATARINA AYOMETLA,PRD,1317,4850,1,149,4999,6695,1317,No
2016,29,TLAXCALA,48,SANTA CATARINA AYOMETLA,PT,164,4850,1,149,4999,6695,164,No
2016,29,TLAXCALA,48,SANTA CATARINA AYOMETLA,MC,145,4850,1,149,4999,6695,145,No
2016,29,TLAXCALA,48,SANTA CATARINA AYOMETLA,PAC,540,4850,1,149,4999,6695,540,No
2016,29,TLAXCALA,48,SANTA CATARINA AYOMETLA,PS,14,4850,1,149,4999,6695,14,No
2016,29,TLAXCALA,48,SANTA CATARINA AYOMETLA,MORENA,69,4850,1,149,4999,6695,69,No
2016,29,TLAXCALA,48,SANTA CATARINA AYOMETLA,ES,713,4850,1,149,4999,6695,713,No
2016,29,TLAXCALA,48,SANTA CATARINA AYOMETLA,PRI_PVEM_NUAL,343,4850,1,149,4999,6695,343,Sí
2016,29,TLAXCALA,49,SANTA ISABEL XILOXOXTLA,PAN,111,2208,0,79,2287,3098,111,No
2016,29,TLAXCALA,49,SANTA ISABEL XILOXOXTLA,PRI,881,2208,0,79,2287,3098,881,No
2016,29,TLAXCALA,49,SANTA ISABEL XILOXOXTLA,MC,311,2208,0,79,2287,3098,311,No
2016,29,TLAXCALA,49,SANTA ISABEL XILOXOXTLA,NUAL,6,2208,0,79,2287,3098,6,No
2016,29,TLAXCALA,49,SANTA ISABEL XILOXOXTLA,PAC,250,2208,0,79,2287,3098,250,No
2016,29,TLAXCALA,49,SANTA ISABEL XILOXOXTLA,PS,7,2208,0,79,2287,3098,7,No
2016,29,TLAXCALA,49,SANTA ISABEL XILOXOXTLA,MORENA,39,2208,0,79,2287,3098,39,No
2016,29,TLAXCALA,49,SANTA ISABEL XILOXOXTLA,PRD_PT,603,2208,0,79,2287,3098,603,Sí
2016,29,TLAXCALA,50,SAN JOSE TEACALCO,PAN,341,3050,0,92,3142,4062,341,No
2016,29,TLAXCALA,50,SAN JOSE TEACALCO,PRI,755,3050,0,92,3142,4062,755,No
2016,29,TLAXCALA,50,SAN JOSE TEACALCO,PRD,254,3050,0,92,3142,4062,254,No
2016,29,TLAXCALA,50,SAN JOSE TEACALCO,PT,5,3050,0,92,3142,4062,5,No
2016,29,TLAXCALA,50,SAN JOSE TEACALCO,PVEM,353,3050,0,92,3142,4062,353,No
2016,29,TLAXCALA,50,SAN JOSE TEACALCO,MC,8,3050,0,92,3142,4062,8,No
2016,29,TLAXCALA,50,SAN JOSE TEACALCO,PAC,672,3050,0,92,3142,4062,672,No
2016,29,TLAXCALA,50,SAN JOSE TEACALCO,PS,49,3050,0,92,3142,4062,49,No
2016,29,TLAXCALA,50,SAN JOSE TEACALCO,MORENA,351,3050,0,92,3142,4062,351,No
2016,29,TLAXCALA,50,SAN JOSE TEACALCO,ES,262,3050,0,92,3142,4062,262,No
2016,29,TLAXCALA,51,SAN FRANCISCO TETLANOHCAN,PAN,1206,5815,0,178,5993,8034,1206,No
2016,29,TLAXCALA,51,SAN FRANCISCO TETLANOHCAN,PRI,1399,5815,0,178,5993,8034,1399,No
2016,29,TLAXCALA,51,SAN FRANCISCO TETLANOHCAN,PRD,1125,5815,0,178,5993,8034,1125,No
2016,29,TLAXCALA,51,SAN FRANCISCO TETLANOHCAN,PT,21,5815,0,178,5993,8034,21,No
2016,29,TLAXCALA,51,SAN FRANCISCO TETLANOHCAN,PVEM,1115,5815,0,178,5993,8034,1115,No
2016,29,TLAXCALA,51,SAN FRANCISCO TETLANOHCAN,MC,182,5815,0,178,5993,8034,182,No
2016,29,TLAXCALA,51,SAN FRANCISCO TETLANOHCAN,PS,180,5815,0,178,5993,8034,180,No
2016,29,TLAXCALA,51,SAN FRANCISCO TETLANOHCAN,MORENA,587,5815,0,178,5993,8034,587,No
2016,29,TLAXCALA,52,LA MAGDALENA TLALTELULCO,PAN,873,9425,0,289,9714,13356,873,No
2016,29,TLAXCALA,52,LA MAGDALENA TLALTELULCO,PRD,770,9425,0,289,9714,13356,770,No
2016,29,TLAXCALA,52,LA MAGDALENA TLALTELULCO,PT,2524,9425,0,289,9714,13356,2524,No
2016,29,TLAXCALA,52,LA MAGDALENA TLALTELULCO,MC,735,9425,0,289,9714,13356,735,No
2016,29,TLAXCALA,52,LA MAGDALENA TLALTELULCO,NUAL,935,9425,0,289,9714,13356,935,No
2016,29,TLAXCALA,52,LA MAGDALENA TLALTELULCO,PS,82,9425,0,289,9714,13356,82,No
2016,29,TLAXCALA,52,LA MAGDALENA TLALTELULCO,MORENA,403,9425,0,289,9714,13356,403,No
2016,29,TLAXCALA,52,LA MAGDALENA TLALTELULCO,ES,1196,9425,0,289,9714,13356,1196,No
2016,29,TLAXCALA,52,LA MAGDALENA TLALTELULCO,PRI_PVEM,1907,9425,0,289,9714,13356,1907,Sí
2016,29,TLAXCALA,53,SAN DAMIAN TEXOLOC,PAN,128,3186,0,68,3254,4179,128,No
2016,29,TLAXCALA,53,SAN DAMIAN TEXOLOC,PRD,1111,3186,0,68,3254,4179,1111,No
2016,29,TLAXCALA,53,SAN DAMIAN TEXOLOC,PT,27,3186,0,68,3254,4179,27,No
2016,29,TLAXCALA,53,SAN DAMIAN TEXOLOC,MC,179,3186,0,68,3254,4179,179,No
2016,29,TLAXCALA,53,SAN DAMIAN TEXOLOC,PAC,1011,3186,0,68,3254,4179,1011,No
2016,29,TLAXCALA,53,SAN DAMIAN TEXOLOC,MORENA,127,3186,0,68,3254,4179,127,No
2016,29,TLAXCALA,53,SAN DAMIAN TEXOLOC,PRI_PVEM_NUAL_PS,147,3186,0,68,3254,4179,147,Sí
2016,29,TLAXCALA,54,EMILIANO ZAPATA,PAN,595,2437,0,59,2496,3045,595,No
2016,29,TLAXCALA,54,EMILIANO ZAPATA,MC,14,2437,0,59,2496,3045,14,No
2016,29,TLAXCALA,54,EMILIANO ZAPATA,PS,836,2437,0,59,2496,3045,836,No
2016,29,TLAXCALA,54,EMILIANO ZAPATA,MORENA,87,2437,0,59,2496,3045,87,No
2016,29,TLAXCALA,54,EMILIANO ZAPATA,PRI_PVEM,905,2437,0,59,2496,3045,905,Sí
2016,29,TLAXCALA,55,LAZARO CARDENAS,PAN,8,1660,0,65,1725,2099,8,No
2016,29,TLAXCALA,55,LAZARO CARDENAS,PRI,167,1660,0,65,1725,2099,167,No
2016,29,TLAXCALA,55,LAZARO CARDENAS,PRD,12,1660,0,65,1725,2099,12,No
2016,29,TLAXCALA,55,LAZARO CARDENAS,PT,416,1660,0,65,1725,2099,416,No
2016,29,TLAXCALA,55,LAZARO CARDENAS,PVEM,449,1660,0,65,1725,2099,449,No
2016,29,TLAXCALA,55,LAZARO CARDENAS,PAC,98,1660,0,65,1725,2099,98,No
2016,29,TLAXCALA,55,LAZARO CARDENAS,PS,239,1660,0,65,1725,2099,239,No
2016,29,TLAXCALA,55,LAZARO CARDENAS,MORENA,39,1660,0,65,1725,2099,39,No
2016,29,TLAXCALA,55,LAZARO CARDENAS,ES,232,1660,0,65,1725,2099,232,No
2016,29,TLAXCALA,56,SAN JERONIMO ZACUALPAN,PAN,210,2245,0,61,2306,2906,210,No
2016,29,TLAXCALA,56,SAN JERONIMO ZACUALPAN,PS,425,2245,0,61,2306,2906,425,No
2016,29,TLAXCALA,56,SAN JERONIMO ZACUALPAN,MORENA,701,2245,0,61,2306,2906,701,No
2016,29,TLAXCALA,56,SAN JERONIMO ZACUALPAN,PRI_PVEM_NUAL,909,2245,0,61,2306,2906,909,Sí
2016,29,TLAXCALA,57,SAN LUCAS TECOPILCO,PAN,12,1788,1,61,1849,2408,12,No
2016,29,TLAXCALA,57,SAN LUCAS TECOPILCO,PRI,519,1788,1,61,1849,2408,519,No
2016,29,TLAXCALA,57,SAN LUCAS TECOPILCO,PVEM,55,1788,1,61,1849,2408,55,No
2016,29,TLAXCALA,57,SAN LUCAS TECOPILCO,MC,645,1788,1,61,1849,2408,645,No
2016,29,TLAXCALA,57,SAN LUCAS TECOPILCO,PAC,43,1788,1,61,1849,2408,43,No
2016,29,TLAXCALA,57,SAN LUCAS TECOPILCO,PS,403,1788,1,61,1849,2408,403,No
2016,29,TLAXCALA,57,SAN LUCAS TECOPILCO,MORENA,100,1788,1,61,1849,2408,100,No
2016,29,TLAXCALA,57,SAN LUCAS TECOPILCO,PRD_PT,10,1788,1,61,1849,2408,10,Sí
2016,29,TLAXCALA,58,SANTA ANA NOPALUCAN,PAN,1141,3922,0,137,4059,5233,1141,No
2016,29,TLAXCALA,58,SANTA ANA NOPALUCAN,PRD,63,3922,0,137,4059,5233,63,No
2016,29,TLAXCALA,58,SANTA ANA NOPALUCAN,MC,16,3922,0,137,4059,5233,16,No
2016,29,TLAXCALA,58,SANTA ANA NOPALUCAN,PAC,414,3922,0,137,4059,5233,414,No
2016,29,TLAXCALA,58,SANTA ANA NOPALUCAN,PS,1437,3922,0,137,4059,5233,1437,No
2016,29,TLAXCALA,58,SANTA ANA NOPALUCAN,MORENA,194,3922,0,137,4059,5233,194,No
2016,29,TLAXCALA,58,SANTA ANA NOPALUCAN,PRI_PVEM,657,3922,0,137,4059,5233,657,Sí
2016,29,TLAXCALA,59,SAN LORENZO AXOCOMANITLA,PAN,1045,2872,0,67,2939,3641,1045,No
2016,29,TLAXCALA,59,SAN LORENZO AXOCOMANITLA,PVEM,41,2872,0,67,2939,3641,41,No
2016,29,TLAXCALA,59,SAN LORENZO AXOCOMANITLA,MC,417,2872,0,67,2939,3641,417,No
2016,29,TLAXCALA,59,SAN LORENZO AXOCOMANITLA,MORENA,91,2872,0,67,2939,3641,91,No
2016,29,TLAXCALA,59,SAN LORENZO AXOCOMANITLA,ES,84,2872,0,67,2939,3641,84,No
2016,29,TLAXCALA,59,SAN LORENZO AXOCOMANITLA,PRI_NUAL_PS,420,2872,0,67,2939,3641,420,Sí
2016,29,TLAXCALA,59,SAN LORENZO AXOCOMANITLA,PRD_PT,774,2872,0,67,2939,3641,774,Sí
2016,29,TLAXCALA,60,BENITO JUAREZ,PAN,123,2848,0,86,2934,4014,123,No
2016,29,TLAXCALA,60,BENITO JUAREZ,PRI,480,2848,0,86,2934,4014,480,No
2016,29,TLAXCALA,60,BENITO JUAREZ,PRD,789,2848,0,86,2934,4014,789,No
2016,29,TLAXCALA,60,BENITO JUAREZ,PT,15,2848,0,86,2934,4014,15,No
2016,29,TLAXCALA,60,BENITO JUAREZ,NUAL,11,2848,0,86,2934,4014,11,No
2016,29,TLAXCALA,60,BENITO JUAREZ,PAC,323,2848,0,86,2934,4014,323,No
2016,29,TLAXCALA,60,BENITO JUAREZ,PS,258,2848,0,86,2934,4014,258,No
2016,29,TLAXCALA,60,BENITO JUAREZ,MORENA,370,2848,0,86,2934,4014,370,No
2016,29,TLAXCALA,60,BENITO JUAREZ,ES,479,2848,0,86,2934,4014,479,No
2016,32,ZACATECAS,1,APOZOL,PAN,1256,3075,1,156,3232,5408,1256,No
2016,32,ZACATECAS,1,APOZOL,PRI,131,3075,1,156,3232,5408,131,No
2016,32,ZACATECAS,1,APOZOL,PRD,128,3075,1,156,3232,5408,128,No
2016,32,ZACATECAS,1,APOZOL,PVEM,33,3075,1,156,3232,5408,33,No
2016,32,ZACATECAS,1,APOZOL,MC,105,3075,1,156,3232,5408,105,No
2016,32,ZACATECAS,1,APOZOL,NUAL,1242,3075,1,156,3232,5408,1242,No
2016,32,ZACATECAS,1,APOZOL,MORENA,148,3075,1,156,3232,5408,148,No
2016,32,ZACATECAS,1,APOZOL,PAN_PRD,29,3075,1,156,3232,5408,1413,Sí
2016,32,ZACATECAS,1,APOZOL,COAL_PRI_PVEM,3,3075,1,156,3232,5408,167,Sí
2016,32,ZACATECAS,2,APULCO,PAN,249,2703,0,87,2790,4278,249,No
2016,32,ZACATECAS,2,APULCO,PRI,881,2703,0,87,2790,4278,881,No
2016,32,ZACATECAS,2,APULCO,PRD,29,2703,0,87,2790,4278,29,No
2016,32,ZACATECAS,2,APULCO,PT,857,2703,0,87,2790,4278,857,No
2016,32,ZACATECAS,2,APULCO,PVEM,30,2703,0,87,2790,4278,30,No
2016,32,ZACATECAS,2,APULCO,MC,408,2703,0,87,2790,4278,408,No
2016,32,ZACATECAS,2,APULCO,MORENA,232,2703,0,87,2790,4278,232,No
2016,32,ZACATECAS,2,APULCO,PAN_PRD,9,2703,0,87,2790,4278,287,Sí
2016,32,ZACATECAS,2,APULCO,COAL_PRI_PVEM,8,2703,0,87,2790,4278,919,Sí
2016,32,ZACATECAS,3,ATOLINGA,PAN,167,1531,0,84,1615,2455,167,No
2016,32,ZACATECAS,3,ATOLINGA,PRI,595,1531,0,84,1615,2455,595,No
2016,32,ZACATECAS,3,ATOLINGA,PRD,93,1531,0,84,1615,2455,93,No
2016,32,ZACATECAS,3,ATOLINGA,PT,266,1531,0,84,1615,2455,266,No
2016,32,ZACATECAS,3,ATOLINGA,PVEM,23,1531,0,84,1615,2455,23,No
2016,32,ZACATECAS,3,ATOLINGA,NUAL,348,1531,0,84,1615,2455,348,No
2016,32,ZACATECAS,3,ATOLINGA,PAN_PRD,35,1531,0,84,1615,2455,295,Sí
2016,32,ZACATECAS,3,ATOLINGA,COAL_PRI_PVEM,4,1531,0,84,1615,2455,622,Sí
2016,32,ZACATECAS,4,BENITO JUAREZ,PAN,1333,2372,0,47,2419,3452,1333,No
2016,32,ZACATECAS,4,BENITO JUAREZ,PRI,862,2372,0,47,2419,3452,862,No
2016,32,ZACATECAS,4,BENITO JUAREZ,PRD,35,2372,0,47,2419,3452,35,No
2016,32,ZACATECAS,4,BENITO JUAREZ,PVEM,42,2372,0,47,2419,3452,42,No
2016,32,ZACATECAS,4,BENITO JUAREZ,MORENA,74,2372,0,47,2419,3452,74,No
2016,32,ZACATECAS,4,BENITO JUAREZ,PAN_PRD,15,2372,0,47,2419,3452,1383,Sí
2016,32,ZACATECAS,4,BENITO JUAREZ,COAL_PRI_PVEM,11,2372,0,47,2419,3452,915,Sí
2016,32,ZACATECAS,5,CALERA,PAN,3187,14525,6,439,14970,27063,3187,No
2016,32,ZACATECAS,5,CALERA,PRI,3699,14525,6,439,14970,27063,3699,No
2016,32,ZACATECAS,5,CALERA,PRD,978,14525,6,439,14970,27063,978,No
2016,32,ZACATECAS,5,CALERA,PT,1191,14525,6,439,14970,27063,1191,No
2016,32,ZACATECAS,5,CALERA,PVEM,147,14525,6,439,14970,27063,147,No
2016,32,ZACATECAS,5,CALERA,MC,88,14525,6,439,14970,27063,88,No
2016,32,ZACATECAS,5,CALERA,NUAL,191,14525,6,439,14970,27063,191,No
2016,32,ZACATECAS,5,CALERA,MORENA,2046,14525,6,439,14970,27063,2046,No
2016,32,ZACATECAS,5,CALERA,ES,773,14525,6,439,14970,27063,773,No
2016,32,ZACATECAS,5,CALERA,PAN_PRD,331,14525,6,439,14970,27063,4496,Sí
2016,32,ZACATECAS,5,CALERA,PRI_PVEM_NUAL,22,14525,6,439,14970,27063,4059,Sí
2016,32,ZACATECAS,5,CALERA,PRI_PVEM,23,14525,6,439,14970,27063,3869,Sí
2016,32,ZACATECAS,5,CALERA,PRI_NUAL,1,14525,6,439,14970,27063,3891,Sí
2016,32,ZACATECAS,5,CALERA,PVEM_NUAL,1,14525,6,439,14970,27063,339,Sí
2016,32,ZACATECAS,5,CALERA,Candidatura Independiente,850,14525,6,439,14970,27063,850,No
2016,32,ZACATECAS,5,CALERA,Candidatura Independiente,997,14525,6,439,14970,27063,997,No
2016,32,ZACATECAS,6,CAÑITAS DE FELIPE PESCADOR,PAN,1556,4341,1,113,4455,6021,1556,No
2016,32,ZACATECAS,6,CAÑITAS DE FELIPE PESCADOR,PRI,487,4341,1,113,4455,6021,487,No
2016,32,ZACATECAS,6,CAÑITAS DE FELIPE PESCADOR,PRD,62,4341,1,113,4455,6021,62,No
2016,32,ZACATECAS,6,CAÑITAS DE FELIPE PESCADOR,PT,81,4341,1,113,4455,6021,81,No
2016,32,ZACATECAS,6,CAÑITAS DE FELIPE PESCADOR,PVEM,1001,4341,1,113,4455,6021,1001,No
2016,32,ZACATECAS,6,CAÑITAS DE FELIPE PESCADOR,MC,131,4341,1,113,4455,6021,131,No
2016,32,ZACATECAS,6,CAÑITAS DE FELIPE PESCADOR,NUAL,489,4341,1,113,4455,6021,489,No
2016,32,ZACATECAS,6,CAÑITAS DE FELIPE PESCADOR,MORENA,233,4341,1,113,4455,6021,233,No
2016,32,ZACATECAS,6,CAÑITAS DE FELIPE PESCADOR,ES,88,4341,1,113,4455,6021,88,No
2016,32,ZACATECAS,6,CAÑITAS DE FELIPE PESCADOR,PAN_PRD,58,4341,1,113,4455,6021,1676,Sí
2016,32,ZACATECAS,6,CAÑITAS DE FELIPE PESCADOR,COAL_PRI_PVEM,84,4341,1,113,4455,6021,1572,Sí
2016,32,ZACATECAS,6,CAÑITAS DE FELIPE PESCADOR,Candidatura Independiente,71,4341,1,113,4455,6021,71,No
2016,32,ZACATECAS,7,CONCEPCION DEL ORO,PAN,116,6264,6,111,6381,9330,116,No
2016,32,ZACATECAS,7,CONCEPCION DEL ORO,PRI,2732,6264,6,111,6381,9330,2732,No
2016,32,ZACATECAS,7,CONCEPCION DEL ORO,PRD,301,6264,6,111,6381,9330,301,No
2016,32,ZACATECAS,7,CONCEPCION DEL ORO,PT,118,6264,6,111,6381,9330,118,No
2016,32,ZACATECAS,7,CONCEPCION DEL ORO,PVEM,88,6264,6,111,6381,9330,88,No
2016,32,ZACATECAS,7,CONCEPCION DEL ORO,MC,128,6264,6,111,6381,9330,128,No
2016,32,ZACATECAS,7,CONCEPCION DEL ORO,NUAL,59,6264,6,111,6381,9330,59,No
2016,32,ZACATECAS,7,CONCEPCION DEL ORO,MORENA,2634,6264,6,111,6381,9330,2634,No
2016,32,ZACATECAS,7,CONCEPCION DEL ORO,PAN_PRD,16,6264,6,111,6381,9330,433,Sí
2016,32,ZACATECAS,7,CONCEPCION DEL ORO,COAL_PRI_PVEM,11,6264,6,111,6381,9330,2831,Sí
2016,32,ZACATECAS,7,CONCEPCION DEL ORO,Candidatura Independiente,61,6264,6,111,6381,9330,61,No
2016,32,ZACATECAS,8,CUAUHTEMOC,PAN,135,6154,0,180,6334,8644,135,No
2016,32,ZACATECAS,8,CUAUHTEMOC,PRI,2019,6154,0,180,6334,8644,2019,No
2016,32,ZACATECAS,8,CUAUHTEMOC,PRD,927,6154,0,180,6334,8644,927,No
2016,32,ZACATECAS,8,CUAUHTEMOC,PT,2079,6154,0,180,6334,8644,2079,No
2016,32,ZACATECAS,8,CUAUHTEMOC,PVEM,439,6154,0,180,6334,8644,439,No
2016,32,ZACATECAS,8,CUAUHTEMOC,NUAL,81,6154,0,180,6334,8644,81,No
2016,32,ZACATECAS,8,CUAUHTEMOC,MORENA,196,6154,0,180,6334,8644,196,No
2016,32,ZACATECAS,8,CUAUHTEMOC,ES,183,6154,0,180,6334,8644,183,No
2016,32,ZACATECAS,8,CUAUHTEMOC,PAN_PRD,49,6154,0,180,6334,8644,1111,Sí
2016,32,ZACATECAS,8,CUAUHTEMOC,COAL_PRI_PVEM,46,6154,0,180,6334,8644,2504,Sí
2016,32,ZACATECAS,9,CHALCHIHUITES,PAN,185,5133,4,120,5257,8408,185,No
2016,32,ZACATECAS,9,CHALCHIHUITES,PRI,2502,5133,4,120,5257,8408,2502,No
2016,32,ZACATECAS,9,CHALCHIHUITES,PRD,233,5133,4,120,5257,8408,233,No
2016,32,ZACATECAS,9,CHALCHIHUITES,PT,1665,5133,4,120,5257,8408,1665,No
2016,32,ZACATECAS,9,CHALCHIHUITES,PVEM,27,5133,4,120,5257,8408,27,No
2016,32,ZACATECAS,9,CHALCHIHUITES,NUAL,81,5133,4,120,5257,8408,81,No
2016,32,ZACATECAS,9,CHALCHIHUITES,MORENA,377,5133,4,120,5257,8408,377,No
2016,32,ZACATECAS,9,CHALCHIHUITES,PAN_PRD,12,5133,4,120,5257,8408,430,Sí
2016,32,ZACATECAS,9,CHALCHIHUITES,PRI_PVEM_NUAL,28,5133,4,120,5257,8408,2638,Sí
2016,32,ZACATECAS,9,CHALCHIHUITES,PRI_PVEM,11,5133,4,120,5257,8408,2540,Sí
2016,32,ZACATECAS,9,CHALCHIHUITES,PRI_NUAL,11,5133,4,120,5257,8408,2594,Sí
2016,32,ZACATECAS,9,CHALCHIHUITES,PVEM_NUAL,1,5133,4,120,5257,8408,109,Sí
2016,32,ZACATECAS,10,EL PLATEADO DE JOAQUIN AMARO,PAN,40,1182,0,12,1194,1656,40,No
2016,32,ZACATECAS,10,EL PLATEADO DE JOAQUIN AMARO,PRI,508,1182,0,12,1194,1656,508,No
2016,32,ZACATECAS,10,EL PLATEADO DE JOAQUIN AMARO,PRD,570,1182,0,12,1194,1656,570,No
2016,32,ZACATECAS,10,EL PLATEADO DE JOAQUIN AMARO,PVEM,12,1182,0,12,1194,1656,12,No
2016,32,ZACATECAS,10,EL PLATEADO DE JOAQUIN AMARO,MORENA,4,1182,0,12,1194,1656,4,No
2016,32,ZACATECAS,10,EL PLATEADO DE JOAQUIN AMARO,PAN_PRD,27,1182,0,12,1194,1656,637,Sí
2016,32,ZACATECAS,10,EL PLATEADO DE JOAQUIN AMARO,COAL_PRI_PVEM,21,1182,0,12,1194,1656,541,Sí
2016,32,ZACATECAS,11,EL SALVADOR,PAN,12,1713,0,27,1740,2159,12,No
2016,32,ZACATECAS,11,EL SALVADOR,PRI,137,1713,0,27,1740,2159,137,No
2016,32,ZACATECAS,11,EL SALVADOR,PRD,494,1713,0,27,1740,2159,494,No
2016,32,ZACATECAS,11,EL SALVADOR,PVEM,964,1713,0,27,1740,2159,964,No
2016,32,ZACATECAS,11,EL SALVADOR,MORENA,49,1713,0,27,1740,2159,49,No
2016,32,ZACATECAS,11,EL SALVADOR,ES,22,1713,0,27,1740,2159,22,No
2016,32,ZACATECAS,11,EL SALVADOR,PAN_PRD,15,1713,0,27,1740,2159,521,Sí
2016,32,ZACATECAS,11,EL SALVADOR,COAL_PRI_PVEM,20,1713,0,27,1740,2159,1121,Sí
2016,32,ZACATECAS,12,GENERAL ENRIQUE ESTRADA,PAN,761,3130,1,77,3208,4638,761,No
2016,32,ZACATECAS,12,GENERAL ENRIQUE ESTRADA,PRI,709,3130,1,77,3208,4638,709,No
2016,32,ZACATECAS,12,GENERAL ENRIQUE ESTRADA,PRD,231,3130,1,77,3208,4638,231,No
2016,32,ZACATECAS,12,GENERAL ENRIQUE ESTRADA,PVEM,61,3130,1,77,3208,4638,61,No
2016,32,ZACATECAS,12,GENERAL ENRIQUE ESTRADA,NUAL,25,3130,1,77,3208,4638,25,No
2016,32,ZACATECAS,12,GENERAL ENRIQUE ESTRADA,MORENA,174,3130,1,77,3208,4638,174,No
2016,32,ZACATECAS,12,GENERAL ENRIQUE ESTRADA,ES,1047,3130,1,77,3208,4638,1047,No
2016,32,ZACATECAS,12,GENERAL ENRIQUE ESTRADA,PAN_PRD,111,3130,1,77,3208,4638,1103,Sí
2016,32,ZACATECAS,12,GENERAL ENRIQUE ESTRADA,COAL_PRI_PVEM,11,3130,1,77,3208,4638,781,Sí
2016,32,ZACATECAS,13,FRESNILLO,PAN,9920,87759,68,2379,90206,157447,9920,No
2016,32,ZACATECAS,13,FRESNILLO,PRI,28946,87759,68,2379,90206,157447,28946,No
2016,32,ZACATECAS,13,FRESNILLO,PRD,6672,87759,68,2379,90206,157447,6672,No
2016,32,ZACATECAS,13,FRESNILLO,PT,2751,87759,68,2379,90206,157447,2751,No
2016,32,ZACATECAS,13,FRESNILLO,PVEM,1713,87759,68,2379,90206,157447,1713,No
2016,32,ZACATECAS,13,FRESNILLO,MC,3264,87759,68,2379,90206,157447,3264,No
2016,32,ZACATECAS,13,FRESNILLO,NUAL,1301,87759,68,2379,90206,157447,1301,No
2016,32,ZACATECAS,13,FRESNILLO,MORENA,21865,87759,68,2379,90206,157447,21865,No
2016,32,ZACATECAS,13,FRESNILLO,ES,4712,87759,68,2379,90206,157447,4712,No
2016,32,ZACATECAS,13,FRESNILLO,PAN_PRD,616,87759,68,2379,90206,157447,17208,Sí
2016,32,ZACATECAS,13,FRESNILLO,PRI_PVEM_NUAL,144,87759,68,2379,90206,157447,32104,Sí
2016,32,ZACATECAS,13,FRESNILLO,PRI_PVEM,369,87759,68,2379,90206,157447,31028,Sí
2016,32,ZACATECAS,13,FRESNILLO,PRI_NUAL,32,87759,68,2379,90206,157447,30279,Sí
2016,32,ZACATECAS,13,FRESNILLO,PVEM_NUAL,24,87759,68,2379,90206,157447,3038,Sí
2016,32,ZACATECAS,13,FRESNILLO,Candidatura Independiente,5430,87759,68,2379,90206,157447,5430,No
2016,32,ZACATECAS,14,TRINIDAD GARCIA DE LA CADENA,PAN,359,1635,0,46,1681,2781,359,No
2016,32,ZACATECAS,14,TRINIDAD GARCIA DE LA CADENA,PRI,774,1635,0,46,1681,2781,774,No
2016,32,ZACATECAS,14,TRINIDAD GARCIA DE LA CADENA,PRD,39,1635,0,46,1681,2781,39,No
2016,32,ZACATECAS,14,TRINIDAD GARCIA DE LA CADENA,PT,67,1635,0,46,1681,2781,67,No
2016,32,ZACATECAS,14,TRINIDAD GARCIA DE LA CADENA,PVEM,23,1635,0,46,1681,2781,23,No
2016,32,ZACATECAS,14,TRINIDAD GARCIA DE LA CADENA,MORENA,341,1635,0,46,1681,2781,341,No
2016,32,ZACATECAS,14,TRINIDAD GARCIA DE LA CADENA,PAN_PRD,25,1635,0,46,1681,2781,423,Sí
2016,32,ZACATECAS,14,TRINIDAD GARCIA DE LA CADENA,COAL_PRI_PVEM,7,1635,0,46,1681,2781,804,Sí
2016,32,ZACATECAS,15,GENARO CODINA,PAN,239,3880,2,150,4033,5921,239,No
2016,32,ZACATECAS,15,GENARO CODINA,PRI,313,3880,2,150,4033,5921,313,No
2016,32,ZACATECAS,15,GENARO CODINA,PRD,694,3880,2,150,4033,5921,694,No
2016,32,ZACATECAS,15,GENARO CODINA,PT,174,3880,2,150,4033,5921,174,No
2016,32,ZACATECAS,15,GENARO CODINA,PVEM,699,3880,2,150,4033,5921,699,No
2016,32,ZACATECAS,15,GENARO CODINA,MC,53,3880,2,150,4033,5921,53,No
2016,32,ZACATECAS,15,GENARO CODINA,MORENA,792,3880,2,150,4033,5921,792,No
2016,32,ZACATECAS,15,GENARO CODINA,PAN_PRD,80,3880,2,150,4033,5921,1013,Sí
2016,32,ZACATECAS,15,GENARO CODINA,COAL_PRI_PVEM,130,3880,2,150,4033,5921,1142,Sí
2016,32,ZACATECAS,15,GENARO CODINA,Candidatura Independiente,706,3880,2,150,4033,5921,706,No
2016,32,ZACATECAS,16,GUADALUPE,PAN,3671,64875,122,2225,67222,117677,3671,No
2016,32,ZACATECAS,16,GUADALUPE,PRI,23364,64875,122,2225,67222,117677,23364,No
2016,32,ZACATECAS,16,GUADALUPE,PRD,4715,64875,122,2225,67222,117677,4715,No
2016,32,ZACATECAS,16,GUADALUPE,PT,8959,64875,122,2225,67222,117677,8959,No
2016,32,ZACATECAS,16,GUADALUPE,PVEM,2285,64875,122,2225,67222,117677,2285,No
2016,32,ZACATECAS,16,GUADALUPE,MC,1749,64875,122,2225,67222,117677,1749,No
2016,32,ZACATECAS,16,GUADALUPE,NUAL,1271,64875,122,2225,67222,117677,1271,No
2016,32,ZACATECAS,16,GUADALUPE,MORENA,13264,64875,122,2225,67222,117677,13264,No
2016,32,ZACATECAS,16,GUADALUPE,ES,2623,64875,122,2225,67222,117677,2623,No
2016,32,ZACATECAS,16,GUADALUPE,PAN_PRD,250,64875,122,2225,67222,117677,8636,Sí
2016,32,ZACATECAS,16,GUADALUPE,PRI_PVEM_NUAL,160,64875,122,2225,67222,117677,27080,Sí
2016,32,ZACATECAS,16,GUADALUPE,PRI_PVEM,302,64875,122,2225,67222,117677,25951,Sí
2016,32,ZACATECAS,16,GUADALUPE,PRI_NUAL,23,64875,122,2225,67222,117677,24658,Sí
2016,32,ZACATECAS,16,GUADALUPE,PVEM_NUAL,20,64875,122,2225,67222,117677,3576,Sí
2016,32,ZACATECAS,16,GUADALUPE,Candidatura Independiente,2219,64875,122,2225,67222,117677,2219,No
2016,32,ZACATECAS,17,HUANUSCO,PAN,709,2261,0,48,2309,3903,709,No
2016,32,ZACATECAS,17,HUANUSCO,PRI,900,2261,0,48,2309,3903,900,No
2016,32,ZACATECAS,17,HUANUSCO,PRD,126,2261,0,48,2309,3903,126,No
2016,32,ZACATECAS,17,HUANUSCO,PVEM,43,2261,0,48,2309,3903,43,No
2016,32,ZACATECAS,17,HUANUSCO,MORENA,377,2261,0,48,2309,3903,377,No
2016,32,ZACATECAS,17,HUANUSCO,PAN_PRD,72,2261,0,48,2309,3903,907,Sí
2016,32,ZACATECAS,17,HUANUSCO,COAL_PRI_PVEM,34,2261,0,48,2309,3903,977,Sí
2016,32,ZACATECAS,18,JALPA,PAN,1583,10326,4,319,10649,19495,1583,No
2016,32,ZACATECAS,18,JALPA,PRI,1834,10326,4,319,10649,19495,1834,No
2016,32,ZACATECAS,18,JALPA,PRD,229,10326,4,319,10649,19495,229,No
2016,32,ZACATECAS,18,JALPA,PT,714,10326,4,319,10649,19495,714,No
2016,32,ZACATECAS,18,JALPA,PVEM,168,10326,4,319,10649,19495,168,No
2016,32,ZACATECAS,18,JALPA,MC,3731,10326,4,319,10649,19495,3731,No
2016,32,ZACATECAS,18,JALPA,NUAL,193,10326,4,319,10649,19495,193,No
2016,32,ZACATECAS,18,JALPA,MORENA,1681,10326,4,319,10649,19495,1681,No
2016,32,ZACATECAS,18,JALPA,ES,106,10326,4,319,10649,19495,106,No
2016,32,ZACATECAS,18,JALPA,PAN_PRD,59,10326,4,319,10649,19495,1871,Sí
2016,32,ZACATECAS,18,JALPA,COAL_PRI_PVEM,28,10326,4,319,10649,19495,2030,Sí
2016,32,ZACATECAS,19,JEREZ,PAN,6443,27566,11,915,28492,49342,6443,No
2016,32,ZACATECAS,19,JEREZ,PRI,7818,27566,11,915,28492,49342,7818,No
2016,32,ZACATECAS,19,JEREZ,PRD,621,27566,11,915,28492,49342,621,No
2016,32,ZACATECAS,19,JEREZ,PT,806,27566,11,915,28492,49342,806,No
2016,32,ZACATECAS,19,JEREZ,PVEM,320,27566,11,915,28492,49342,320,No
2016,32,ZACATECAS,19,JEREZ,MC,73,27566,11,915,28492,49342,73,No
2016,32,ZACATECAS,19,JEREZ,NUAL,384,27566,11,915,28492,49342,384,No
2016,32,ZACATECAS,19,JEREZ,MORENA,1775,27566,11,915,28492,49342,1775,No
2016,32,ZACATECAS,19,JEREZ,ES,376,27566,11,915,28492,49342,376,No
2016,32,ZACATECAS,19,JEREZ,PAN_PRD,196,27566,11,915,28492,49342,7260,Sí
2016,32,ZACATECAS,19,JEREZ,PRI_PVEM_NUAL,55,27566,11,915,28492,49342,8577,Sí
2016,32,ZACATECAS,19,JEREZ,PRI_PVEM,23,27566,11,915,28492,49342,8161,Sí
2016,32,ZACATECAS,19,JEREZ,PRI_NUAL,22,27566,11,915,28492,49342,8224,Sí
2016,32,ZACATECAS,19,JEREZ,PVEM_NUAL,60,27566,11,915,28492,49342,764,Sí
2016,32,ZACATECAS,19,JEREZ,Candidatura Independiente,5863,27566,11,915,28492,49342,5863,No
2016,32,ZACATECAS,19,JEREZ,Candidatura Independiente,2731,27566,11,915,28492,49342,2731,No
2016,32,ZACATECAS,20,JIMENEZ DEL TEUL,PAN,112,2263,0,50,2313,3311,112,No
2016,32,ZACATECAS,20,JIMENEZ DEL TEUL,PRI,1130,2263,0,50,2313,3311,1130,No
2016,32,ZACATECAS,20,JIMENEZ DEL TEUL,PRD,159,2263,0,50,2313,3311,159,No
2016,32,ZACATECAS,20,JIMENEZ DEL TEUL,PT,55,2263,0,50,2313,3311,55,No
2016,32,ZACATECAS,20,JIMENEZ DEL TEUL,PVEM,53,2263,0,50,2313,3311,53,No
2016,32,ZACATECAS,20,JIMENEZ DEL TEUL,NUAL,47,2263,0,50,2313,3311,47,No
2016,32,ZACATECAS,20,JIMENEZ DEL TEUL,MORENA,647,2263,0,50,2313,3311,647,No
2016,32,ZACATECAS,20,JIMENEZ DEL TEUL,PAN_PRD,28,2263,0,50,2313,3311,299,Sí
2016,32,ZACATECAS,20,JIMENEZ DEL TEUL,PRI_PVEM_NUAL,18,2263,0,50,2313,3311,1248,Sí
2016,32,ZACATECAS,20,JIMENEZ DEL TEUL,PRI_PVEM,2,2263,0,50,2313,3311,1185,Sí
2016,32,ZACATECAS,20,JIMENEZ DEL TEUL,PRI_NUAL,7,2263,0,50,2313,3311,1184,Sí
2016,32,ZACATECAS,20,JIMENEZ DEL TEUL,PVEM_NUAL,5,2263,0,50,2313,3311,105,Sí
2016,32,ZACATECAS,21,JUAN ALDAMA,PAN,91,9267,1,279,9547,15609,91,No
2016,32,ZACATECAS,21,JUAN ALDAMA,PRI,3587,9267,1,279,9547,15609,3587,No
2016,32,ZACATECAS,21,JUAN ALDAMA,PRD,80,9267,1,279,9547,15609,80,No
2016,32,ZACATECAS,21,JUAN ALDAMA,PT,4429,9267,1,279,9547,15609,4429,No
2016,32,ZACATECAS,21,JUAN ALDAMA,PVEM,153,9267,1,279,9547,15609,153,No
2016,32,ZACATECAS,21,JUAN ALDAMA,NUAL,118,9267,1,279,9547,15609,118,No
2016,32,ZACATECAS,21,JUAN ALDAMA,MORENA,617,9267,1,279,9547,15609,617,No
2016,32,ZACATECAS,21,JUAN ALDAMA,ES,125,9267,1,279,9547,15609,125,No
2016,32,ZACATECAS,21,JUAN ALDAMA,PAN_PRD,3,9267,1,279,9547,15609,174,Sí
2016,32,ZACATECAS,21,JUAN ALDAMA,COAL_PRI_PVEM,64,9267,1,279,9547,15609,3804,Sí
2016,32,ZACATECAS,22,JUCHIPILA,PAN,2170,6069,2,188,6259,10931,2170,No
2016,32,ZACATECAS,22,JUCHIPILA,PRI,1629,6069,2,188,6259,10931,1629,No
2016,32,ZACATECAS,22,JUCHIPILA,PRD,403,6069,2,188,6259,10931,403,No
2016,32,ZACATECAS,22,JUCHIPILA,PT,129,6069,2,188,6259,10931,129,No
2016,32,ZACATECAS,22,JUCHIPILA,PVEM,61,6069,2,188,6259,10931,61,No
2016,32,ZACATECAS,22,JUCHIPILA,MC,22,6069,2,188,6259,10931,22,No
2016,32,ZACATECAS,22,JUCHIPILA,NUAL,45,6069,2,188,6259,10931,45,No
2016,32,ZACATECAS,22,JUCHIPILA,MORENA,1031,6069,2,188,6259,10931,1031,No
2016,32,ZACATECAS,22,JUCHIPILA,PAN_PRD,118,6069,2,188,6259,10931,2691,Sí
2016,32,ZACATECAS,22,JUCHIPILA,PRI_PVEM_NUAL,2,6069,2,188,6259,10931,1737,Sí
2016,32,ZACATECAS,22,JUCHIPILA,PRI_PVEM,9,6069,2,188,6259,10931,1699,Sí
2016,32,ZACATECAS,22,JUCHIPILA,PRI_NUAL,1,6069,2,188,6259,10931,1675,Sí
2016,32,ZACATECAS,22,JUCHIPILA,PVEM_NUAL,0,6069,2,188,6259,10931,106,Sí
2016,32,ZACATECAS,22,JUCHIPILA,Candidatura Independiente,449,6069,2,188,6259,10931,449,No
2016,32,ZACATECAS,23,LUIS MOYA,PAN,426,5844,2,156,6002,9024,426,No
2016,32,ZACATECAS,23,LUIS MOYA,PRI,1616,5844,2,156,6002,9024,1616,No
2016,32,ZACATECAS,23,LUIS MOYA,PRD,102,5844,2,156,6002,9024,102,No
2016,32,ZACATECAS,23,LUIS MOYA,PT,70,5844,2,156,6002,9024,70,No
2016,32,ZACATECAS,23,LUIS MOYA,PVEM,477,5844,2,156,6002,9024,477,No
2016,32,ZACATECAS,23,LUIS MOYA,MC,361,5844,2,156,6002,9024,361,No
2016,32,ZACATECAS,23,LUIS MOYA,NUAL,97,5844,2,156,6002,9024,97,No
2016,32,ZACATECAS,23,LUIS MOYA,MORENA,1855,5844,2,156,6002,9024,1855,No
2016,32,ZACATECAS,23,LUIS MOYA,ES,719,5844,2,156,6002,9024,719,No
2016,32,ZACATECAS,23,LUIS MOYA,PAN_PRD,41,5844,2,156,6002,9024,569,Sí
2016,32,ZACATECAS,23,LUIS MOYA,PRI_PVEM_NUAL,37,5844,2,156,6002,9024,2227,Sí
2016,32,ZACATECAS,23,LUIS MOYA,PRI_PVEM,39,5844,2,156,6002,9024,2132,Sí
2016,32,ZACATECAS,23,LUIS MOYA,PRI_NUAL,1,5844,2,156,6002,9024,1714,Sí
2016,32,ZACATECAS,23,LUIS MOYA,PVEM_NUAL,3,5844,2,156,6002,9024,577,Sí
2016,32,ZACATECAS,24,LORETO,PAN,413,18629,2,484,19115,32455,413,No
2016,32,ZACATECAS,24,LORETO,PRI,4116,18629,2,484,19115,32455,4116,No
2016,32,ZACATECAS,24,LORETO,PRD,468,18629,2,484,19115,32455,468,No
2016,32,ZACATECAS,24,LORETO,PT,7948,18629,2,484,19115,32455,7948,No
2016,32,ZACATECAS,24,LORETO,PVEM,527,18629,2,484,19115,32455,527,No
2016,32,ZACATECAS,24,LORETO,MC,63,18629,2,484,19115,32455,63,No
2016,32,ZACATECAS,24,LORETO,NUAL,274,18629,2,484,19115,32455,274,No
2016,32,ZACATECAS,24,LORETO,MORENA,4000,18629,2,484,19115,32455,4000,No
2016,32,ZACATECAS,24,LORETO,ES,420,18629,2,484,19115,32455,420,No
2016,32,ZACATECAS,24,LORETO,PAN_PRD,46,18629,2,484,19115,32455,927,Sí
2016,32,ZACATECAS,24,LORETO,COAL_PRI_PVEM,59,18629,2,484,19115,32455,4702,Sí
2016,32,ZACATECAS,24,LORETO,Candidatura Independiente,295,18629,2,484,19115,32455,295,No
2016,32,ZACATECAS,25,MAZAPIL,PAN,34,10383,1,198,10582,13853,34,No
2016,32,ZACATECAS,25,MAZAPIL,PRI,4500,10383,1,198,10582,13853,4500,No
2016,32,ZACATECAS,25,MAZAPIL,PRD,845,10383,1,198,10582,13853,845,No
2016,32,ZACATECAS,25,MAZAPIL,PT,265,10383,1,198,10582,13853,265,No
2016,32,ZACATECAS,25,MAZAPIL,PVEM,49,10383,1,198,10582,13853,49,No
2016,32,ZACATECAS,25,MAZAPIL,MC,21,10383,1,198,10582,13853,21,No
2016,32,ZACATECAS,25,MAZAPIL,NUAL,4621,10383,1,198,10582,13853,4621,No
2016,32,ZACATECAS,25,MAZAPIL,PAN_PRD,40,10383,1,198,10582,13853,919,Sí
2016,32,ZACATECAS,25,MAZAPIL,COAL_PRI_PVEM,8,10383,1,198,10582,13853,4557,Sí
2016,32,ZACATECAS,26,GENERAL FRANCISCO R. MURGUIA,PAN,116,10799,5,298,11102,17249,116,No
2016,32,ZACATECAS,26,GENERAL FRANCISCO R. MURGUIA,PRI,5703,10799,5,298,11102,17249,5703,No
2016,32,ZACATECAS,26,GENERAL FRANCISCO R. MURGUIA,PRD,368,10799,5,298,11102,17249,368,No
2016,32,ZACATECAS,26,GENERAL FRANCISCO R. MURGUIA,PT,1144,10799,5,298,11102,17249,1144,No
2016,32,ZACATECAS,26,GENERAL FRANCISCO R. MURGUIA,PVEM,140,10799,5,298,11102,17249,140,No
2016,32,ZACATECAS,26,GENERAL FRANCISCO R. MURGUIA,MORENA,3129,10799,5,298,11102,17249,3129,No
2016,32,ZACATECAS,26,GENERAL FRANCISCO R. MURGUIA,ES,74,10799,5,298,11102,17249,74,No
2016,32,ZACATECAS,26,GENERAL FRANCISCO R. MURGUIA,PAN_PRD,30,10799,5,298,11102,17249,514,Sí
2016,32,ZACATECAS,26,GENERAL FRANCISCO R. MURGUIA,COAL_PRI_PVEM,95,10799,5,298,11102,17249,5938,Sí
2016,32,ZACATECAS,27,MELCHOR OCAMPO,PAN,24,2019,0,34,2053,2395,24,No
2016,32,ZACATECAS,27,MELCHOR OCAMPO,PRI,911,2019,0,34,2053,2395,911,No
2016,32,ZACATECAS,27,MELCHOR OCAMPO,PRD,1038,2019,0,34,2053,2395,1038,No
2016,32,ZACATECAS,27,MELCHOR OCAMPO,PT,24,2019,0,34,2053,2395,24,No
2016,32,ZACATECAS,27,MELCHOR OCAMPO,PVEM,3,2019,0,34,2053,2395,3,No
2016,32,ZACATECAS,27,MELCHOR OCAMPO,PAN_PRD,18,2019,0,34,2053,2395,1080,Sí
2016,32,ZACATECAS,27,MELCHOR OCAMPO,COAL_PRI_PVEM,1,2019,0,34,2053,2395,915,Sí
2016,32,ZACATECAS,28,MEZQUITAL DEL ORO,PAN,85,1730,0,16,1746,2357,85,No
2016,32,ZACATECAS,28,MEZQUITAL DEL ORO,PRI,663,1730,0,16,1746,2357,663,No
2016,32,ZACATECAS,28,MEZQUITAL DEL ORO,PRD,876,1730,0,16,1746,2357,876,No
2016,32,ZACATECAS,28,MEZQUITAL DEL ORO,PVEM,17,1730,0,16,1746,2357,17,No
2016,32,ZACATECAS,28,MEZQUITAL DEL ORO,MORENA,10,1730,0,16,1746,2357,10,No
2016,32,ZACATECAS,28,MEZQUITAL DEL ORO,PAN_PRD,57,1730,0,16,1746,2357,1018,Sí
2016,32,ZACATECAS,28,MEZQUITAL DEL ORO,COAL_PRI_PVEM,22,1730,0,16,1746,2357,702,Sí
2016,32,ZACATECAS,29,MIGUEL AUZA,PAN,642,9469,0,194,9663,16269,642,No
2016,32,ZACATECAS,29,MIGUEL AUZA,PRI,2549,9469,0,194,9663,16269,2549,No
2016,32,ZACATECAS,29,MIGUEL AUZA,PRD,390,9469,0,194,9663,16269,390,No
2016,32,ZACATECAS,29,MIGUEL AUZA,PT,284,9469,0,194,9663,16269,284,No
2016,32,ZACATECAS,29,MIGUEL AUZA,PVEM,36,9469,0,194,9663,16269,36,No
2016,32,ZACATECAS,29,MIGUEL AUZA,MC,56,9469,0,194,9663,16269,56,No
2016,32,ZACATECAS,29,MIGUEL AUZA,NUAL,93,9469,0,194,9663,16269,93,No
2016,32,ZACATECAS,29,MIGUEL AUZA,MORENA,4200,9469,0,194,9663,16269,4200,No
2016,32,ZACATECAS,29,MIGUEL AUZA,ES,239,9469,0,194,9663,16269,239,No
2016,32,ZACATECAS,29,MIGUEL AUZA,PAN_PRD,92,9469,0,194,9663,16269,1124,Sí
2016,32,ZACATECAS,29,MIGUEL AUZA,COAL_PRI_PVEM,22,9469,0,194,9663,16269,2607,Sí
2016,32,ZACATECAS,29,MIGUEL AUZA,Candidatura Independiente,866,9469,0,194,9663,16269,866,No
2016,32,ZACATECAS,30,MOMAX,PAN,126,1470,0,29,1499,2300,126,No
2016,32,ZACATECAS,30,MOMAX,PRI,453,1470,0,29,1499,2300,453,No
2016,32,ZACATECAS,30,MOMAX,PRD,9,1470,0,29,1499,2300,9,No
2016,32,ZACATECAS,30,MOMAX,PT,297,1470,0,29,1499,2300,297,No
2016,32,ZACATECAS,30,MOMAX,PVEM,27,1470,0,29,1499,2300,27,No
2016,32,ZACATECAS,30,MOMAX,MC,6,1470,0,29,1499,2300,6,No
2016,32,ZACATECAS,30,MOMAX,NUAL,441,1470,0,29,1499,2300,441,No
2016,32,ZACATECAS,30,MOMAX,MORENA,102,1470,0,29,1499,2300,102,No
2016,32,ZACATECAS,30,MOMAX,ES,4,1470,0,29,1499,2300,4,No
2016,32,ZACATECAS,30,MOMAX,PAN_PRD,1,1470,0,29,1499,2300,136,Sí
2016,32,ZACATECAS,30,MOMAX,COAL_PRI_PVEM,4,1470,0,29,1499,2300,484,Sí
2016,32,ZACATECAS,31,MONTE ESCOBEDO,PAN,1601,4793,0,149,4942,7674,1601,No
2016,32,ZACATECAS,31,MONTE ESCOBEDO,PRI,1335,4793,0,149,4942,7674,1335,No
2016,32,ZACATECAS,31,MONTE ESCOBEDO,PRD,71,4793,0,149,4942,7674,71,No
2016,32,ZACATECAS,31,MONTE ESCOBEDO,PT,1396,4793,0,149,4942,7674,1396,No
2016,32,ZACATECAS,31,MONTE ESCOBEDO,PVEM,107,4793,0,149,4942,7674,107,No
2016,32,ZACATECAS,31,MONTE ESCOBEDO,NUAL,34,4793,0,149,4942,7674,34,No
2016,32,ZACATECAS,31,MONTE ESCOBEDO,MORENA,125,4793,0,149,4942,7674,125,No
2016,32,ZACATECAS,31,MONTE ESCOBEDO,ES,37,4793,0,149,4942,7674,37,No
2016,32,ZACATECAS,31,MONTE ESCOBEDO,PAN_PRD,55,4793,0,149,4942,7674,1727,Sí
2016,32,ZACATECAS,31,MONTE ESCOBEDO,PRI_PVEM_NUAL,8,4793,0,149,4942,7674,1484,Sí
2016,32,ZACATECAS,31,MONTE ESCOBEDO,PRI_PVEM,15,4793,0,149,4942,7674,1457,Sí
2016,32,ZACATECAS,31,MONTE ESCOBEDO,PRI_NUAL,6,4793,0,149,4942,7674,1375,Sí
2016,32,ZACATECAS,31,MONTE ESCOBEDO,PVEM_NUAL,3,4793,0,149,4942,7674,144,Sí
2016,32,ZACATECAS,32,MORELOS,PAN,104,6134,2,166,6302,8799,104,No
2016,32,ZACATECAS,32,MORELOS,PRI,1435,6134,2,166,6302,8799,1435,No
2016,32,ZACATECAS,32,MORELOS,PRD,283,6134,2,166,6302,8799,283,No
2016,32,ZACATECAS,32,MORELOS,PT,393,6134,2,166,6302,8799,393,No
2016,32,ZACATECAS,32,MORELOS,PVEM,48,6134,2,166,6302,8799,48,No
2016,32,ZACATECAS,32,MORELOS,MC,668,6134,2,166,6302,8799,668,No
2016,32,ZACATECAS,32,MORELOS,NUAL,1831,6134,2,166,6302,8799,1831,No
2016,32,ZACATECAS,32,MORELOS,MORENA,1343,6134,2,166,6302,8799,1343,No
2016,32,ZACATECAS,32,MORELOS,PAN_PRD,23,6134,2,166,6302,8799,410,Sí
2016,32,ZACATECAS,32,MORELOS,COAL_PRI_PVEM,6,6134,2,166,6302,8799,1489,Sí
2016,32,ZACATECAS,33,MOYAHUA DE ESTRADA,PAN,662,2623,0,58,2681,4463,662,No
2016,32,ZACATECAS,33,MOYAHUA DE ESTRADA,PRI,1072,2623,0,58,2681,4463,1072,No
2016,32,ZACATECAS,33,MOYAHUA DE ESTRADA,PRD,312,2623,0,58,2681,4463,312,No
2016,32,ZACATECAS,33,MOYAHUA DE ESTRADA,PVEM,29,2623,0,58,2681,4463,29,No
2016,32,ZACATECAS,33,MOYAHUA DE ESTRADA,MC,314,2623,0,58,2681,4463,314,No
2016,32,ZACATECAS,33,MOYAHUA DE ESTRADA,MORENA,70,2623,0,58,2681,4463,70,No
2016,32,ZACATECAS,33,MOYAHUA DE ESTRADA,PAN_PRD,152,2623,0,58,2681,4463,1126,Sí
2016,32,ZACATECAS,33,MOYAHUA DE ESTRADA,COAL_PRI_PVEM,12,2623,0,58,2681,4463,1113,Sí
2016,32,ZACATECAS,34,NOCHISTLAN DE MEJIA,PAN,2663,14015,2,436,14453,24222,2663,No
2016,32,ZACATECAS,34,NOCHISTLAN DE MEJIA,PRI,3458,14015,2,436,14453,24222,3458,No
2016,32,ZACATECAS,34,NOCHISTLAN DE MEJIA,PRD,703,14015,2,436,14453,24222,703,No
2016,32,ZACATECAS,34,NOCHISTLAN DE MEJIA,PT,5577,14015,2,436,14453,24222,5577,No
2016,32,ZACATECAS,34,NOCHISTLAN DE MEJIA,PVEM,165,14015,2,436,14453,24222,165,No
2016,32,ZACATECAS,34,NOCHISTLAN DE MEJIA,MC,41,14015,2,436,14453,24222,41,No
2016,32,ZACATECAS,34,NOCHISTLAN DE MEJIA,MORENA,865,14015,2,436,14453,24222,865,No
2016,32,ZACATECAS,34,NOCHISTLAN DE MEJIA,ES,205,14015,2,436,14453,24222,205,No
2016,32,ZACATECAS,34,NOCHISTLAN DE MEJIA,PAN_PRD,226,14015,2,436,14453,24222,3592,Sí
2016,32,ZACATECAS,34,NOCHISTLAN DE MEJIA,COAL_PRI_PVEM,112,14015,2,436,14453,24222,3735,Sí
2016,32,ZACATECAS,35,NORIA DE ANGELES,PAN,142,7688,2,213,7903,11096,142,No
2016,32,ZACATECAS,35,NORIA DE ANGELES,PRI,2590,7688,2,213,7903,11096,2590,No
2016,32,ZACATECAS,35,NORIA DE ANGELES,PRD,971,7688,2,213,7903,11096,971,No
2016,32,ZACATECAS,35,NORIA DE ANGELES,PT,1242,7688,2,213,7903,11096,1242,No
2016,32,ZACATECAS,35,NORIA DE ANGELES,PVEM,52,7688,2,213,7903,11096,52,No
2016,32,ZACATECAS,35,NORIA DE ANGELES,MC,32,7688,2,213,7903,11096,32,No
2016,32,ZACATECAS,35,NORIA DE ANGELES,MORENA,2434,7688,2,213,7903,11096,2434,No
2016,32,ZACATECAS,35,NORIA DE ANGELES,ES,107,7688,2,213,7903,11096,107,No
2016,32,ZACATECAS,35,NORIA DE ANGELES,PAN_PRD,89,7688,2,213,7903,11096,1202,Sí
2016,32,ZACATECAS,35,NORIA DE ANGELES,COAL_PRI_PVEM,29,7688,2,213,7903,11096,2671,Sí
2016,32,ZACATECAS,36,OJOCALIENTE,PAN,1110,16217,4,552,16773,29141,1110,No
2016,32,ZACATECAS,36,OJOCALIENTE,PRI,6436,16217,4,552,16773,29141,6436,No
2016,32,ZACATECAS,36,OJOCALIENTE,PRD,746,16217,4,552,16773,29141,746,No
2016,32,ZACATECAS,36,OJOCALIENTE,PT,4708,16217,4,552,16773,29141,4708,No
2016,32,ZACATECAS,36,OJOCALIENTE,PVEM,497,16217,4,552,16773,29141,497,No
2016,32,ZACATECAS,36,OJOCALIENTE,MC,882,16217,4,552,16773,29141,882,No
2016,32,ZACATECAS,36,OJOCALIENTE,NUAL,311,16217,4,552,16773,29141,311,No
2016,32,ZACATECAS,36,OJOCALIENTE,MORENA,918,16217,4,552,16773,29141,918,No
2016,32,ZACATECAS,36,OJOCALIENTE,ES,253,16217,4,552,16773,29141,253,No
2016,32,ZACATECAS,36,OJOCALIENTE,PAN_PRD,98,16217,4,552,16773,29141,1954,Sí
2016,32,ZACATECAS,36,OJOCALIENTE,PRI_PVEM_NUAL,108,16217,4,552,16773,29141,7352,Sí
2016,32,ZACATECAS,36,OJOCALIENTE,PRI_PVEM,133,16217,4,552,16773,29141,7066,Sí
2016,32,ZACATECAS,36,OJOCALIENTE,PRI_NUAL,14,16217,4,552,16773,29141,6761,Sí
2016,32,ZACATECAS,36,OJOCALIENTE,PVEM_NUAL,3,16217,4,552,16773,29141,811,Sí
2016,32,ZACATECAS,37,GENERAL PANFILO NATERA,PAN,189,10855,3,511,11369,17310,189,No
2016,32,ZACATECAS,37,GENERAL PANFILO NATERA,PRI,754,10855,3,511,11369,17310,754,No
2016,32,ZACATECAS,37,GENERAL PANFILO NATERA,PRD,1562,10855,3,511,11369,17310,1562,No
2016,32,ZACATECAS,37,GENERAL PANFILO NATERA,PT,2707,10855,3,511,11369,17310,2707,No
2016,32,ZACATECAS,37,GENERAL PANFILO NATERA,PVEM,2668,10855,3,511,11369,17310,2668,No
2016,32,ZACATECAS,37,GENERAL PANFILO NATERA,MC,127,10855,3,511,11369,17310,127,No
2016,32,ZACATECAS,37,GENERAL PANFILO NATERA,NUAL,2041,10855,3,511,11369,17310,2041,No
2016,32,ZACATECAS,37,GENERAL PANFILO NATERA,MORENA,399,10855,3,511,11369,17310,399,No
2016,32,ZACATECAS,37,GENERAL PANFILO NATERA,ES,120,10855,3,511,11369,17310,120,No
2016,32,ZACATECAS,37,GENERAL PANFILO NATERA,PAN_PRD,57,10855,3,511,11369,17310,1808,Sí
2016,32,ZACATECAS,37,GENERAL PANFILO NATERA,COAL_PRI_PVEM,231,10855,3,511,11369,17310,3653,Sí
2016,32,ZACATECAS,38,PANUCO,PAN,143,8141,0,193,8334,11926,143,No
2016,32,ZACATECAS,38,PANUCO,PRI,3657,8141,0,193,8334,11926,3657,No
2016,32,ZACATECAS,38,PANUCO,PRD,130,8141,0,193,8334,11926,130,No
2016,32,ZACATECAS,38,PANUCO,PT,3246,8141,0,193,8334,11926,3246,No
2016,32,ZACATECAS,38,PANUCO,PVEM,65,8141,0,193,8334,11926,65,No
2016,32,ZACATECAS,38,PANUCO,MC,45,8141,0,193,8334,11926,45,No
2016,32,ZACATECAS,38,PANUCO,MORENA,561,8141,0,193,8334,11926,561,No
2016,32,ZACATECAS,38,PANUCO,ES,176,8141,0,193,8334,11926,176,No
2016,32,ZACATECAS,38,PANUCO,PAN_PRD,81,8141,0,193,8334,11926,354,Sí
2016,32,ZACATECAS,38,PANUCO,COAL_PRI_PVEM,37,8141,0,193,8334,11926,3759,Sí
2016,32,ZACATECAS,39,PINOS,PAN,219,32685,4,999,33688,48705,219,No
2016,32,ZACATECAS,39,PINOS,PRI,15248,32685,4,999,33688,48705,15248,No
2016,32,ZACATECAS,39,PINOS,PRD,767,32685,4,999,33688,48705,767,No
2016,32,ZACATECAS,39,PINOS,PT,782,32685,4,999,33688,48705,782,No
2016,32,ZACATECAS,39,PINOS,PVEM,400,32685,4,999,33688,48705,400,No
2016,32,ZACATECAS,39,PINOS,MC,233,32685,4,999,33688,48705,233,No
2016,32,ZACATECAS,39,PINOS,NUAL,255,32685,4,999,33688,48705,255,No
2016,32,ZACATECAS,39,PINOS,MORENA,14427,32685,4,999,33688,48705,14427,No
2016,32,ZACATECAS,39,PINOS,ES,254,32685,4,999,33688,48705,254,No
2016,32,ZACATECAS,39,PINOS,PAN_PRD,9,32685,4,999,33688,48705,995,Sí
2016,32,ZACATECAS,39,PINOS,COAL_PRI_PVEM,91,32685,4,999,33688,48705,15739,Sí
2016,32,ZACATECAS,40,RIO GRANDE,PAN,4783,25272,33,940,26245,48829,4783,No
2016,32,ZACATECAS,40,RIO GRANDE,PRI,7023,25272,33,940,26245,48829,7023,No
2016,32,ZACATECAS,40,RIO GRANDE,PRD,3572,25272,33,940,26245,48829,3572,No
2016,32,ZACATECAS,40,RIO GRANDE,PT,4445,25272,33,940,26245,48829,4445,No
2016,32,ZACATECAS,40,RIO GRANDE,PVEM,469,25272,33,940,26245,48829,469,No
2016,32,ZACATECAS,40,RIO GRANDE,MC,811,25272,33,940,26245,48829,811,No
2016,32,ZACATECAS,40,RIO GRANDE,NUAL,293,25272,33,940,26245,48829,293,No
2016,32,ZACATECAS,40,RIO GRANDE,MORENA,2530,25272,33,940,26245,48829,2530,No
2016,32,ZACATECAS,40,RIO GRANDE,ES,708,25272,33,940,26245,48829,708,No
2016,32,ZACATECAS,40,RIO GRANDE,PAN_PRD,535,25272,33,940,26245,48829,8890,Sí
2016,32,ZACATECAS,40,RIO GRANDE,PRI_PVEM_NUAL,26,25272,33,940,26245,48829,7811,Sí
2016,32,ZACATECAS,40,RIO GRANDE,PRI_PVEM,65,25272,33,940,26245,48829,7557,Sí
2016,32,ZACATECAS,40,RIO GRANDE,PRI_NUAL,3,25272,33,940,26245,48829,7319,Sí
2016,32,ZACATECAS,40,RIO GRANDE,PVEM_NUAL,9,25272,33,940,26245,48829,771,Sí
2016,32,ZACATECAS,41,SAIN ALTO,PAN,668,10586,1,333,10920,16084,668,No
2016,32,ZACATECAS,41,SAIN ALTO,PRI,3590,10586,1,333,10920,16084,3590,No
2016,32,ZACATECAS,41,SAIN ALTO,PRD,5156,10586,1,333,10920,16084,5156,No
2016,32,ZACATECAS,41,SAIN ALTO,PT,184,10586,1,333,10920,16084,184,No
2016,32,ZACATECAS,41,SAIN ALTO,PVEM,47,10586,1,333,10920,16084,47,No
2016,32,ZACATECAS,41,SAIN ALTO,MC,19,10586,1,333,10920,16084,19,No
2016,32,ZACATECAS,41,SAIN ALTO,NUAL,82,10586,1,333,10920,16084,82,No
2016,32,ZACATECAS,41,SAIN ALTO,MORENA,592,10586,1,333,10920,16084,592,No
2016,32,ZACATECAS,41,SAIN ALTO,PAN_PRD,225,10586,1,333,10920,16084,6049,Sí
2016,32,ZACATECAS,41,SAIN ALTO,COAL_PRI_PVEM,23,10586,1,333,10920,16084,3660,Sí
2016,32,ZACATECAS,42,SANTA MARIA DE LA PAZ,PAN,603,1485,0,40,1525,2411,603,No
2016,32,ZACATECAS,42,SANTA MARIA DE LA PAZ,PRI,623,1485,0,40,1525,2411,623,No
2016,32,ZACATECAS,42,SANTA MARIA DE LA PAZ,PRD,104,1485,0,40,1525,2411,104,No
2016,32,ZACATECAS,42,SANTA MARIA DE LA PAZ,PT,59,1485,0,40,1525,2411,59,No
2016,32,ZACATECAS,42,SANTA MARIA DE LA PAZ,PVEM,10,1485,0,40,1525,2411,10,No
2016,32,ZACATECAS,42,SANTA MARIA DE LA PAZ,MORENA,54,1485,0,40,1525,2411,54,No
2016,32,ZACATECAS,42,SANTA MARIA DE LA PAZ,PAN_PRD,25,1485,0,40,1525,2411,732,Sí
2016,32,ZACATECAS,42,SANTA MARIA DE LA PAZ,COAL_PRI_PVEM,7,1485,0,40,1525,2411,640,Sí
2016,32,ZACATECAS,43,SOMBRERETE,PAN,6671,25203,6,740,25949,46398,6671,No
2016,32,ZACATECAS,43,SOMBRERETE,PRI,4342,25203,6,740,25949,46398,4342,No
2016,32,ZACATECAS,43,SOMBRERETE,PRD,4264,25203,6,740,25949,46398,4264,No
2016,32,ZACATECAS,43,SOMBRERETE,PT,3050,25203,6,740,25949,46398,3050,No
2016,32,ZACATECAS,43,SOMBRERETE,PVEM,722,25203,6,740,25949,46398,722,No
2016,32,ZACATECAS,43,SOMBRERETE,NUAL,437,25203,6,740,25949,46398,437,No
2016,32,ZACATECAS,43,SOMBRERETE,MORENA,3669,25203,6,740,25949,46398,3669,No
2016,32,ZACATECAS,43,SOMBRERETE,ES,598,25203,6,740,25949,46398,598,No
2016,32,ZACATECAS,43,SOMBRERETE,PAN_PRD,1108,25203,6,740,25949,46398,12043,Sí
2016,32,ZACATECAS,43,SOMBRERETE,PRI_PVEM_NUAL,151,25203,6,740,25949,46398,5652,Sí
2016,32,ZACATECAS,43,SOMBRERETE,PRI_PVEM,92,25203,6,740,25949,46398,5156,Sí
2016,32,ZACATECAS,43,SOMBRERETE,PRI_NUAL,71,25203,6,740,25949,46398,4850,Sí
2016,32,ZACATECAS,43,SOMBRERETE,PVEM_NUAL,28,25203,6,740,25949,46398,1187,Sí
2016,32,ZACATECAS,44,SUSTICACAN,PAN,16,845,0,37,882,1249,16,No
2016,32,ZACATECAS,44,SUSTICACAN,PRI,336,845,0,37,882,1249,336,No
2016,32,ZACATECAS,44,SUSTICACAN,PRD,7,845,0,37,882,1249,7,No
2016,32,ZACATECAS,44,SUSTICACAN,PT,25,845,0,37,882,1249,25,No
2016,32,ZACATECAS,44,SUSTICACAN,PVEM,11,845,0,37,882,1249,11,No
2016,32,ZACATECAS,44,SUSTICACAN,MORENA,424,845,0,37,882,1249,424,No
2016,32,ZACATECAS,44,SUSTICACAN,ES,24,845,0,37,882,1249,24,No
2016,32,ZACATECAS,44,SUSTICACAN,COAL_PRI_PVEM,2,845,0,37,882,1249,349,Sí
2016,32,ZACATECAS,45,TABASCO,PAN,2761,7414,3,233,7650,12276,2761,No
2016,32,ZACATECAS,45,TABASCO,PRI,2906,7414,3,233,7650,12276,2906,No
2016,32,ZACATECAS,45,TABASCO,PRD,309,7414,3,233,7650,12276,309,No
2016,32,ZACATECAS,45,TABASCO,PT,249,7414,3,233,7650,12276,249,No
2016,32,ZACATECAS,45,TABASCO,PVEM,112,7414,3,233,7650,12276,112,No
2016,32,ZACATECAS,45,TABASCO,MC,126,7414,3,233,7650,12276,126,No
2016,32,ZACATECAS,45,TABASCO,NUAL,183,7414,3,233,7650,12276,183,No
2016,32,ZACATECAS,45,TABASCO,MORENA,341,7414,3,233,7650,12276,341,No
2016,32,ZACATECAS,45,TABASCO,ES,217,7414,3,233,7650,12276,217,No
2016,32,ZACATECAS,45,TABASCO,PAN_PRD,123,7414,3,233,7650,12276,3193,Sí
2016,32,ZACATECAS,45,TABASCO,COAL_PRI_PVEM,87,7414,3,233,7650,12276,3105,Sí
2016,32,ZACATECAS,46,TEPECHITLAN,PAN,619,4383,1,114,4498,7104,619,No
2016,32,ZACATECAS,46,TEPECHITLAN,PRI,1817,4383,1,114,4498,7104,1817,No
2016,32,ZACATECAS,46,TEPECHITLAN,PRD,1152,4383,1,114,4498,7104,1152,No
2016,32,ZACATECAS,46,TEPECHITLAN,PT,463,4383,1,114,4498,7104,463,No
2016,32,ZACATECAS,46,TEPECHITLAN,PVEM,88,4383,1,114,4498,7104,88,No
2016,32,ZACATECAS,46,TEPECHITLAN,MC,60,4383,1,114,4498,7104,60,No
2016,32,ZACATECAS,46,TEPECHITLAN,PAN_PRD,169,4383,1,114,4498,7104,1940,Sí
2016,32,ZACATECAS,46,TEPECHITLAN,COAL_PRI_PVEM,15,4383,1,114,4498,7104,1920,Sí
2016,32,ZACATECAS,47,TEPETONGO,PAN,218,3617,2,113,3732,6270,218,No
2016,32,ZACATECAS,47,TEPETONGO,PRI,2288,3617,2,113,3732,6270,2288,No
2016,32,ZACATECAS,47,TEPETONGO,PRD,571,3617,2,113,3732,6270,571,No
2016,32,ZACATECAS,47,TEPETONGO,PVEM,39,3617,2,113,3732,6270,39,No
2016,32,ZACATECAS,47,TEPETONGO,NUAL,65,3617,2,113,3732,6270,65,No
2016,32,ZACATECAS,47,TEPETONGO,MORENA,370,3617,2,113,3732,6270,370,No
2016,32,ZACATECAS,47,TEPETONGO,ES,25,3617,2,113,3732,6270,25,No
2016,32,ZACATECAS,47,TEPETONGO,PAN_PRD,19,3617,2,113,3732,6270,808,Sí
2016,32,ZACATECAS,47,TEPETONGO,COAL_PRI_PVEM,22,3617,2,113,3732,6270,2349,Sí
2016,32,ZACATECAS,48,TEUL DE GONZALEZ ORTEGA,PRI,1565,2737,7,63,2807,4377,1565,No
2016,32,ZACATECAS,48,TEUL DE GONZALEZ ORTEGA,PT,56,2737,7,63,2807,4377,56,No
2016,32,ZACATECAS,48,TEUL DE GONZALEZ ORTEGA,PVEM,66,2737,7,63,2807,4377,66,No
2016,32,ZACATECAS,48,TEUL DE GONZALEZ ORTEGA,MORENA,893,2737,7,63,2807,4377,893,No
2016,32,ZACATECAS,48,TEUL DE GONZALEZ ORTEGA,ES,140,2737,7,63,2807,4377,140,No
2016,32,ZACATECAS,48,TEUL DE GONZALEZ ORTEGA,COAL_PRI_PVEM,17,2737,7,63,2807,4377,1648,Sí
2016,32,ZACATECAS,49,TLALTENANGO DE SANCHEZ ROMAN,PAN,3572,11525,2,356,11883,19731,3572,No
2016,32,ZACATECAS,49,TLALTENANGO DE SANCHEZ ROMAN,PRI,2378,11525,2,356,11883,19731,2378,No
2016,32,ZACATECAS,49,TLALTENANGO DE SANCHEZ ROMAN,PRD,418,11525,2,356,11883,19731,418,No
2016,32,ZACATECAS,49,TLALTENANGO DE SANCHEZ ROMAN,PT,143,11525,2,356,11883,19731,143,No
2016,32,ZACATECAS,49,TLALTENANGO DE SANCHEZ ROMAN,PVEM,1339,11525,2,356,11883,19731,1339,No
2016,32,ZACATECAS,49,TLALTENANGO DE SANCHEZ ROMAN,NUAL,160,11525,2,356,11883,19731,160,No
2016,32,ZACATECAS,49,TLALTENANGO DE SANCHEZ ROMAN,MORENA,1216,11525,2,356,11883,19731,1216,No
2016,32,ZACATECAS,49,TLALTENANGO DE SANCHEZ ROMAN,ES,68,11525,2,356,11883,19731,68,No
2016,32,ZACATECAS,49,TLALTENANGO DE SANCHEZ ROMAN,PAN_PRD,209,11525,2,356,11883,19731,4199,Sí
2016,32,ZACATECAS,49,TLALTENANGO DE SANCHEZ ROMAN,PRI_PVEM_NUAL,99,11525,2,356,11883,19731,3976,Sí
2016,32,ZACATECAS,49,TLALTENANGO DE SANCHEZ ROMAN,PRI_PVEM,105,11525,2,356,11883,19731,3822,Sí
2016,32,ZACATECAS,49,TLALTENANGO DE SANCHEZ ROMAN,PRI_NUAL,8,11525,2,356,11883,19731,2546,Sí
2016,32,ZACATECAS,49,TLALTENANGO DE SANCHEZ ROMAN,PVEM_NUAL,18,11525,2,356,11883,19731,1517,Sí
2016,32,ZACATECAS,49,TLALTENANGO DE SANCHEZ ROMAN,Candidatura Independiente,1792,11525,2,356,11883,19731,1792,No
2016,32,ZACATECAS,50,TRANCOSO,PAN,152,8072,1,320,8393,12466,152,No
2016,32,ZACATECAS,50,TRANCOSO,PRI,1141,8072,1,320,8393,12466,1141,No
2016,32,ZACATECAS,50,TRANCOSO,PRD,2228,8072,1,320,8393,12466,2228,No
2016,32,ZACATECAS,50,TRANCOSO,PT,2027,8072,1,320,8393,12466,2027,No
2016,32,ZACATECAS,50,TRANCOSO,PVEM,132,8072,1,320,8393,12466,132,No
2016,32,ZACATECAS,50,TRANCOSO,MC,100,8072,1,320,8393,12466,100,No
2016,32,ZACATECAS,50,TRANCOSO,NUAL,586,8072,1,320,8393,12466,586,No
2016,32,ZACATECAS,50,TRANCOSO,MORENA,1446,8072,1,320,8393,12466,1446,No
2016,32,ZACATECAS,50,TRANCOSO,ES,141,8072,1,320,8393,12466,141,No
2016,32,ZACATECAS,50,TRANCOSO,PAN_PRD,96,8072,1,320,8393,12466,2476,Sí
2016,32,ZACATECAS,50,TRANCOSO,COAL_PRI_PVEM,23,8072,1,320,8393,12466,1296,Sí
2016,32,ZACATECAS,51,VALPARAISO,PAN,1021,16529,3,427,16959,26737,1021,No
2016,32,ZACATECAS,51,VALPARAISO,PRI,7854,16529,3,427,16959,26737,7854,No
2016,32,ZACATECAS,51,VALPARAISO,PRD,5896,16529,3,427,16959,26737,5896,No
2016,32,ZACATECAS,51,VALPARAISO,PVEM,229,16529,3,427,16959,26737,229,No
2016,32,ZACATECAS,51,VALPARAISO,MORENA,577,16529,3,427,16959,26737,577,No
2016,32,ZACATECAS,51,VALPARAISO,ES,511,16529,3,427,16959,26737,511,No
2016,32,ZACATECAS,51,VALPARAISO,PAN_PRD,302,16529,3,427,16959,26737,7219,Sí
2016,32,ZACATECAS,51,VALPARAISO,COAL_PRI_PVEM,139,16529,3,427,16959,26737,8222,Sí
2016,32,ZACATECAS,52,VETAGRANDE,PAN,322,5290,2,122,5414,7307,322,No
2016,32,ZACATECAS,52,VETAGRANDE,PRI,2047,5290,2,122,5414,7307,2047,No
2016,32,ZACATECAS,52,VETAGRANDE,PRD,1527,5290,2,122,5414,7307,1527,No
2016,32,ZACATECAS,52,VETAGRANDE,PT,346,5290,2,122,5414,7307,346,No
2016,32,ZACATECAS,52,VETAGRANDE,PVEM,40,5290,2,122,5414,7307,40,No
2016,32,ZACATECAS,52,VETAGRANDE,MC,28,5290,2,122,5414,7307,28,No
2016,32,ZACATECAS,52,VETAGRANDE,NUAL,32,5290,2,122,5414,7307,32,No
2016,32,ZACATECAS,52,VETAGRANDE,MORENA,454,5290,2,122,5414,7307,454,No
2016,32,ZACATECAS,52,VETAGRANDE,ES,91,5290,2,122,5414,7307,91,No
2016,32,ZACATECAS,52,VETAGRANDE,PAN_PRD,228,5290,2,122,5414,7307,2077,Sí
2016,32,ZACATECAS,52,VETAGRANDE,COAL_PRI_PVEM,22,5290,2,122,5414,7307,2109,Sí
2016,32,ZACATECAS,52,VETAGRANDE,Candidatura Independiente,153,5290,2,122,5414,7307,153,No
2016,32,ZACATECAS,53,VILLA DE COS,PAN,276,16268,9,424,16701,24517,276,No
2016,32,ZACATECAS,53,VILLA DE COS,PRI,5006,16268,9,424,16701,24517,5006,No
2016,32,ZACATECAS,53,VILLA DE COS,PRD,4597,16268,9,424,16701,24517,4597,No
2016,32,ZACATECAS,53,VILLA DE COS,PT,2010,16268,9,424,16701,24517,2010,No
2016,32,ZACATECAS,53,VILLA DE COS,PVEM,429,16268,9,424,16701,24517,429,No
2016,32,ZACATECAS,53,VILLA DE COS,MC,55,16268,9,424,16701,24517,55,No
2016,32,ZACATECAS,53,VILLA DE COS,MORENA,855,16268,9,424,16701,24517,855,No
2016,32,ZACATECAS,53,VILLA DE COS,ES,290,16268,9,424,16701,24517,290,No
2016,32,ZACATECAS,53,VILLA DE COS,PAN_PRD,291,16268,9,424,16701,24517,5164,Sí
2016,32,ZACATECAS,53,VILLA DE COS,COAL_PRI_PVEM,103,16268,9,424,16701,24517,5538,Sí
2016,32,ZACATECAS,53,VILLA DE COS,Candidatura Independiente,2356,16268,9,424,16701,24517,2356,No
2016,32,ZACATECAS,54,VILLA GARCIA,PAN,179,8637,4,232,8873,12340,179,No
2016,32,ZACATECAS,54,VILLA GARCIA,PRI,1823,8637,4,232,8873,12340,1823,No
2016,32,ZACATECAS,54,VILLA GARCIA,PRD,119,8637,4,232,8873,12340,119,No
2016,32,ZACATECAS,54,VILLA GARCIA,PT,522,8637,4,232,8873,12340,522,No
2016,32,ZACATECAS,54,VILLA GARCIA,PVEM,225,8637,4,232,8873,12340,225,No
2016,32,ZACATECAS,54,VILLA GARCIA,MC,2954,8637,4,232,8873,12340,2954,No
2016,32,ZACATECAS,54,VILLA GARCIA,NUAL,515,8637,4,232,8873,12340,515,No
2016,32,ZACATECAS,54,VILLA GARCIA,MORENA,2045,8637,4,232,8873,12340,2045,No
2016,32,ZACATECAS,54,VILLA GARCIA,ES,173,8637,4,232,8873,12340,173,No
2016,32,ZACATECAS,54,VILLA GARCIA,PAN_PRD,13,8637,4,232,8873,12340,311,Sí
2016,32,ZACATECAS,54,VILLA GARCIA,PRI_PVEM_NUAL,33,8637,4,232,8873,12340,2596,Sí
2016,32,ZACATECAS,54,VILLA GARCIA,PRI_PVEM,15,8637,4,232,8873,12340,2063,Sí
2016,32,ZACATECAS,54,VILLA GARCIA,PRI_NUAL,18,8637,4,232,8873,12340,2356,Sí
2016,32,ZACATECAS,54,VILLA GARCIA,PVEM_NUAL,3,8637,4,232,8873,12340,743,Sí
2016,32,ZACATECAS,55,VILLA GONZALEZ ORTEGA,PAN,187,6088,1,329,6418,9900,187,No
2016,32,ZACATECAS,55,VILLA GONZALEZ ORTEGA,PRI,157,6088,1,329,6418,9900,157,No
2016,32,ZACATECAS,55,VILLA GONZALEZ ORTEGA,PRD,2120,6088,1,329,6418,9900,2120,No
2016,32,ZACATECAS,55,VILLA GONZALEZ ORTEGA,PT,1003,6088,1,329,6418,9900,1003,No
2016,32,ZACATECAS,55,VILLA GONZALEZ ORTEGA,PVEM,178,6088,1,329,6418,9900,178,No
2016,32,ZACATECAS,55,VILLA GONZALEZ ORTEGA,MC,33,6088,1,329,6418,9900,33,No
2016,32,ZACATECAS,55,VILLA GONZALEZ ORTEGA,NUAL,1540,6088,1,329,6418,9900,1540,No
2016,32,ZACATECAS,55,VILLA GONZALEZ ORTEGA,MORENA,770,6088,1,329,6418,9900,770,No
2016,32,ZACATECAS,55,VILLA GONZALEZ ORTEGA,PAN_PRD,83,6088,1,329,6418,9900,2390,Sí
2016,32,ZACATECAS,55,VILLA GONZALEZ ORTEGA,COAL_PRI_PVEM,17,6088,1,329,6418,9900,352,Sí
2016,32,ZACATECAS,56,VILLA HIDALGO,PAN,112,9097,0,258,9355,13162,112,No
2016,32,ZACATECAS,56,VILLA HIDALGO,PRI,4277,9097,0,258,9355,13162,4277,No
2016,32,ZACATECAS,56,VILLA HIDALGO,PRD,3592,9097,0,258,9355,13162,3592,No
2016,32,ZACATECAS,56,VILLA HIDALGO,PT,73,9097,0,258,9355,13162,73,No
2016,32,ZACATECAS,56,VILLA HIDALGO,PVEM,56,9097,0,258,9355,13162,56,No
2016,32,ZACATECAS,56,VILLA HIDALGO,MC,54,9097,0,258,9355,13162,54,No
2016,32,ZACATECAS,56,VILLA HIDALGO,MORENA,729,9097,0,258,9355,13162,729,No
2016,32,ZACATECAS,56,VILLA HIDALGO,ES,110,9097,0,258,9355,13162,110,No
2016,32,ZACATECAS,56,VILLA HIDALGO,PAN_PRD,67,9097,0,258,9355,13162,3771,Sí
2016,32,ZACATECAS,56,VILLA HIDALGO,COAL_PRI_PVEM,27,9097,0,258,9355,13162,4360,Sí
2016,32,ZACATECAS,57,VILLANUEVA,PAN,835,15242,2,527,15771,24935,835,No
2016,32,ZACATECAS,57,VILLANUEVA,PRI,5275,15242,2,527,15771,24935,5275,No
2016,32,ZACATECAS,57,VILLANUEVA,PRD,4984,15242,2,527,15771,24935,4984,No
2016,32,ZACATECAS,57,VILLANUEVA,PT,156,15242,2,527,15771,24935,156,No
2016,32,ZACATECAS,57,VILLANUEVA,PVEM,411,15242,2,527,15771,24935,411,No
2016,32,ZACATECAS,57,VILLANUEVA,MC,505,15242,2,527,15771,24935,505,No
2016,32,ZACATECAS,57,VILLANUEVA,NUAL,1621,15242,2,527,15771,24935,1621,No
2016,32,ZACATECAS,57,VILLANUEVA,MORENA,540,15242,2,527,15771,24935,540,No
2016,32,ZACATECAS,57,VILLANUEVA,ES,171,15242,2,527,15771,24935,171,No
2016,32,ZACATECAS,57,VILLANUEVA,PAN_PRD,332,15242,2,527,15771,24935,6151,Sí
2016,32,ZACATECAS,57,VILLANUEVA,PRI_PVEM_NUAL,273,15242,2,527,15771,24935,7580,Sí
2016,32,ZACATECAS,57,VILLANUEVA,PRI_PVEM,33,15242,2,527,15771,24935,5719,Sí
2016,32,ZACATECAS,57,VILLANUEVA,PRI_NUAL,92,15242,2,527,15771,24935,6988,Sí
2016,32,ZACATECAS,57,VILLANUEVA,PVEM_NUAL,14,15242,2,527,15771,24935,2046,Sí
2016,32,ZACATECAS,58,ZACATECAS,PAN,5033,31246,82,1140,32468,105842,5033,No
2016,32,ZACATECAS,58,ZACATECAS,PRI,11631,31246,82,1140,32468,105842,11631,No
2016,32,ZACATECAS,58,ZACATECAS,PRD,1714,31246,82,1140,32468,105842,1714,No
2016,32,ZACATECAS,58,ZACATECAS,PT,1954,31246,82,1140,32468,105842,1954,No
2016,32,ZACATECAS,58,ZACATECAS,PVEM,1565,31246,82,1140,32468,105842,1565,No
2016,32,ZACATECAS,58,ZACATECAS,MC,3849,31246,82,1140,32468,105842,3849,No
2016,32,ZACATECAS,58,ZACATECAS,NUAL,648,31246,82,1140,32468,105842,648,No
2016,32,ZACATECAS,58,ZACATECAS,ES,916,31246,82,1140,32468,105842,916,No
2016,32,ZACATECAS,58,ZACATECAS,PAN_PRD_PT,246,31246,82,1140,32468,105842,8947,Sí
2016,32,ZACATECAS,58,ZACATECAS,PAN_PRD,94,31246,82,1140,32468,105842,6841,Sí
2016,32,ZACATECAS,58,ZACATECAS,PAN_PT,21,31246,82,1140,32468,105842,7008,Sí
2016,32,ZACATECAS,58,ZACATECAS,PRD_PT,45,31246,82,1140,32468,105842,3713,Sí
2016,32,ZACATECAS,58,ZACATECAS,PRI_PVEM_NUAL,101,31246,82,1140,32468,105842,13945,Sí
2016,32,ZACATECAS,58,ZACATECAS,PRI_PVEM,137,31246,82,1140,32468,105842,13333,Sí
2016,32,ZACATECAS,58,ZACATECAS,PRI_NUAL,29,31246,82,1140,32468,105842,12308,Sí
2016,32,ZACATECAS,58,ZACATECAS,PVEM_NUAL,9,31246,82,1140,32468,105842,2222,Sí
2016,32,ZACATECAS,58,ZACATECAS,Candidatura Independiente,491,31246,82,1140,32468,105842,491,No
2016,32,ZACATECAS,58,ZACATECAS,Candidatura Independiente,1082,31246,82,1140,32468,105842,1082,No
2016,32,ZACATECAS,58,ZACATECAS,Candidatura Independiente,1681,31246,82,1140,32468,105842,1681,No
