ID_ESTADO,NOMBRE_ESTADO,ID_MUNICIPIO,MUNICIPIO,Partido,Votos,NUM_VOTOS_VALIDOS,NUM_VOTOS_CAN_NREG,NUM_VOTOS_NULOS,TOTAL_VOTOS,LISTA_NOMINAL,votos_coalicion
5,COAHUILA,1,ABASOLO,PAN,281,779,0,11,790,1096,281
5,COAHUILA,1,ABASOLO,PRI,433,779,0,11,790,1096,433
5,COAHUILA,1,ABASOLO,PRD,0,779,0,11,790,1096,0
5,COAHUILA,1,ABASOLO,PT,0,779,0,11,790,1096,0
5,COAHUILA,1,ABASOLO,PVEM,1,779,0,11,790,1096,1
5,COAHUILA,1,ABASOLO,UDC,0,779,0,11,790,1096,0
5,COAHUILA,1,ABASOLO,MC,0,779,0,11,790,1096,0
5,COAHUILA,1,ABASOLO,NUAL,0,779,0,11,790,1096,0
5,COAHUILA,1,ABASOLO,SI,0,779,0,11,790,1096,0
5,COAHUILA,1,ABASOLO,PPC,1,779,0,11,790,1096,1
5,COAHUILA,1,ABASOLO,PJ,1,779,0,11,790,1096,1
5,COAHUILA,1,ABASOLO,PRC,1,779,0,11,790,1096,1
5,COAHUILA,1,ABASOLO,PCP,1,779,0,11,790,1096,1
5,COAHUILA,1,ABASOLO,MORENA,23,779,0,11,790,1096,23
5,COAHUILA,1,ABASOLO,ES,37,779,0,11,790,1096,37
5,COAHUILA,1,ABASOLO,PAN_UDC_PPC_ES,0,779,0,11,790,1096,319
5,COAHUILA,1,ABASOLO,PAN_UDC_PPC,0,779,0,11,790,1096,282
5,COAHUILA,1,ABASOLO,PAN_UDC_ES,0,779,0,11,790,1096,318
5,COAHUILA,1,ABASOLO,PAN_PPC_ES,0,779,0,11,790,1096,319
5,COAHUILA,1,ABASOLO,UDC_PPC_ES,0,779,0,11,790,1096,38
5,COAHUILA,1,ABASOLO,PAN_UDC,0,779,0,11,790,1096,281
5,COAHUILA,1,ABASOLO,PAN_PPC,0,779,0,11,790,1096,282
5,COAHUILA,1,ABASOLO,PAN_ES,0,779,0,11,790,1096,318
5,COAHUILA,1,ABASOLO,UDC_PPC,0,779,0,11,790,1096,1
5,COAHUILA,1,ABASOLO,UDC_ES,0,779,0,11,790,1096,37
5,COAHUILA,1,ABASOLO,PPC_ES,0,779,0,11,790,1096,38
5,COAHUILA,1,ABASOLO,PRI_PVEM_NUAL_SI_PJ_PRC_PCP,0,779,0,11,790,1096,437
5,COAHUILA,1,ABASOLO,PRI_PVEM_NUAL_SI_PJ_PRC,0,779,0,11,790,1096,436
5,COAHUILA,1,ABASOLO,PRI_PVEM_NUAL_SI_PJ_PCP,0,779,0,11,790,1096,436
5,COAHUILA,1,ABASOLO,PRI_PVEM_NUAL_SI_PRC_PCP,0,779,0,11,790,1096,436
5,COAHUILA,1,ABASOLO,PRI_PVEM_NUAL_PJ_PRC_PCP,0,779,0,11,790,1096,437
5,COAHUILA,1,ABASOLO,PRI_PVEM_SI_PJ_PRC_PCP,0,779,0,11,790,1096,437
5,COAHUILA,1,ABASOLO,PRI_NUAL_SI_PJ_PRC_PCP,0,779,0,11,790,1096,436
5,COAHUILA,1,ABASOLO,PVEM_NUAL_SI_PJ_PRC_PCP,0,779,0,11,790,1096,4
5,COAHUILA,1,ABASOLO,PRI_PVEM_NUAL_SI_PJ,0,779,0,11,790,1096,435
5,COAHUILA,1,ABASOLO,PRI_PVEM_NUAL_SI_PRC,0,779,0,11,790,1096,435
5,COAHUILA,1,ABASOLO,PRI_PVEM_NUAL_SI_PCP,0,779,0,11,790,1096,435
5,COAHUILA,1,ABASOLO,PRI_PVEM_NUAL_PJ_PRC,0,779,0,11,790,1096,436
5,COAHUILA,1,ABASOLO,PRI_PVEM_NUAL_PJ_PCP,0,779,0,11,790,1096,436
5,COAHUILA,1,ABASOLO,PRI_PVEM_NUAL_PRC_PCP,0,779,0,11,790,1096,436
5,COAHUILA,1,ABASOLO,PRI_PVEM_SI_PJ_PRC,0,779,0,11,790,1096,436
5,COAHUILA,1,ABASOLO,PRI_PVEM_SI_PJ_PCP,0,779,0,11,790,1096,436
5,COAHUILA,1,ABASOLO,PRI_PVEM_SI_PRC_PCP,0,779,0,11,790,1096,436
5,COAHUILA,1,ABASOLO,PRI_PVEM_PJ_PRC_PCP,0,779,0,11,790,1096,437
5,COAHUILA,1,ABASOLO,PRI_NUAL_SI_PJ_PRC,0,779,0,11,790,1096,435
5,COAHUILA,1,ABASOLO,PRI_NUAL_SI_PJ_PCP,0,779,0,11,790,1096,435
5,COAHUILA,1,ABASOLO,PRI_NUAL_SI_PRC_PCP,0,779,0,11,790,1096,435
5,COAHUILA,1,ABASOLO,PRI_NUAL_PJ_PRC_PCP,0,779,0,11,790,1096,436
5,COAHUILA,1,ABASOLO,PRI_SI_PJ_PRC_PCP,0,779,0,11,790,1096,436
5,COAHUILA,1,ABASOLO,PVEM_NUAL_SI_PJ_PRC,0,779,0,11,790,1096,3
5,COAHUILA,1,ABASOLO,PVEM_NUAL_SI_PJ_PCP,0,779,0,11,790,1096,3
5,COAHUILA,1,ABASOLO,PVEM_NUAL_SI_PRC_PCP,0,779,0,11,790,1096,3
5,COAHUILA,1,ABASOLO,PVEM_NUAL_PJ_PRC_PCP,0,779,0,11,790,1096,4
5,COAHUILA,1,ABASOLO,PVEM_SI_PJ_PRC_PCP,0,779,0,11,790,1096,4
5,COAHUILA,1,ABASOLO,NUAL_SI_PJ_PRC_PCP,0,779,0,11,790,1096,3
5,COAHUILA,1,ABASOLO,PRI_PVEM_NUAL_SI,0,779,0,11,790,1096,434
5,COAHUILA,1,ABASOLO,PRI_PVEM_NUAL_PJ,0,779,0,11,790,1096,435
5,COAHUILA,1,ABASOLO,PRI_PVEM_NUAL_PRC,0,779,0,11,790,1096,435
5,COAHUILA,1,ABASOLO,PRI_PVEM_NUAL_PCP,0,779,0,11,790,1096,435
5,COAHUILA,1,ABASOLO,PRI_PVEM_SI_PJ,0,779,0,11,790,1096,435
5,COAHUILA,1,ABASOLO,PRI_PVEM_SI_PRC,0,779,0,11,790,1096,435
5,COAHUILA,1,ABASOLO,PRI_PVEM_SI_PCP,0,779,0,11,790,1096,435
5,COAHUILA,1,ABASOLO,PRI_PVEM_PJ_PRC,0,779,0,11,790,1096,436
5,COAHUILA,1,ABASOLO,PRI_PVEM_PJ_PCP,0,779,0,11,790,1096,436
5,COAHUILA,1,ABASOLO,PRI_PVEM_PRC_PCP,0,779,0,11,790,1096,436
5,COAHUILA,1,ABASOLO,PRI_NUAL_SI_PJ,0,779,0,11,790,1096,434
5,COAHUILA,1,ABASOLO,PRI_NUAL_SI_PRC,0,779,0,11,790,1096,434
5,COAHUILA,1,ABASOLO,PRI_NUAL_SI_PCP,0,779,0,11,790,1096,434
5,COAHUILA,1,ABASOLO,PRI_NUAL_PJ_PRC,0,779,0,11,790,1096,435
5,COAHUILA,1,ABASOLO,PRI_NUAL_PJ_PCP,0,779,0,11,790,1096,435
5,COAHUILA,1,ABASOLO,PRI_NUAL_PRC_PCP,0,779,0,11,790,1096,435
5,COAHUILA,1,ABASOLO,PRI_SI_PJ_PRC,0,779,0,11,790,1096,435
5,COAHUILA,1,ABASOLO,PRI_SI_PJ_PCP,0,779,0,11,790,1096,435
5,COAHUILA,1,ABASOLO,PRI_SI_PRC_PCP,0,779,0,11,790,1096,435
5,COAHUILA,1,ABASOLO,PRI_PJ_PRC_PCP,0,779,0,11,790,1096,436
5,COAHUILA,1,ABASOLO,PVEM_NUAL_SI_PJ,0,779,0,11,790,1096,2
5,COAHUILA,1,ABASOLO,PVEM_NUAL_SI_PRC,0,779,0,11,790,1096,2
5,COAHUILA,1,ABASOLO,PVEM_NUAL_SI_PCP,0,779,0,11,790,1096,2
5,COAHUILA,1,ABASOLO,PVEM_NUAL_PJ_PRC,0,779,0,11,790,1096,3
5,COAHUILA,1,ABASOLO,PVEM_NUAL_PJ_PCP,0,779,0,11,790,1096,3
5,COAHUILA,1,ABASOLO,PVEM_NUAL_PRC_PCP,0,779,0,11,790,1096,3
5,COAHUILA,1,ABASOLO,PVEM_SI_PJ_PRC,0,779,0,11,790,1096,3
5,COAHUILA,1,ABASOLO,PVEM_SI_PJ_PCP,0,779,0,11,790,1096,3
5,COAHUILA,1,ABASOLO,PVEM_SI_PRC_PCP,0,779,0,11,790,1096,3
5,COAHUILA,1,ABASOLO,PVEM_PJ_PRC_PCP,0,779,0,11,790,1096,4
5,COAHUILA,1,ABASOLO,NUAL_SI_PJ_PRC,0,779,0,11,790,1096,2
5,COAHUILA,1,ABASOLO,NUAL_SI_PJ_PCP,0,779,0,11,790,1096,2
5,COAHUILA,1,ABASOLO,NUAL_SI_PRC_PCP,0,779,0,11,790,1096,2
5,COAHUILA,1,ABASOLO,NUAL_PJ_PRC_PCP,0,779,0,11,790,1096,3
5,COAHUILA,1,ABASOLO,SI_PJ_PRC_PCP,0,779,0,11,790,1096,3
5,COAHUILA,1,ABASOLO,PRI_PVEM_NUAL,0,779,0,11,790,1096,434
5,COAHUILA,1,ABASOLO,PRI_PVEM_SI,0,779,0,11,790,1096,434
5,COAHUILA,1,ABASOLO,PRI_PVEM_PJ,0,779,0,11,790,1096,435
5,COAHUILA,1,ABASOLO,PRI_PVEM_PRC,0,779,0,11,790,1096,435
5,COAHUILA,1,ABASOLO,PRI_PVEM_PCP,0,779,0,11,790,1096,435
5,COAHUILA,1,ABASOLO,PRI_NUAL_SI,0,779,0,11,790,1096,433
5,COAHUILA,1,ABASOLO,PRI_NUAL_PJ,0,779,0,11,790,1096,434
5,COAHUILA,1,ABASOLO,PRI_NUAL_PRC,0,779,0,11,790,1096,434
5,COAHUILA,1,ABASOLO,PRI_NUAL_PCP,0,779,0,11,790,1096,434
5,COAHUILA,1,ABASOLO,PRI_SI_PJ,0,779,0,11,790,1096,434
5,COAHUILA,1,ABASOLO,PRI_SI_PRC,0,779,0,11,790,1096,434
5,COAHUILA,1,ABASOLO,PRI_SI_PCP,0,779,0,11,790,1096,434
5,COAHUILA,1,ABASOLO,PRI_PJ_PRC,0,779,0,11,790,1096,435
5,COAHUILA,1,ABASOLO,PRI_PJ_PCP,0,779,0,11,790,1096,435
5,COAHUILA,1,ABASOLO,PRI_PRC_PCP,0,779,0,11,790,1096,435
5,COAHUILA,1,ABASOLO,PVEM_NUAL_SI,0,779,0,11,790,1096,1
5,COAHUILA,1,ABASOLO,PVEM_NUAL_PJ,0,779,0,11,790,1096,2
5,COAHUILA,1,ABASOLO,PVEM_NUAL_PRC,0,779,0,11,790,1096,2
5,COAHUILA,1,ABASOLO,PVEM_NUAL_PCP,0,779,0,11,790,1096,2
5,COAHUILA,1,ABASOLO,PVEM_SI_PJ,0,779,0,11,790,1096,2
5,COAHUILA,1,ABASOLO,PVEM_SI_PRC,0,779,0,11,790,1096,2
5,COAHUILA,1,ABASOLO,PVEM_SI_PCP,0,779,0,11,790,1096,2
5,COAHUILA,1,ABASOLO,PVEM_PJ_PRC,0,779,0,11,790,1096,3
5,COAHUILA,1,ABASOLO,PVEM_PJ_PCP,0,779,0,11,790,1096,3
5,COAHUILA,1,ABASOLO,PVEM_PRC_PCP,0,779,0,11,790,1096,3
5,COAHUILA,1,ABASOLO,NUAL_SI_PJ,0,779,0,11,790,1096,1
5,COAHUILA,1,ABASOLO,NUAL_SI_PRC,0,779,0,11,790,1096,1
5,COAHUILA,1,ABASOLO,NUAL_SI_PCP,0,779,0,11,790,1096,1
5,COAHUILA,1,ABASOLO,NUAL_PJ_PRC,0,779,0,11,790,1096,2
5,COAHUILA,1,ABASOLO,NUAL_PJ_PCP,0,779,0,11,790,1096,2
5,COAHUILA,1,ABASOLO,NUAL_PRC_PCP,0,779,0,11,790,1096,2
5,COAHUILA,1,ABASOLO,SI_PJ_PRC,0,779,0,11,790,1096,2
5,COAHUILA,1,ABASOLO,SI_PJ_PCP,0,779,0,11,790,1096,2
5,COAHUILA,1,ABASOLO,SI_PRC_PCP,0,779,0,11,790,1096,2
5,COAHUILA,1,ABASOLO,PJ_PRC_PCP,0,779,0,11,790,1096,3
5,COAHUILA,1,ABASOLO,PRI_PVEM,0,779,0,11,790,1096,434
5,COAHUILA,1,ABASOLO,PRI_NUAL,0,779,0,11,790,1096,433
5,COAHUILA,1,ABASOLO,PRI_SI,0,779,0,11,790,1096,433
5,COAHUILA,1,ABASOLO,PRI_PJ,0,779,0,11,790,1096,434
5,COAHUILA,1,ABASOLO,PRI_PRC,0,779,0,11,790,1096,434
5,COAHUILA,1,ABASOLO,PRI_PCP,0,779,0,11,790,1096,434
5,COAHUILA,1,ABASOLO,PVEM_NUAL,0,779,0,11,790,1096,1
5,COAHUILA,1,ABASOLO,PVEM_SI,0,779,0,11,790,1096,1
5,COAHUILA,1,ABASOLO,PVEM_PJ,0,779,0,11,790,1096,2
5,COAHUILA,1,ABASOLO,PVEM_PRC,0,779,0,11,790,1096,2
5,COAHUILA,1,ABASOLO,PVEM_PCP,0,779,0,11,790,1096,2
5,COAHUILA,1,ABASOLO,NUAL_SI,0,779,0,11,790,1096,0
5,COAHUILA,1,ABASOLO,NUAL_PJ,0,779,0,11,790,1096,1
5,COAHUILA,1,ABASOLO,NUAL_PRC,0,779,0,11,790,1096,1
5,COAHUILA,1,ABASOLO,NUAL_PCP,0,779,0,11,790,1096,1
5,COAHUILA,1,ABASOLO,SI_PJ,0,779,0,11,790,1096,1
5,COAHUILA,1,ABASOLO,SI_PRC,0,779,0,11,790,1096,1
5,COAHUILA,1,ABASOLO,SI_PCP,0,779,0,11,790,1096,1
5,COAHUILA,1,ABASOLO,PJ_PRC,0,779,0,11,790,1096,2
5,COAHUILA,1,ABASOLO,PJ_PCP,0,779,0,11,790,1096,2
5,COAHUILA,1,ABASOLO,PRC_PCP,0,779,0,11,790,1096,2
5,COAHUILA,1,ABASOLO,CAND_IND6,NA,779,0,11,790,1096,0
5,COAHUILA,1,ABASOLO,CAND_IND7,NA,779,0,11,790,1096,0
5,COAHUILA,1,ABASOLO,CAND_IND8,NA,779,0,11,790,1096,0
5,COAHUILA,1,ABASOLO,CAND_IND9,NA,779,0,11,790,1096,0
5,COAHUILA,1,ABASOLO,CAND_IND10,NA,779,0,11,790,1096,0
5,COAHUILA,1,ABASOLO,CAND_IND11,NA,779,0,11,790,1096,0
5,COAHUILA,1,ABASOLO,CAND_IND12,NA,779,0,11,790,1096,0
5,COAHUILA,1,ABASOLO,CAND_IND13,NA,779,0,11,790,1096,0
5,COAHUILA,1,ABASOLO,CAND_IND14,NA,779,0,11,790,1096,0
5,COAHUILA,1,ABASOLO,CAND_IND15,NA,779,0,11,790,1096,0
5,COAHUILA,1,ABASOLO,CAND_IND16,NA,779,0,11,790,1096,0
5,COAHUILA,1,ABASOLO,CAND_IND17,NA,779,0,11,790,1096,0
5,COAHUILA,1,ABASOLO,CAND_IND18,NA,779,0,11,790,1096,0
5,COAHUILA,1,ABASOLO,CAND_IND19,NA,779,0,11,790,1096,0
5,COAHUILA,2,ACUÑA,PAN,7044,57837,15,1009,58861,112033,7044
5,COAHUILA,2,ACUÑA,PRI,16088,57837,15,1009,58861,112033,16088
5,COAHUILA,2,ACUÑA,PRD,3095,57837,15,1009,58861,112033,3095
5,COAHUILA,2,ACUÑA,PT,501,57837,15,1009,58861,112033,501
5,COAHUILA,2,ACUÑA,PVEM,650,57837,15,1009,58861,112033,650
5,COAHUILA,2,ACUÑA,UDC,24686,57837,15,1009,58861,112033,24686
5,COAHUILA,2,ACUÑA,MC,0,57837,15,1009,58861,112033,0
5,COAHUILA,2,ACUÑA,NUAL,416,57837,15,1009,58861,112033,416
5,COAHUILA,2,ACUÑA,SI,192,57837,15,1009,58861,112033,192
5,COAHUILA,2,ACUÑA,PPC,187,57837,15,1009,58861,112033,187
5,COAHUILA,2,ACUÑA,PJ,1660,57837,15,1009,58861,112033,1660
5,COAHUILA,2,ACUÑA,PRC,111,57837,15,1009,58861,112033,111
5,COAHUILA,2,ACUÑA,PCP,39,57837,15,1009,58861,112033,39
5,COAHUILA,2,ACUÑA,MORENA,1915,57837,15,1009,58861,112033,1915
5,COAHUILA,2,ACUÑA,ES,435,57837,15,1009,58861,112033,435
5,COAHUILA,2,ACUÑA,PAN_UDC_PPC_ES,81,57837,15,1009,58861,112033,32433
5,COAHUILA,2,ACUÑA,PAN_UDC_PPC,30,57837,15,1009,58861,112033,31947
5,COAHUILA,2,ACUÑA,PAN_UDC_ES,26,57837,15,1009,58861,112033,32191
5,COAHUILA,2,ACUÑA,PAN_PPC_ES,4,57837,15,1009,58861,112033,7670
5,COAHUILA,2,ACUÑA,UDC_PPC_ES,1,57837,15,1009,58861,112033,25309
5,COAHUILA,2,ACUÑA,PAN_UDC,506,57837,15,1009,58861,112033,32236
5,COAHUILA,2,ACUÑA,PAN_PPC,4,57837,15,1009,58861,112033,7235
5,COAHUILA,2,ACUÑA,PAN_ES,5,57837,15,1009,58861,112033,7484
5,COAHUILA,2,ACUÑA,UDC_PPC,4,57837,15,1009,58861,112033,24877
5,COAHUILA,2,ACUÑA,UDC_ES,6,57837,15,1009,58861,112033,25127
5,COAHUILA,2,ACUÑA,PPC_ES,1,57837,15,1009,58861,112033,623
5,COAHUILA,2,ACUÑA,PRI_PVEM_NUAL_SI_PJ_PRC_PCP,21,57837,15,1009,58861,112033,19177
5,COAHUILA,2,ACUÑA,PRI_PVEM_NUAL_SI_PJ_PRC,0,57837,15,1009,58861,112033,19117
5,COAHUILA,2,ACUÑA,PRI_PVEM_NUAL_SI_PJ_PCP,0,57837,15,1009,58861,112033,19045
5,COAHUILA,2,ACUÑA,PRI_PVEM_NUAL_SI_PRC_PCP,0,57837,15,1009,58861,112033,17496
5,COAHUILA,2,ACUÑA,PRI_PVEM_NUAL_PJ_PRC_PCP,2,57837,15,1009,58861,112033,18966
5,COAHUILA,2,ACUÑA,PRI_PVEM_SI_PJ_PRC_PCP,0,57837,15,1009,58861,112033,18740
5,COAHUILA,2,ACUÑA,PRI_NUAL_SI_PJ_PRC_PCP,1,57837,15,1009,58861,112033,18507
5,COAHUILA,2,ACUÑA,PVEM_NUAL_SI_PJ_PRC_PCP,0,57837,15,1009,58861,112033,3068
5,COAHUILA,2,ACUÑA,PRI_PVEM_NUAL_SI_PJ,1,57837,15,1009,58861,112033,19007
5,COAHUILA,2,ACUÑA,PRI_PVEM_NUAL_SI_PRC,0,57837,15,1009,58861,112033,17457
5,COAHUILA,2,ACUÑA,PRI_PVEM_NUAL_SI_PCP,0,57837,15,1009,58861,112033,17385
5,COAHUILA,2,ACUÑA,PRI_PVEM_NUAL_PJ_PRC,0,57837,15,1009,58861,112033,18925
5,COAHUILA,2,ACUÑA,PRI_PVEM_NUAL_PJ_PCP,0,57837,15,1009,58861,112033,18853
5,COAHUILA,2,ACUÑA,PRI_PVEM_NUAL_PRC_PCP,1,57837,15,1009,58861,112033,17305
5,COAHUILA,2,ACUÑA,PRI_PVEM_SI_PJ_PRC,0,57837,15,1009,58861,112033,18701
5,COAHUILA,2,ACUÑA,PRI_PVEM_SI_PJ_PCP,0,57837,15,1009,58861,112033,18629
5,COAHUILA,2,ACUÑA,PRI_PVEM_SI_PRC_PCP,0,57837,15,1009,58861,112033,17080
5,COAHUILA,2,ACUÑA,PRI_PVEM_PJ_PRC_PCP,0,57837,15,1009,58861,112033,18548
5,COAHUILA,2,ACUÑA,PRI_NUAL_SI_PJ_PRC,0,57837,15,1009,58861,112033,18467
5,COAHUILA,2,ACUÑA,PRI_NUAL_SI_PJ_PCP,0,57837,15,1009,58861,112033,18395
5,COAHUILA,2,ACUÑA,PRI_NUAL_SI_PRC_PCP,2,57837,15,1009,58861,112033,16848
5,COAHUILA,2,ACUÑA,PRI_NUAL_PJ_PRC_PCP,0,57837,15,1009,58861,112033,18314
5,COAHUILA,2,ACUÑA,PRI_SI_PJ_PRC_PCP,0,57837,15,1009,58861,112033,18090
5,COAHUILA,2,ACUÑA,PVEM_NUAL_SI_PJ_PRC,0,57837,15,1009,58861,112033,3029
5,COAHUILA,2,ACUÑA,PVEM_NUAL_SI_PJ_PCP,0,57837,15,1009,58861,112033,2957
5,COAHUILA,2,ACUÑA,PVEM_NUAL_SI_PRC_PCP,0,57837,15,1009,58861,112033,1408
5,COAHUILA,2,ACUÑA,PVEM_NUAL_PJ_PRC_PCP,0,57837,15,1009,58861,112033,2876
5,COAHUILA,2,ACUÑA,PVEM_SI_PJ_PRC_PCP,0,57837,15,1009,58861,112033,2652
5,COAHUILA,2,ACUÑA,NUAL_SI_PJ_PRC_PCP,0,57837,15,1009,58861,112033,2418
5,COAHUILA,2,ACUÑA,PRI_PVEM_NUAL_SI,1,57837,15,1009,58861,112033,17347
5,COAHUILA,2,ACUÑA,PRI_PVEM_NUAL_PJ,0,57837,15,1009,58861,112033,18814
5,COAHUILA,2,ACUÑA,PRI_PVEM_NUAL_PRC,1,57837,15,1009,58861,112033,17266
5,COAHUILA,2,ACUÑA,PRI_PVEM_NUAL_PCP,0,57837,15,1009,58861,112033,17193
5,COAHUILA,2,ACUÑA,PRI_PVEM_SI_PJ,0,57837,15,1009,58861,112033,18590
5,COAHUILA,2,ACUÑA,PRI_PVEM_SI_PRC,0,57837,15,1009,58861,112033,17041
5,COAHUILA,2,ACUÑA,PRI_PVEM_SI_PCP,0,57837,15,1009,58861,112033,16969
5,COAHUILA,2,ACUÑA,PRI_PVEM_PJ_PRC,0,57837,15,1009,58861,112033,18509
5,COAHUILA,2,ACUÑA,PRI_PVEM_PJ_PCP,0,57837,15,1009,58861,112033,18437
5,COAHUILA,2,ACUÑA,PRI_PVEM_PRC_PCP,0,57837,15,1009,58861,112033,16888
5,COAHUILA,2,ACUÑA,PRI_NUAL_SI_PJ,1,57837,15,1009,58861,112033,18357
5,COAHUILA,2,ACUÑA,PRI_NUAL_SI_PRC,0,57837,15,1009,58861,112033,16807
5,COAHUILA,2,ACUÑA,PRI_NUAL_SI_PCP,0,57837,15,1009,58861,112033,16735
5,COAHUILA,2,ACUÑA,PRI_NUAL_PJ_PRC,0,57837,15,1009,58861,112033,18275
5,COAHUILA,2,ACUÑA,PRI_NUAL_PJ_PCP,0,57837,15,1009,58861,112033,18203
5,COAHUILA,2,ACUÑA,PRI_NUAL_PRC_PCP,0,57837,15,1009,58861,112033,16654
5,COAHUILA,2,ACUÑA,PRI_SI_PJ_PRC,1,57837,15,1009,58861,112033,18052
5,COAHUILA,2,ACUÑA,PRI_SI_PJ_PCP,1,57837,15,1009,58861,112033,17980
5,COAHUILA,2,ACUÑA,PRI_SI_PRC_PCP,0,57837,15,1009,58861,112033,16430
5,COAHUILA,2,ACUÑA,PRI_PJ_PRC_PCP,0,57837,15,1009,58861,112033,17898
5,COAHUILA,2,ACUÑA,PVEM_NUAL_SI_PJ,0,57837,15,1009,58861,112033,2918
5,COAHUILA,2,ACUÑA,PVEM_NUAL_SI_PRC,0,57837,15,1009,58861,112033,1369
5,COAHUILA,2,ACUÑA,PVEM_NUAL_SI_PCP,0,57837,15,1009,58861,112033,1297
5,COAHUILA,2,ACUÑA,PVEM_NUAL_PJ_PRC,0,57837,15,1009,58861,112033,2837
5,COAHUILA,2,ACUÑA,PVEM_NUAL_PJ_PCP,0,57837,15,1009,58861,112033,2765
5,COAHUILA,2,ACUÑA,PVEM_NUAL_PRC_PCP,0,57837,15,1009,58861,112033,1216
5,COAHUILA,2,ACUÑA,PVEM_SI_PJ_PRC,0,57837,15,1009,58861,112033,2613
5,COAHUILA,2,ACUÑA,PVEM_SI_PJ_PCP,0,57837,15,1009,58861,112033,2541
5,COAHUILA,2,ACUÑA,PVEM_SI_PRC_PCP,0,57837,15,1009,58861,112033,992
5,COAHUILA,2,ACUÑA,PVEM_PJ_PRC_PCP,0,57837,15,1009,58861,112033,2460
5,COAHUILA,2,ACUÑA,NUAL_SI_PJ_PRC,0,57837,15,1009,58861,112033,2379
5,COAHUILA,2,ACUÑA,NUAL_SI_PJ_PCP,0,57837,15,1009,58861,112033,2307
5,COAHUILA,2,ACUÑA,NUAL_SI_PRC_PCP,0,57837,15,1009,58861,112033,758
5,COAHUILA,2,ACUÑA,NUAL_PJ_PRC_PCP,0,57837,15,1009,58861,112033,2226
5,COAHUILA,2,ACUÑA,SI_PJ_PRC_PCP,0,57837,15,1009,58861,112033,2002
5,COAHUILA,2,ACUÑA,PRI_PVEM_NUAL,2,57837,15,1009,58861,112033,17156
5,COAHUILA,2,ACUÑA,PRI_PVEM_SI,4,57837,15,1009,58861,112033,16934
5,COAHUILA,2,ACUÑA,PRI_PVEM_PJ,3,57837,15,1009,58861,112033,18401
5,COAHUILA,2,ACUÑA,PRI_PVEM_PRC,2,57837,15,1009,58861,112033,16851
5,COAHUILA,2,ACUÑA,PRI_PVEM_PCP,0,57837,15,1009,58861,112033,16777
5,COAHUILA,2,ACUÑA,PRI_NUAL_SI,0,57837,15,1009,58861,112033,16696
5,COAHUILA,2,ACUÑA,PRI_NUAL_PJ,0,57837,15,1009,58861,112033,18164
5,COAHUILA,2,ACUÑA,PRI_NUAL_PRC,2,57837,15,1009,58861,112033,16617
5,COAHUILA,2,ACUÑA,PRI_NUAL_PCP,0,57837,15,1009,58861,112033,16543
5,COAHUILA,2,ACUÑA,PRI_SI_PJ,0,57837,15,1009,58861,112033,17940
5,COAHUILA,2,ACUÑA,PRI_SI_PRC,1,57837,15,1009,58861,112033,16392
5,COAHUILA,2,ACUÑA,PRI_SI_PCP,0,57837,15,1009,58861,112033,16319
5,COAHUILA,2,ACUÑA,PRI_PJ_PRC,0,57837,15,1009,58861,112033,17859
5,COAHUILA,2,ACUÑA,PRI_PJ_PCP,1,57837,15,1009,58861,112033,17788
5,COAHUILA,2,ACUÑA,PRI_PRC_PCP,1,57837,15,1009,58861,112033,16239
5,COAHUILA,2,ACUÑA,PVEM_NUAL_SI,0,57837,15,1009,58861,112033,1258
5,COAHUILA,2,ACUÑA,PVEM_NUAL_PJ,0,57837,15,1009,58861,112033,2726
5,COAHUILA,2,ACUÑA,PVEM_NUAL_PRC,0,57837,15,1009,58861,112033,1177
5,COAHUILA,2,ACUÑA,PVEM_NUAL_PCP,0,57837,15,1009,58861,112033,1105
5,COAHUILA,2,ACUÑA,PVEM_SI_PJ,0,57837,15,1009,58861,112033,2502
5,COAHUILA,2,ACUÑA,PVEM_SI_PRC,0,57837,15,1009,58861,112033,953
5,COAHUILA,2,ACUÑA,PVEM_SI_PCP,0,57837,15,1009,58861,112033,881
5,COAHUILA,2,ACUÑA,PVEM_PJ_PRC,0,57837,15,1009,58861,112033,2421
5,COAHUILA,2,ACUÑA,PVEM_PJ_PCP,0,57837,15,1009,58861,112033,2349
5,COAHUILA,2,ACUÑA,PVEM_PRC_PCP,2,57837,15,1009,58861,112033,802
5,COAHUILA,2,ACUÑA,NUAL_SI_PJ,0,57837,15,1009,58861,112033,2268
5,COAHUILA,2,ACUÑA,NUAL_SI_PRC,0,57837,15,1009,58861,112033,719
5,COAHUILA,2,ACUÑA,NUAL_SI_PCP,0,57837,15,1009,58861,112033,647
5,COAHUILA,2,ACUÑA,NUAL_PJ_PRC,0,57837,15,1009,58861,112033,2187
5,COAHUILA,2,ACUÑA,NUAL_PJ_PCP,1,57837,15,1009,58861,112033,2116
5,COAHUILA,2,ACUÑA,NUAL_PRC_PCP,0,57837,15,1009,58861,112033,566
5,COAHUILA,2,ACUÑA,SI_PJ_PRC,0,57837,15,1009,58861,112033,1963
5,COAHUILA,2,ACUÑA,SI_PJ_PCP,0,57837,15,1009,58861,112033,1891
5,COAHUILA,2,ACUÑA,SI_PRC_PCP,0,57837,15,1009,58861,112033,342
5,COAHUILA,2,ACUÑA,PJ_PRC_PCP,0,57837,15,1009,58861,112033,1810
5,COAHUILA,2,ACUÑA,PRI_PVEM,35,57837,15,1009,58861,112033,16773
5,COAHUILA,2,ACUÑA,PRI_NUAL,14,57837,15,1009,58861,112033,16518
5,COAHUILA,2,ACUÑA,PRI_SI,9,57837,15,1009,58861,112033,16289
5,COAHUILA,2,ACUÑA,PRI_PJ,21,57837,15,1009,58861,112033,17769
5,COAHUILA,2,ACUÑA,PRI_PRC,2,57837,15,1009,58861,112033,16201
5,COAHUILA,2,ACUÑA,PRI_PCP,1,57837,15,1009,58861,112033,16128
5,COAHUILA,2,ACUÑA,PVEM_NUAL,1,57837,15,1009,58861,112033,1067
5,COAHUILA,2,ACUÑA,PVEM_SI,0,57837,15,1009,58861,112033,842
5,COAHUILA,2,ACUÑA,PVEM_PJ,1,57837,15,1009,58861,112033,2311
5,COAHUILA,2,ACUÑA,PVEM_PRC,0,57837,15,1009,58861,112033,761
5,COAHUILA,2,ACUÑA,PVEM_PCP,1,57837,15,1009,58861,112033,690
5,COAHUILA,2,ACUÑA,NUAL_SI,0,57837,15,1009,58861,112033,608
5,COAHUILA,2,ACUÑA,NUAL_PJ,0,57837,15,1009,58861,112033,2076
5,COAHUILA,2,ACUÑA,NUAL_PRC,1,57837,15,1009,58861,112033,528
5,COAHUILA,2,ACUÑA,NUAL_PCP,0,57837,15,1009,58861,112033,455
5,COAHUILA,2,ACUÑA,SI_PJ,7,57837,15,1009,58861,112033,1859
5,COAHUILA,2,ACUÑA,SI_PRC,0,57837,15,1009,58861,112033,303
5,COAHUILA,2,ACUÑA,SI_PCP,0,57837,15,1009,58861,112033,231
5,COAHUILA,2,ACUÑA,PJ_PRC,1,57837,15,1009,58861,112033,1772
5,COAHUILA,2,ACUÑA,PJ_PCP,1,57837,15,1009,58861,112033,1700
5,COAHUILA,2,ACUÑA,PRC_PCP,3,57837,15,1009,58861,112033,153
5,COAHUILA,2,ACUÑA,CAND_IND6,NA,57837,15,1009,58861,112033,0
5,COAHUILA,2,ACUÑA,CAND_IND7,NA,57837,15,1009,58861,112033,0
5,COAHUILA,2,ACUÑA,CAND_IND8,NA,57837,15,1009,58861,112033,0
5,COAHUILA,2,ACUÑA,CAND_IND9,NA,57837,15,1009,58861,112033,0
5,COAHUILA,2,ACUÑA,CAND_IND10,NA,57837,15,1009,58861,112033,0
5,COAHUILA,2,ACUÑA,CAND_IND11,NA,57837,15,1009,58861,112033,0
5,COAHUILA,2,ACUÑA,CAND_IND12,NA,57837,15,1009,58861,112033,0
5,COAHUILA,2,ACUÑA,CAND_IND13,NA,57837,15,1009,58861,112033,0
5,COAHUILA,2,ACUÑA,CAND_IND14,NA,57837,15,1009,58861,112033,0
5,COAHUILA,2,ACUÑA,CAND_IND15,NA,57837,15,1009,58861,112033,0
5,COAHUILA,2,ACUÑA,CAND_IND16,NA,57837,15,1009,58861,112033,0
5,COAHUILA,2,ACUÑA,CAND_IND17,NA,57837,15,1009,58861,112033,0
5,COAHUILA,2,ACUÑA,CAND_IND18,NA,57837,15,1009,58861,112033,0
5,COAHUILA,2,ACUÑA,CAND_IND19,NA,57837,15,1009,58861,112033,0
5,COAHUILA,3,ALLENDE,PAN,2197,10690,0,179,10869,19054,2197
5,COAHUILA,3,ALLENDE,PRI,3860,10690,0,179,10869,19054,3860
5,COAHUILA,3,ALLENDE,PRD,37,10690,0,179,10869,19054,37
5,COAHUILA,3,ALLENDE,PT,289,10690,0,179,10869,19054,289
5,COAHUILA,3,ALLENDE,PVEM,0,10690,0,179,10869,19054,0
5,COAHUILA,3,ALLENDE,UDC,3259,10690,0,179,10869,19054,3259
5,COAHUILA,3,ALLENDE,MC,0,10690,0,179,10869,19054,0
5,COAHUILA,3,ALLENDE,NUAL,567,10690,0,179,10869,19054,567
5,COAHUILA,3,ALLENDE,SI,16,10690,0,179,10869,19054,16
5,COAHUILA,3,ALLENDE,PPC,39,10690,0,179,10869,19054,39
5,COAHUILA,3,ALLENDE,PJ,0,10690,0,179,10869,19054,0
5,COAHUILA,3,ALLENDE,PRC,0,10690,0,179,10869,19054,0
5,COAHUILA,3,ALLENDE,PCP,0,10690,0,179,10869,19054,0
5,COAHUILA,3,ALLENDE,MORENA,206,10690,0,179,10869,19054,206
5,COAHUILA,3,ALLENDE,ES,19,10690,0,179,10869,19054,19
5,COAHUILA,3,ALLENDE,PAN_UDC_PPC_ES,26,10690,0,179,10869,19054,5540
5,COAHUILA,3,ALLENDE,PAN_UDC_PPC,13,10690,0,179,10869,19054,5508
5,COAHUILA,3,ALLENDE,PAN_UDC_ES,7,10690,0,179,10869,19054,5482
5,COAHUILA,3,ALLENDE,PAN_PPC_ES,1,10690,0,179,10869,19054,2256
5,COAHUILA,3,ALLENDE,UDC_PPC_ES,2,10690,0,179,10869,19054,3319
5,COAHUILA,3,ALLENDE,PAN_UDC,138,10690,0,179,10869,19054,5594
5,COAHUILA,3,ALLENDE,PAN_PPC,5,10690,0,179,10869,19054,2241
5,COAHUILA,3,ALLENDE,PAN_ES,2,10690,0,179,10869,19054,2218
5,COAHUILA,3,ALLENDE,UDC_PPC,4,10690,0,179,10869,19054,3302
5,COAHUILA,3,ALLENDE,UDC_ES,3,10690,0,179,10869,19054,3281
5,COAHUILA,3,ALLENDE,PPC_ES,0,10690,0,179,10869,19054,58
5,COAHUILA,3,ALLENDE,PRI_PVEM_NUAL_SI_PJ_PRC_PCP,0,10690,0,179,10869,19054,4443
5,COAHUILA,3,ALLENDE,PRI_PVEM_NUAL_SI_PJ_PRC,0,10690,0,179,10869,19054,4443
5,COAHUILA,3,ALLENDE,PRI_PVEM_NUAL_SI_PJ_PCP,0,10690,0,179,10869,19054,4443
5,COAHUILA,3,ALLENDE,PRI_PVEM_NUAL_SI_PRC_PCP,0,10690,0,179,10869,19054,4443
5,COAHUILA,3,ALLENDE,PRI_PVEM_NUAL_PJ_PRC_PCP,0,10690,0,179,10869,19054,4427
5,COAHUILA,3,ALLENDE,PRI_PVEM_SI_PJ_PRC_PCP,0,10690,0,179,10869,19054,3876
5,COAHUILA,3,ALLENDE,PRI_NUAL_SI_PJ_PRC_PCP,0,10690,0,179,10869,19054,4443
5,COAHUILA,3,ALLENDE,PVEM_NUAL_SI_PJ_PRC_PCP,0,10690,0,179,10869,19054,583
5,COAHUILA,3,ALLENDE,PRI_PVEM_NUAL_SI_PJ,0,10690,0,179,10869,19054,4443
5,COAHUILA,3,ALLENDE,PRI_PVEM_NUAL_SI_PRC,0,10690,0,179,10869,19054,4443
5,COAHUILA,3,ALLENDE,PRI_PVEM_NUAL_SI_PCP,0,10690,0,179,10869,19054,4443
5,COAHUILA,3,ALLENDE,PRI_PVEM_NUAL_PJ_PRC,0,10690,0,179,10869,19054,4427
5,COAHUILA,3,ALLENDE,PRI_PVEM_NUAL_PJ_PCP,0,10690,0,179,10869,19054,4427
5,COAHUILA,3,ALLENDE,PRI_PVEM_NUAL_PRC_PCP,0,10690,0,179,10869,19054,4427
5,COAHUILA,3,ALLENDE,PRI_PVEM_SI_PJ_PRC,0,10690,0,179,10869,19054,3876
5,COAHUILA,3,ALLENDE,PRI_PVEM_SI_PJ_PCP,0,10690,0,179,10869,19054,3876
5,COAHUILA,3,ALLENDE,PRI_PVEM_SI_PRC_PCP,0,10690,0,179,10869,19054,3876
5,COAHUILA,3,ALLENDE,PRI_PVEM_PJ_PRC_PCP,0,10690,0,179,10869,19054,3860
5,COAHUILA,3,ALLENDE,PRI_NUAL_SI_PJ_PRC,0,10690,0,179,10869,19054,4443
5,COAHUILA,3,ALLENDE,PRI_NUAL_SI_PJ_PCP,0,10690,0,179,10869,19054,4443
5,COAHUILA,3,ALLENDE,PRI_NUAL_SI_PRC_PCP,0,10690,0,179,10869,19054,4443
5,COAHUILA,3,ALLENDE,PRI_NUAL_PJ_PRC_PCP,0,10690,0,179,10869,19054,4427
5,COAHUILA,3,ALLENDE,PRI_SI_PJ_PRC_PCP,0,10690,0,179,10869,19054,3876
5,COAHUILA,3,ALLENDE,PVEM_NUAL_SI_PJ_PRC,0,10690,0,179,10869,19054,583
5,COAHUILA,3,ALLENDE,PVEM_NUAL_SI_PJ_PCP,0,10690,0,179,10869,19054,583
5,COAHUILA,3,ALLENDE,PVEM_NUAL_SI_PRC_PCP,0,10690,0,179,10869,19054,583
5,COAHUILA,3,ALLENDE,PVEM_NUAL_PJ_PRC_PCP,0,10690,0,179,10869,19054,567
5,COAHUILA,3,ALLENDE,PVEM_SI_PJ_PRC_PCP,0,10690,0,179,10869,19054,16
5,COAHUILA,3,ALLENDE,NUAL_SI_PJ_PRC_PCP,0,10690,0,179,10869,19054,583
5,COAHUILA,3,ALLENDE,PRI_PVEM_NUAL_SI,0,10690,0,179,10869,19054,4443
5,COAHUILA,3,ALLENDE,PRI_PVEM_NUAL_PJ,0,10690,0,179,10869,19054,4427
5,COAHUILA,3,ALLENDE,PRI_PVEM_NUAL_PRC,0,10690,0,179,10869,19054,4427
5,COAHUILA,3,ALLENDE,PRI_PVEM_NUAL_PCP,0,10690,0,179,10869,19054,4427
5,COAHUILA,3,ALLENDE,PRI_PVEM_SI_PJ,0,10690,0,179,10869,19054,3876
5,COAHUILA,3,ALLENDE,PRI_PVEM_SI_PRC,0,10690,0,179,10869,19054,3876
5,COAHUILA,3,ALLENDE,PRI_PVEM_SI_PCP,0,10690,0,179,10869,19054,3876
5,COAHUILA,3,ALLENDE,PRI_PVEM_PJ_PRC,0,10690,0,179,10869,19054,3860
5,COAHUILA,3,ALLENDE,PRI_PVEM_PJ_PCP,0,10690,0,179,10869,19054,3860
5,COAHUILA,3,ALLENDE,PRI_PVEM_PRC_PCP,0,10690,0,179,10869,19054,3860
5,COAHUILA,3,ALLENDE,PRI_NUAL_SI_PJ,0,10690,0,179,10869,19054,4443
5,COAHUILA,3,ALLENDE,PRI_NUAL_SI_PRC,0,10690,0,179,10869,19054,4443
5,COAHUILA,3,ALLENDE,PRI_NUAL_SI_PCP,0,10690,0,179,10869,19054,4443
5,COAHUILA,3,ALLENDE,PRI_NUAL_PJ_PRC,0,10690,0,179,10869,19054,4427
5,COAHUILA,3,ALLENDE,PRI_NUAL_PJ_PCP,0,10690,0,179,10869,19054,4427
5,COAHUILA,3,ALLENDE,PRI_NUAL_PRC_PCP,0,10690,0,179,10869,19054,4427
5,COAHUILA,3,ALLENDE,PRI_SI_PJ_PRC,0,10690,0,179,10869,19054,3876
5,COAHUILA,3,ALLENDE,PRI_SI_PJ_PCP,0,10690,0,179,10869,19054,3876
5,COAHUILA,3,ALLENDE,PRI_SI_PRC_PCP,0,10690,0,179,10869,19054,3876
5,COAHUILA,3,ALLENDE,PRI_PJ_PRC_PCP,0,10690,0,179,10869,19054,3860
5,COAHUILA,3,ALLENDE,PVEM_NUAL_SI_PJ,0,10690,0,179,10869,19054,583
5,COAHUILA,3,ALLENDE,PVEM_NUAL_SI_PRC,0,10690,0,179,10869,19054,583
5,COAHUILA,3,ALLENDE,PVEM_NUAL_SI_PCP,0,10690,0,179,10869,19054,583
5,COAHUILA,3,ALLENDE,PVEM_NUAL_PJ_PRC,0,10690,0,179,10869,19054,567
5,COAHUILA,3,ALLENDE,PVEM_NUAL_PJ_PCP,0,10690,0,179,10869,19054,567
5,COAHUILA,3,ALLENDE,PVEM_NUAL_PRC_PCP,0,10690,0,179,10869,19054,567
5,COAHUILA,3,ALLENDE,PVEM_SI_PJ_PRC,0,10690,0,179,10869,19054,16
5,COAHUILA,3,ALLENDE,PVEM_SI_PJ_PCP,0,10690,0,179,10869,19054,16
5,COAHUILA,3,ALLENDE,PVEM_SI_PRC_PCP,0,10690,0,179,10869,19054,16
5,COAHUILA,3,ALLENDE,PVEM_PJ_PRC_PCP,0,10690,0,179,10869,19054,0
5,COAHUILA,3,ALLENDE,NUAL_SI_PJ_PRC,0,10690,0,179,10869,19054,583
5,COAHUILA,3,ALLENDE,NUAL_SI_PJ_PCP,0,10690,0,179,10869,19054,583
5,COAHUILA,3,ALLENDE,NUAL_SI_PRC_PCP,0,10690,0,179,10869,19054,583
5,COAHUILA,3,ALLENDE,NUAL_PJ_PRC_PCP,0,10690,0,179,10869,19054,567
5,COAHUILA,3,ALLENDE,SI_PJ_PRC_PCP,0,10690,0,179,10869,19054,16
5,COAHUILA,3,ALLENDE,PRI_PVEM_NUAL,0,10690,0,179,10869,19054,4427
5,COAHUILA,3,ALLENDE,PRI_PVEM_SI,0,10690,0,179,10869,19054,3876
5,COAHUILA,3,ALLENDE,PRI_PVEM_PJ,0,10690,0,179,10869,19054,3860
5,COAHUILA,3,ALLENDE,PRI_PVEM_PRC,0,10690,0,179,10869,19054,3860
5,COAHUILA,3,ALLENDE,PRI_PVEM_PCP,0,10690,0,179,10869,19054,3860
5,COAHUILA,3,ALLENDE,PRI_NUAL_SI,0,10690,0,179,10869,19054,4443
5,COAHUILA,3,ALLENDE,PRI_NUAL_PJ,0,10690,0,179,10869,19054,4427
5,COAHUILA,3,ALLENDE,PRI_NUAL_PRC,0,10690,0,179,10869,19054,4427
5,COAHUILA,3,ALLENDE,PRI_NUAL_PCP,0,10690,0,179,10869,19054,4427
5,COAHUILA,3,ALLENDE,PRI_SI_PJ,0,10690,0,179,10869,19054,3876
5,COAHUILA,3,ALLENDE,PRI_SI_PRC,0,10690,0,179,10869,19054,3876
5,COAHUILA,3,ALLENDE,PRI_SI_PCP,0,10690,0,179,10869,19054,3876
5,COAHUILA,3,ALLENDE,PRI_PJ_PRC,0,10690,0,179,10869,19054,3860
5,COAHUILA,3,ALLENDE,PRI_PJ_PCP,0,10690,0,179,10869,19054,3860
5,COAHUILA,3,ALLENDE,PRI_PRC_PCP,0,10690,0,179,10869,19054,3860
5,COAHUILA,3,ALLENDE,PVEM_NUAL_SI,0,10690,0,179,10869,19054,583
5,COAHUILA,3,ALLENDE,PVEM_NUAL_PJ,0,10690,0,179,10869,19054,567
5,COAHUILA,3,ALLENDE,PVEM_NUAL_PRC,0,10690,0,179,10869,19054,567
5,COAHUILA,3,ALLENDE,PVEM_NUAL_PCP,0,10690,0,179,10869,19054,567
5,COAHUILA,3,ALLENDE,PVEM_SI_PJ,0,10690,0,179,10869,19054,16
5,COAHUILA,3,ALLENDE,PVEM_SI_PRC,0,10690,0,179,10869,19054,16
5,COAHUILA,3,ALLENDE,PVEM_SI_PCP,0,10690,0,179,10869,19054,16
5,COAHUILA,3,ALLENDE,PVEM_PJ_PRC,0,10690,0,179,10869,19054,0
5,COAHUILA,3,ALLENDE,PVEM_PJ_PCP,0,10690,0,179,10869,19054,0
5,COAHUILA,3,ALLENDE,PVEM_PRC_PCP,0,10690,0,179,10869,19054,0
5,COAHUILA,3,ALLENDE,NUAL_SI_PJ,0,10690,0,179,10869,19054,583
5,COAHUILA,3,ALLENDE,NUAL_SI_PRC,0,10690,0,179,10869,19054,583
5,COAHUILA,3,ALLENDE,NUAL_SI_PCP,0,10690,0,179,10869,19054,583
5,COAHUILA,3,ALLENDE,NUAL_PJ_PRC,0,10690,0,179,10869,19054,567
5,COAHUILA,3,ALLENDE,NUAL_PJ_PCP,0,10690,0,179,10869,19054,567
5,COAHUILA,3,ALLENDE,NUAL_PRC_PCP,0,10690,0,179,10869,19054,567
5,COAHUILA,3,ALLENDE,SI_PJ_PRC,0,10690,0,179,10869,19054,16
5,COAHUILA,3,ALLENDE,SI_PJ_PCP,0,10690,0,179,10869,19054,16
5,COAHUILA,3,ALLENDE,SI_PRC_PCP,0,10690,0,179,10869,19054,16
5,COAHUILA,3,ALLENDE,PJ_PRC_PCP,0,10690,0,179,10869,19054,0
5,COAHUILA,3,ALLENDE,PRI_PVEM,0,10690,0,179,10869,19054,3860
5,COAHUILA,3,ALLENDE,PRI_NUAL,0,10690,0,179,10869,19054,4427
5,COAHUILA,3,ALLENDE,PRI_SI,0,10690,0,179,10869,19054,3876
5,COAHUILA,3,ALLENDE,PRI_PJ,0,10690,0,179,10869,19054,3860
5,COAHUILA,3,ALLENDE,PRI_PRC,0,10690,0,179,10869,19054,3860
5,COAHUILA,3,ALLENDE,PRI_PCP,0,10690,0,179,10869,19054,3860
5,COAHUILA,3,ALLENDE,PVEM_NUAL,0,10690,0,179,10869,19054,567
5,COAHUILA,3,ALLENDE,PVEM_SI,0,10690,0,179,10869,19054,16
5,COAHUILA,3,ALLENDE,PVEM_PJ,0,10690,0,179,10869,19054,0
5,COAHUILA,3,ALLENDE,PVEM_PRC,0,10690,0,179,10869,19054,0
5,COAHUILA,3,ALLENDE,PVEM_PCP,0,10690,0,179,10869,19054,0
5,COAHUILA,3,ALLENDE,NUAL_SI,0,10690,0,179,10869,19054,583
5,COAHUILA,3,ALLENDE,NUAL_PJ,0,10690,0,179,10869,19054,567
5,COAHUILA,3,ALLENDE,NUAL_PRC,0,10690,0,179,10869,19054,567
5,COAHUILA,3,ALLENDE,NUAL_PCP,0,10690,0,179,10869,19054,567
5,COAHUILA,3,ALLENDE,SI_PJ,0,10690,0,179,10869,19054,16
5,COAHUILA,3,ALLENDE,SI_PRC,0,10690,0,179,10869,19054,16
5,COAHUILA,3,ALLENDE,SI_PCP,0,10690,0,179,10869,19054,16
5,COAHUILA,3,ALLENDE,PJ_PRC,0,10690,0,179,10869,19054,0
5,COAHUILA,3,ALLENDE,PJ_PCP,0,10690,0,179,10869,19054,0
5,COAHUILA,3,ALLENDE,PRC_PCP,0,10690,0,179,10869,19054,0
5,COAHUILA,3,ALLENDE,CAND_IND6,NA,10690,0,179,10869,19054,0
5,COAHUILA,3,ALLENDE,CAND_IND7,NA,10690,0,179,10869,19054,0
5,COAHUILA,3,ALLENDE,CAND_IND8,NA,10690,0,179,10869,19054,0
5,COAHUILA,3,ALLENDE,CAND_IND9,NA,10690,0,179,10869,19054,0
5,COAHUILA,3,ALLENDE,CAND_IND10,NA,10690,0,179,10869,19054,0
5,COAHUILA,3,ALLENDE,CAND_IND11,NA,10690,0,179,10869,19054,0
5,COAHUILA,3,ALLENDE,CAND_IND12,NA,10690,0,179,10869,19054,0
5,COAHUILA,3,ALLENDE,CAND_IND13,NA,10690,0,179,10869,19054,0
5,COAHUILA,3,ALLENDE,CAND_IND14,NA,10690,0,179,10869,19054,0
5,COAHUILA,3,ALLENDE,CAND_IND15,NA,10690,0,179,10869,19054,0
5,COAHUILA,3,ALLENDE,CAND_IND16,NA,10690,0,179,10869,19054,0
5,COAHUILA,3,ALLENDE,CAND_IND17,NA,10690,0,179,10869,19054,0
5,COAHUILA,3,ALLENDE,CAND_IND18,NA,10690,0,179,10869,19054,0
5,COAHUILA,3,ALLENDE,CAND_IND19,NA,10690,0,179,10869,19054,0
5,COAHUILA,4,ARTEAGA,PAN,1437,12110,4,361,12475,18604,1437
5,COAHUILA,4,ARTEAGA,PRI,6056,12110,4,361,12475,18604,6056
5,COAHUILA,4,ARTEAGA,PRD,335,12110,4,361,12475,18604,335
5,COAHUILA,4,ARTEAGA,PT,247,12110,4,361,12475,18604,247
5,COAHUILA,4,ARTEAGA,PVEM,47,12110,4,361,12475,18604,47
5,COAHUILA,4,ARTEAGA,UDC,49,12110,4,361,12475,18604,49
5,COAHUILA,4,ARTEAGA,MC,55,12110,4,361,12475,18604,55
5,COAHUILA,4,ARTEAGA,NUAL,68,12110,4,361,12475,18604,68
5,COAHUILA,4,ARTEAGA,SI,53,12110,4,361,12475,18604,53
5,COAHUILA,4,ARTEAGA,PPC,13,12110,4,361,12475,18604,13
5,COAHUILA,4,ARTEAGA,PJ,165,12110,4,361,12475,18604,165
5,COAHUILA,4,ARTEAGA,PRC,28,12110,4,361,12475,18604,28
5,COAHUILA,4,ARTEAGA,PCP,58,12110,4,361,12475,18604,58
5,COAHUILA,4,ARTEAGA,MORENA,245,12110,4,361,12475,18604,245
5,COAHUILA,4,ARTEAGA,ES,85,12110,4,361,12475,18604,85
5,COAHUILA,4,ARTEAGA,PAN_UDC_PPC_ES,7,12110,4,361,12475,18604,1591
5,COAHUILA,4,ARTEAGA,PAN_UDC_PPC,0,12110,4,361,12475,18604,1499
5,COAHUILA,4,ARTEAGA,PAN_UDC_ES,2,12110,4,361,12475,18604,1573
5,COAHUILA,4,ARTEAGA,PAN_PPC_ES,2,12110,4,361,12475,18604,1537
5,COAHUILA,4,ARTEAGA,UDC_PPC_ES,0,12110,4,361,12475,18604,147
5,COAHUILA,4,ARTEAGA,PAN_UDC,6,12110,4,361,12475,18604,1492
5,COAHUILA,4,ARTEAGA,PAN_PPC,2,12110,4,361,12475,18604,1452
5,COAHUILA,4,ARTEAGA,PAN_ES,7,12110,4,361,12475,18604,1529
5,COAHUILA,4,ARTEAGA,UDC_PPC,0,12110,4,361,12475,18604,62
5,COAHUILA,4,ARTEAGA,UDC_ES,1,12110,4,361,12475,18604,135
5,COAHUILA,4,ARTEAGA,PPC_ES,1,12110,4,361,12475,18604,99
5,COAHUILA,4,ARTEAGA,PRI_PVEM_NUAL_SI_PJ_PRC_PCP,3,12110,4,361,12475,18604,6478
5,COAHUILA,4,ARTEAGA,PRI_PVEM_NUAL_SI_PJ_PRC,0,12110,4,361,12475,18604,6417
5,COAHUILA,4,ARTEAGA,PRI_PVEM_NUAL_SI_PJ_PCP,0,12110,4,361,12475,18604,6447
5,COAHUILA,4,ARTEAGA,PRI_PVEM_NUAL_SI_PRC_PCP,0,12110,4,361,12475,18604,6310
5,COAHUILA,4,ARTEAGA,PRI_PVEM_NUAL_PJ_PRC_PCP,1,12110,4,361,12475,18604,6423
5,COAHUILA,4,ARTEAGA,PRI_PVEM_SI_PJ_PRC_PCP,0,12110,4,361,12475,18604,6407
5,COAHUILA,4,ARTEAGA,PRI_NUAL_SI_PJ_PRC_PCP,0,12110,4,361,12475,18604,6428
5,COAHUILA,4,ARTEAGA,PVEM_NUAL_SI_PJ_PRC_PCP,0,12110,4,361,12475,18604,419
5,COAHUILA,4,ARTEAGA,PRI_PVEM_NUAL_SI_PJ,0,12110,4,361,12475,18604,6389
5,COAHUILA,4,ARTEAGA,PRI_PVEM_NUAL_SI_PRC,0,12110,4,361,12475,18604,6252
5,COAHUILA,4,ARTEAGA,PRI_PVEM_NUAL_SI_PCP,0,12110,4,361,12475,18604,6282
5,COAHUILA,4,ARTEAGA,PRI_PVEM_NUAL_PJ_PRC,0,12110,4,361,12475,18604,6364
5,COAHUILA,4,ARTEAGA,PRI_PVEM_NUAL_PJ_PCP,0,12110,4,361,12475,18604,6394
5,COAHUILA,4,ARTEAGA,PRI_PVEM_NUAL_PRC_PCP,0,12110,4,361,12475,18604,6257
5,COAHUILA,4,ARTEAGA,PRI_PVEM_SI_PJ_PRC,0,12110,4,361,12475,18604,6349
5,COAHUILA,4,ARTEAGA,PRI_PVEM_SI_PJ_PCP,0,12110,4,361,12475,18604,6379
5,COAHUILA,4,ARTEAGA,PRI_PVEM_SI_PRC_PCP,1,12110,4,361,12475,18604,6243
5,COAHUILA,4,ARTEAGA,PRI_PVEM_PJ_PRC_PCP,0,12110,4,361,12475,18604,6354
5,COAHUILA,4,ARTEAGA,PRI_NUAL_SI_PJ_PRC,0,12110,4,361,12475,18604,6370
5,COAHUILA,4,ARTEAGA,PRI_NUAL_SI_PJ_PCP,0,12110,4,361,12475,18604,6400
5,COAHUILA,4,ARTEAGA,PRI_NUAL_SI_PRC_PCP,0,12110,4,361,12475,18604,6263
5,COAHUILA,4,ARTEAGA,PRI_NUAL_PJ_PRC_PCP,0,12110,4,361,12475,18604,6375
5,COAHUILA,4,ARTEAGA,PRI_SI_PJ_PRC_PCP,0,12110,4,361,12475,18604,6360
5,COAHUILA,4,ARTEAGA,PVEM_NUAL_SI_PJ_PRC,1,12110,4,361,12475,18604,362
5,COAHUILA,4,ARTEAGA,PVEM_NUAL_SI_PJ_PCP,0,12110,4,361,12475,18604,391
5,COAHUILA,4,ARTEAGA,PVEM_NUAL_SI_PRC_PCP,0,12110,4,361,12475,18604,254
5,COAHUILA,4,ARTEAGA,PVEM_NUAL_PJ_PRC_PCP,0,12110,4,361,12475,18604,366
5,COAHUILA,4,ARTEAGA,PVEM_SI_PJ_PRC_PCP,0,12110,4,361,12475,18604,351
5,COAHUILA,4,ARTEAGA,NUAL_SI_PJ_PRC_PCP,0,12110,4,361,12475,18604,372
5,COAHUILA,4,ARTEAGA,PRI_PVEM_NUAL_SI,1,12110,4,361,12475,18604,6225
5,COAHUILA,4,ARTEAGA,PRI_PVEM_NUAL_PJ,1,12110,4,361,12475,18604,6337
5,COAHUILA,4,ARTEAGA,PRI_PVEM_NUAL_PRC,0,12110,4,361,12475,18604,6199
5,COAHUILA,4,ARTEAGA,PRI_PVEM_NUAL_PCP,0,12110,4,361,12475,18604,6229
5,COAHUILA,4,ARTEAGA,PRI_PVEM_SI_PJ,0,12110,4,361,12475,18604,6321
5,COAHUILA,4,ARTEAGA,PRI_PVEM_SI_PRC,0,12110,4,361,12475,18604,6184
5,COAHUILA,4,ARTEAGA,PRI_PVEM_SI_PCP,0,12110,4,361,12475,18604,6214
5,COAHUILA,4,ARTEAGA,PRI_PVEM_PJ_PRC,0,12110,4,361,12475,18604,6296
5,COAHUILA,4,ARTEAGA,PRI_PVEM_PJ_PCP,0,12110,4,361,12475,18604,6326
5,COAHUILA,4,ARTEAGA,PRI_PVEM_PRC_PCP,1,12110,4,361,12475,18604,6190
5,COAHUILA,4,ARTEAGA,PRI_NUAL_SI_PJ,0,12110,4,361,12475,18604,6342
5,COAHUILA,4,ARTEAGA,PRI_NUAL_SI_PRC,0,12110,4,361,12475,18604,6205
5,COAHUILA,4,ARTEAGA,PRI_NUAL_SI_PCP,0,12110,4,361,12475,18604,6235
5,COAHUILA,4,ARTEAGA,PRI_NUAL_PJ_PRC,0,12110,4,361,12475,18604,6317
5,COAHUILA,4,ARTEAGA,PRI_NUAL_PJ_PCP,0,12110,4,361,12475,18604,6347
5,COAHUILA,4,ARTEAGA,PRI_NUAL_PRC_PCP,0,12110,4,361,12475,18604,6210
5,COAHUILA,4,ARTEAGA,PRI_SI_PJ_PRC,0,12110,4,361,12475,18604,6302
5,COAHUILA,4,ARTEAGA,PRI_SI_PJ_PCP,0,12110,4,361,12475,18604,6332
5,COAHUILA,4,ARTEAGA,PRI_SI_PRC_PCP,0,12110,4,361,12475,18604,6195
5,COAHUILA,4,ARTEAGA,PRI_PJ_PRC_PCP,0,12110,4,361,12475,18604,6307
5,COAHUILA,4,ARTEAGA,PVEM_NUAL_SI_PJ,0,12110,4,361,12475,18604,333
5,COAHUILA,4,ARTEAGA,PVEM_NUAL_SI_PRC,0,12110,4,361,12475,18604,196
5,COAHUILA,4,ARTEAGA,PVEM_NUAL_SI_PCP,0,12110,4,361,12475,18604,226
5,COAHUILA,4,ARTEAGA,PVEM_NUAL_PJ_PRC,0,12110,4,361,12475,18604,308
5,COAHUILA,4,ARTEAGA,PVEM_NUAL_PJ_PCP,0,12110,4,361,12475,18604,338
5,COAHUILA,4,ARTEAGA,PVEM_NUAL_PRC_PCP,0,12110,4,361,12475,18604,201
5,COAHUILA,4,ARTEAGA,PVEM_SI_PJ_PRC,0,12110,4,361,12475,18604,293
5,COAHUILA,4,ARTEAGA,PVEM_SI_PJ_PCP,0,12110,4,361,12475,18604,323
5,COAHUILA,4,ARTEAGA,PVEM_SI_PRC_PCP,0,12110,4,361,12475,18604,186
5,COAHUILA,4,ARTEAGA,PVEM_PJ_PRC_PCP,0,12110,4,361,12475,18604,298
5,COAHUILA,4,ARTEAGA,NUAL_SI_PJ_PRC,0,12110,4,361,12475,18604,314
5,COAHUILA,4,ARTEAGA,NUAL_SI_PJ_PCP,0,12110,4,361,12475,18604,344
5,COAHUILA,4,ARTEAGA,NUAL_SI_PRC_PCP,0,12110,4,361,12475,18604,207
5,COAHUILA,4,ARTEAGA,NUAL_PJ_PRC_PCP,0,12110,4,361,12475,18604,319
5,COAHUILA,4,ARTEAGA,SI_PJ_PRC_PCP,0,12110,4,361,12475,18604,304
5,COAHUILA,4,ARTEAGA,PRI_PVEM_NUAL,2,12110,4,361,12475,18604,6173
5,COAHUILA,4,ARTEAGA,PRI_PVEM_SI,1,12110,4,361,12475,18604,6157
5,COAHUILA,4,ARTEAGA,PRI_PVEM_PJ,0,12110,4,361,12475,18604,6268
5,COAHUILA,4,ARTEAGA,PRI_PVEM_PRC,0,12110,4,361,12475,18604,6131
5,COAHUILA,4,ARTEAGA,PRI_PVEM_PCP,0,12110,4,361,12475,18604,6161
5,COAHUILA,4,ARTEAGA,PRI_NUAL_SI,1,12110,4,361,12475,18604,6178
5,COAHUILA,4,ARTEAGA,PRI_NUAL_PJ,0,12110,4,361,12475,18604,6289
5,COAHUILA,4,ARTEAGA,PRI_NUAL_PRC,3,12110,4,361,12475,18604,6155
5,COAHUILA,4,ARTEAGA,PRI_NUAL_PCP,0,12110,4,361,12475,18604,6182
5,COAHUILA,4,ARTEAGA,PRI_SI_PJ,0,12110,4,361,12475,18604,6274
5,COAHUILA,4,ARTEAGA,PRI_SI_PRC,2,12110,4,361,12475,18604,6139
5,COAHUILA,4,ARTEAGA,PRI_SI_PCP,0,12110,4,361,12475,18604,6167
5,COAHUILA,4,ARTEAGA,PRI_PJ_PRC,0,12110,4,361,12475,18604,6249
5,COAHUILA,4,ARTEAGA,PRI_PJ_PCP,0,12110,4,361,12475,18604,6279
5,COAHUILA,4,ARTEAGA,PRI_PRC_PCP,0,12110,4,361,12475,18604,6142
5,COAHUILA,4,ARTEAGA,PVEM_NUAL_SI,0,12110,4,361,12475,18604,168
5,COAHUILA,4,ARTEAGA,PVEM_NUAL_PJ,0,12110,4,361,12475,18604,280
5,COAHUILA,4,ARTEAGA,PVEM_NUAL_PRC,0,12110,4,361,12475,18604,143
5,COAHUILA,4,ARTEAGA,PVEM_NUAL_PCP,0,12110,4,361,12475,18604,173
5,COAHUILA,4,ARTEAGA,PVEM_SI_PJ,1,12110,4,361,12475,18604,266
5,COAHUILA,4,ARTEAGA,PVEM_SI_PRC,0,12110,4,361,12475,18604,128
5,COAHUILA,4,ARTEAGA,PVEM_SI_PCP,0,12110,4,361,12475,18604,158
5,COAHUILA,4,ARTEAGA,PVEM_PJ_PRC,0,12110,4,361,12475,18604,240
5,COAHUILA,4,ARTEAGA,PVEM_PJ_PCP,0,12110,4,361,12475,18604,270
5,COAHUILA,4,ARTEAGA,PVEM_PRC_PCP,0,12110,4,361,12475,18604,133
5,COAHUILA,4,ARTEAGA,NUAL_SI_PJ,0,12110,4,361,12475,18604,286
5,COAHUILA,4,ARTEAGA,NUAL_SI_PRC,0,12110,4,361,12475,18604,149
5,COAHUILA,4,ARTEAGA,NUAL_SI_PCP,0,12110,4,361,12475,18604,179
5,COAHUILA,4,ARTEAGA,NUAL_PJ_PRC,0,12110,4,361,12475,18604,261
5,COAHUILA,4,ARTEAGA,NUAL_PJ_PCP,0,12110,4,361,12475,18604,291
5,COAHUILA,4,ARTEAGA,NUAL_PRC_PCP,0,12110,4,361,12475,18604,154
5,COAHUILA,4,ARTEAGA,SI_PJ_PRC,0,12110,4,361,12475,18604,246
5,COAHUILA,4,ARTEAGA,SI_PJ_PCP,0,12110,4,361,12475,18604,276
5,COAHUILA,4,ARTEAGA,SI_PRC_PCP,0,12110,4,361,12475,18604,139
5,COAHUILA,4,ARTEAGA,PJ_PRC_PCP,0,12110,4,361,12475,18604,251
5,COAHUILA,4,ARTEAGA,PRI_PVEM,13,12110,4,361,12475,18604,6116
5,COAHUILA,4,ARTEAGA,PRI_NUAL,15,12110,4,361,12475,18604,6139
5,COAHUILA,4,ARTEAGA,PRI_SI,5,12110,4,361,12475,18604,6114
5,COAHUILA,4,ARTEAGA,PRI_PJ,9,12110,4,361,12475,18604,6230
5,COAHUILA,4,ARTEAGA,PRI_PRC,6,12110,4,361,12475,18604,6090
5,COAHUILA,4,ARTEAGA,PRI_PCP,4,12110,4,361,12475,18604,6118
5,COAHUILA,4,ARTEAGA,PVEM_NUAL,2,12110,4,361,12475,18604,117
5,COAHUILA,4,ARTEAGA,PVEM_SI,0,12110,4,361,12475,18604,100
5,COAHUILA,4,ARTEAGA,PVEM_PJ,0,12110,4,361,12475,18604,212
5,COAHUILA,4,ARTEAGA,PVEM_PRC,0,12110,4,361,12475,18604,75
5,COAHUILA,4,ARTEAGA,PVEM_PCP,0,12110,4,361,12475,18604,105
5,COAHUILA,4,ARTEAGA,NUAL_SI,0,12110,4,361,12475,18604,121
5,COAHUILA,4,ARTEAGA,NUAL_PJ,0,12110,4,361,12475,18604,233
5,COAHUILA,4,ARTEAGA,NUAL_PRC,0,12110,4,361,12475,18604,96
5,COAHUILA,4,ARTEAGA,NUAL_PCP,0,12110,4,361,12475,18604,126
5,COAHUILA,4,ARTEAGA,SI_PJ,0,12110,4,361,12475,18604,218
5,COAHUILA,4,ARTEAGA,SI_PRC,2,12110,4,361,12475,18604,83
5,COAHUILA,4,ARTEAGA,SI_PCP,0,12110,4,361,12475,18604,111
5,COAHUILA,4,ARTEAGA,PJ_PRC,0,12110,4,361,12475,18604,193
5,COAHUILA,4,ARTEAGA,PJ_PCP,0,12110,4,361,12475,18604,223
5,COAHUILA,4,ARTEAGA,PRC_PCP,0,12110,4,361,12475,18604,86
5,COAHUILA,4,ARTEAGA,CAND_IND6,3066,12110,4,361,12475,18604,3066
5,COAHUILA,4,ARTEAGA,CAND_IND7,NA,12110,4,361,12475,18604,0
5,COAHUILA,4,ARTEAGA,CAND_IND8,NA,12110,4,361,12475,18604,0
5,COAHUILA,4,ARTEAGA,CAND_IND9,NA,12110,4,361,12475,18604,0
5,COAHUILA,4,ARTEAGA,CAND_IND10,NA,12110,4,361,12475,18604,0
5,COAHUILA,4,ARTEAGA,CAND_IND11,NA,12110,4,361,12475,18604,0
5,COAHUILA,4,ARTEAGA,CAND_IND12,NA,12110,4,361,12475,18604,0
5,COAHUILA,4,ARTEAGA,CAND_IND13,NA,12110,4,361,12475,18604,0
5,COAHUILA,4,ARTEAGA,CAND_IND14,NA,12110,4,361,12475,18604,0
5,COAHUILA,4,ARTEAGA,CAND_IND15,NA,12110,4,361,12475,18604,0
5,COAHUILA,4,ARTEAGA,CAND_IND16,NA,12110,4,361,12475,18604,0
5,COAHUILA,4,ARTEAGA,CAND_IND17,NA,12110,4,361,12475,18604,0
5,COAHUILA,4,ARTEAGA,CAND_IND18,NA,12110,4,361,12475,18604,0
5,COAHUILA,4,ARTEAGA,CAND_IND19,NA,12110,4,361,12475,18604,0
5,COAHUILA,5,CANDELA,PAN,561,1283,0,11,1294,1681,561
5,COAHUILA,5,CANDELA,PRI,647,1283,0,11,1294,1681,647
5,COAHUILA,5,CANDELA,PRD,0,1283,0,11,1294,1681,0
5,COAHUILA,5,CANDELA,PT,0,1283,0,11,1294,1681,0
5,COAHUILA,5,CANDELA,PVEM,1,1283,0,11,1294,1681,1
5,COAHUILA,5,CANDELA,UDC,16,1283,0,11,1294,1681,16
5,COAHUILA,5,CANDELA,MC,0,1283,0,11,1294,1681,0
5,COAHUILA,5,CANDELA,NUAL,11,1283,0,11,1294,1681,11
5,COAHUILA,5,CANDELA,SI,0,1283,0,11,1294,1681,0
5,COAHUILA,5,CANDELA,PPC,1,1283,0,11,1294,1681,1
5,COAHUILA,5,CANDELA,PJ,1,1283,0,11,1294,1681,1
5,COAHUILA,5,CANDELA,PRC,0,1283,0,11,1294,1681,0
5,COAHUILA,5,CANDELA,PCP,0,1283,0,11,1294,1681,0
5,COAHUILA,5,CANDELA,MORENA,2,1283,0,11,1294,1681,2
5,COAHUILA,5,CANDELA,ES,23,1283,0,11,1294,1681,23
5,COAHUILA,5,CANDELA,PAN_UDC_PPC_ES,0,1283,0,11,1294,1681,601
5,COAHUILA,5,CANDELA,PAN_UDC_PPC,1,1283,0,11,1294,1681,579
5,COAHUILA,5,CANDELA,PAN_UDC_ES,1,1283,0,11,1294,1681,601
5,COAHUILA,5,CANDELA,PAN_PPC_ES,1,1283,0,11,1294,1681,586
5,COAHUILA,5,CANDELA,UDC_PPC_ES,0,1283,0,11,1294,1681,40
5,COAHUILA,5,CANDELA,PAN_UDC,9,1283,0,11,1294,1681,586
5,COAHUILA,5,CANDELA,PAN_PPC,0,1283,0,11,1294,1681,562
5,COAHUILA,5,CANDELA,PAN_ES,1,1283,0,11,1294,1681,585
5,COAHUILA,5,CANDELA,UDC_PPC,0,1283,0,11,1294,1681,17
5,COAHUILA,5,CANDELA,UDC_ES,0,1283,0,11,1294,1681,39
5,COAHUILA,5,CANDELA,PPC_ES,0,1283,0,11,1294,1681,24
5,COAHUILA,5,CANDELA,PRI_PVEM_NUAL_SI_PJ_PRC_PCP,1,1283,0,11,1294,1681,661
5,COAHUILA,5,CANDELA,PRI_PVEM_NUAL_SI_PJ_PRC,0,1283,0,11,1294,1681,660
5,COAHUILA,5,CANDELA,PRI_PVEM_NUAL_SI_PJ_PCP,0,1283,0,11,1294,1681,660
5,COAHUILA,5,CANDELA,PRI_PVEM_NUAL_SI_PRC_PCP,0,1283,0,11,1294,1681,659
5,COAHUILA,5,CANDELA,PRI_PVEM_NUAL_PJ_PRC_PCP,0,1283,0,11,1294,1681,660
5,COAHUILA,5,CANDELA,PRI_PVEM_SI_PJ_PRC_PCP,0,1283,0,11,1294,1681,649
5,COAHUILA,5,CANDELA,PRI_NUAL_SI_PJ_PRC_PCP,0,1283,0,11,1294,1681,659
5,COAHUILA,5,CANDELA,PVEM_NUAL_SI_PJ_PRC_PCP,0,1283,0,11,1294,1681,13
5,COAHUILA,5,CANDELA,PRI_PVEM_NUAL_SI_PJ,0,1283,0,11,1294,1681,660
5,COAHUILA,5,CANDELA,PRI_PVEM_NUAL_SI_PRC,0,1283,0,11,1294,1681,659
5,COAHUILA,5,CANDELA,PRI_PVEM_NUAL_SI_PCP,0,1283,0,11,1294,1681,659
5,COAHUILA,5,CANDELA,PRI_PVEM_NUAL_PJ_PRC,0,1283,0,11,1294,1681,660
5,COAHUILA,5,CANDELA,PRI_PVEM_NUAL_PJ_PCP,0,1283,0,11,1294,1681,660
5,COAHUILA,5,CANDELA,PRI_PVEM_NUAL_PRC_PCP,0,1283,0,11,1294,1681,659
5,COAHUILA,5,CANDELA,PRI_PVEM_SI_PJ_PRC,0,1283,0,11,1294,1681,649
5,COAHUILA,5,CANDELA,PRI_PVEM_SI_PJ_PCP,0,1283,0,11,1294,1681,649
5,COAHUILA,5,CANDELA,PRI_PVEM_SI_PRC_PCP,0,1283,0,11,1294,1681,648
5,COAHUILA,5,CANDELA,PRI_PVEM_PJ_PRC_PCP,0,1283,0,11,1294,1681,649
5,COAHUILA,5,CANDELA,PRI_NUAL_SI_PJ_PRC,0,1283,0,11,1294,1681,659
5,COAHUILA,5,CANDELA,PRI_NUAL_SI_PJ_PCP,1,1283,0,11,1294,1681,660
5,COAHUILA,5,CANDELA,PRI_NUAL_SI_PRC_PCP,0,1283,0,11,1294,1681,658
5,COAHUILA,5,CANDELA,PRI_NUAL_PJ_PRC_PCP,0,1283,0,11,1294,1681,659
5,COAHUILA,5,CANDELA,PRI_SI_PJ_PRC_PCP,0,1283,0,11,1294,1681,648
5,COAHUILA,5,CANDELA,PVEM_NUAL_SI_PJ_PRC,0,1283,0,11,1294,1681,13
5,COAHUILA,5,CANDELA,PVEM_NUAL_SI_PJ_PCP,0,1283,0,11,1294,1681,13
5,COAHUILA,5,CANDELA,PVEM_NUAL_SI_PRC_PCP,0,1283,0,11,1294,1681,12
5,COAHUILA,5,CANDELA,PVEM_NUAL_PJ_PRC_PCP,0,1283,0,11,1294,1681,13
5,COAHUILA,5,CANDELA,PVEM_SI_PJ_PRC_PCP,0,1283,0,11,1294,1681,2
5,COAHUILA,5,CANDELA,NUAL_SI_PJ_PRC_PCP,0,1283,0,11,1294,1681,12
5,COAHUILA,5,CANDELA,PRI_PVEM_NUAL_SI,0,1283,0,11,1294,1681,659
5,COAHUILA,5,CANDELA,PRI_PVEM_NUAL_PJ,0,1283,0,11,1294,1681,660
5,COAHUILA,5,CANDELA,PRI_PVEM_NUAL_PRC,0,1283,0,11,1294,1681,659
5,COAHUILA,5,CANDELA,PRI_PVEM_NUAL_PCP,0,1283,0,11,1294,1681,659
5,COAHUILA,5,CANDELA,PRI_PVEM_SI_PJ,0,1283,0,11,1294,1681,649
5,COAHUILA,5,CANDELA,PRI_PVEM_SI_PRC,0,1283,0,11,1294,1681,648
5,COAHUILA,5,CANDELA,PRI_PVEM_SI_PCP,0,1283,0,11,1294,1681,648
5,COAHUILA,5,CANDELA,PRI_PVEM_PJ_PRC,0,1283,0,11,1294,1681,649
5,COAHUILA,5,CANDELA,PRI_PVEM_PJ_PCP,0,1283,0,11,1294,1681,649
5,COAHUILA,5,CANDELA,PRI_PVEM_PRC_PCP,0,1283,0,11,1294,1681,648
5,COAHUILA,5,CANDELA,PRI_NUAL_SI_PJ,1,1283,0,11,1294,1681,660
5,COAHUILA,5,CANDELA,PRI_NUAL_SI_PRC,0,1283,0,11,1294,1681,658
5,COAHUILA,5,CANDELA,PRI_NUAL_SI_PCP,0,1283,0,11,1294,1681,658
5,COAHUILA,5,CANDELA,PRI_NUAL_PJ_PRC,0,1283,0,11,1294,1681,659
5,COAHUILA,5,CANDELA,PRI_NUAL_PJ_PCP,0,1283,0,11,1294,1681,659
5,COAHUILA,5,CANDELA,PRI_NUAL_PRC_PCP,0,1283,0,11,1294,1681,658
5,COAHUILA,5,CANDELA,PRI_SI_PJ_PRC,0,1283,0,11,1294,1681,648
5,COAHUILA,5,CANDELA,PRI_SI_PJ_PCP,0,1283,0,11,1294,1681,648
5,COAHUILA,5,CANDELA,PRI_SI_PRC_PCP,0,1283,0,11,1294,1681,647
5,COAHUILA,5,CANDELA,PRI_PJ_PRC_PCP,0,1283,0,11,1294,1681,648
5,COAHUILA,5,CANDELA,PVEM_NUAL_SI_PJ,0,1283,0,11,1294,1681,13
5,COAHUILA,5,CANDELA,PVEM_NUAL_SI_PRC,0,1283,0,11,1294,1681,12
5,COAHUILA,5,CANDELA,PVEM_NUAL_SI_PCP,0,1283,0,11,1294,1681,12
5,COAHUILA,5,CANDELA,PVEM_NUAL_PJ_PRC,0,1283,0,11,1294,1681,13
5,COAHUILA,5,CANDELA,PVEM_NUAL_PJ_PCP,0,1283,0,11,1294,1681,13
5,COAHUILA,5,CANDELA,PVEM_NUAL_PRC_PCP,0,1283,0,11,1294,1681,12
5,COAHUILA,5,CANDELA,PVEM_SI_PJ_PRC,0,1283,0,11,1294,1681,2
5,COAHUILA,5,CANDELA,PVEM_SI_PJ_PCP,0,1283,0,11,1294,1681,2
5,COAHUILA,5,CANDELA,PVEM_SI_PRC_PCP,0,1283,0,11,1294,1681,1
5,COAHUILA,5,CANDELA,PVEM_PJ_PRC_PCP,0,1283,0,11,1294,1681,2
5,COAHUILA,5,CANDELA,NUAL_SI_PJ_PRC,0,1283,0,11,1294,1681,12
5,COAHUILA,5,CANDELA,NUAL_SI_PJ_PCP,0,1283,0,11,1294,1681,12
5,COAHUILA,5,CANDELA,NUAL_SI_PRC_PCP,0,1283,0,11,1294,1681,11
5,COAHUILA,5,CANDELA,NUAL_PJ_PRC_PCP,0,1283,0,11,1294,1681,12
5,COAHUILA,5,CANDELA,SI_PJ_PRC_PCP,0,1283,0,11,1294,1681,1
5,COAHUILA,5,CANDELA,PRI_PVEM_NUAL,0,1283,0,11,1294,1681,659
5,COAHUILA,5,CANDELA,PRI_PVEM_SI,0,1283,0,11,1294,1681,648
5,COAHUILA,5,CANDELA,PRI_PVEM_PJ,0,1283,0,11,1294,1681,649
5,COAHUILA,5,CANDELA,PRI_PVEM_PRC,1,1283,0,11,1294,1681,649
5,COAHUILA,5,CANDELA,PRI_PVEM_PCP,0,1283,0,11,1294,1681,648
5,COAHUILA,5,CANDELA,PRI_NUAL_SI,0,1283,0,11,1294,1681,658
5,COAHUILA,5,CANDELA,PRI_NUAL_PJ,0,1283,0,11,1294,1681,659
5,COAHUILA,5,CANDELA,PRI_NUAL_PRC,0,1283,0,11,1294,1681,658
5,COAHUILA,5,CANDELA,PRI_NUAL_PCP,0,1283,0,11,1294,1681,658
5,COAHUILA,5,CANDELA,PRI_SI_PJ,0,1283,0,11,1294,1681,648
5,COAHUILA,5,CANDELA,PRI_SI_PRC,0,1283,0,11,1294,1681,647
5,COAHUILA,5,CANDELA,PRI_SI_PCP,0,1283,0,11,1294,1681,647
5,COAHUILA,5,CANDELA,PRI_PJ_PRC,0,1283,0,11,1294,1681,648
5,COAHUILA,5,CANDELA,PRI_PJ_PCP,0,1283,0,11,1294,1681,648
5,COAHUILA,5,CANDELA,PRI_PRC_PCP,0,1283,0,11,1294,1681,647
5,COAHUILA,5,CANDELA,PVEM_NUAL_SI,0,1283,0,11,1294,1681,12
5,COAHUILA,5,CANDELA,PVEM_NUAL_PJ,0,1283,0,11,1294,1681,13
5,COAHUILA,5,CANDELA,PVEM_NUAL_PRC,0,1283,0,11,1294,1681,12
5,COAHUILA,5,CANDELA,PVEM_NUAL_PCP,0,1283,0,11,1294,1681,12
5,COAHUILA,5,CANDELA,PVEM_SI_PJ,0,1283,0,11,1294,1681,2
5,COAHUILA,5,CANDELA,PVEM_SI_PRC,0,1283,0,11,1294,1681,1
5,COAHUILA,5,CANDELA,PVEM_SI_PCP,0,1283,0,11,1294,1681,1
5,COAHUILA,5,CANDELA,PVEM_PJ_PRC,0,1283,0,11,1294,1681,2
5,COAHUILA,5,CANDELA,PVEM_PJ_PCP,0,1283,0,11,1294,1681,2
5,COAHUILA,5,CANDELA,PVEM_PRC_PCP,0,1283,0,11,1294,1681,1
5,COAHUILA,5,CANDELA,NUAL_SI_PJ,0,1283,0,11,1294,1681,12
5,COAHUILA,5,CANDELA,NUAL_SI_PRC,0,1283,0,11,1294,1681,11
5,COAHUILA,5,CANDELA,NUAL_SI_PCP,0,1283,0,11,1294,1681,11
5,COAHUILA,5,CANDELA,NUAL_PJ_PRC,0,1283,0,11,1294,1681,12
5,COAHUILA,5,CANDELA,NUAL_PJ_PCP,0,1283,0,11,1294,1681,12
5,COAHUILA,5,CANDELA,NUAL_PRC_PCP,0,1283,0,11,1294,1681,11
5,COAHUILA,5,CANDELA,SI_PJ_PRC,0,1283,0,11,1294,1681,1
5,COAHUILA,5,CANDELA,SI_PJ_PCP,0,1283,0,11,1294,1681,1
5,COAHUILA,5,CANDELA,SI_PRC_PCP,0,1283,0,11,1294,1681,0
5,COAHUILA,5,CANDELA,PJ_PRC_PCP,0,1283,0,11,1294,1681,1
5,COAHUILA,5,CANDELA,PRI_PVEM,1,1283,0,11,1294,1681,649
5,COAHUILA,5,CANDELA,PRI_NUAL,1,1283,0,11,1294,1681,659
5,COAHUILA,5,CANDELA,PRI_SI,0,1283,0,11,1294,1681,647
5,COAHUILA,5,CANDELA,PRI_PJ,0,1283,0,11,1294,1681,648
5,COAHUILA,5,CANDELA,PRI_PRC,0,1283,0,11,1294,1681,647
5,COAHUILA,5,CANDELA,PRI_PCP,0,1283,0,11,1294,1681,647
5,COAHUILA,5,CANDELA,PVEM_NUAL,0,1283,0,11,1294,1681,12
5,COAHUILA,5,CANDELA,PVEM_SI,0,1283,0,11,1294,1681,1
5,COAHUILA,5,CANDELA,PVEM_PJ,0,1283,0,11,1294,1681,2
5,COAHUILA,5,CANDELA,PVEM_PRC,0,1283,0,11,1294,1681,1
5,COAHUILA,5,CANDELA,PVEM_PCP,0,1283,0,11,1294,1681,1
5,COAHUILA,5,CANDELA,NUAL_SI,1,1283,0,11,1294,1681,12
5,COAHUILA,5,CANDELA,NUAL_PJ,0,1283,0,11,1294,1681,12
5,COAHUILA,5,CANDELA,NUAL_PRC,0,1283,0,11,1294,1681,11
5,COAHUILA,5,CANDELA,NUAL_PCP,0,1283,0,11,1294,1681,11
5,COAHUILA,5,CANDELA,SI_PJ,0,1283,0,11,1294,1681,1
5,COAHUILA,5,CANDELA,SI_PRC,0,1283,0,11,1294,1681,0
5,COAHUILA,5,CANDELA,SI_PCP,0,1283,0,11,1294,1681,0
5,COAHUILA,5,CANDELA,PJ_PRC,0,1283,0,11,1294,1681,1
5,COAHUILA,5,CANDELA,PJ_PCP,0,1283,0,11,1294,1681,1
5,COAHUILA,5,CANDELA,PRC_PCP,0,1283,0,11,1294,1681,0
5,COAHUILA,5,CANDELA,CAND_IND6,NA,1283,0,11,1294,1681,0
5,COAHUILA,5,CANDELA,CAND_IND7,NA,1283,0,11,1294,1681,0
5,COAHUILA,5,CANDELA,CAND_IND8,NA,1283,0,11,1294,1681,0
5,COAHUILA,5,CANDELA,CAND_IND9,NA,1283,0,11,1294,1681,0
5,COAHUILA,5,CANDELA,CAND_IND10,NA,1283,0,11,1294,1681,0
5,COAHUILA,5,CANDELA,CAND_IND11,NA,1283,0,11,1294,1681,0
5,COAHUILA,5,CANDELA,CAND_IND12,NA,1283,0,11,1294,1681,0
5,COAHUILA,5,CANDELA,CAND_IND13,NA,1283,0,11,1294,1681,0
5,COAHUILA,5,CANDELA,CAND_IND14,NA,1283,0,11,1294,1681,0
5,COAHUILA,5,CANDELA,CAND_IND15,NA,1283,0,11,1294,1681,0
5,COAHUILA,5,CANDELA,CAND_IND16,NA,1283,0,11,1294,1681,0
5,COAHUILA,5,CANDELA,CAND_IND17,NA,1283,0,11,1294,1681,0
5,COAHUILA,5,CANDELA,CAND_IND18,NA,1283,0,11,1294,1681,0
5,COAHUILA,5,CANDELA,CAND_IND19,NA,1283,0,11,1294,1681,0
5,COAHUILA,6,CASTAÑOS,PAN,1811,12617,2,202,12821,21467,1811
5,COAHUILA,6,CASTAÑOS,PRI,5257,12617,2,202,12821,21467,5257
5,COAHUILA,6,CASTAÑOS,PRD,3413,12617,2,202,12821,21467,3413
5,COAHUILA,6,CASTAÑOS,PT,238,12617,2,202,12821,21467,238
5,COAHUILA,6,CASTAÑOS,PVEM,173,12617,2,202,12821,21467,173
5,COAHUILA,6,CASTAÑOS,UDC,151,12617,2,202,12821,21467,151
5,COAHUILA,6,CASTAÑOS,MC,32,12617,2,202,12821,21467,32
5,COAHUILA,6,CASTAÑOS,NUAL,120,12617,2,202,12821,21467,120
5,COAHUILA,6,CASTAÑOS,SI,19,12617,2,202,12821,21467,19
5,COAHUILA,6,CASTAÑOS,PPC,47,12617,2,202,12821,21467,47
5,COAHUILA,6,CASTAÑOS,PJ,29,12617,2,202,12821,21467,29
5,COAHUILA,6,CASTAÑOS,PRC,10,12617,2,202,12821,21467,10
5,COAHUILA,6,CASTAÑOS,PCP,8,12617,2,202,12821,21467,8
5,COAHUILA,6,CASTAÑOS,MORENA,616,12617,2,202,12821,21467,616
5,COAHUILA,6,CASTAÑOS,ES,603,12617,2,202,12821,21467,603
5,COAHUILA,6,CASTAÑOS,PAN_UDC_PPC_ES,6,12617,2,202,12821,21467,2618
5,COAHUILA,6,CASTAÑOS,PAN_UDC_PPC,3,12617,2,202,12821,21467,2012
5,COAHUILA,6,CASTAÑOS,PAN_UDC_ES,3,12617,2,202,12821,21467,2568
5,COAHUILA,6,CASTAÑOS,PAN_PPC_ES,3,12617,2,202,12821,21467,2464
5,COAHUILA,6,CASTAÑOS,UDC_PPC_ES,0,12617,2,202,12821,21467,801
5,COAHUILA,6,CASTAÑOS,PAN_UDC,6,12617,2,202,12821,21467,1968
5,COAHUILA,6,CASTAÑOS,PAN_PPC,3,12617,2,202,12821,21467,1861
5,COAHUILA,6,CASTAÑOS,PAN_ES,9,12617,2,202,12821,21467,2423
5,COAHUILA,6,CASTAÑOS,UDC_PPC,2,12617,2,202,12821,21467,200
5,COAHUILA,6,CASTAÑOS,UDC_ES,2,12617,2,202,12821,21467,756
5,COAHUILA,6,CASTAÑOS,PPC_ES,1,12617,2,202,12821,21467,651
5,COAHUILA,6,CASTAÑOS,PRI_PVEM_NUAL_SI_PJ_PRC_PCP,9,12617,2,202,12821,21467,5625
5,COAHUILA,6,CASTAÑOS,PRI_PVEM_NUAL_SI_PJ_PRC,2,12617,2,202,12821,21467,5610
5,COAHUILA,6,CASTAÑOS,PRI_PVEM_NUAL_SI_PJ_PCP,0,12617,2,202,12821,21467,5606
5,COAHUILA,6,CASTAÑOS,PRI_PVEM_NUAL_SI_PRC_PCP,1,12617,2,202,12821,21467,5588
5,COAHUILA,6,CASTAÑOS,PRI_PVEM_NUAL_PJ_PRC_PCP,0,12617,2,202,12821,21467,5597
5,COAHUILA,6,CASTAÑOS,PRI_PVEM_SI_PJ_PRC_PCP,0,12617,2,202,12821,21467,5496
5,COAHUILA,6,CASTAÑOS,PRI_NUAL_SI_PJ_PRC_PCP,1,12617,2,202,12821,21467,5444
5,COAHUILA,6,CASTAÑOS,PVEM_NUAL_SI_PJ_PRC_PCP,0,12617,2,202,12821,21467,359
5,COAHUILA,6,CASTAÑOS,PRI_PVEM_NUAL_SI_PJ,0,12617,2,202,12821,21467,5598
5,COAHUILA,6,CASTAÑOS,PRI_PVEM_NUAL_SI_PRC,0,12617,2,202,12821,21467,5579
5,COAHUILA,6,CASTAÑOS,PRI_PVEM_NUAL_SI_PCP,0,12617,2,202,12821,21467,5577
5,COAHUILA,6,CASTAÑOS,PRI_PVEM_NUAL_PJ_PRC,0,12617,2,202,12821,21467,5589
5,COAHUILA,6,CASTAÑOS,PRI_PVEM_NUAL_PJ_PCP,0,12617,2,202,12821,21467,5587
5,COAHUILA,6,CASTAÑOS,PRI_PVEM_NUAL_PRC_PCP,0,12617,2,202,12821,21467,5568
5,COAHUILA,6,CASTAÑOS,PRI_PVEM_SI_PJ_PRC,0,12617,2,202,12821,21467,5488
5,COAHUILA,6,CASTAÑOS,PRI_PVEM_SI_PJ_PCP,0,12617,2,202,12821,21467,5486
5,COAHUILA,6,CASTAÑOS,PRI_PVEM_SI_PRC_PCP,0,12617,2,202,12821,21467,5467
5,COAHUILA,6,CASTAÑOS,PRI_PVEM_PJ_PRC_PCP,0,12617,2,202,12821,21467,5477
5,COAHUILA,6,CASTAÑOS,PRI_NUAL_SI_PJ_PRC,0,12617,2,202,12821,21467,5435
5,COAHUILA,6,CASTAÑOS,PRI_NUAL_SI_PJ_PCP,0,12617,2,202,12821,21467,5433
5,COAHUILA,6,CASTAÑOS,PRI_NUAL_SI_PRC_PCP,0,12617,2,202,12821,21467,5414
5,COAHUILA,6,CASTAÑOS,PRI_NUAL_PJ_PRC_PCP,0,12617,2,202,12821,21467,5424
5,COAHUILA,6,CASTAÑOS,PRI_SI_PJ_PRC_PCP,0,12617,2,202,12821,21467,5323
5,COAHUILA,6,CASTAÑOS,PVEM_NUAL_SI_PJ_PRC,0,12617,2,202,12821,21467,351
5,COAHUILA,6,CASTAÑOS,PVEM_NUAL_SI_PJ_PCP,1,12617,2,202,12821,21467,350
5,COAHUILA,6,CASTAÑOS,PVEM_NUAL_SI_PRC_PCP,0,12617,2,202,12821,21467,330
5,COAHUILA,6,CASTAÑOS,PVEM_NUAL_PJ_PRC_PCP,0,12617,2,202,12821,21467,340
5,COAHUILA,6,CASTAÑOS,PVEM_SI_PJ_PRC_PCP,0,12617,2,202,12821,21467,239
5,COAHUILA,6,CASTAÑOS,NUAL_SI_PJ_PRC_PCP,0,12617,2,202,12821,21467,186
5,COAHUILA,6,CASTAÑOS,PRI_PVEM_NUAL_SI,0,12617,2,202,12821,21467,5569
5,COAHUILA,6,CASTAÑOS,PRI_PVEM_NUAL_PJ,0,12617,2,202,12821,21467,5579
5,COAHUILA,6,CASTAÑOS,PRI_PVEM_NUAL_PRC,0,12617,2,202,12821,21467,5560
5,COAHUILA,6,CASTAÑOS,PRI_PVEM_NUAL_PCP,0,12617,2,202,12821,21467,5558
5,COAHUILA,6,CASTAÑOS,PRI_PVEM_SI_PJ,0,12617,2,202,12821,21467,5478
5,COAHUILA,6,CASTAÑOS,PRI_PVEM_SI_PRC,0,12617,2,202,12821,21467,5459
5,COAHUILA,6,CASTAÑOS,PRI_PVEM_SI_PCP,0,12617,2,202,12821,21467,5457
5,COAHUILA,6,CASTAÑOS,PRI_PVEM_PJ_PRC,0,12617,2,202,12821,21467,5469
5,COAHUILA,6,CASTAÑOS,PRI_PVEM_PJ_PCP,0,12617,2,202,12821,21467,5467
5,COAHUILA,6,CASTAÑOS,PRI_PVEM_PRC_PCP,0,12617,2,202,12821,21467,5448
5,COAHUILA,6,CASTAÑOS,PRI_NUAL_SI_PJ,1,12617,2,202,12821,21467,5426
5,COAHUILA,6,CASTAÑOS,PRI_NUAL_SI_PRC,0,12617,2,202,12821,21467,5406
5,COAHUILA,6,CASTAÑOS,PRI_NUAL_SI_PCP,0,12617,2,202,12821,21467,5404
5,COAHUILA,6,CASTAÑOS,PRI_NUAL_PJ_PRC,0,12617,2,202,12821,21467,5416
5,COAHUILA,6,CASTAÑOS,PRI_NUAL_PJ_PCP,0,12617,2,202,12821,21467,5414
5,COAHUILA,6,CASTAÑOS,PRI_NUAL_PRC_PCP,1,12617,2,202,12821,21467,5396
5,COAHUILA,6,CASTAÑOS,PRI_SI_PJ_PRC,0,12617,2,202,12821,21467,5315
5,COAHUILA,6,CASTAÑOS,PRI_SI_PJ_PCP,0,12617,2,202,12821,21467,5313
5,COAHUILA,6,CASTAÑOS,PRI_SI_PRC_PCP,0,12617,2,202,12821,21467,5294
5,COAHUILA,6,CASTAÑOS,PRI_PJ_PRC_PCP,0,12617,2,202,12821,21467,5304
5,COAHUILA,6,CASTAÑOS,PVEM_NUAL_SI_PJ,0,12617,2,202,12821,21467,341
5,COAHUILA,6,CASTAÑOS,PVEM_NUAL_SI_PRC,0,12617,2,202,12821,21467,322
5,COAHUILA,6,CASTAÑOS,PVEM_NUAL_SI_PCP,0,12617,2,202,12821,21467,320
5,COAHUILA,6,CASTAÑOS,PVEM_NUAL_PJ_PRC,0,12617,2,202,12821,21467,332
5,COAHUILA,6,CASTAÑOS,PVEM_NUAL_PJ_PCP,0,12617,2,202,12821,21467,330
5,COAHUILA,6,CASTAÑOS,PVEM_NUAL_PRC_PCP,0,12617,2,202,12821,21467,311
5,COAHUILA,6,CASTAÑOS,PVEM_SI_PJ_PRC,0,12617,2,202,12821,21467,231
5,COAHUILA,6,CASTAÑOS,PVEM_SI_PJ_PCP,0,12617,2,202,12821,21467,229
5,COAHUILA,6,CASTAÑOS,PVEM_SI_PRC_PCP,0,12617,2,202,12821,21467,210
5,COAHUILA,6,CASTAÑOS,PVEM_PJ_PRC_PCP,0,12617,2,202,12821,21467,220
5,COAHUILA,6,CASTAÑOS,NUAL_SI_PJ_PRC,0,12617,2,202,12821,21467,178
5,COAHUILA,6,CASTAÑOS,NUAL_SI_PJ_PCP,0,12617,2,202,12821,21467,176
5,COAHUILA,6,CASTAÑOS,NUAL_SI_PRC_PCP,0,12617,2,202,12821,21467,157
5,COAHUILA,6,CASTAÑOS,NUAL_PJ_PRC_PCP,0,12617,2,202,12821,21467,167
5,COAHUILA,6,CASTAÑOS,SI_PJ_PRC_PCP,0,12617,2,202,12821,21467,66
5,COAHUILA,6,CASTAÑOS,PRI_PVEM_NUAL,2,12617,2,202,12821,21467,5552
5,COAHUILA,6,CASTAÑOS,PRI_PVEM_SI,2,12617,2,202,12821,21467,5451
5,COAHUILA,6,CASTAÑOS,PRI_PVEM_PJ,1,12617,2,202,12821,21467,5460
5,COAHUILA,6,CASTAÑOS,PRI_PVEM_PRC,0,12617,2,202,12821,21467,5440
5,COAHUILA,6,CASTAÑOS,PRI_PVEM_PCP,0,12617,2,202,12821,21467,5438
5,COAHUILA,6,CASTAÑOS,PRI_NUAL_SI,0,12617,2,202,12821,21467,5396
5,COAHUILA,6,CASTAÑOS,PRI_NUAL_PJ,0,12617,2,202,12821,21467,5406
5,COAHUILA,6,CASTAÑOS,PRI_NUAL_PRC,0,12617,2,202,12821,21467,5387
5,COAHUILA,6,CASTAÑOS,PRI_NUAL_PCP,3,12617,2,202,12821,21467,5388
5,COAHUILA,6,CASTAÑOS,PRI_SI_PJ,0,12617,2,202,12821,21467,5305
5,COAHUILA,6,CASTAÑOS,PRI_SI_PRC,1,12617,2,202,12821,21467,5287
5,COAHUILA,6,CASTAÑOS,PRI_SI_PCP,0,12617,2,202,12821,21467,5284
5,COAHUILA,6,CASTAÑOS,PRI_PJ_PRC,1,12617,2,202,12821,21467,5297
5,COAHUILA,6,CASTAÑOS,PRI_PJ_PCP,0,12617,2,202,12821,21467,5294
5,COAHUILA,6,CASTAÑOS,PRI_PRC_PCP,0,12617,2,202,12821,21467,5275
5,COAHUILA,6,CASTAÑOS,PVEM_NUAL_SI,0,12617,2,202,12821,21467,312
5,COAHUILA,6,CASTAÑOS,PVEM_NUAL_PJ,0,12617,2,202,12821,21467,322
5,COAHUILA,6,CASTAÑOS,PVEM_NUAL_PRC,0,12617,2,202,12821,21467,303
5,COAHUILA,6,CASTAÑOS,PVEM_NUAL_PCP,0,12617,2,202,12821,21467,301
5,COAHUILA,6,CASTAÑOS,PVEM_SI_PJ,1,12617,2,202,12821,21467,222
5,COAHUILA,6,CASTAÑOS,PVEM_SI_PRC,0,12617,2,202,12821,21467,202
5,COAHUILA,6,CASTAÑOS,PVEM_SI_PCP,0,12617,2,202,12821,21467,200
5,COAHUILA,6,CASTAÑOS,PVEM_PJ_PRC,0,12617,2,202,12821,21467,212
5,COAHUILA,6,CASTAÑOS,PVEM_PJ_PCP,0,12617,2,202,12821,21467,210
5,COAHUILA,6,CASTAÑOS,PVEM_PRC_PCP,0,12617,2,202,12821,21467,191
5,COAHUILA,6,CASTAÑOS,NUAL_SI_PJ,0,12617,2,202,12821,21467,168
5,COAHUILA,6,CASTAÑOS,NUAL_SI_PRC,0,12617,2,202,12821,21467,149
5,COAHUILA,6,CASTAÑOS,NUAL_SI_PCP,0,12617,2,202,12821,21467,147
5,COAHUILA,6,CASTAÑOS,NUAL_PJ_PRC,0,12617,2,202,12821,21467,159
5,COAHUILA,6,CASTAÑOS,NUAL_PJ_PCP,0,12617,2,202,12821,21467,157
5,COAHUILA,6,CASTAÑOS,NUAL_PRC_PCP,0,12617,2,202,12821,21467,138
5,COAHUILA,6,CASTAÑOS,SI_PJ_PRC,0,12617,2,202,12821,21467,58
5,COAHUILA,6,CASTAÑOS,SI_PJ_PCP,0,12617,2,202,12821,21467,56
5,COAHUILA,6,CASTAÑOS,SI_PRC_PCP,0,12617,2,202,12821,21467,37
5,COAHUILA,6,CASTAÑOS,PJ_PRC_PCP,0,12617,2,202,12821,21467,47
5,COAHUILA,6,CASTAÑOS,PRI_PVEM,14,12617,2,202,12821,21467,5444
5,COAHUILA,6,CASTAÑOS,PRI_NUAL,5,12617,2,202,12821,21467,5382
5,COAHUILA,6,CASTAÑOS,PRI_SI,0,12617,2,202,12821,21467,5276
5,COAHUILA,6,CASTAÑOS,PRI_PJ,3,12617,2,202,12821,21467,5289
5,COAHUILA,6,CASTAÑOS,PRI_PRC,0,12617,2,202,12821,21467,5267
5,COAHUILA,6,CASTAÑOS,PRI_PCP,2,12617,2,202,12821,21467,5267
5,COAHUILA,6,CASTAÑOS,PVEM_NUAL,0,12617,2,202,12821,21467,293
5,COAHUILA,6,CASTAÑOS,PVEM_SI,0,12617,2,202,12821,21467,192
5,COAHUILA,6,CASTAÑOS,PVEM_PJ,0,12617,2,202,12821,21467,202
5,COAHUILA,6,CASTAÑOS,PVEM_PRC,0,12617,2,202,12821,21467,183
5,COAHUILA,6,CASTAÑOS,PVEM_PCP,0,12617,2,202,12821,21467,181
5,COAHUILA,6,CASTAÑOS,NUAL_SI,0,12617,2,202,12821,21467,139
5,COAHUILA,6,CASTAÑOS,NUAL_PJ,0,12617,2,202,12821,21467,149
5,COAHUILA,6,CASTAÑOS,NUAL_PRC,1,12617,2,202,12821,21467,131
5,COAHUILA,6,CASTAÑOS,NUAL_PCP,0,12617,2,202,12821,21467,128
5,COAHUILA,6,CASTAÑOS,SI_PJ,0,12617,2,202,12821,21467,48
5,COAHUILA,6,CASTAÑOS,SI_PRC,0,12617,2,202,12821,21467,29
5,COAHUILA,6,CASTAÑOS,SI_PCP,0,12617,2,202,12821,21467,27
5,COAHUILA,6,CASTAÑOS,PJ_PRC,0,12617,2,202,12821,21467,39
5,COAHUILA,6,CASTAÑOS,PJ_PCP,0,12617,2,202,12821,21467,37
5,COAHUILA,6,CASTAÑOS,PRC_PCP,0,12617,2,202,12821,21467,18
5,COAHUILA,6,CASTAÑOS,CAND_IND6,NA,12617,2,202,12821,21467,0
5,COAHUILA,6,CASTAÑOS,CAND_IND7,NA,12617,2,202,12821,21467,0
5,COAHUILA,6,CASTAÑOS,CAND_IND8,NA,12617,2,202,12821,21467,0
5,COAHUILA,6,CASTAÑOS,CAND_IND9,NA,12617,2,202,12821,21467,0
5,COAHUILA,6,CASTAÑOS,CAND_IND10,NA,12617,2,202,12821,21467,0
5,COAHUILA,6,CASTAÑOS,CAND_IND11,NA,12617,2,202,12821,21467,0
5,COAHUILA,6,CASTAÑOS,CAND_IND12,NA,12617,2,202,12821,21467,0
5,COAHUILA,6,CASTAÑOS,CAND_IND13,NA,12617,2,202,12821,21467,0
5,COAHUILA,6,CASTAÑOS,CAND_IND14,NA,12617,2,202,12821,21467,0
5,COAHUILA,6,CASTAÑOS,CAND_IND15,NA,12617,2,202,12821,21467,0
5,COAHUILA,6,CASTAÑOS,CAND_IND16,NA,12617,2,202,12821,21467,0
5,COAHUILA,6,CASTAÑOS,CAND_IND17,NA,12617,2,202,12821,21467,0
5,COAHUILA,6,CASTAÑOS,CAND_IND18,NA,12617,2,202,12821,21467,0
5,COAHUILA,6,CASTAÑOS,CAND_IND19,NA,12617,2,202,12821,21467,0
5,COAHUILA,7,CUATROCIENEGAS,PAN,1938,6139,1,91,6231,10008,1938
5,COAHUILA,7,CUATROCIENEGAS,PRI,2750,6139,1,91,6231,10008,2750
5,COAHUILA,7,CUATROCIENEGAS,PRD,291,6139,1,91,6231,10008,291
5,COAHUILA,7,CUATROCIENEGAS,PT,103,6139,1,91,6231,10008,103
5,COAHUILA,7,CUATROCIENEGAS,PVEM,20,6139,1,91,6231,10008,20
5,COAHUILA,7,CUATROCIENEGAS,UDC,23,6139,1,91,6231,10008,23
5,COAHUILA,7,CUATROCIENEGAS,MC,686,6139,1,91,6231,10008,686
5,COAHUILA,7,CUATROCIENEGAS,NUAL,31,6139,1,91,6231,10008,31
5,COAHUILA,7,CUATROCIENEGAS,SI,11,6139,1,91,6231,10008,11
5,COAHUILA,7,CUATROCIENEGAS,PPC,14,6139,1,91,6231,10008,14
5,COAHUILA,7,CUATROCIENEGAS,PJ,12,6139,1,91,6231,10008,12
5,COAHUILA,7,CUATROCIENEGAS,PRC,3,6139,1,91,6231,10008,3
5,COAHUILA,7,CUATROCIENEGAS,PCP,7,6139,1,91,6231,10008,7
5,COAHUILA,7,CUATROCIENEGAS,MORENA,126,6139,1,91,6231,10008,126
5,COAHUILA,7,CUATROCIENEGAS,ES,12,6139,1,91,6231,10008,12
5,COAHUILA,7,CUATROCIENEGAS,PAN_UDC_PPC_ES,3,6139,1,91,6231,10008,1990
5,COAHUILA,7,CUATROCIENEGAS,PAN_UDC_PPC,2,6139,1,91,6231,10008,1977
5,COAHUILA,7,CUATROCIENEGAS,PAN_UDC_ES,1,6139,1,91,6231,10008,1974
5,COAHUILA,7,CUATROCIENEGAS,PAN_PPC_ES,0,6139,1,91,6231,10008,1964
5,COAHUILA,7,CUATROCIENEGAS,UDC_PPC_ES,0,6139,1,91,6231,10008,49
5,COAHUILA,7,CUATROCIENEGAS,PAN_UDC,8,6139,1,91,6231,10008,1969
5,COAHUILA,7,CUATROCIENEGAS,PAN_PPC,1,6139,1,91,6231,10008,1953
5,COAHUILA,7,CUATROCIENEGAS,PAN_ES,3,6139,1,91,6231,10008,1953
5,COAHUILA,7,CUATROCIENEGAS,UDC_PPC,0,6139,1,91,6231,10008,37
5,COAHUILA,7,CUATROCIENEGAS,UDC_ES,0,6139,1,91,6231,10008,35
5,COAHUILA,7,CUATROCIENEGAS,PPC_ES,0,6139,1,91,6231,10008,26
5,COAHUILA,7,CUATROCIENEGAS,PRI_PVEM_NUAL_SI_PJ_PRC_PCP,1,6139,1,91,6231,10008,2835
5,COAHUILA,7,CUATROCIENEGAS,PRI_PVEM_NUAL_SI_PJ_PRC,0,6139,1,91,6231,10008,2827
5,COAHUILA,7,CUATROCIENEGAS,PRI_PVEM_NUAL_SI_PJ_PCP,0,6139,1,91,6231,10008,2831
5,COAHUILA,7,CUATROCIENEGAS,PRI_PVEM_NUAL_SI_PRC_PCP,0,6139,1,91,6231,10008,2822
5,COAHUILA,7,CUATROCIENEGAS,PRI_PVEM_NUAL_PJ_PRC_PCP,0,6139,1,91,6231,10008,2823
5,COAHUILA,7,CUATROCIENEGAS,PRI_PVEM_SI_PJ_PRC_PCP,0,6139,1,91,6231,10008,2803
5,COAHUILA,7,CUATROCIENEGAS,PRI_NUAL_SI_PJ_PRC_PCP,0,6139,1,91,6231,10008,2814
5,COAHUILA,7,CUATROCIENEGAS,PVEM_NUAL_SI_PJ_PRC_PCP,0,6139,1,91,6231,10008,84
5,COAHUILA,7,CUATROCIENEGAS,PRI_PVEM_NUAL_SI_PJ,0,6139,1,91,6231,10008,2824
5,COAHUILA,7,CUATROCIENEGAS,PRI_PVEM_NUAL_SI_PRC,0,6139,1,91,6231,10008,2815
5,COAHUILA,7,CUATROCIENEGAS,PRI_PVEM_NUAL_SI_PCP,0,6139,1,91,6231,10008,2819
5,COAHUILA,7,CUATROCIENEGAS,PRI_PVEM_NUAL_PJ_PRC,0,6139,1,91,6231,10008,2816
5,COAHUILA,7,CUATROCIENEGAS,PRI_PVEM_NUAL_PJ_PCP,0,6139,1,91,6231,10008,2820
5,COAHUILA,7,CUATROCIENEGAS,PRI_PVEM_NUAL_PRC_PCP,0,6139,1,91,6231,10008,2811
5,COAHUILA,7,CUATROCIENEGAS,PRI_PVEM_SI_PJ_PRC,0,6139,1,91,6231,10008,2796
5,COAHUILA,7,CUATROCIENEGAS,PRI_PVEM_SI_PJ_PCP,0,6139,1,91,6231,10008,2800
5,COAHUILA,7,CUATROCIENEGAS,PRI_PVEM_SI_PRC_PCP,0,6139,1,91,6231,10008,2791
5,COAHUILA,7,CUATROCIENEGAS,PRI_PVEM_PJ_PRC_PCP,0,6139,1,91,6231,10008,2792
5,COAHUILA,7,CUATROCIENEGAS,PRI_NUAL_SI_PJ_PRC,0,6139,1,91,6231,10008,2807
5,COAHUILA,7,CUATROCIENEGAS,PRI_NUAL_SI_PJ_PCP,0,6139,1,91,6231,10008,2811
5,COAHUILA,7,CUATROCIENEGAS,PRI_NUAL_SI_PRC_PCP,0,6139,1,91,6231,10008,2802
5,COAHUILA,7,CUATROCIENEGAS,PRI_NUAL_PJ_PRC_PCP,0,6139,1,91,6231,10008,2803
5,COAHUILA,7,CUATROCIENEGAS,PRI_SI_PJ_PRC_PCP,0,6139,1,91,6231,10008,2783
5,COAHUILA,7,CUATROCIENEGAS,PVEM_NUAL_SI_PJ_PRC,0,6139,1,91,6231,10008,77
5,COAHUILA,7,CUATROCIENEGAS,PVEM_NUAL_SI_PJ_PCP,0,6139,1,91,6231,10008,81
5,COAHUILA,7,CUATROCIENEGAS,PVEM_NUAL_SI_PRC_PCP,0,6139,1,91,6231,10008,72
5,COAHUILA,7,CUATROCIENEGAS,PVEM_NUAL_PJ_PRC_PCP,0,6139,1,91,6231,10008,73
5,COAHUILA,7,CUATROCIENEGAS,PVEM_SI_PJ_PRC_PCP,0,6139,1,91,6231,10008,53
5,COAHUILA,7,CUATROCIENEGAS,NUAL_SI_PJ_PRC_PCP,0,6139,1,91,6231,10008,64
5,COAHUILA,7,CUATROCIENEGAS,PRI_PVEM_NUAL_SI,0,6139,1,91,6231,10008,2812
5,COAHUILA,7,CUATROCIENEGAS,PRI_PVEM_NUAL_PJ,0,6139,1,91,6231,10008,2813
5,COAHUILA,7,CUATROCIENEGAS,PRI_PVEM_NUAL_PRC,0,6139,1,91,6231,10008,2804
5,COAHUILA,7,CUATROCIENEGAS,PRI_PVEM_NUAL_PCP,0,6139,1,91,6231,10008,2808
5,COAHUILA,7,CUATROCIENEGAS,PRI_PVEM_SI_PJ,0,6139,1,91,6231,10008,2793
5,COAHUILA,7,CUATROCIENEGAS,PRI_PVEM_SI_PRC,0,6139,1,91,6231,10008,2784
5,COAHUILA,7,CUATROCIENEGAS,PRI_PVEM_SI_PCP,0,6139,1,91,6231,10008,2788
5,COAHUILA,7,CUATROCIENEGAS,PRI_PVEM_PJ_PRC,0,6139,1,91,6231,10008,2785
5,COAHUILA,7,CUATROCIENEGAS,PRI_PVEM_PJ_PCP,0,6139,1,91,6231,10008,2789
5,COAHUILA,7,CUATROCIENEGAS,PRI_PVEM_PRC_PCP,0,6139,1,91,6231,10008,2780
5,COAHUILA,7,CUATROCIENEGAS,PRI_NUAL_SI_PJ,0,6139,1,91,6231,10008,2804
5,COAHUILA,7,CUATROCIENEGAS,PRI_NUAL_SI_PRC,0,6139,1,91,6231,10008,2795
5,COAHUILA,7,CUATROCIENEGAS,PRI_NUAL_SI_PCP,0,6139,1,91,6231,10008,2799
5,COAHUILA,7,CUATROCIENEGAS,PRI_NUAL_PJ_PRC,0,6139,1,91,6231,10008,2796
5,COAHUILA,7,CUATROCIENEGAS,PRI_NUAL_PJ_PCP,0,6139,1,91,6231,10008,2800
5,COAHUILA,7,CUATROCIENEGAS,PRI_NUAL_PRC_PCP,0,6139,1,91,6231,10008,2791
5,COAHUILA,7,CUATROCIENEGAS,PRI_SI_PJ_PRC,0,6139,1,91,6231,10008,2776
5,COAHUILA,7,CUATROCIENEGAS,PRI_SI_PJ_PCP,0,6139,1,91,6231,10008,2780
5,COAHUILA,7,CUATROCIENEGAS,PRI_SI_PRC_PCP,0,6139,1,91,6231,10008,2771
5,COAHUILA,7,CUATROCIENEGAS,PRI_PJ_PRC_PCP,0,6139,1,91,6231,10008,2772
5,COAHUILA,7,CUATROCIENEGAS,PVEM_NUAL_SI_PJ,0,6139,1,91,6231,10008,74
5,COAHUILA,7,CUATROCIENEGAS,PVEM_NUAL_SI_PRC,0,6139,1,91,6231,10008,65
5,COAHUILA,7,CUATROCIENEGAS,PVEM_NUAL_SI_PCP,0,6139,1,91,6231,10008,69
5,COAHUILA,7,CUATROCIENEGAS,PVEM_NUAL_PJ_PRC,0,6139,1,91,6231,10008,66
5,COAHUILA,7,CUATROCIENEGAS,PVEM_NUAL_PJ_PCP,0,6139,1,91,6231,10008,70
5,COAHUILA,7,CUATROCIENEGAS,PVEM_NUAL_PRC_PCP,0,6139,1,91,6231,10008,61
5,COAHUILA,7,CUATROCIENEGAS,PVEM_SI_PJ_PRC,0,6139,1,91,6231,10008,46
5,COAHUILA,7,CUATROCIENEGAS,PVEM_SI_PJ_PCP,0,6139,1,91,6231,10008,50
5,COAHUILA,7,CUATROCIENEGAS,PVEM_SI_PRC_PCP,0,6139,1,91,6231,10008,41
5,COAHUILA,7,CUATROCIENEGAS,PVEM_PJ_PRC_PCP,0,6139,1,91,6231,10008,42
5,COAHUILA,7,CUATROCIENEGAS,NUAL_SI_PJ_PRC,0,6139,1,91,6231,10008,57
5,COAHUILA,7,CUATROCIENEGAS,NUAL_SI_PJ_PCP,0,6139,1,91,6231,10008,61
5,COAHUILA,7,CUATROCIENEGAS,NUAL_SI_PRC_PCP,0,6139,1,91,6231,10008,52
5,COAHUILA,7,CUATROCIENEGAS,NUAL_PJ_PRC_PCP,0,6139,1,91,6231,10008,53
5,COAHUILA,7,CUATROCIENEGAS,SI_PJ_PRC_PCP,0,6139,1,91,6231,10008,33
5,COAHUILA,7,CUATROCIENEGAS,PRI_PVEM_NUAL,1,6139,1,91,6231,10008,2802
5,COAHUILA,7,CUATROCIENEGAS,PRI_PVEM_SI,0,6139,1,91,6231,10008,2781
5,COAHUILA,7,CUATROCIENEGAS,PRI_PVEM_PJ,0,6139,1,91,6231,10008,2782
5,COAHUILA,7,CUATROCIENEGAS,PRI_PVEM_PRC,0,6139,1,91,6231,10008,2773
5,COAHUILA,7,CUATROCIENEGAS,PRI_PVEM_PCP,0,6139,1,91,6231,10008,2777
5,COAHUILA,7,CUATROCIENEGAS,PRI_NUAL_SI,0,6139,1,91,6231,10008,2792
5,COAHUILA,7,CUATROCIENEGAS,PRI_NUAL_PJ,0,6139,1,91,6231,10008,2793
5,COAHUILA,7,CUATROCIENEGAS,PRI_NUAL_PRC,1,6139,1,91,6231,10008,2785
5,COAHUILA,7,CUATROCIENEGAS,PRI_NUAL_PCP,0,6139,1,91,6231,10008,2788
5,COAHUILA,7,CUATROCIENEGAS,PRI_SI_PJ,1,6139,1,91,6231,10008,2774
5,COAHUILA,7,CUATROCIENEGAS,PRI_SI_PRC,0,6139,1,91,6231,10008,2764
5,COAHUILA,7,CUATROCIENEGAS,PRI_SI_PCP,0,6139,1,91,6231,10008,2768
5,COAHUILA,7,CUATROCIENEGAS,PRI_PJ_PRC,0,6139,1,91,6231,10008,2765
5,COAHUILA,7,CUATROCIENEGAS,PRI_PJ_PCP,0,6139,1,91,6231,10008,2769
5,COAHUILA,7,CUATROCIENEGAS,PRI_PRC_PCP,0,6139,1,91,6231,10008,2760
5,COAHUILA,7,CUATROCIENEGAS,PVEM_NUAL_SI,0,6139,1,91,6231,10008,62
5,COAHUILA,7,CUATROCIENEGAS,PVEM_NUAL_PJ,0,6139,1,91,6231,10008,63
5,COAHUILA,7,CUATROCIENEGAS,PVEM_NUAL_PRC,0,6139,1,91,6231,10008,54
5,COAHUILA,7,CUATROCIENEGAS,PVEM_NUAL_PCP,0,6139,1,91,6231,10008,58
5,COAHUILA,7,CUATROCIENEGAS,PVEM_SI_PJ,0,6139,1,91,6231,10008,43
5,COAHUILA,7,CUATROCIENEGAS,PVEM_SI_PRC,0,6139,1,91,6231,10008,34
5,COAHUILA,7,CUATROCIENEGAS,PVEM_SI_PCP,0,6139,1,91,6231,10008,38
5,COAHUILA,7,CUATROCIENEGAS,PVEM_PJ_PRC,0,6139,1,91,6231,10008,35
5,COAHUILA,7,CUATROCIENEGAS,PVEM_PJ_PCP,0,6139,1,91,6231,10008,39
5,COAHUILA,7,CUATROCIENEGAS,PVEM_PRC_PCP,0,6139,1,91,6231,10008,30
5,COAHUILA,7,CUATROCIENEGAS,NUAL_SI_PJ,0,6139,1,91,6231,10008,54
5,COAHUILA,7,CUATROCIENEGAS,NUAL_SI_PRC,0,6139,1,91,6231,10008,45
5,COAHUILA,7,CUATROCIENEGAS,NUAL_SI_PCP,0,6139,1,91,6231,10008,49
5,COAHUILA,7,CUATROCIENEGAS,NUAL_PJ_PRC,0,6139,1,91,6231,10008,46
5,COAHUILA,7,CUATROCIENEGAS,NUAL_PJ_PCP,0,6139,1,91,6231,10008,50
5,COAHUILA,7,CUATROCIENEGAS,NUAL_PRC_PCP,0,6139,1,91,6231,10008,41
5,COAHUILA,7,CUATROCIENEGAS,SI_PJ_PRC,0,6139,1,91,6231,10008,26
5,COAHUILA,7,CUATROCIENEGAS,SI_PJ_PCP,0,6139,1,91,6231,10008,30
5,COAHUILA,7,CUATROCIENEGAS,SI_PRC_PCP,0,6139,1,91,6231,10008,21
5,COAHUILA,7,CUATROCIENEGAS,PJ_PRC_PCP,0,6139,1,91,6231,10008,22
5,COAHUILA,7,CUATROCIENEGAS,PRI_PVEM,8,6139,1,91,6231,10008,2778
5,COAHUILA,7,CUATROCIENEGAS,PRI_NUAL,3,6139,1,91,6231,10008,2784
5,COAHUILA,7,CUATROCIENEGAS,PRI_SI,0,6139,1,91,6231,10008,2761
5,COAHUILA,7,CUATROCIENEGAS,PRI_PJ,1,6139,1,91,6231,10008,2763
5,COAHUILA,7,CUATROCIENEGAS,PRI_PRC,0,6139,1,91,6231,10008,2753
5,COAHUILA,7,CUATROCIENEGAS,PRI_PCP,1,6139,1,91,6231,10008,2758
5,COAHUILA,7,CUATROCIENEGAS,PVEM_NUAL,0,6139,1,91,6231,10008,51
5,COAHUILA,7,CUATROCIENEGAS,PVEM_SI,0,6139,1,91,6231,10008,31
5,COAHUILA,7,CUATROCIENEGAS,PVEM_PJ,0,6139,1,91,6231,10008,32
5,COAHUILA,7,CUATROCIENEGAS,PVEM_PRC,0,6139,1,91,6231,10008,23
5,COAHUILA,7,CUATROCIENEGAS,PVEM_PCP,0,6139,1,91,6231,10008,27
5,COAHUILA,7,CUATROCIENEGAS,NUAL_SI,0,6139,1,91,6231,10008,42
5,COAHUILA,7,CUATROCIENEGAS,NUAL_PJ,0,6139,1,91,6231,10008,43
5,COAHUILA,7,CUATROCIENEGAS,NUAL_PRC,0,6139,1,91,6231,10008,34
5,COAHUILA,7,CUATROCIENEGAS,NUAL_PCP,0,6139,1,91,6231,10008,38
5,COAHUILA,7,CUATROCIENEGAS,SI_PJ,0,6139,1,91,6231,10008,23
5,COAHUILA,7,CUATROCIENEGAS,SI_PRC,0,6139,1,91,6231,10008,14
5,COAHUILA,7,CUATROCIENEGAS,SI_PCP,0,6139,1,91,6231,10008,18
5,COAHUILA,7,CUATROCIENEGAS,PJ_PRC,0,6139,1,91,6231,10008,15
5,COAHUILA,7,CUATROCIENEGAS,PJ_PCP,0,6139,1,91,6231,10008,19
5,COAHUILA,7,CUATROCIENEGAS,PRC_PCP,0,6139,1,91,6231,10008,10
5,COAHUILA,7,CUATROCIENEGAS,CAND_IND6,NA,6139,1,91,6231,10008,0
5,COAHUILA,7,CUATROCIENEGAS,CAND_IND7,77,6139,1,91,6231,10008,77
5,COAHUILA,7,CUATROCIENEGAS,CAND_IND8,NA,6139,1,91,6231,10008,0
5,COAHUILA,7,CUATROCIENEGAS,CAND_IND9,NA,6139,1,91,6231,10008,0
5,COAHUILA,7,CUATROCIENEGAS,CAND_IND10,NA,6139,1,91,6231,10008,0
5,COAHUILA,7,CUATROCIENEGAS,CAND_IND11,NA,6139,1,91,6231,10008,0
5,COAHUILA,7,CUATROCIENEGAS,CAND_IND12,NA,6139,1,91,6231,10008,0
5,COAHUILA,7,CUATROCIENEGAS,CAND_IND13,NA,6139,1,91,6231,10008,0
5,COAHUILA,7,CUATROCIENEGAS,CAND_IND14,NA,6139,1,91,6231,10008,0
5,COAHUILA,7,CUATROCIENEGAS,CAND_IND15,NA,6139,1,91,6231,10008,0
5,COAHUILA,7,CUATROCIENEGAS,CAND_IND16,NA,6139,1,91,6231,10008,0
5,COAHUILA,7,CUATROCIENEGAS,CAND_IND17,NA,6139,1,91,6231,10008,0
5,COAHUILA,7,CUATROCIENEGAS,CAND_IND18,NA,6139,1,91,6231,10008,0
5,COAHUILA,7,CUATROCIENEGAS,CAND_IND19,NA,6139,1,91,6231,10008,0
5,COAHUILA,8,ESCOBEDO,PAN,18,1691,0,27,1718,2479,18
5,COAHUILA,8,ESCOBEDO,PRI,849,1691,0,27,1718,2479,849
5,COAHUILA,8,ESCOBEDO,PRD,593,1691,0,27,1718,2479,593
5,COAHUILA,8,ESCOBEDO,PT,0,1691,0,27,1718,2479,0
5,COAHUILA,8,ESCOBEDO,PVEM,2,1691,0,27,1718,2479,2
5,COAHUILA,8,ESCOBEDO,UDC,1,1691,0,27,1718,2479,1
5,COAHUILA,8,ESCOBEDO,MC,0,1691,0,27,1718,2479,0
5,COAHUILA,8,ESCOBEDO,NUAL,3,1691,0,27,1718,2479,3
5,COAHUILA,8,ESCOBEDO,SI,0,1691,0,27,1718,2479,0
5,COAHUILA,8,ESCOBEDO,PPC,3,1691,0,27,1718,2479,3
5,COAHUILA,8,ESCOBEDO,PJ,2,1691,0,27,1718,2479,2
5,COAHUILA,8,ESCOBEDO,PRC,5,1691,0,27,1718,2479,5
5,COAHUILA,8,ESCOBEDO,PCP,0,1691,0,27,1718,2479,0
5,COAHUILA,8,ESCOBEDO,MORENA,199,1691,0,27,1718,2479,199
5,COAHUILA,8,ESCOBEDO,ES,10,1691,0,27,1718,2479,10
5,COAHUILA,8,ESCOBEDO,PAN_UDC_PPC_ES,0,1691,0,27,1718,2479,32
5,COAHUILA,8,ESCOBEDO,PAN_UDC_PPC,0,1691,0,27,1718,2479,22
5,COAHUILA,8,ESCOBEDO,PAN_UDC_ES,0,1691,0,27,1718,2479,29
5,COAHUILA,8,ESCOBEDO,PAN_PPC_ES,0,1691,0,27,1718,2479,31
5,COAHUILA,8,ESCOBEDO,UDC_PPC_ES,0,1691,0,27,1718,2479,14
5,COAHUILA,8,ESCOBEDO,PAN_UDC,0,1691,0,27,1718,2479,19
5,COAHUILA,8,ESCOBEDO,PAN_PPC,0,1691,0,27,1718,2479,21
5,COAHUILA,8,ESCOBEDO,PAN_ES,0,1691,0,27,1718,2479,28
5,COAHUILA,8,ESCOBEDO,UDC_PPC,0,1691,0,27,1718,2479,4
5,COAHUILA,8,ESCOBEDO,UDC_ES,0,1691,0,27,1718,2479,11
5,COAHUILA,8,ESCOBEDO,PPC_ES,1,1691,0,27,1718,2479,14
5,COAHUILA,8,ESCOBEDO,PRI_PVEM_NUAL_SI_PJ_PRC_PCP,0,1691,0,27,1718,2479,861
5,COAHUILA,8,ESCOBEDO,PRI_PVEM_NUAL_SI_PJ_PRC,0,1691,0,27,1718,2479,861
5,COAHUILA,8,ESCOBEDO,PRI_PVEM_NUAL_SI_PJ_PCP,0,1691,0,27,1718,2479,856
5,COAHUILA,8,ESCOBEDO,PRI_PVEM_NUAL_SI_PRC_PCP,0,1691,0,27,1718,2479,859
5,COAHUILA,8,ESCOBEDO,PRI_PVEM_NUAL_PJ_PRC_PCP,0,1691,0,27,1718,2479,861
5,COAHUILA,8,ESCOBEDO,PRI_PVEM_SI_PJ_PRC_PCP,0,1691,0,27,1718,2479,858
5,COAHUILA,8,ESCOBEDO,PRI_NUAL_SI_PJ_PRC_PCP,0,1691,0,27,1718,2479,859
5,COAHUILA,8,ESCOBEDO,PVEM_NUAL_SI_PJ_PRC_PCP,0,1691,0,27,1718,2479,12
5,COAHUILA,8,ESCOBEDO,PRI_PVEM_NUAL_SI_PJ,0,1691,0,27,1718,2479,856
5,COAHUILA,8,ESCOBEDO,PRI_PVEM_NUAL_SI_PRC,0,1691,0,27,1718,2479,859
5,COAHUILA,8,ESCOBEDO,PRI_PVEM_NUAL_SI_PCP,0,1691,0,27,1718,2479,854
5,COAHUILA,8,ESCOBEDO,PRI_PVEM_NUAL_PJ_PRC,0,1691,0,27,1718,2479,861
5,COAHUILA,8,ESCOBEDO,PRI_PVEM_NUAL_PJ_PCP,0,1691,0,27,1718,2479,856
5,COAHUILA,8,ESCOBEDO,PRI_PVEM_NUAL_PRC_PCP,0,1691,0,27,1718,2479,859
5,COAHUILA,8,ESCOBEDO,PRI_PVEM_SI_PJ_PRC,0,1691,0,27,1718,2479,858
5,COAHUILA,8,ESCOBEDO,PRI_PVEM_SI_PJ_PCP,0,1691,0,27,1718,2479,853
5,COAHUILA,8,ESCOBEDO,PRI_PVEM_SI_PRC_PCP,0,1691,0,27,1718,2479,856
5,COAHUILA,8,ESCOBEDO,PRI_PVEM_PJ_PRC_PCP,0,1691,0,27,1718,2479,858
5,COAHUILA,8,ESCOBEDO,PRI_NUAL_SI_PJ_PRC,0,1691,0,27,1718,2479,859
5,COAHUILA,8,ESCOBEDO,PRI_NUAL_SI_PJ_PCP,0,1691,0,27,1718,2479,854
5,COAHUILA,8,ESCOBEDO,PRI_NUAL_SI_PRC_PCP,0,1691,0,27,1718,2479,857
5,COAHUILA,8,ESCOBEDO,PRI_NUAL_PJ_PRC_PCP,0,1691,0,27,1718,2479,859
5,COAHUILA,8,ESCOBEDO,PRI_SI_PJ_PRC_PCP,0,1691,0,27,1718,2479,856
5,COAHUILA,8,ESCOBEDO,PVEM_NUAL_SI_PJ_PRC,0,1691,0,27,1718,2479,12
5,COAHUILA,8,ESCOBEDO,PVEM_NUAL_SI_PJ_PCP,0,1691,0,27,1718,2479,7
5,COAHUILA,8,ESCOBEDO,PVEM_NUAL_SI_PRC_PCP,0,1691,0,27,1718,2479,10
5,COAHUILA,8,ESCOBEDO,PVEM_NUAL_PJ_PRC_PCP,0,1691,0,27,1718,2479,12
5,COAHUILA,8,ESCOBEDO,PVEM_SI_PJ_PRC_PCP,0,1691,0,27,1718,2479,9
5,COAHUILA,8,ESCOBEDO,NUAL_SI_PJ_PRC_PCP,0,1691,0,27,1718,2479,10
5,COAHUILA,8,ESCOBEDO,PRI_PVEM_NUAL_SI,0,1691,0,27,1718,2479,854
5,COAHUILA,8,ESCOBEDO,PRI_PVEM_NUAL_PJ,0,1691,0,27,1718,2479,856
5,COAHUILA,8,ESCOBEDO,PRI_PVEM_NUAL_PRC,0,1691,0,27,1718,2479,859
5,COAHUILA,8,ESCOBEDO,PRI_PVEM_NUAL_PCP,0,1691,0,27,1718,2479,854
5,COAHUILA,8,ESCOBEDO,PRI_PVEM_SI_PJ,0,1691,0,27,1718,2479,853
5,COAHUILA,8,ESCOBEDO,PRI_PVEM_SI_PRC,0,1691,0,27,1718,2479,856
5,COAHUILA,8,ESCOBEDO,PRI_PVEM_SI_PCP,0,1691,0,27,1718,2479,851
5,COAHUILA,8,ESCOBEDO,PRI_PVEM_PJ_PRC,0,1691,0,27,1718,2479,858
5,COAHUILA,8,ESCOBEDO,PRI_PVEM_PJ_PCP,0,1691,0,27,1718,2479,853
5,COAHUILA,8,ESCOBEDO,PRI_PVEM_PRC_PCP,0,1691,0,27,1718,2479,856
5,COAHUILA,8,ESCOBEDO,PRI_NUAL_SI_PJ,0,1691,0,27,1718,2479,854
5,COAHUILA,8,ESCOBEDO,PRI_NUAL_SI_PRC,0,1691,0,27,1718,2479,857
5,COAHUILA,8,ESCOBEDO,PRI_NUAL_SI_PCP,0,1691,0,27,1718,2479,852
5,COAHUILA,8,ESCOBEDO,PRI_NUAL_PJ_PRC,0,1691,0,27,1718,2479,859
5,COAHUILA,8,ESCOBEDO,PRI_NUAL_PJ_PCP,0,1691,0,27,1718,2479,854
5,COAHUILA,8,ESCOBEDO,PRI_NUAL_PRC_PCP,0,1691,0,27,1718,2479,857
5,COAHUILA,8,ESCOBEDO,PRI_SI_PJ_PRC,0,1691,0,27,1718,2479,856
5,COAHUILA,8,ESCOBEDO,PRI_SI_PJ_PCP,0,1691,0,27,1718,2479,851
5,COAHUILA,8,ESCOBEDO,PRI_SI_PRC_PCP,0,1691,0,27,1718,2479,854
5,COAHUILA,8,ESCOBEDO,PRI_PJ_PRC_PCP,0,1691,0,27,1718,2479,856
5,COAHUILA,8,ESCOBEDO,PVEM_NUAL_SI_PJ,0,1691,0,27,1718,2479,7
5,COAHUILA,8,ESCOBEDO,PVEM_NUAL_SI_PRC,0,1691,0,27,1718,2479,10
5,COAHUILA,8,ESCOBEDO,PVEM_NUAL_SI_PCP,0,1691,0,27,1718,2479,5
5,COAHUILA,8,ESCOBEDO,PVEM_NUAL_PJ_PRC,0,1691,0,27,1718,2479,12
5,COAHUILA,8,ESCOBEDO,PVEM_NUAL_PJ_PCP,0,1691,0,27,1718,2479,7
5,COAHUILA,8,ESCOBEDO,PVEM_NUAL_PRC_PCP,0,1691,0,27,1718,2479,10
5,COAHUILA,8,ESCOBEDO,PVEM_SI_PJ_PRC,0,1691,0,27,1718,2479,9
5,COAHUILA,8,ESCOBEDO,PVEM_SI_PJ_PCP,0,1691,0,27,1718,2479,4
5,COAHUILA,8,ESCOBEDO,PVEM_SI_PRC_PCP,0,1691,0,27,1718,2479,7
5,COAHUILA,8,ESCOBEDO,PVEM_PJ_PRC_PCP,0,1691,0,27,1718,2479,9
5,COAHUILA,8,ESCOBEDO,NUAL_SI_PJ_PRC,0,1691,0,27,1718,2479,10
5,COAHUILA,8,ESCOBEDO,NUAL_SI_PJ_PCP,0,1691,0,27,1718,2479,5
5,COAHUILA,8,ESCOBEDO,NUAL_SI_PRC_PCP,0,1691,0,27,1718,2479,8
5,COAHUILA,8,ESCOBEDO,NUAL_PJ_PRC_PCP,0,1691,0,27,1718,2479,10
5,COAHUILA,8,ESCOBEDO,SI_PJ_PRC_PCP,0,1691,0,27,1718,2479,7
5,COAHUILA,8,ESCOBEDO,PRI_PVEM_NUAL,2,1691,0,27,1718,2479,856
5,COAHUILA,8,ESCOBEDO,PRI_PVEM_SI,0,1691,0,27,1718,2479,851
5,COAHUILA,8,ESCOBEDO,PRI_PVEM_PJ,0,1691,0,27,1718,2479,853
5,COAHUILA,8,ESCOBEDO,PRI_PVEM_PRC,0,1691,0,27,1718,2479,856
5,COAHUILA,8,ESCOBEDO,PRI_PVEM_PCP,0,1691,0,27,1718,2479,851
5,COAHUILA,8,ESCOBEDO,PRI_NUAL_SI,0,1691,0,27,1718,2479,852
5,COAHUILA,8,ESCOBEDO,PRI_NUAL_PJ,0,1691,0,27,1718,2479,854
5,COAHUILA,8,ESCOBEDO,PRI_NUAL_PRC,0,1691,0,27,1718,2479,857
5,COAHUILA,8,ESCOBEDO,PRI_NUAL_PCP,0,1691,0,27,1718,2479,852
5,COAHUILA,8,ESCOBEDO,PRI_SI_PJ,0,1691,0,27,1718,2479,851
5,COAHUILA,8,ESCOBEDO,PRI_SI_PRC,0,1691,0,27,1718,2479,854
5,COAHUILA,8,ESCOBEDO,PRI_SI_PCP,0,1691,0,27,1718,2479,849
5,COAHUILA,8,ESCOBEDO,PRI_PJ_PRC,0,1691,0,27,1718,2479,856
5,COAHUILA,8,ESCOBEDO,PRI_PJ_PCP,0,1691,0,27,1718,2479,851
5,COAHUILA,8,ESCOBEDO,PRI_PRC_PCP,0,1691,0,27,1718,2479,854
5,COAHUILA,8,ESCOBEDO,PVEM_NUAL_SI,0,1691,0,27,1718,2479,5
5,COAHUILA,8,ESCOBEDO,PVEM_NUAL_PJ,0,1691,0,27,1718,2479,7
5,COAHUILA,8,ESCOBEDO,PVEM_NUAL_PRC,0,1691,0,27,1718,2479,10
5,COAHUILA,8,ESCOBEDO,PVEM_NUAL_PCP,0,1691,0,27,1718,2479,5
5,COAHUILA,8,ESCOBEDO,PVEM_SI_PJ,0,1691,0,27,1718,2479,4
5,COAHUILA,8,ESCOBEDO,PVEM_SI_PRC,0,1691,0,27,1718,2479,7
5,COAHUILA,8,ESCOBEDO,PVEM_SI_PCP,0,1691,0,27,1718,2479,2
5,COAHUILA,8,ESCOBEDO,PVEM_PJ_PRC,0,1691,0,27,1718,2479,9
5,COAHUILA,8,ESCOBEDO,PVEM_PJ_PCP,0,1691,0,27,1718,2479,4
5,COAHUILA,8,ESCOBEDO,PVEM_PRC_PCP,0,1691,0,27,1718,2479,7
5,COAHUILA,8,ESCOBEDO,NUAL_SI_PJ,0,1691,0,27,1718,2479,5
5,COAHUILA,8,ESCOBEDO,NUAL_SI_PRC,0,1691,0,27,1718,2479,8
5,COAHUILA,8,ESCOBEDO,NUAL_SI_PCP,0,1691,0,27,1718,2479,3
5,COAHUILA,8,ESCOBEDO,NUAL_PJ_PRC,0,1691,0,27,1718,2479,10
5,COAHUILA,8,ESCOBEDO,NUAL_PJ_PCP,0,1691,0,27,1718,2479,5
5,COAHUILA,8,ESCOBEDO,NUAL_PRC_PCP,0,1691,0,27,1718,2479,8
5,COAHUILA,8,ESCOBEDO,SI_PJ_PRC,0,1691,0,27,1718,2479,7
5,COAHUILA,8,ESCOBEDO,SI_PJ_PCP,0,1691,0,27,1718,2479,2
5,COAHUILA,8,ESCOBEDO,SI_PRC_PCP,0,1691,0,27,1718,2479,5
5,COAHUILA,8,ESCOBEDO,PJ_PRC_PCP,0,1691,0,27,1718,2479,7
5,COAHUILA,8,ESCOBEDO,PRI_PVEM,2,1691,0,27,1718,2479,853
5,COAHUILA,8,ESCOBEDO,PRI_NUAL,0,1691,0,27,1718,2479,852
5,COAHUILA,8,ESCOBEDO,PRI_SI,1,1691,0,27,1718,2479,850
5,COAHUILA,8,ESCOBEDO,PRI_PJ,0,1691,0,27,1718,2479,851
5,COAHUILA,8,ESCOBEDO,PRI_PRC,0,1691,0,27,1718,2479,854
5,COAHUILA,8,ESCOBEDO,PRI_PCP,0,1691,0,27,1718,2479,849
5,COAHUILA,8,ESCOBEDO,PVEM_NUAL,0,1691,0,27,1718,2479,5
5,COAHUILA,8,ESCOBEDO,PVEM_SI,0,1691,0,27,1718,2479,2
5,COAHUILA,8,ESCOBEDO,PVEM_PJ,0,1691,0,27,1718,2479,4
5,COAHUILA,8,ESCOBEDO,PVEM_PRC,0,1691,0,27,1718,2479,7
5,COAHUILA,8,ESCOBEDO,PVEM_PCP,0,1691,0,27,1718,2479,2
5,COAHUILA,8,ESCOBEDO,NUAL_SI,0,1691,0,27,1718,2479,3
5,COAHUILA,8,ESCOBEDO,NUAL_PJ,0,1691,0,27,1718,2479,5
5,COAHUILA,8,ESCOBEDO,NUAL_PRC,0,1691,0,27,1718,2479,8
5,COAHUILA,8,ESCOBEDO,NUAL_PCP,0,1691,0,27,1718,2479,3
5,COAHUILA,8,ESCOBEDO,SI_PJ,0,1691,0,27,1718,2479,2
5,COAHUILA,8,ESCOBEDO,SI_PRC,0,1691,0,27,1718,2479,5
5,COAHUILA,8,ESCOBEDO,SI_PCP,0,1691,0,27,1718,2479,0
5,COAHUILA,8,ESCOBEDO,PJ_PRC,0,1691,0,27,1718,2479,7
5,COAHUILA,8,ESCOBEDO,PJ_PCP,0,1691,0,27,1718,2479,2
5,COAHUILA,8,ESCOBEDO,PRC_PCP,0,1691,0,27,1718,2479,5
5,COAHUILA,8,ESCOBEDO,CAND_IND6,NA,1691,0,27,1718,2479,0
5,COAHUILA,8,ESCOBEDO,CAND_IND7,NA,1691,0,27,1718,2479,0
5,COAHUILA,8,ESCOBEDO,CAND_IND8,NA,1691,0,27,1718,2479,0
5,COAHUILA,8,ESCOBEDO,CAND_IND9,NA,1691,0,27,1718,2479,0
5,COAHUILA,8,ESCOBEDO,CAND_IND10,NA,1691,0,27,1718,2479,0
5,COAHUILA,8,ESCOBEDO,CAND_IND11,NA,1691,0,27,1718,2479,0
5,COAHUILA,8,ESCOBEDO,CAND_IND12,NA,1691,0,27,1718,2479,0
5,COAHUILA,8,ESCOBEDO,CAND_IND13,NA,1691,0,27,1718,2479,0
5,COAHUILA,8,ESCOBEDO,CAND_IND14,NA,1691,0,27,1718,2479,0
5,COAHUILA,8,ESCOBEDO,CAND_IND15,NA,1691,0,27,1718,2479,0
5,COAHUILA,8,ESCOBEDO,CAND_IND16,NA,1691,0,27,1718,2479,0
5,COAHUILA,8,ESCOBEDO,CAND_IND17,NA,1691,0,27,1718,2479,0
5,COAHUILA,8,ESCOBEDO,CAND_IND18,NA,1691,0,27,1718,2479,0
5,COAHUILA,8,ESCOBEDO,CAND_IND19,NA,1691,0,27,1718,2479,0
5,COAHUILA,9,FRANCISCO I.MADERO,PAN,4646,27424,4,557,27985,43557,4646
5,COAHUILA,9,FRANCISCO I.MADERO,PRI,9202,27424,4,557,27985,43557,9202
5,COAHUILA,9,FRANCISCO I.MADERO,PRD,452,27424,4,557,27985,43557,452
5,COAHUILA,9,FRANCISCO I.MADERO,PT,140,27424,4,557,27985,43557,140
5,COAHUILA,9,FRANCISCO I.MADERO,PVEM,1142,27424,4,557,27985,43557,1142
5,COAHUILA,9,FRANCISCO I.MADERO,UDC,1376,27424,4,557,27985,43557,1376
5,COAHUILA,9,FRANCISCO I.MADERO,MC,102,27424,4,557,27985,43557,102
5,COAHUILA,9,FRANCISCO I.MADERO,NUAL,396,27424,4,557,27985,43557,396
5,COAHUILA,9,FRANCISCO I.MADERO,SI,265,27424,4,557,27985,43557,265
5,COAHUILA,9,FRANCISCO I.MADERO,PPC,552,27424,4,557,27985,43557,552
5,COAHUILA,9,FRANCISCO I.MADERO,PJ,6614,27424,4,557,27985,43557,6614
5,COAHUILA,9,FRANCISCO I.MADERO,PRC,344,27424,4,557,27985,43557,344
5,COAHUILA,9,FRANCISCO I.MADERO,PCP,52,27424,4,557,27985,43557,52
5,COAHUILA,9,FRANCISCO I.MADERO,MORENA,1865,27424,4,557,27985,43557,1865
5,COAHUILA,9,FRANCISCO I.MADERO,ES,147,27424,4,557,27985,43557,147
5,COAHUILA,9,FRANCISCO I.MADERO,PAN_UDC_PPC_ES,20,27424,4,557,27985,43557,6741
5,COAHUILA,9,FRANCISCO I.MADERO,PAN_UDC_PPC,23,27424,4,557,27985,43557,6597
5,COAHUILA,9,FRANCISCO I.MADERO,PAN_UDC_ES,4,27424,4,557,27985,43557,6173
5,COAHUILA,9,FRANCISCO I.MADERO,PAN_PPC_ES,1,27424,4,557,27985,43557,5346
5,COAHUILA,9,FRANCISCO I.MADERO,UDC_PPC_ES,0,27424,4,557,27985,43557,2075
5,COAHUILA,9,FRANCISCO I.MADERO,PAN_UDC,53,27424,4,557,27985,43557,6075
5,COAHUILA,9,FRANCISCO I.MADERO,PAN_PPC,19,27424,4,557,27985,43557,5217
5,COAHUILA,9,FRANCISCO I.MADERO,PAN_ES,6,27424,4,557,27985,43557,4799
5,COAHUILA,9,FRANCISCO I.MADERO,UDC_PPC,3,27424,4,557,27985,43557,1931
5,COAHUILA,9,FRANCISCO I.MADERO,UDC_ES,0,27424,4,557,27985,43557,1523
5,COAHUILA,9,FRANCISCO I.MADERO,PPC_ES,0,27424,4,557,27985,43557,699
5,COAHUILA,9,FRANCISCO I.MADERO,PRI_PVEM_NUAL_SI_PJ_PRC_PCP,0,27424,4,557,27985,43557,18015
5,COAHUILA,9,FRANCISCO I.MADERO,PRI_PVEM_NUAL_SI_PJ_PRC,0,27424,4,557,27985,43557,17963
5,COAHUILA,9,FRANCISCO I.MADERO,PRI_PVEM_NUAL_SI_PJ_PCP,0,27424,4,557,27985,43557,17671
5,COAHUILA,9,FRANCISCO I.MADERO,PRI_PVEM_NUAL_SI_PRC_PCP,0,27424,4,557,27985,43557,11401
5,COAHUILA,9,FRANCISCO I.MADERO,PRI_PVEM_NUAL_PJ_PRC_PCP,0,27424,4,557,27985,43557,17750
5,COAHUILA,9,FRANCISCO I.MADERO,PRI_PVEM_SI_PJ_PRC_PCP,0,27424,4,557,27985,43557,17619
5,COAHUILA,9,FRANCISCO I.MADERO,PRI_NUAL_SI_PJ_PRC_PCP,0,27424,4,557,27985,43557,16873
5,COAHUILA,9,FRANCISCO I.MADERO,PVEM_NUAL_SI_PJ_PRC_PCP,0,27424,4,557,27985,43557,8813
5,COAHUILA,9,FRANCISCO I.MADERO,PRI_PVEM_NUAL_SI_PJ,0,27424,4,557,27985,43557,17619
5,COAHUILA,9,FRANCISCO I.MADERO,PRI_PVEM_NUAL_SI_PRC,0,27424,4,557,27985,43557,11349
5,COAHUILA,9,FRANCISCO I.MADERO,PRI_PVEM_NUAL_SI_PCP,0,27424,4,557,27985,43557,11057
5,COAHUILA,9,FRANCISCO I.MADERO,PRI_PVEM_NUAL_PJ_PRC,0,27424,4,557,27985,43557,17698
5,COAHUILA,9,FRANCISCO I.MADERO,PRI_PVEM_NUAL_PJ_PCP,0,27424,4,557,27985,43557,17406
5,COAHUILA,9,FRANCISCO I.MADERO,PRI_PVEM_NUAL_PRC_PCP,0,27424,4,557,27985,43557,11136
5,COAHUILA,9,FRANCISCO I.MADERO,PRI_PVEM_SI_PJ_PRC,0,27424,4,557,27985,43557,17567
5,COAHUILA,9,FRANCISCO I.MADERO,PRI_PVEM_SI_PJ_PCP,0,27424,4,557,27985,43557,17275
5,COAHUILA,9,FRANCISCO I.MADERO,PRI_PVEM_SI_PRC_PCP,0,27424,4,557,27985,43557,11005
5,COAHUILA,9,FRANCISCO I.MADERO,PRI_PVEM_PJ_PRC_PCP,0,27424,4,557,27985,43557,17354
5,COAHUILA,9,FRANCISCO I.MADERO,PRI_NUAL_SI_PJ_PRC,0,27424,4,557,27985,43557,16821
5,COAHUILA,9,FRANCISCO I.MADERO,PRI_NUAL_SI_PJ_PCP,0,27424,4,557,27985,43557,16529
5,COAHUILA,9,FRANCISCO I.MADERO,PRI_NUAL_SI_PRC_PCP,0,27424,4,557,27985,43557,10259
5,COAHUILA,9,FRANCISCO I.MADERO,PRI_NUAL_PJ_PRC_PCP,0,27424,4,557,27985,43557,16608
5,COAHUILA,9,FRANCISCO I.MADERO,PRI_SI_PJ_PRC_PCP,0,27424,4,557,27985,43557,16477
5,COAHUILA,9,FRANCISCO I.MADERO,PVEM_NUAL_SI_PJ_PRC,0,27424,4,557,27985,43557,8761
5,COAHUILA,9,FRANCISCO I.MADERO,PVEM_NUAL_SI_PJ_PCP,0,27424,4,557,27985,43557,8469
5,COAHUILA,9,FRANCISCO I.MADERO,PVEM_NUAL_SI_PRC_PCP,0,27424,4,557,27985,43557,2199
5,COAHUILA,9,FRANCISCO I.MADERO,PVEM_NUAL_PJ_PRC_PCP,0,27424,4,557,27985,43557,8548
5,COAHUILA,9,FRANCISCO I.MADERO,PVEM_SI_PJ_PRC_PCP,0,27424,4,557,27985,43557,8417
5,COAHUILA,9,FRANCISCO I.MADERO,NUAL_SI_PJ_PRC_PCP,0,27424,4,557,27985,43557,7671
5,COAHUILA,9,FRANCISCO I.MADERO,PRI_PVEM_NUAL_SI,0,27424,4,557,27985,43557,11005
5,COAHUILA,9,FRANCISCO I.MADERO,PRI_PVEM_NUAL_PJ,0,27424,4,557,27985,43557,17354
5,COAHUILA,9,FRANCISCO I.MADERO,PRI_PVEM_NUAL_PRC,0,27424,4,557,27985,43557,11084
5,COAHUILA,9,FRANCISCO I.MADERO,PRI_PVEM_NUAL_PCP,0,27424,4,557,27985,43557,10792
5,COAHUILA,9,FRANCISCO I.MADERO,PRI_PVEM_SI_PJ,0,27424,4,557,27985,43557,17223
5,COAHUILA,9,FRANCISCO I.MADERO,PRI_PVEM_SI_PRC,0,27424,4,557,27985,43557,10953
5,COAHUILA,9,FRANCISCO I.MADERO,PRI_PVEM_SI_PCP,0,27424,4,557,27985,43557,10661
5,COAHUILA,9,FRANCISCO I.MADERO,PRI_PVEM_PJ_PRC,0,27424,4,557,27985,43557,17302
5,COAHUILA,9,FRANCISCO I.MADERO,PRI_PVEM_PJ_PCP,0,27424,4,557,27985,43557,17010
5,COAHUILA,9,FRANCISCO I.MADERO,PRI_PVEM_PRC_PCP,0,27424,4,557,27985,43557,10740
5,COAHUILA,9,FRANCISCO I.MADERO,PRI_NUAL_SI_PJ,0,27424,4,557,27985,43557,16477
5,COAHUILA,9,FRANCISCO I.MADERO,PRI_NUAL_SI_PRC,0,27424,4,557,27985,43557,10207
5,COAHUILA,9,FRANCISCO I.MADERO,PRI_NUAL_SI_PCP,0,27424,4,557,27985,43557,9915
5,COAHUILA,9,FRANCISCO I.MADERO,PRI_NUAL_PJ_PRC,0,27424,4,557,27985,43557,16556
5,COAHUILA,9,FRANCISCO I.MADERO,PRI_NUAL_PJ_PCP,0,27424,4,557,27985,43557,16264
5,COAHUILA,9,FRANCISCO I.MADERO,PRI_NUAL_PRC_PCP,0,27424,4,557,27985,43557,9994
5,COAHUILA,9,FRANCISCO I.MADERO,PRI_SI_PJ_PRC,0,27424,4,557,27985,43557,16425
5,COAHUILA,9,FRANCISCO I.MADERO,PRI_SI_PJ_PCP,0,27424,4,557,27985,43557,16133
5,COAHUILA,9,FRANCISCO I.MADERO,PRI_SI_PRC_PCP,0,27424,4,557,27985,43557,9863
5,COAHUILA,9,FRANCISCO I.MADERO,PRI_PJ_PRC_PCP,0,27424,4,557,27985,43557,16212
5,COAHUILA,9,FRANCISCO I.MADERO,PVEM_NUAL_SI_PJ,0,27424,4,557,27985,43557,8417
5,COAHUILA,9,FRANCISCO I.MADERO,PVEM_NUAL_SI_PRC,0,27424,4,557,27985,43557,2147
5,COAHUILA,9,FRANCISCO I.MADERO,PVEM_NUAL_SI_PCP,0,27424,4,557,27985,43557,1855
5,COAHUILA,9,FRANCISCO I.MADERO,PVEM_NUAL_PJ_PRC,0,27424,4,557,27985,43557,8496
5,COAHUILA,9,FRANCISCO I.MADERO,PVEM_NUAL_PJ_PCP,0,27424,4,557,27985,43557,8204
5,COAHUILA,9,FRANCISCO I.MADERO,PVEM_NUAL_PRC_PCP,0,27424,4,557,27985,43557,1934
5,COAHUILA,9,FRANCISCO I.MADERO,PVEM_SI_PJ_PRC,0,27424,4,557,27985,43557,8365
5,COAHUILA,9,FRANCISCO I.MADERO,PVEM_SI_PJ_PCP,0,27424,4,557,27985,43557,8073
5,COAHUILA,9,FRANCISCO I.MADERO,PVEM_SI_PRC_PCP,0,27424,4,557,27985,43557,1803
5,COAHUILA,9,FRANCISCO I.MADERO,PVEM_PJ_PRC_PCP,0,27424,4,557,27985,43557,8152
5,COAHUILA,9,FRANCISCO I.MADERO,NUAL_SI_PJ_PRC,0,27424,4,557,27985,43557,7619
5,COAHUILA,9,FRANCISCO I.MADERO,NUAL_SI_PJ_PCP,0,27424,4,557,27985,43557,7327
5,COAHUILA,9,FRANCISCO I.MADERO,NUAL_SI_PRC_PCP,0,27424,4,557,27985,43557,1057
5,COAHUILA,9,FRANCISCO I.MADERO,NUAL_PJ_PRC_PCP,0,27424,4,557,27985,43557,7406
5,COAHUILA,9,FRANCISCO I.MADERO,SI_PJ_PRC_PCP,0,27424,4,557,27985,43557,7275
5,COAHUILA,9,FRANCISCO I.MADERO,PRI_PVEM_NUAL,0,27424,4,557,27985,43557,10740
5,COAHUILA,9,FRANCISCO I.MADERO,PRI_PVEM_SI,0,27424,4,557,27985,43557,10609
5,COAHUILA,9,FRANCISCO I.MADERO,PRI_PVEM_PJ,0,27424,4,557,27985,43557,16958
5,COAHUILA,9,FRANCISCO I.MADERO,PRI_PVEM_PRC,0,27424,4,557,27985,43557,10688
5,COAHUILA,9,FRANCISCO I.MADERO,PRI_PVEM_PCP,0,27424,4,557,27985,43557,10396
5,COAHUILA,9,FRANCISCO I.MADERO,PRI_NUAL_SI,0,27424,4,557,27985,43557,9863
5,COAHUILA,9,FRANCISCO I.MADERO,PRI_NUAL_PJ,0,27424,4,557,27985,43557,16212
5,COAHUILA,9,FRANCISCO I.MADERO,PRI_NUAL_PRC,0,27424,4,557,27985,43557,9942
5,COAHUILA,9,FRANCISCO I.MADERO,PRI_NUAL_PCP,0,27424,4,557,27985,43557,9650
5,COAHUILA,9,FRANCISCO I.MADERO,PRI_SI_PJ,0,27424,4,557,27985,43557,16081
5,COAHUILA,9,FRANCISCO I.MADERO,PRI_SI_PRC,0,27424,4,557,27985,43557,9811
5,COAHUILA,9,FRANCISCO I.MADERO,PRI_SI_PCP,0,27424,4,557,27985,43557,9519
5,COAHUILA,9,FRANCISCO I.MADERO,PRI_PJ_PRC,0,27424,4,557,27985,43557,16160
5,COAHUILA,9,FRANCISCO I.MADERO,PRI_PJ_PCP,0,27424,4,557,27985,43557,15868
5,COAHUILA,9,FRANCISCO I.MADERO,PRI_PRC_PCP,0,27424,4,557,27985,43557,9598
5,COAHUILA,9,FRANCISCO I.MADERO,PVEM_NUAL_SI,0,27424,4,557,27985,43557,1803
5,COAHUILA,9,FRANCISCO I.MADERO,PVEM_NUAL_PJ,0,27424,4,557,27985,43557,8152
5,COAHUILA,9,FRANCISCO I.MADERO,PVEM_NUAL_PRC,0,27424,4,557,27985,43557,1882
5,COAHUILA,9,FRANCISCO I.MADERO,PVEM_NUAL_PCP,0,27424,4,557,27985,43557,1590
5,COAHUILA,9,FRANCISCO I.MADERO,PVEM_SI_PJ,0,27424,4,557,27985,43557,8021
5,COAHUILA,9,FRANCISCO I.MADERO,PVEM_SI_PRC,0,27424,4,557,27985,43557,1751
5,COAHUILA,9,FRANCISCO I.MADERO,PVEM_SI_PCP,0,27424,4,557,27985,43557,1459
5,COAHUILA,9,FRANCISCO I.MADERO,PVEM_PJ_PRC,0,27424,4,557,27985,43557,8100
5,COAHUILA,9,FRANCISCO I.MADERO,PVEM_PJ_PCP,0,27424,4,557,27985,43557,7808
5,COAHUILA,9,FRANCISCO I.MADERO,PVEM_PRC_PCP,0,27424,4,557,27985,43557,1538
5,COAHUILA,9,FRANCISCO I.MADERO,NUAL_SI_PJ,0,27424,4,557,27985,43557,7275
5,COAHUILA,9,FRANCISCO I.MADERO,NUAL_SI_PRC,0,27424,4,557,27985,43557,1005
5,COAHUILA,9,FRANCISCO I.MADERO,NUAL_SI_PCP,0,27424,4,557,27985,43557,713
5,COAHUILA,9,FRANCISCO I.MADERO,NUAL_PJ_PRC,0,27424,4,557,27985,43557,7354
5,COAHUILA,9,FRANCISCO I.MADERO,NUAL_PJ_PCP,0,27424,4,557,27985,43557,7062
5,COAHUILA,9,FRANCISCO I.MADERO,NUAL_PRC_PCP,0,27424,4,557,27985,43557,792
5,COAHUILA,9,FRANCISCO I.MADERO,SI_PJ_PRC,0,27424,4,557,27985,43557,7223
5,COAHUILA,9,FRANCISCO I.MADERO,SI_PJ_PCP,0,27424,4,557,27985,43557,6931
5,COAHUILA,9,FRANCISCO I.MADERO,SI_PRC_PCP,0,27424,4,557,27985,43557,661
5,COAHUILA,9,FRANCISCO I.MADERO,PJ_PRC_PCP,0,27424,4,557,27985,43557,7010
5,COAHUILA,9,FRANCISCO I.MADERO,PRI_PVEM,0,27424,4,557,27985,43557,10344
5,COAHUILA,9,FRANCISCO I.MADERO,PRI_NUAL,0,27424,4,557,27985,43557,9598
5,COAHUILA,9,FRANCISCO I.MADERO,PRI_SI,0,27424,4,557,27985,43557,9467
5,COAHUILA,9,FRANCISCO I.MADERO,PRI_PJ,0,27424,4,557,27985,43557,15816
5,COAHUILA,9,FRANCISCO I.MADERO,PRI_PRC,0,27424,4,557,27985,43557,9546
5,COAHUILA,9,FRANCISCO I.MADERO,PRI_PCP,0,27424,4,557,27985,43557,9254
5,COAHUILA,9,FRANCISCO I.MADERO,PVEM_NUAL,0,27424,4,557,27985,43557,1538
5,COAHUILA,9,FRANCISCO I.MADERO,PVEM_SI,0,27424,4,557,27985,43557,1407
5,COAHUILA,9,FRANCISCO I.MADERO,PVEM_PJ,0,27424,4,557,27985,43557,7756
5,COAHUILA,9,FRANCISCO I.MADERO,PVEM_PRC,0,27424,4,557,27985,43557,1486
5,COAHUILA,9,FRANCISCO I.MADERO,PVEM_PCP,0,27424,4,557,27985,43557,1194
5,COAHUILA,9,FRANCISCO I.MADERO,NUAL_SI,0,27424,4,557,27985,43557,661
5,COAHUILA,9,FRANCISCO I.MADERO,NUAL_PJ,0,27424,4,557,27985,43557,7010
5,COAHUILA,9,FRANCISCO I.MADERO,NUAL_PRC,0,27424,4,557,27985,43557,740
5,COAHUILA,9,FRANCISCO I.MADERO,NUAL_PCP,0,27424,4,557,27985,43557,448
5,COAHUILA,9,FRANCISCO I.MADERO,SI_PJ,0,27424,4,557,27985,43557,6879
5,COAHUILA,9,FRANCISCO I.MADERO,SI_PRC,0,27424,4,557,27985,43557,609
5,COAHUILA,9,FRANCISCO I.MADERO,SI_PCP,0,27424,4,557,27985,43557,317
5,COAHUILA,9,FRANCISCO I.MADERO,PJ_PRC,0,27424,4,557,27985,43557,6958
5,COAHUILA,9,FRANCISCO I.MADERO,PJ_PCP,0,27424,4,557,27985,43557,6666
5,COAHUILA,9,FRANCISCO I.MADERO,PRC_PCP,0,27424,4,557,27985,43557,396
5,COAHUILA,9,FRANCISCO I.MADERO,CAND_IND6,NA,27424,4,557,27985,43557,0
5,COAHUILA,9,FRANCISCO I.MADERO,CAND_IND7,NA,27424,4,557,27985,43557,0
5,COAHUILA,9,FRANCISCO I.MADERO,CAND_IND8,NA,27424,4,557,27985,43557,0
5,COAHUILA,9,FRANCISCO I.MADERO,CAND_IND9,NA,27424,4,557,27985,43557,0
5,COAHUILA,9,FRANCISCO I.MADERO,CAND_IND10,NA,27424,4,557,27985,43557,0
5,COAHUILA,9,FRANCISCO I.MADERO,CAND_IND11,NA,27424,4,557,27985,43557,0
5,COAHUILA,9,FRANCISCO I.MADERO,CAND_IND12,NA,27424,4,557,27985,43557,0
5,COAHUILA,9,FRANCISCO I.MADERO,CAND_IND13,NA,27424,4,557,27985,43557,0
5,COAHUILA,9,FRANCISCO I.MADERO,CAND_IND14,NA,27424,4,557,27985,43557,0
5,COAHUILA,9,FRANCISCO I.MADERO,CAND_IND15,NA,27424,4,557,27985,43557,0
5,COAHUILA,9,FRANCISCO I.MADERO,CAND_IND16,NA,27424,4,557,27985,43557,0
5,COAHUILA,9,FRANCISCO I.MADERO,CAND_IND17,NA,27424,4,557,27985,43557,0
5,COAHUILA,9,FRANCISCO I.MADERO,CAND_IND18,NA,27424,4,557,27985,43557,0
5,COAHUILA,9,FRANCISCO I.MADERO,CAND_IND19,NA,27424,4,557,27985,43557,0
5,COAHUILA,10,FRONTERA,PAN,9442,32916,13,468,33397,60794,9442
5,COAHUILA,10,FRONTERA,PRI,12446,32916,13,468,33397,60794,12446
5,COAHUILA,10,FRONTERA,PRD,422,32916,13,468,33397,60794,422
5,COAHUILA,10,FRONTERA,PT,2698,32916,13,468,33397,60794,2698
5,COAHUILA,10,FRONTERA,PVEM,571,32916,13,468,33397,60794,571
5,COAHUILA,10,FRONTERA,UDC,52,32916,13,468,33397,60794,52
5,COAHUILA,10,FRONTERA,MC,192,32916,13,468,33397,60794,192
5,COAHUILA,10,FRONTERA,NUAL,603,32916,13,468,33397,60794,603
5,COAHUILA,10,FRONTERA,SI,242,32916,13,468,33397,60794,242
5,COAHUILA,10,FRONTERA,PPC,42,32916,13,468,33397,60794,42
5,COAHUILA,10,FRONTERA,PJ,453,32916,13,468,33397,60794,453
5,COAHUILA,10,FRONTERA,PRC,0,32916,13,468,33397,60794,0
5,COAHUILA,10,FRONTERA,PCP,0,32916,13,468,33397,60794,0
5,COAHUILA,10,FRONTERA,MORENA,3229,32916,13,468,33397,60794,3229
5,COAHUILA,10,FRONTERA,ES,131,32916,13,468,33397,60794,131
5,COAHUILA,10,FRONTERA,PAN_UDC_PPC_ES,8,32916,13,468,33397,60794,9675
5,COAHUILA,10,FRONTERA,PAN_UDC_PPC,3,32916,13,468,33397,60794,9539
5,COAHUILA,10,FRONTERA,PAN_UDC_ES,4,32916,13,468,33397,60794,9629
5,COAHUILA,10,FRONTERA,PAN_PPC_ES,0,32916,13,468,33397,60794,9615
5,COAHUILA,10,FRONTERA,UDC_PPC_ES,0,32916,13,468,33397,60794,225
5,COAHUILA,10,FRONTERA,PAN_UDC,8,32916,13,468,33397,60794,9502
5,COAHUILA,10,FRONTERA,PAN_PPC,4,32916,13,468,33397,60794,9488
5,COAHUILA,10,FRONTERA,PAN_ES,8,32916,13,468,33397,60794,9581
5,COAHUILA,10,FRONTERA,UDC_PPC,0,32916,13,468,33397,60794,94
5,COAHUILA,10,FRONTERA,UDC_ES,0,32916,13,468,33397,60794,183
5,COAHUILA,10,FRONTERA,PPC_ES,0,32916,13,468,33397,60794,173
5,COAHUILA,10,FRONTERA,PRI_PVEM_NUAL_SI_PJ_PRC_PCP,0,32916,13,468,33397,60794,14315
5,COAHUILA,10,FRONTERA,PRI_PVEM_NUAL_SI_PJ_PRC,0,32916,13,468,33397,60794,14315
5,COAHUILA,10,FRONTERA,PRI_PVEM_NUAL_SI_PJ_PCP,0,32916,13,468,33397,60794,14315
5,COAHUILA,10,FRONTERA,PRI_PVEM_NUAL_SI_PRC_PCP,0,32916,13,468,33397,60794,13862
5,COAHUILA,10,FRONTERA,PRI_PVEM_NUAL_PJ_PRC_PCP,0,32916,13,468,33397,60794,14073
5,COAHUILA,10,FRONTERA,PRI_PVEM_SI_PJ_PRC_PCP,0,32916,13,468,33397,60794,13712
5,COAHUILA,10,FRONTERA,PRI_NUAL_SI_PJ_PRC_PCP,0,32916,13,468,33397,60794,13744
5,COAHUILA,10,FRONTERA,PVEM_NUAL_SI_PJ_PRC_PCP,0,32916,13,468,33397,60794,1869
5,COAHUILA,10,FRONTERA,PRI_PVEM_NUAL_SI_PJ,0,32916,13,468,33397,60794,14315
5,COAHUILA,10,FRONTERA,PRI_PVEM_NUAL_SI_PRC,0,32916,13,468,33397,60794,13862
5,COAHUILA,10,FRONTERA,PRI_PVEM_NUAL_SI_PCP,0,32916,13,468,33397,60794,13862
5,COAHUILA,10,FRONTERA,PRI_PVEM_NUAL_PJ_PRC,0,32916,13,468,33397,60794,14073
5,COAHUILA,10,FRONTERA,PRI_PVEM_NUAL_PJ_PCP,0,32916,13,468,33397,60794,14073
5,COAHUILA,10,FRONTERA,PRI_PVEM_NUAL_PRC_PCP,0,32916,13,468,33397,60794,13620
5,COAHUILA,10,FRONTERA,PRI_PVEM_SI_PJ_PRC,0,32916,13,468,33397,60794,13712
5,COAHUILA,10,FRONTERA,PRI_PVEM_SI_PJ_PCP,0,32916,13,468,33397,60794,13712
5,COAHUILA,10,FRONTERA,PRI_PVEM_SI_PRC_PCP,0,32916,13,468,33397,60794,13259
5,COAHUILA,10,FRONTERA,PRI_PVEM_PJ_PRC_PCP,0,32916,13,468,33397,60794,13470
5,COAHUILA,10,FRONTERA,PRI_NUAL_SI_PJ_PRC,0,32916,13,468,33397,60794,13744
5,COAHUILA,10,FRONTERA,PRI_NUAL_SI_PJ_PCP,0,32916,13,468,33397,60794,13744
5,COAHUILA,10,FRONTERA,PRI_NUAL_SI_PRC_PCP,0,32916,13,468,33397,60794,13291
5,COAHUILA,10,FRONTERA,PRI_NUAL_PJ_PRC_PCP,0,32916,13,468,33397,60794,13502
5,COAHUILA,10,FRONTERA,PRI_SI_PJ_PRC_PCP,0,32916,13,468,33397,60794,13141
5,COAHUILA,10,FRONTERA,PVEM_NUAL_SI_PJ_PRC,0,32916,13,468,33397,60794,1869
5,COAHUILA,10,FRONTERA,PVEM_NUAL_SI_PJ_PCP,0,32916,13,468,33397,60794,1869
5,COAHUILA,10,FRONTERA,PVEM_NUAL_SI_PRC_PCP,0,32916,13,468,33397,60794,1416
5,COAHUILA,10,FRONTERA,PVEM_NUAL_PJ_PRC_PCP,0,32916,13,468,33397,60794,1627
5,COAHUILA,10,FRONTERA,PVEM_SI_PJ_PRC_PCP,0,32916,13,468,33397,60794,1266
5,COAHUILA,10,FRONTERA,NUAL_SI_PJ_PRC_PCP,0,32916,13,468,33397,60794,1298
5,COAHUILA,10,FRONTERA,PRI_PVEM_NUAL_SI,0,32916,13,468,33397,60794,13862
5,COAHUILA,10,FRONTERA,PRI_PVEM_NUAL_PJ,0,32916,13,468,33397,60794,14073
5,COAHUILA,10,FRONTERA,PRI_PVEM_NUAL_PRC,0,32916,13,468,33397,60794,13620
5,COAHUILA,10,FRONTERA,PRI_PVEM_NUAL_PCP,0,32916,13,468,33397,60794,13620
5,COAHUILA,10,FRONTERA,PRI_PVEM_SI_PJ,0,32916,13,468,33397,60794,13712
5,COAHUILA,10,FRONTERA,PRI_PVEM_SI_PRC,0,32916,13,468,33397,60794,13259
5,COAHUILA,10,FRONTERA,PRI_PVEM_SI_PCP,0,32916,13,468,33397,60794,13259
5,COAHUILA,10,FRONTERA,PRI_PVEM_PJ_PRC,0,32916,13,468,33397,60794,13470
5,COAHUILA,10,FRONTERA,PRI_PVEM_PJ_PCP,0,32916,13,468,33397,60794,13470
5,COAHUILA,10,FRONTERA,PRI_PVEM_PRC_PCP,0,32916,13,468,33397,60794,13017
5,COAHUILA,10,FRONTERA,PRI_NUAL_SI_PJ,0,32916,13,468,33397,60794,13744
5,COAHUILA,10,FRONTERA,PRI_NUAL_SI_PRC,0,32916,13,468,33397,60794,13291
5,COAHUILA,10,FRONTERA,PRI_NUAL_SI_PCP,0,32916,13,468,33397,60794,13291
5,COAHUILA,10,FRONTERA,PRI_NUAL_PJ_PRC,0,32916,13,468,33397,60794,13502
5,COAHUILA,10,FRONTERA,PRI_NUAL_PJ_PCP,0,32916,13,468,33397,60794,13502
5,COAHUILA,10,FRONTERA,PRI_NUAL_PRC_PCP,0,32916,13,468,33397,60794,13049
5,COAHUILA,10,FRONTERA,PRI_SI_PJ_PRC,0,32916,13,468,33397,60794,13141
5,COAHUILA,10,FRONTERA,PRI_SI_PJ_PCP,0,32916,13,468,33397,60794,13141
5,COAHUILA,10,FRONTERA,PRI_SI_PRC_PCP,0,32916,13,468,33397,60794,12688
5,COAHUILA,10,FRONTERA,PRI_PJ_PRC_PCP,0,32916,13,468,33397,60794,12899
5,COAHUILA,10,FRONTERA,PVEM_NUAL_SI_PJ,0,32916,13,468,33397,60794,1869
5,COAHUILA,10,FRONTERA,PVEM_NUAL_SI_PRC,0,32916,13,468,33397,60794,1416
5,COAHUILA,10,FRONTERA,PVEM_NUAL_SI_PCP,0,32916,13,468,33397,60794,1416
5,COAHUILA,10,FRONTERA,PVEM_NUAL_PJ_PRC,0,32916,13,468,33397,60794,1627
5,COAHUILA,10,FRONTERA,PVEM_NUAL_PJ_PCP,0,32916,13,468,33397,60794,1627
5,COAHUILA,10,FRONTERA,PVEM_NUAL_PRC_PCP,0,32916,13,468,33397,60794,1174
5,COAHUILA,10,FRONTERA,PVEM_SI_PJ_PRC,0,32916,13,468,33397,60794,1266
5,COAHUILA,10,FRONTERA,PVEM_SI_PJ_PCP,0,32916,13,468,33397,60794,1266
5,COAHUILA,10,FRONTERA,PVEM_SI_PRC_PCP,0,32916,13,468,33397,60794,813
5,COAHUILA,10,FRONTERA,PVEM_PJ_PRC_PCP,0,32916,13,468,33397,60794,1024
5,COAHUILA,10,FRONTERA,NUAL_SI_PJ_PRC,0,32916,13,468,33397,60794,1298
5,COAHUILA,10,FRONTERA,NUAL_SI_PJ_PCP,0,32916,13,468,33397,60794,1298
5,COAHUILA,10,FRONTERA,NUAL_SI_PRC_PCP,0,32916,13,468,33397,60794,845
5,COAHUILA,10,FRONTERA,NUAL_PJ_PRC_PCP,0,32916,13,468,33397,60794,1056
5,COAHUILA,10,FRONTERA,SI_PJ_PRC_PCP,0,32916,13,468,33397,60794,695
5,COAHUILA,10,FRONTERA,PRI_PVEM_NUAL,0,32916,13,468,33397,60794,13620
5,COAHUILA,10,FRONTERA,PRI_PVEM_SI,0,32916,13,468,33397,60794,13259
5,COAHUILA,10,FRONTERA,PRI_PVEM_PJ,0,32916,13,468,33397,60794,13470
5,COAHUILA,10,FRONTERA,PRI_PVEM_PRC,0,32916,13,468,33397,60794,13017
5,COAHUILA,10,FRONTERA,PRI_PVEM_PCP,0,32916,13,468,33397,60794,13017
5,COAHUILA,10,FRONTERA,PRI_NUAL_SI,0,32916,13,468,33397,60794,13291
5,COAHUILA,10,FRONTERA,PRI_NUAL_PJ,0,32916,13,468,33397,60794,13502
5,COAHUILA,10,FRONTERA,PRI_NUAL_PRC,0,32916,13,468,33397,60794,13049
5,COAHUILA,10,FRONTERA,PRI_NUAL_PCP,0,32916,13,468,33397,60794,13049
5,COAHUILA,10,FRONTERA,PRI_SI_PJ,0,32916,13,468,33397,60794,13141
5,COAHUILA,10,FRONTERA,PRI_SI_PRC,0,32916,13,468,33397,60794,12688
5,COAHUILA,10,FRONTERA,PRI_SI_PCP,0,32916,13,468,33397,60794,12688
5,COAHUILA,10,FRONTERA,PRI_PJ_PRC,0,32916,13,468,33397,60794,12899
5,COAHUILA,10,FRONTERA,PRI_PJ_PCP,0,32916,13,468,33397,60794,12899
5,COAHUILA,10,FRONTERA,PRI_PRC_PCP,0,32916,13,468,33397,60794,12446
5,COAHUILA,10,FRONTERA,PVEM_NUAL_SI,0,32916,13,468,33397,60794,1416
5,COAHUILA,10,FRONTERA,PVEM_NUAL_PJ,0,32916,13,468,33397,60794,1627
5,COAHUILA,10,FRONTERA,PVEM_NUAL_PRC,0,32916,13,468,33397,60794,1174
5,COAHUILA,10,FRONTERA,PVEM_NUAL_PCP,0,32916,13,468,33397,60794,1174
5,COAHUILA,10,FRONTERA,PVEM_SI_PJ,0,32916,13,468,33397,60794,1266
5,COAHUILA,10,FRONTERA,PVEM_SI_PRC,0,32916,13,468,33397,60794,813
5,COAHUILA,10,FRONTERA,PVEM_SI_PCP,0,32916,13,468,33397,60794,813
5,COAHUILA,10,FRONTERA,PVEM_PJ_PRC,0,32916,13,468,33397,60794,1024
5,COAHUILA,10,FRONTERA,PVEM_PJ_PCP,0,32916,13,468,33397,60794,1024
5,COAHUILA,10,FRONTERA,PVEM_PRC_PCP,0,32916,13,468,33397,60794,571
5,COAHUILA,10,FRONTERA,NUAL_SI_PJ,0,32916,13,468,33397,60794,1298
5,COAHUILA,10,FRONTERA,NUAL_SI_PRC,0,32916,13,468,33397,60794,845
5,COAHUILA,10,FRONTERA,NUAL_SI_PCP,0,32916,13,468,33397,60794,845
5,COAHUILA,10,FRONTERA,NUAL_PJ_PRC,0,32916,13,468,33397,60794,1056
5,COAHUILA,10,FRONTERA,NUAL_PJ_PCP,0,32916,13,468,33397,60794,1056
5,COAHUILA,10,FRONTERA,NUAL_PRC_PCP,0,32916,13,468,33397,60794,603
5,COAHUILA,10,FRONTERA,SI_PJ_PRC,0,32916,13,468,33397,60794,695
5,COAHUILA,10,FRONTERA,SI_PJ_PCP,0,32916,13,468,33397,60794,695
5,COAHUILA,10,FRONTERA,SI_PRC_PCP,0,32916,13,468,33397,60794,242
5,COAHUILA,10,FRONTERA,PJ_PRC_PCP,0,32916,13,468,33397,60794,453
5,COAHUILA,10,FRONTERA,PRI_PVEM,0,32916,13,468,33397,60794,13017
5,COAHUILA,10,FRONTERA,PRI_NUAL,0,32916,13,468,33397,60794,13049
5,COAHUILA,10,FRONTERA,PRI_SI,0,32916,13,468,33397,60794,12688
5,COAHUILA,10,FRONTERA,PRI_PJ,0,32916,13,468,33397,60794,12899
5,COAHUILA,10,FRONTERA,PRI_PRC,0,32916,13,468,33397,60794,12446
5,COAHUILA,10,FRONTERA,PRI_PCP,0,32916,13,468,33397,60794,12446
5,COAHUILA,10,FRONTERA,PVEM_NUAL,0,32916,13,468,33397,60794,1174
5,COAHUILA,10,FRONTERA,PVEM_SI,0,32916,13,468,33397,60794,813
5,COAHUILA,10,FRONTERA,PVEM_PJ,0,32916,13,468,33397,60794,1024
5,COAHUILA,10,FRONTERA,PVEM_PRC,0,32916,13,468,33397,60794,571
5,COAHUILA,10,FRONTERA,PVEM_PCP,0,32916,13,468,33397,60794,571
5,COAHUILA,10,FRONTERA,NUAL_SI,0,32916,13,468,33397,60794,845
5,COAHUILA,10,FRONTERA,NUAL_PJ,0,32916,13,468,33397,60794,1056
5,COAHUILA,10,FRONTERA,NUAL_PRC,0,32916,13,468,33397,60794,603
5,COAHUILA,10,FRONTERA,NUAL_PCP,0,32916,13,468,33397,60794,603
5,COAHUILA,10,FRONTERA,SI_PJ,0,32916,13,468,33397,60794,695
5,COAHUILA,10,FRONTERA,SI_PRC,0,32916,13,468,33397,60794,242
5,COAHUILA,10,FRONTERA,SI_PCP,0,32916,13,468,33397,60794,242
5,COAHUILA,10,FRONTERA,PJ_PRC,0,32916,13,468,33397,60794,453
5,COAHUILA,10,FRONTERA,PJ_PCP,0,32916,13,468,33397,60794,453
5,COAHUILA,10,FRONTERA,PRC_PCP,0,32916,13,468,33397,60794,0
5,COAHUILA,10,FRONTERA,CAND_IND6,NA,32916,13,468,33397,60794,0
5,COAHUILA,10,FRONTERA,CAND_IND7,NA,32916,13,468,33397,60794,0
5,COAHUILA,10,FRONTERA,CAND_IND8,183,32916,13,468,33397,60794,183
5,COAHUILA,10,FRONTERA,CAND_IND9,188,32916,13,468,33397,60794,188
5,COAHUILA,10,FRONTERA,CAND_IND10,1987,32916,13,468,33397,60794,1987
5,COAHUILA,10,FRONTERA,CAND_IND11,NA,32916,13,468,33397,60794,0
5,COAHUILA,10,FRONTERA,CAND_IND12,NA,32916,13,468,33397,60794,0
5,COAHUILA,10,FRONTERA,CAND_IND13,NA,32916,13,468,33397,60794,0
5,COAHUILA,10,FRONTERA,CAND_IND14,NA,32916,13,468,33397,60794,0
5,COAHUILA,10,FRONTERA,CAND_IND15,NA,32916,13,468,33397,60794,0
5,COAHUILA,10,FRONTERA,CAND_IND16,NA,32916,13,468,33397,60794,0
5,COAHUILA,10,FRONTERA,CAND_IND17,NA,32916,13,468,33397,60794,0
5,COAHUILA,10,FRONTERA,CAND_IND18,NA,32916,13,468,33397,60794,0
5,COAHUILA,10,FRONTERA,CAND_IND19,NA,32916,13,468,33397,60794,0
5,COAHUILA,11,GRAL. CEPEDA,PAN,2546,6243,1,162,6406,9565,2546
5,COAHUILA,11,GRAL. CEPEDA,PRI,2089,6243,1,162,6406,9565,2089
5,COAHUILA,11,GRAL. CEPEDA,PRD,53,6243,1,162,6406,9565,53
5,COAHUILA,11,GRAL. CEPEDA,PT,0,6243,1,162,6406,9565,0
5,COAHUILA,11,GRAL. CEPEDA,PVEM,0,6243,1,162,6406,9565,0
5,COAHUILA,11,GRAL. CEPEDA,UDC,17,6243,1,162,6406,9565,17
5,COAHUILA,11,GRAL. CEPEDA,MC,22,6243,1,162,6406,9565,22
5,COAHUILA,11,GRAL. CEPEDA,NUAL,111,6243,1,162,6406,9565,111
5,COAHUILA,11,GRAL. CEPEDA,SI,0,6243,1,162,6406,9565,0
5,COAHUILA,11,GRAL. CEPEDA,PPC,10,6243,1,162,6406,9565,10
5,COAHUILA,11,GRAL. CEPEDA,PJ,72,6243,1,162,6406,9565,72
5,COAHUILA,11,GRAL. CEPEDA,PRC,15,6243,1,162,6406,9565,15
5,COAHUILA,11,GRAL. CEPEDA,PCP,835,6243,1,162,6406,9565,835
5,COAHUILA,11,GRAL. CEPEDA,MORENA,452,6243,1,162,6406,9565,452
5,COAHUILA,11,GRAL. CEPEDA,ES,11,6243,1,162,6406,9565,11
5,COAHUILA,11,GRAL. CEPEDA,PAN_UDC_PPC_ES,3,6243,1,162,6406,9565,2587
5,COAHUILA,11,GRAL. CEPEDA,PAN_UDC_PPC,0,6243,1,162,6406,9565,2573
5,COAHUILA,11,GRAL. CEPEDA,PAN_UDC_ES,0,6243,1,162,6406,9565,2574
5,COAHUILA,11,GRAL. CEPEDA,PAN_PPC_ES,0,6243,1,162,6406,9565,2567
5,COAHUILA,11,GRAL. CEPEDA,UDC_PPC_ES,0,6243,1,162,6406,9565,38
5,COAHUILA,11,GRAL. CEPEDA,PAN_UDC,4,6243,1,162,6406,9565,2567
5,COAHUILA,11,GRAL. CEPEDA,PAN_PPC,0,6243,1,162,6406,9565,2556
5,COAHUILA,11,GRAL. CEPEDA,PAN_ES,3,6243,1,162,6406,9565,2560
5,COAHUILA,11,GRAL. CEPEDA,UDC_PPC,0,6243,1,162,6406,9565,27
5,COAHUILA,11,GRAL. CEPEDA,UDC_ES,0,6243,1,162,6406,9565,28
5,COAHUILA,11,GRAL. CEPEDA,PPC_ES,0,6243,1,162,6406,9565,21
5,COAHUILA,11,GRAL. CEPEDA,PRI_PVEM_NUAL_SI_PJ_PRC_PCP,0,6243,1,162,6406,9565,3122
5,COAHUILA,11,GRAL. CEPEDA,PRI_PVEM_NUAL_SI_PJ_PRC,0,6243,1,162,6406,9565,2287
5,COAHUILA,11,GRAL. CEPEDA,PRI_PVEM_NUAL_SI_PJ_PCP,0,6243,1,162,6406,9565,3107
5,COAHUILA,11,GRAL. CEPEDA,PRI_PVEM_NUAL_SI_PRC_PCP,0,6243,1,162,6406,9565,3050
5,COAHUILA,11,GRAL. CEPEDA,PRI_PVEM_NUAL_PJ_PRC_PCP,0,6243,1,162,6406,9565,3122
5,COAHUILA,11,GRAL. CEPEDA,PRI_PVEM_SI_PJ_PRC_PCP,0,6243,1,162,6406,9565,3011
5,COAHUILA,11,GRAL. CEPEDA,PRI_NUAL_SI_PJ_PRC_PCP,0,6243,1,162,6406,9565,3122
5,COAHUILA,11,GRAL. CEPEDA,PVEM_NUAL_SI_PJ_PRC_PCP,0,6243,1,162,6406,9565,1033
5,COAHUILA,11,GRAL. CEPEDA,PRI_PVEM_NUAL_SI_PJ,0,6243,1,162,6406,9565,2272
5,COAHUILA,11,GRAL. CEPEDA,PRI_PVEM_NUAL_SI_PRC,0,6243,1,162,6406,9565,2215
5,COAHUILA,11,GRAL. CEPEDA,PRI_PVEM_NUAL_SI_PCP,0,6243,1,162,6406,9565,3035
5,COAHUILA,11,GRAL. CEPEDA,PRI_PVEM_NUAL_PJ_PRC,0,6243,1,162,6406,9565,2287
5,COAHUILA,11,GRAL. CEPEDA,PRI_PVEM_NUAL_PJ_PCP,0,6243,1,162,6406,9565,3107
5,COAHUILA,11,GRAL. CEPEDA,PRI_PVEM_NUAL_PRC_PCP,0,6243,1,162,6406,9565,3050
5,COAHUILA,11,GRAL. CEPEDA,PRI_PVEM_SI_PJ_PRC,0,6243,1,162,6406,9565,2176
5,COAHUILA,11,GRAL. CEPEDA,PRI_PVEM_SI_PJ_PCP,0,6243,1,162,6406,9565,2996
5,COAHUILA,11,GRAL. CEPEDA,PRI_PVEM_SI_PRC_PCP,0,6243,1,162,6406,9565,2939
5,COAHUILA,11,GRAL. CEPEDA,PRI_PVEM_PJ_PRC_PCP,0,6243,1,162,6406,9565,3011
5,COAHUILA,11,GRAL. CEPEDA,PRI_NUAL_SI_PJ_PRC,0,6243,1,162,6406,9565,2287
5,COAHUILA,11,GRAL. CEPEDA,PRI_NUAL_SI_PJ_PCP,0,6243,1,162,6406,9565,3107
5,COAHUILA,11,GRAL. CEPEDA,PRI_NUAL_SI_PRC_PCP,0,6243,1,162,6406,9565,3050
5,COAHUILA,11,GRAL. CEPEDA,PRI_NUAL_PJ_PRC_PCP,0,6243,1,162,6406,9565,3122
5,COAHUILA,11,GRAL. CEPEDA,PRI_SI_PJ_PRC_PCP,0,6243,1,162,6406,9565,3011
5,COAHUILA,11,GRAL. CEPEDA,PVEM_NUAL_SI_PJ_PRC,0,6243,1,162,6406,9565,198
5,COAHUILA,11,GRAL. CEPEDA,PVEM_NUAL_SI_PJ_PCP,0,6243,1,162,6406,9565,1018
5,COAHUILA,11,GRAL. CEPEDA,PVEM_NUAL_SI_PRC_PCP,0,6243,1,162,6406,9565,961
5,COAHUILA,11,GRAL. CEPEDA,PVEM_NUAL_PJ_PRC_PCP,0,6243,1,162,6406,9565,1033
5,COAHUILA,11,GRAL. CEPEDA,PVEM_SI_PJ_PRC_PCP,0,6243,1,162,6406,9565,922
5,COAHUILA,11,GRAL. CEPEDA,NUAL_SI_PJ_PRC_PCP,0,6243,1,162,6406,9565,1033
5,COAHUILA,11,GRAL. CEPEDA,PRI_PVEM_NUAL_SI,0,6243,1,162,6406,9565,2200
5,COAHUILA,11,GRAL. CEPEDA,PRI_PVEM_NUAL_PJ,0,6243,1,162,6406,9565,2272
5,COAHUILA,11,GRAL. CEPEDA,PRI_PVEM_NUAL_PRC,0,6243,1,162,6406,9565,2215
5,COAHUILA,11,GRAL. CEPEDA,PRI_PVEM_NUAL_PCP,0,6243,1,162,6406,9565,3035
5,COAHUILA,11,GRAL. CEPEDA,PRI_PVEM_SI_PJ,0,6243,1,162,6406,9565,2161
5,COAHUILA,11,GRAL. CEPEDA,PRI_PVEM_SI_PRC,0,6243,1,162,6406,9565,2104
5,COAHUILA,11,GRAL. CEPEDA,PRI_PVEM_SI_PCP,0,6243,1,162,6406,9565,2924
5,COAHUILA,11,GRAL. CEPEDA,PRI_PVEM_PJ_PRC,0,6243,1,162,6406,9565,2176
5,COAHUILA,11,GRAL. CEPEDA,PRI_PVEM_PJ_PCP,0,6243,1,162,6406,9565,2996
5,COAHUILA,11,GRAL. CEPEDA,PRI_PVEM_PRC_PCP,0,6243,1,162,6406,9565,2939
5,COAHUILA,11,GRAL. CEPEDA,PRI_NUAL_SI_PJ,0,6243,1,162,6406,9565,2272
5,COAHUILA,11,GRAL. CEPEDA,PRI_NUAL_SI_PRC,0,6243,1,162,6406,9565,2215
5,COAHUILA,11,GRAL. CEPEDA,PRI_NUAL_SI_PCP,0,6243,1,162,6406,9565,3035
5,COAHUILA,11,GRAL. CEPEDA,PRI_NUAL_PJ_PRC,0,6243,1,162,6406,9565,2287
5,COAHUILA,11,GRAL. CEPEDA,PRI_NUAL_PJ_PCP,0,6243,1,162,6406,9565,3107
5,COAHUILA,11,GRAL. CEPEDA,PRI_NUAL_PRC_PCP,0,6243,1,162,6406,9565,3050
5,COAHUILA,11,GRAL. CEPEDA,PRI_SI_PJ_PRC,0,6243,1,162,6406,9565,2176
5,COAHUILA,11,GRAL. CEPEDA,PRI_SI_PJ_PCP,0,6243,1,162,6406,9565,2996
5,COAHUILA,11,GRAL. CEPEDA,PRI_SI_PRC_PCP,0,6243,1,162,6406,9565,2939
5,COAHUILA,11,GRAL. CEPEDA,PRI_PJ_PRC_PCP,0,6243,1,162,6406,9565,3011
5,COAHUILA,11,GRAL. CEPEDA,PVEM_NUAL_SI_PJ,0,6243,1,162,6406,9565,183
5,COAHUILA,11,GRAL. CEPEDA,PVEM_NUAL_SI_PRC,0,6243,1,162,6406,9565,126
5,COAHUILA,11,GRAL. CEPEDA,PVEM_NUAL_SI_PCP,0,6243,1,162,6406,9565,946
5,COAHUILA,11,GRAL. CEPEDA,PVEM_NUAL_PJ_PRC,0,6243,1,162,6406,9565,198
5,COAHUILA,11,GRAL. CEPEDA,PVEM_NUAL_PJ_PCP,0,6243,1,162,6406,9565,1018
5,COAHUILA,11,GRAL. CEPEDA,PVEM_NUAL_PRC_PCP,0,6243,1,162,6406,9565,961
5,COAHUILA,11,GRAL. CEPEDA,PVEM_SI_PJ_PRC,0,6243,1,162,6406,9565,87
5,COAHUILA,11,GRAL. CEPEDA,PVEM_SI_PJ_PCP,0,6243,1,162,6406,9565,907
5,COAHUILA,11,GRAL. CEPEDA,PVEM_SI_PRC_PCP,0,6243,1,162,6406,9565,850
5,COAHUILA,11,GRAL. CEPEDA,PVEM_PJ_PRC_PCP,0,6243,1,162,6406,9565,922
5,COAHUILA,11,GRAL. CEPEDA,NUAL_SI_PJ_PRC,0,6243,1,162,6406,9565,198
5,COAHUILA,11,GRAL. CEPEDA,NUAL_SI_PJ_PCP,0,6243,1,162,6406,9565,1018
5,COAHUILA,11,GRAL. CEPEDA,NUAL_SI_PRC_PCP,0,6243,1,162,6406,9565,961
5,COAHUILA,11,GRAL. CEPEDA,NUAL_PJ_PRC_PCP,0,6243,1,162,6406,9565,1033
5,COAHUILA,11,GRAL. CEPEDA,SI_PJ_PRC_PCP,0,6243,1,162,6406,9565,922
5,COAHUILA,11,GRAL. CEPEDA,PRI_PVEM_NUAL,0,6243,1,162,6406,9565,2200
5,COAHUILA,11,GRAL. CEPEDA,PRI_PVEM_SI,0,6243,1,162,6406,9565,2089
5,COAHUILA,11,GRAL. CEPEDA,PRI_PVEM_PJ,0,6243,1,162,6406,9565,2161
5,COAHUILA,11,GRAL. CEPEDA,PRI_PVEM_PRC,0,6243,1,162,6406,9565,2104
5,COAHUILA,11,GRAL. CEPEDA,PRI_PVEM_PCP,0,6243,1,162,6406,9565,2924
5,COAHUILA,11,GRAL. CEPEDA,PRI_NUAL_SI,0,6243,1,162,6406,9565,2200
5,COAHUILA,11,GRAL. CEPEDA,PRI_NUAL_PJ,0,6243,1,162,6406,9565,2272
5,COAHUILA,11,GRAL. CEPEDA,PRI_NUAL_PRC,0,6243,1,162,6406,9565,2215
5,COAHUILA,11,GRAL. CEPEDA,PRI_NUAL_PCP,0,6243,1,162,6406,9565,3035
5,COAHUILA,11,GRAL. CEPEDA,PRI_SI_PJ,0,6243,1,162,6406,9565,2161
5,COAHUILA,11,GRAL. CEPEDA,PRI_SI_PRC,0,6243,1,162,6406,9565,2104
5,COAHUILA,11,GRAL. CEPEDA,PRI_SI_PCP,0,6243,1,162,6406,9565,2924
5,COAHUILA,11,GRAL. CEPEDA,PRI_PJ_PRC,0,6243,1,162,6406,9565,2176
5,COAHUILA,11,GRAL. CEPEDA,PRI_PJ_PCP,0,6243,1,162,6406,9565,2996
5,COAHUILA,11,GRAL. CEPEDA,PRI_PRC_PCP,0,6243,1,162,6406,9565,2939
5,COAHUILA,11,GRAL. CEPEDA,PVEM_NUAL_SI,0,6243,1,162,6406,9565,111
5,COAHUILA,11,GRAL. CEPEDA,PVEM_NUAL_PJ,0,6243,1,162,6406,9565,183
5,COAHUILA,11,GRAL. CEPEDA,PVEM_NUAL_PRC,0,6243,1,162,6406,9565,126
5,COAHUILA,11,GRAL. CEPEDA,PVEM_NUAL_PCP,0,6243,1,162,6406,9565,946
5,COAHUILA,11,GRAL. CEPEDA,PVEM_SI_PJ,0,6243,1,162,6406,9565,72
5,COAHUILA,11,GRAL. CEPEDA,PVEM_SI_PRC,0,6243,1,162,6406,9565,15
5,COAHUILA,11,GRAL. CEPEDA,PVEM_SI_PCP,0,6243,1,162,6406,9565,835
5,COAHUILA,11,GRAL. CEPEDA,PVEM_PJ_PRC,0,6243,1,162,6406,9565,87
5,COAHUILA,11,GRAL. CEPEDA,PVEM_PJ_PCP,0,6243,1,162,6406,9565,907
5,COAHUILA,11,GRAL. CEPEDA,PVEM_PRC_PCP,0,6243,1,162,6406,9565,850
5,COAHUILA,11,GRAL. CEPEDA,NUAL_SI_PJ,0,6243,1,162,6406,9565,183
5,COAHUILA,11,GRAL. CEPEDA,NUAL_SI_PRC,0,6243,1,162,6406,9565,126
5,COAHUILA,11,GRAL. CEPEDA,NUAL_SI_PCP,0,6243,1,162,6406,9565,946
5,COAHUILA,11,GRAL. CEPEDA,NUAL_PJ_PRC,0,6243,1,162,6406,9565,198
5,COAHUILA,11,GRAL. CEPEDA,NUAL_PJ_PCP,0,6243,1,162,6406,9565,1018
5,COAHUILA,11,GRAL. CEPEDA,NUAL_PRC_PCP,0,6243,1,162,6406,9565,961
5,COAHUILA,11,GRAL. CEPEDA,SI_PJ_PRC,0,6243,1,162,6406,9565,87
5,COAHUILA,11,GRAL. CEPEDA,SI_PJ_PCP,0,6243,1,162,6406,9565,907
5,COAHUILA,11,GRAL. CEPEDA,SI_PRC_PCP,0,6243,1,162,6406,9565,850
5,COAHUILA,11,GRAL. CEPEDA,PJ_PRC_PCP,0,6243,1,162,6406,9565,922
5,COAHUILA,11,GRAL. CEPEDA,PRI_PVEM,0,6243,1,162,6406,9565,2089
5,COAHUILA,11,GRAL. CEPEDA,PRI_NUAL,0,6243,1,162,6406,9565,2200
5,COAHUILA,11,GRAL. CEPEDA,PRI_SI,0,6243,1,162,6406,9565,2089
5,COAHUILA,11,GRAL. CEPEDA,PRI_PJ,0,6243,1,162,6406,9565,2161
5,COAHUILA,11,GRAL. CEPEDA,PRI_PRC,0,6243,1,162,6406,9565,2104
5,COAHUILA,11,GRAL. CEPEDA,PRI_PCP,0,6243,1,162,6406,9565,2924
5,COAHUILA,11,GRAL. CEPEDA,PVEM_NUAL,0,6243,1,162,6406,9565,111
5,COAHUILA,11,GRAL. CEPEDA,PVEM_SI,0,6243,1,162,6406,9565,0
5,COAHUILA,11,GRAL. CEPEDA,PVEM_PJ,0,6243,1,162,6406,9565,72
5,COAHUILA,11,GRAL. CEPEDA,PVEM_PRC,0,6243,1,162,6406,9565,15
5,COAHUILA,11,GRAL. CEPEDA,PVEM_PCP,0,6243,1,162,6406,9565,835
5,COAHUILA,11,GRAL. CEPEDA,NUAL_SI,0,6243,1,162,6406,9565,111
5,COAHUILA,11,GRAL. CEPEDA,NUAL_PJ,0,6243,1,162,6406,9565,183
5,COAHUILA,11,GRAL. CEPEDA,NUAL_PRC,0,6243,1,162,6406,9565,126
5,COAHUILA,11,GRAL. CEPEDA,NUAL_PCP,0,6243,1,162,6406,9565,946
5,COAHUILA,11,GRAL. CEPEDA,SI_PJ,0,6243,1,162,6406,9565,72
5,COAHUILA,11,GRAL. CEPEDA,SI_PRC,0,6243,1,162,6406,9565,15
5,COAHUILA,11,GRAL. CEPEDA,SI_PCP,0,6243,1,162,6406,9565,835
5,COAHUILA,11,GRAL. CEPEDA,PJ_PRC,0,6243,1,162,6406,9565,87
5,COAHUILA,11,GRAL. CEPEDA,PJ_PCP,0,6243,1,162,6406,9565,907
5,COAHUILA,11,GRAL. CEPEDA,PRC_PCP,0,6243,1,162,6406,9565,850
5,COAHUILA,11,GRAL. CEPEDA,CAND_IND6,NA,6243,1,162,6406,9565,0
5,COAHUILA,11,GRAL. CEPEDA,CAND_IND7,NA,6243,1,162,6406,9565,0
5,COAHUILA,11,GRAL. CEPEDA,CAND_IND8,NA,6243,1,162,6406,9565,0
5,COAHUILA,11,GRAL. CEPEDA,CAND_IND9,NA,6243,1,162,6406,9565,0
5,COAHUILA,11,GRAL. CEPEDA,CAND_IND10,NA,6243,1,162,6406,9565,0
5,COAHUILA,11,GRAL. CEPEDA,CAND_IND11,NA,6243,1,162,6406,9565,0
5,COAHUILA,11,GRAL. CEPEDA,CAND_IND12,NA,6243,1,162,6406,9565,0
5,COAHUILA,11,GRAL. CEPEDA,CAND_IND13,NA,6243,1,162,6406,9565,0
5,COAHUILA,11,GRAL. CEPEDA,CAND_IND14,NA,6243,1,162,6406,9565,0
5,COAHUILA,11,GRAL. CEPEDA,CAND_IND15,NA,6243,1,162,6406,9565,0
5,COAHUILA,11,GRAL. CEPEDA,CAND_IND16,NA,6243,1,162,6406,9565,0
5,COAHUILA,11,GRAL. CEPEDA,CAND_IND17,NA,6243,1,162,6406,9565,0
5,COAHUILA,11,GRAL. CEPEDA,CAND_IND18,NA,6243,1,162,6406,9565,0
5,COAHUILA,11,GRAL. CEPEDA,CAND_IND19,NA,6243,1,162,6406,9565,0
5,COAHUILA,12,GUERRERO,PAN,575,1195,0,19,1214,1797,575
5,COAHUILA,12,GUERRERO,PRI,549,1195,0,19,1214,1797,549
5,COAHUILA,12,GUERRERO,PRD,0,1195,0,19,1214,1797,0
5,COAHUILA,12,GUERRERO,PT,0,1195,0,19,1214,1797,0
5,COAHUILA,12,GUERRERO,PVEM,1,1195,0,19,1214,1797,1
5,COAHUILA,12,GUERRERO,UDC,3,1195,0,19,1214,1797,3
5,COAHUILA,12,GUERRERO,MC,0,1195,0,19,1214,1797,0
5,COAHUILA,12,GUERRERO,NUAL,13,1195,0,19,1214,1797,13
5,COAHUILA,12,GUERRERO,SI,2,1195,0,19,1214,1797,2
5,COAHUILA,12,GUERRERO,PPC,2,1195,0,19,1214,1797,2
5,COAHUILA,12,GUERRERO,PJ,0,1195,0,19,1214,1797,0
5,COAHUILA,12,GUERRERO,PRC,1,1195,0,19,1214,1797,1
5,COAHUILA,12,GUERRERO,PCP,0,1195,0,19,1214,1797,0
5,COAHUILA,12,GUERRERO,MORENA,26,1195,0,19,1214,1797,26
5,COAHUILA,12,GUERRERO,ES,2,1195,0,19,1214,1797,2
5,COAHUILA,12,GUERRERO,PAN_UDC_PPC_ES,6,1195,0,19,1214,1797,588
5,COAHUILA,12,GUERRERO,PAN_UDC_PPC,1,1195,0,19,1214,1797,581
5,COAHUILA,12,GUERRERO,PAN_UDC_ES,0,1195,0,19,1214,1797,580
5,COAHUILA,12,GUERRERO,PAN_PPC_ES,0,1195,0,19,1214,1797,579
5,COAHUILA,12,GUERRERO,UDC_PPC_ES,0,1195,0,19,1214,1797,7
5,COAHUILA,12,GUERRERO,PAN_UDC,0,1195,0,19,1214,1797,578
5,COAHUILA,12,GUERRERO,PAN_PPC,1,1195,0,19,1214,1797,578
5,COAHUILA,12,GUERRERO,PAN_ES,1,1195,0,19,1214,1797,578
5,COAHUILA,12,GUERRERO,UDC_PPC,0,1195,0,19,1214,1797,5
5,COAHUILA,12,GUERRERO,UDC_ES,0,1195,0,19,1214,1797,5
5,COAHUILA,12,GUERRERO,PPC_ES,0,1195,0,19,1214,1797,4
5,COAHUILA,12,GUERRERO,PRI_PVEM_NUAL_SI_PJ_PRC_PCP,3,1195,0,19,1214,1797,569
5,COAHUILA,12,GUERRERO,PRI_PVEM_NUAL_SI_PJ_PRC,0,1195,0,19,1214,1797,566
5,COAHUILA,12,GUERRERO,PRI_PVEM_NUAL_SI_PJ_PCP,0,1195,0,19,1214,1797,565
5,COAHUILA,12,GUERRERO,PRI_PVEM_NUAL_SI_PRC_PCP,0,1195,0,19,1214,1797,566
5,COAHUILA,12,GUERRERO,PRI_PVEM_NUAL_PJ_PRC_PCP,0,1195,0,19,1214,1797,564
5,COAHUILA,12,GUERRERO,PRI_PVEM_SI_PJ_PRC_PCP,0,1195,0,19,1214,1797,553
5,COAHUILA,12,GUERRERO,PRI_NUAL_SI_PJ_PRC_PCP,0,1195,0,19,1214,1797,565
5,COAHUILA,12,GUERRERO,PVEM_NUAL_SI_PJ_PRC_PCP,0,1195,0,19,1214,1797,17
5,COAHUILA,12,GUERRERO,PRI_PVEM_NUAL_SI_PJ,0,1195,0,19,1214,1797,565
5,COAHUILA,12,GUERRERO,PRI_PVEM_NUAL_SI_PRC,0,1195,0,19,1214,1797,566
5,COAHUILA,12,GUERRERO,PRI_PVEM_NUAL_SI_PCP,0,1195,0,19,1214,1797,565
5,COAHUILA,12,GUERRERO,PRI_PVEM_NUAL_PJ_PRC,0,1195,0,19,1214,1797,564
5,COAHUILA,12,GUERRERO,PRI_PVEM_NUAL_PJ_PCP,0,1195,0,19,1214,1797,563
5,COAHUILA,12,GUERRERO,PRI_PVEM_NUAL_PRC_PCP,0,1195,0,19,1214,1797,564
5,COAHUILA,12,GUERRERO,PRI_PVEM_SI_PJ_PRC,0,1195,0,19,1214,1797,553
5,COAHUILA,12,GUERRERO,PRI_PVEM_SI_PJ_PCP,0,1195,0,19,1214,1797,552
5,COAHUILA,12,GUERRERO,PRI_PVEM_SI_PRC_PCP,0,1195,0,19,1214,1797,553
5,COAHUILA,12,GUERRERO,PRI_PVEM_PJ_PRC_PCP,0,1195,0,19,1214,1797,551
5,COAHUILA,12,GUERRERO,PRI_NUAL_SI_PJ_PRC,0,1195,0,19,1214,1797,565
5,COAHUILA,12,GUERRERO,PRI_NUAL_SI_PJ_PCP,0,1195,0,19,1214,1797,564
5,COAHUILA,12,GUERRERO,PRI_NUAL_SI_PRC_PCP,0,1195,0,19,1214,1797,565
5,COAHUILA,12,GUERRERO,PRI_NUAL_PJ_PRC_PCP,0,1195,0,19,1214,1797,563
5,COAHUILA,12,GUERRERO,PRI_SI_PJ_PRC_PCP,0,1195,0,19,1214,1797,552
5,COAHUILA,12,GUERRERO,PVEM_NUAL_SI_PJ_PRC,0,1195,0,19,1214,1797,17
5,COAHUILA,12,GUERRERO,PVEM_NUAL_SI_PJ_PCP,0,1195,0,19,1214,1797,16
5,COAHUILA,12,GUERRERO,PVEM_NUAL_SI_PRC_PCP,0,1195,0,19,1214,1797,17
5,COAHUILA,12,GUERRERO,PVEM_NUAL_PJ_PRC_PCP,0,1195,0,19,1214,1797,15
5,COAHUILA,12,GUERRERO,PVEM_SI_PJ_PRC_PCP,0,1195,0,19,1214,1797,4
5,COAHUILA,12,GUERRERO,NUAL_SI_PJ_PRC_PCP,0,1195,0,19,1214,1797,16
5,COAHUILA,12,GUERRERO,PRI_PVEM_NUAL_SI,0,1195,0,19,1214,1797,565
5,COAHUILA,12,GUERRERO,PRI_PVEM_NUAL_PJ,0,1195,0,19,1214,1797,563
5,COAHUILA,12,GUERRERO,PRI_PVEM_NUAL_PRC,0,1195,0,19,1214,1797,564
5,COAHUILA,12,GUERRERO,PRI_PVEM_NUAL_PCP,0,1195,0,19,1214,1797,563
5,COAHUILA,12,GUERRERO,PRI_PVEM_SI_PJ,0,1195,0,19,1214,1797,552
5,COAHUILA,12,GUERRERO,PRI_PVEM_SI_PRC,0,1195,0,19,1214,1797,553
5,COAHUILA,12,GUERRERO,PRI_PVEM_SI_PCP,0,1195,0,19,1214,1797,552
5,COAHUILA,12,GUERRERO,PRI_PVEM_PJ_PRC,0,1195,0,19,1214,1797,551
5,COAHUILA,12,GUERRERO,PRI_PVEM_PJ_PCP,0,1195,0,19,1214,1797,550
5,COAHUILA,12,GUERRERO,PRI_PVEM_PRC_PCP,0,1195,0,19,1214,1797,551
5,COAHUILA,12,GUERRERO,PRI_NUAL_SI_PJ,0,1195,0,19,1214,1797,564
5,COAHUILA,12,GUERRERO,PRI_NUAL_SI_PRC,0,1195,0,19,1214,1797,565
5,COAHUILA,12,GUERRERO,PRI_NUAL_SI_PCP,0,1195,0,19,1214,1797,564
5,COAHUILA,12,GUERRERO,PRI_NUAL_PJ_PRC,0,1195,0,19,1214,1797,563
5,COAHUILA,12,GUERRERO,PRI_NUAL_PJ_PCP,0,1195,0,19,1214,1797,562
5,COAHUILA,12,GUERRERO,PRI_NUAL_PRC_PCP,0,1195,0,19,1214,1797,563
5,COAHUILA,12,GUERRERO,PRI_SI_PJ_PRC,0,1195,0,19,1214,1797,552
5,COAHUILA,12,GUERRERO,PRI_SI_PJ_PCP,0,1195,0,19,1214,1797,551
5,COAHUILA,12,GUERRERO,PRI_SI_PRC_PCP,0,1195,0,19,1214,1797,552
5,COAHUILA,12,GUERRERO,PRI_PJ_PRC_PCP,0,1195,0,19,1214,1797,550
5,COAHUILA,12,GUERRERO,PVEM_NUAL_SI_PJ,0,1195,0,19,1214,1797,16
5,COAHUILA,12,GUERRERO,PVEM_NUAL_SI_PRC,0,1195,0,19,1214,1797,17
5,COAHUILA,12,GUERRERO,PVEM_NUAL_SI_PCP,0,1195,0,19,1214,1797,16
5,COAHUILA,12,GUERRERO,PVEM_NUAL_PJ_PRC,0,1195,0,19,1214,1797,15
5,COAHUILA,12,GUERRERO,PVEM_NUAL_PJ_PCP,0,1195,0,19,1214,1797,14
5,COAHUILA,12,GUERRERO,PVEM_NUAL_PRC_PCP,0,1195,0,19,1214,1797,15
5,COAHUILA,12,GUERRERO,PVEM_SI_PJ_PRC,0,1195,0,19,1214,1797,4
5,COAHUILA,12,GUERRERO,PVEM_SI_PJ_PCP,0,1195,0,19,1214,1797,3
5,COAHUILA,12,GUERRERO,PVEM_SI_PRC_PCP,0,1195,0,19,1214,1797,4
5,COAHUILA,12,GUERRERO,PVEM_PJ_PRC_PCP,0,1195,0,19,1214,1797,2
5,COAHUILA,12,GUERRERO,NUAL_SI_PJ_PRC,0,1195,0,19,1214,1797,16
5,COAHUILA,12,GUERRERO,NUAL_SI_PJ_PCP,0,1195,0,19,1214,1797,15
5,COAHUILA,12,GUERRERO,NUAL_SI_PRC_PCP,0,1195,0,19,1214,1797,16
5,COAHUILA,12,GUERRERO,NUAL_PJ_PRC_PCP,0,1195,0,19,1214,1797,14
5,COAHUILA,12,GUERRERO,SI_PJ_PRC_PCP,0,1195,0,19,1214,1797,3
5,COAHUILA,12,GUERRERO,PRI_PVEM_NUAL,1,1195,0,19,1214,1797,564
5,COAHUILA,12,GUERRERO,PRI_PVEM_SI,0,1195,0,19,1214,1797,552
5,COAHUILA,12,GUERRERO,PRI_PVEM_PJ,0,1195,0,19,1214,1797,550
5,COAHUILA,12,GUERRERO,PRI_PVEM_PRC,0,1195,0,19,1214,1797,551
5,COAHUILA,12,GUERRERO,PRI_PVEM_PCP,0,1195,0,19,1214,1797,550
5,COAHUILA,12,GUERRERO,PRI_NUAL_SI,1,1195,0,19,1214,1797,565
5,COAHUILA,12,GUERRERO,PRI_NUAL_PJ,0,1195,0,19,1214,1797,562
5,COAHUILA,12,GUERRERO,PRI_NUAL_PRC,0,1195,0,19,1214,1797,563
5,COAHUILA,12,GUERRERO,PRI_NUAL_PCP,0,1195,0,19,1214,1797,562
5,COAHUILA,12,GUERRERO,PRI_SI_PJ,0,1195,0,19,1214,1797,551
5,COAHUILA,12,GUERRERO,PRI_SI_PRC,0,1195,0,19,1214,1797,552
5,COAHUILA,12,GUERRERO,PRI_SI_PCP,0,1195,0,19,1214,1797,551
5,COAHUILA,12,GUERRERO,PRI_PJ_PRC,0,1195,0,19,1214,1797,550
5,COAHUILA,12,GUERRERO,PRI_PJ_PCP,0,1195,0,19,1214,1797,549
5,COAHUILA,12,GUERRERO,PRI_PRC_PCP,0,1195,0,19,1214,1797,550
5,COAHUILA,12,GUERRERO,PVEM_NUAL_SI,0,1195,0,19,1214,1797,16
5,COAHUILA,12,GUERRERO,PVEM_NUAL_PJ,0,1195,0,19,1214,1797,14
5,COAHUILA,12,GUERRERO,PVEM_NUAL_PRC,0,1195,0,19,1214,1797,15
5,COAHUILA,12,GUERRERO,PVEM_NUAL_PCP,0,1195,0,19,1214,1797,14
5,COAHUILA,12,GUERRERO,PVEM_SI_PJ,0,1195,0,19,1214,1797,3
5,COAHUILA,12,GUERRERO,PVEM_SI_PRC,0,1195,0,19,1214,1797,4
5,COAHUILA,12,GUERRERO,PVEM_SI_PCP,0,1195,0,19,1214,1797,3
5,COAHUILA,12,GUERRERO,PVEM_PJ_PRC,0,1195,0,19,1214,1797,2
5,COAHUILA,12,GUERRERO,PVEM_PJ_PCP,0,1195,0,19,1214,1797,1
5,COAHUILA,12,GUERRERO,PVEM_PRC_PCP,0,1195,0,19,1214,1797,2
5,COAHUILA,12,GUERRERO,NUAL_SI_PJ,0,1195,0,19,1214,1797,15
5,COAHUILA,12,GUERRERO,NUAL_SI_PRC,0,1195,0,19,1214,1797,16
5,COAHUILA,12,GUERRERO,NUAL_SI_PCP,0,1195,0,19,1214,1797,15
5,COAHUILA,12,GUERRERO,NUAL_PJ_PRC,0,1195,0,19,1214,1797,14
5,COAHUILA,12,GUERRERO,NUAL_PJ_PCP,0,1195,0,19,1214,1797,13
5,COAHUILA,12,GUERRERO,NUAL_PRC_PCP,0,1195,0,19,1214,1797,14
5,COAHUILA,12,GUERRERO,SI_PJ_PRC,0,1195,0,19,1214,1797,3
5,COAHUILA,12,GUERRERO,SI_PJ_PCP,0,1195,0,19,1214,1797,2
5,COAHUILA,12,GUERRERO,SI_PRC_PCP,0,1195,0,19,1214,1797,3
5,COAHUILA,12,GUERRERO,PJ_PRC_PCP,0,1195,0,19,1214,1797,1
5,COAHUILA,12,GUERRERO,PRI_PVEM,0,1195,0,19,1214,1797,550
5,COAHUILA,12,GUERRERO,PRI_NUAL,4,1195,0,19,1214,1797,566
5,COAHUILA,12,GUERRERO,PRI_SI,1,1195,0,19,1214,1797,552
5,COAHUILA,12,GUERRERO,PRI_PJ,0,1195,0,19,1214,1797,549
5,COAHUILA,12,GUERRERO,PRI_PRC,1,1195,0,19,1214,1797,551
5,COAHUILA,12,GUERRERO,PRI_PCP,0,1195,0,19,1214,1797,549
5,COAHUILA,12,GUERRERO,PVEM_NUAL,0,1195,0,19,1214,1797,14
5,COAHUILA,12,GUERRERO,PVEM_SI,0,1195,0,19,1214,1797,3
5,COAHUILA,12,GUERRERO,PVEM_PJ,0,1195,0,19,1214,1797,1
5,COAHUILA,12,GUERRERO,PVEM_PRC,0,1195,0,19,1214,1797,2
5,COAHUILA,12,GUERRERO,PVEM_PCP,0,1195,0,19,1214,1797,1
5,COAHUILA,12,GUERRERO,NUAL_SI,0,1195,0,19,1214,1797,15
5,COAHUILA,12,GUERRERO,NUAL_PJ,0,1195,0,19,1214,1797,13
5,COAHUILA,12,GUERRERO,NUAL_PRC,0,1195,0,19,1214,1797,14
5,COAHUILA,12,GUERRERO,NUAL_PCP,0,1195,0,19,1214,1797,13
5,COAHUILA,12,GUERRERO,SI_PJ,0,1195,0,19,1214,1797,2
5,COAHUILA,12,GUERRERO,SI_PRC,0,1195,0,19,1214,1797,3
5,COAHUILA,12,GUERRERO,SI_PCP,0,1195,0,19,1214,1797,2
5,COAHUILA,12,GUERRERO,PJ_PRC,0,1195,0,19,1214,1797,1
5,COAHUILA,12,GUERRERO,PJ_PCP,0,1195,0,19,1214,1797,0
5,COAHUILA,12,GUERRERO,PRC_PCP,1,1195,0,19,1214,1797,2
5,COAHUILA,12,GUERRERO,CAND_IND6,NA,1195,0,19,1214,1797,0
5,COAHUILA,12,GUERRERO,CAND_IND7,NA,1195,0,19,1214,1797,0
5,COAHUILA,12,GUERRERO,CAND_IND8,NA,1195,0,19,1214,1797,0
5,COAHUILA,12,GUERRERO,CAND_IND9,NA,1195,0,19,1214,1797,0
5,COAHUILA,12,GUERRERO,CAND_IND10,NA,1195,0,19,1214,1797,0
5,COAHUILA,12,GUERRERO,CAND_IND11,NA,1195,0,19,1214,1797,0
5,COAHUILA,12,GUERRERO,CAND_IND12,NA,1195,0,19,1214,1797,0
5,COAHUILA,12,GUERRERO,CAND_IND13,NA,1195,0,19,1214,1797,0
5,COAHUILA,12,GUERRERO,CAND_IND14,NA,1195,0,19,1214,1797,0
5,COAHUILA,12,GUERRERO,CAND_IND15,NA,1195,0,19,1214,1797,0
5,COAHUILA,12,GUERRERO,CAND_IND16,NA,1195,0,19,1214,1797,0
5,COAHUILA,12,GUERRERO,CAND_IND17,NA,1195,0,19,1214,1797,0
5,COAHUILA,12,GUERRERO,CAND_IND18,NA,1195,0,19,1214,1797,0
5,COAHUILA,12,GUERRERO,CAND_IND19,NA,1195,0,19,1214,1797,0
5,COAHUILA,13,HIDALGO,PAN,129,835,0,12,847,1160,129
5,COAHUILA,13,HIDALGO,PRI,488,835,0,12,847,1160,488
5,COAHUILA,13,HIDALGO,PRD,0,835,0,12,847,1160,0
5,COAHUILA,13,HIDALGO,PT,0,835,0,12,847,1160,0
5,COAHUILA,13,HIDALGO,PVEM,1,835,0,12,847,1160,1
5,COAHUILA,13,HIDALGO,UDC,170,835,0,12,847,1160,170
5,COAHUILA,13,HIDALGO,MC,0,835,0,12,847,1160,0
5,COAHUILA,13,HIDALGO,NUAL,5,835,0,12,847,1160,5
5,COAHUILA,13,HIDALGO,SI,0,835,0,12,847,1160,0
5,COAHUILA,13,HIDALGO,PPC,6,835,0,12,847,1160,6
5,COAHUILA,13,HIDALGO,PJ,3,835,0,12,847,1160,3
5,COAHUILA,13,HIDALGO,PRC,1,835,0,12,847,1160,1
5,COAHUILA,13,HIDALGO,PCP,0,835,0,12,847,1160,0
5,COAHUILA,13,HIDALGO,MORENA,0,835,0,12,847,1160,0
5,COAHUILA,13,HIDALGO,ES,5,835,0,12,847,1160,5
5,COAHUILA,13,HIDALGO,PAN_UDC_PPC_ES,5,835,0,12,847,1160,315
5,COAHUILA,13,HIDALGO,PAN_UDC_PPC,2,835,0,12,847,1160,307
5,COAHUILA,13,HIDALGO,PAN_UDC_ES,1,835,0,12,847,1160,305
5,COAHUILA,13,HIDALGO,PAN_PPC_ES,0,835,0,12,847,1160,140
5,COAHUILA,13,HIDALGO,UDC_PPC_ES,0,835,0,12,847,1160,181
5,COAHUILA,13,HIDALGO,PAN_UDC,7,835,0,12,847,1160,306
5,COAHUILA,13,HIDALGO,PAN_PPC,1,835,0,12,847,1160,136
5,COAHUILA,13,HIDALGO,PAN_ES,0,835,0,12,847,1160,134
5,COAHUILA,13,HIDALGO,UDC_PPC,0,835,0,12,847,1160,176
5,COAHUILA,13,HIDALGO,UDC_ES,0,835,0,12,847,1160,175
5,COAHUILA,13,HIDALGO,PPC_ES,0,835,0,12,847,1160,11
5,COAHUILA,13,HIDALGO,PRI_PVEM_NUAL_SI_PJ_PRC_PCP,1,835,0,12,847,1160,499
5,COAHUILA,13,HIDALGO,PRI_PVEM_NUAL_SI_PJ_PRC,0,835,0,12,847,1160,498
5,COAHUILA,13,HIDALGO,PRI_PVEM_NUAL_SI_PJ_PCP,0,835,0,12,847,1160,497
5,COAHUILA,13,HIDALGO,PRI_PVEM_NUAL_SI_PRC_PCP,1,835,0,12,847,1160,496
5,COAHUILA,13,HIDALGO,PRI_PVEM_NUAL_PJ_PRC_PCP,0,835,0,12,847,1160,498
5,COAHUILA,13,HIDALGO,PRI_PVEM_SI_PJ_PRC_PCP,0,835,0,12,847,1160,493
5,COAHUILA,13,HIDALGO,PRI_NUAL_SI_PJ_PRC_PCP,0,835,0,12,847,1160,497
5,COAHUILA,13,HIDALGO,PVEM_NUAL_SI_PJ_PRC_PCP,0,835,0,12,847,1160,10
5,COAHUILA,13,HIDALGO,PRI_PVEM_NUAL_SI_PJ,0,835,0,12,847,1160,497
5,COAHUILA,13,HIDALGO,PRI_PVEM_NUAL_SI_PRC,0,835,0,12,847,1160,495
5,COAHUILA,13,HIDALGO,PRI_PVEM_NUAL_SI_PCP,0,835,0,12,847,1160,494
5,COAHUILA,13,HIDALGO,PRI_PVEM_NUAL_PJ_PRC,0,835,0,12,847,1160,498
5,COAHUILA,13,HIDALGO,PRI_PVEM_NUAL_PJ_PCP,0,835,0,12,847,1160,497
5,COAHUILA,13,HIDALGO,PRI_PVEM_NUAL_PRC_PCP,0,835,0,12,847,1160,495
5,COAHUILA,13,HIDALGO,PRI_PVEM_SI_PJ_PRC,0,835,0,12,847,1160,493
5,COAHUILA,13,HIDALGO,PRI_PVEM_SI_PJ_PCP,1,835,0,12,847,1160,493
5,COAHUILA,13,HIDALGO,PRI_PVEM_SI_PRC_PCP,0,835,0,12,847,1160,490
5,COAHUILA,13,HIDALGO,PRI_PVEM_PJ_PRC_PCP,0,835,0,12,847,1160,493
5,COAHUILA,13,HIDALGO,PRI_NUAL_SI_PJ_PRC,0,835,0,12,847,1160,497
5,COAHUILA,13,HIDALGO,PRI_NUAL_SI_PJ_PCP,0,835,0,12,847,1160,496
5,COAHUILA,13,HIDALGO,PRI_NUAL_SI_PRC_PCP,0,835,0,12,847,1160,494
5,COAHUILA,13,HIDALGO,PRI_NUAL_PJ_PRC_PCP,0,835,0,12,847,1160,497
5,COAHUILA,13,HIDALGO,PRI_SI_PJ_PRC_PCP,0,835,0,12,847,1160,492
5,COAHUILA,13,HIDALGO,PVEM_NUAL_SI_PJ_PRC,0,835,0,12,847,1160,10
5,COAHUILA,13,HIDALGO,PVEM_NUAL_SI_PJ_PCP,0,835,0,12,847,1160,9
5,COAHUILA,13,HIDALGO,PVEM_NUAL_SI_PRC_PCP,2,835,0,12,847,1160,9
5,COAHUILA,13,HIDALGO,PVEM_NUAL_PJ_PRC_PCP,0,835,0,12,847,1160,10
5,COAHUILA,13,HIDALGO,PVEM_SI_PJ_PRC_PCP,0,835,0,12,847,1160,5
5,COAHUILA,13,HIDALGO,NUAL_SI_PJ_PRC_PCP,0,835,0,12,847,1160,9
5,COAHUILA,13,HIDALGO,PRI_PVEM_NUAL_SI,0,835,0,12,847,1160,494
5,COAHUILA,13,HIDALGO,PRI_PVEM_NUAL_PJ,0,835,0,12,847,1160,497
5,COAHUILA,13,HIDALGO,PRI_PVEM_NUAL_PRC,0,835,0,12,847,1160,495
5,COAHUILA,13,HIDALGO,PRI_PVEM_NUAL_PCP,0,835,0,12,847,1160,494
5,COAHUILA,13,HIDALGO,PRI_PVEM_SI_PJ,0,835,0,12,847,1160,492
5,COAHUILA,13,HIDALGO,PRI_PVEM_SI_PRC,0,835,0,12,847,1160,490
5,COAHUILA,13,HIDALGO,PRI_PVEM_SI_PCP,0,835,0,12,847,1160,489
5,COAHUILA,13,HIDALGO,PRI_PVEM_PJ_PRC,0,835,0,12,847,1160,493
5,COAHUILA,13,HIDALGO,PRI_PVEM_PJ_PCP,0,835,0,12,847,1160,492
5,COAHUILA,13,HIDALGO,PRI_PVEM_PRC_PCP,0,835,0,12,847,1160,490
5,COAHUILA,13,HIDALGO,PRI_NUAL_SI_PJ,0,835,0,12,847,1160,496
5,COAHUILA,13,HIDALGO,PRI_NUAL_SI_PRC,0,835,0,12,847,1160,494
5,COAHUILA,13,HIDALGO,PRI_NUAL_SI_PCP,0,835,0,12,847,1160,493
5,COAHUILA,13,HIDALGO,PRI_NUAL_PJ_PRC,0,835,0,12,847,1160,497
5,COAHUILA,13,HIDALGO,PRI_NUAL_PJ_PCP,0,835,0,12,847,1160,496
5,COAHUILA,13,HIDALGO,PRI_NUAL_PRC_PCP,0,835,0,12,847,1160,494
5,COAHUILA,13,HIDALGO,PRI_SI_PJ_PRC,0,835,0,12,847,1160,492
5,COAHUILA,13,HIDALGO,PRI_SI_PJ_PCP,0,835,0,12,847,1160,491
5,COAHUILA,13,HIDALGO,PRI_SI_PRC_PCP,0,835,0,12,847,1160,489
5,COAHUILA,13,HIDALGO,PRI_PJ_PRC_PCP,0,835,0,12,847,1160,492
5,COAHUILA,13,HIDALGO,PVEM_NUAL_SI_PJ,0,835,0,12,847,1160,9
5,COAHUILA,13,HIDALGO,PVEM_NUAL_SI_PRC,0,835,0,12,847,1160,7
5,COAHUILA,13,HIDALGO,PVEM_NUAL_SI_PCP,0,835,0,12,847,1160,6
5,COAHUILA,13,HIDALGO,PVEM_NUAL_PJ_PRC,0,835,0,12,847,1160,10
5,COAHUILA,13,HIDALGO,PVEM_NUAL_PJ_PCP,0,835,0,12,847,1160,9
5,COAHUILA,13,HIDALGO,PVEM_NUAL_PRC_PCP,0,835,0,12,847,1160,7
5,COAHUILA,13,HIDALGO,PVEM_SI_PJ_PRC,0,835,0,12,847,1160,5
5,COAHUILA,13,HIDALGO,PVEM_SI_PJ_PCP,0,835,0,12,847,1160,4
5,COAHUILA,13,HIDALGO,PVEM_SI_PRC_PCP,0,835,0,12,847,1160,2
5,COAHUILA,13,HIDALGO,PVEM_PJ_PRC_PCP,0,835,0,12,847,1160,5
5,COAHUILA,13,HIDALGO,NUAL_SI_PJ_PRC,0,835,0,12,847,1160,9
5,COAHUILA,13,HIDALGO,NUAL_SI_PJ_PCP,0,835,0,12,847,1160,8
5,COAHUILA,13,HIDALGO,NUAL_SI_PRC_PCP,0,835,0,12,847,1160,6
5,COAHUILA,13,HIDALGO,NUAL_PJ_PRC_PCP,0,835,0,12,847,1160,9
5,COAHUILA,13,HIDALGO,SI_PJ_PRC_PCP,0,835,0,12,847,1160,4
5,COAHUILA,13,HIDALGO,PRI_PVEM_NUAL,0,835,0,12,847,1160,494
5,COAHUILA,13,HIDALGO,PRI_PVEM_SI,0,835,0,12,847,1160,489
5,COAHUILA,13,HIDALGO,PRI_PVEM_PJ,0,835,0,12,847,1160,492
5,COAHUILA,13,HIDALGO,PRI_PVEM_PRC,0,835,0,12,847,1160,490
5,COAHUILA,13,HIDALGO,PRI_PVEM_PCP,0,835,0,12,847,1160,489
5,COAHUILA,13,HIDALGO,PRI_NUAL_SI,0,835,0,12,847,1160,493
5,COAHUILA,13,HIDALGO,PRI_NUAL_PJ,0,835,0,12,847,1160,496
5,COAHUILA,13,HIDALGO,PRI_NUAL_PRC,0,835,0,12,847,1160,494
5,COAHUILA,13,HIDALGO,PRI_NUAL_PCP,0,835,0,12,847,1160,493
5,COAHUILA,13,HIDALGO,PRI_SI_PJ,0,835,0,12,847,1160,491
5,COAHUILA,13,HIDALGO,PRI_SI_PRC,0,835,0,12,847,1160,489
5,COAHUILA,13,HIDALGO,PRI_SI_PCP,0,835,0,12,847,1160,488
5,COAHUILA,13,HIDALGO,PRI_PJ_PRC,0,835,0,12,847,1160,492
5,COAHUILA,13,HIDALGO,PRI_PJ_PCP,0,835,0,12,847,1160,491
5,COAHUILA,13,HIDALGO,PRI_PRC_PCP,0,835,0,12,847,1160,489
5,COAHUILA,13,HIDALGO,PVEM_NUAL_SI,0,835,0,12,847,1160,6
5,COAHUILA,13,HIDALGO,PVEM_NUAL_PJ,0,835,0,12,847,1160,9
5,COAHUILA,13,HIDALGO,PVEM_NUAL_PRC,0,835,0,12,847,1160,7
5,COAHUILA,13,HIDALGO,PVEM_NUAL_PCP,0,835,0,12,847,1160,6
5,COAHUILA,13,HIDALGO,PVEM_SI_PJ,0,835,0,12,847,1160,4
5,COAHUILA,13,HIDALGO,PVEM_SI_PRC,0,835,0,12,847,1160,2
5,COAHUILA,13,HIDALGO,PVEM_SI_PCP,0,835,0,12,847,1160,1
5,COAHUILA,13,HIDALGO,PVEM_PJ_PRC,0,835,0,12,847,1160,5
5,COAHUILA,13,HIDALGO,PVEM_PJ_PCP,0,835,0,12,847,1160,4
5,COAHUILA,13,HIDALGO,PVEM_PRC_PCP,0,835,0,12,847,1160,2
5,COAHUILA,13,HIDALGO,NUAL_SI_PJ,0,835,0,12,847,1160,8
5,COAHUILA,13,HIDALGO,NUAL_SI_PRC,0,835,0,12,847,1160,6
5,COAHUILA,13,HIDALGO,NUAL_SI_PCP,0,835,0,12,847,1160,5
5,COAHUILA,13,HIDALGO,NUAL_PJ_PRC,0,835,0,12,847,1160,9
5,COAHUILA,13,HIDALGO,NUAL_PJ_PCP,0,835,0,12,847,1160,8
5,COAHUILA,13,HIDALGO,NUAL_PRC_PCP,0,835,0,12,847,1160,6
5,COAHUILA,13,HIDALGO,SI_PJ_PRC,0,835,0,12,847,1160,4
5,COAHUILA,13,HIDALGO,SI_PJ_PCP,0,835,0,12,847,1160,3
5,COAHUILA,13,HIDALGO,SI_PRC_PCP,0,835,0,12,847,1160,1
5,COAHUILA,13,HIDALGO,PJ_PRC_PCP,0,835,0,12,847,1160,4
5,COAHUILA,13,HIDALGO,PRI_PVEM,3,835,0,12,847,1160,492
5,COAHUILA,13,HIDALGO,PRI_NUAL,1,835,0,12,847,1160,494
5,COAHUILA,13,HIDALGO,PRI_SI,1,835,0,12,847,1160,489
5,COAHUILA,13,HIDALGO,PRI_PJ,0,835,0,12,847,1160,491
5,COAHUILA,13,HIDALGO,PRI_PRC,0,835,0,12,847,1160,489
5,COAHUILA,13,HIDALGO,PRI_PCP,0,835,0,12,847,1160,488
5,COAHUILA,13,HIDALGO,PVEM_NUAL,1,835,0,12,847,1160,7
5,COAHUILA,13,HIDALGO,PVEM_SI,0,835,0,12,847,1160,1
5,COAHUILA,13,HIDALGO,PVEM_PJ,0,835,0,12,847,1160,4
5,COAHUILA,13,HIDALGO,PVEM_PRC,0,835,0,12,847,1160,2
5,COAHUILA,13,HIDALGO,PVEM_PCP,0,835,0,12,847,1160,1
5,COAHUILA,13,HIDALGO,NUAL_SI,0,835,0,12,847,1160,5
5,COAHUILA,13,HIDALGO,NUAL_PJ,0,835,0,12,847,1160,8
5,COAHUILA,13,HIDALGO,NUAL_PRC,0,835,0,12,847,1160,6
5,COAHUILA,13,HIDALGO,NUAL_PCP,0,835,0,12,847,1160,5
5,COAHUILA,13,HIDALGO,SI_PJ,0,835,0,12,847,1160,3
5,COAHUILA,13,HIDALGO,SI_PRC,0,835,0,12,847,1160,1
5,COAHUILA,13,HIDALGO,SI_PCP,0,835,0,12,847,1160,0
5,COAHUILA,13,HIDALGO,PJ_PRC,0,835,0,12,847,1160,4
5,COAHUILA,13,HIDALGO,PJ_PCP,0,835,0,12,847,1160,3
5,COAHUILA,13,HIDALGO,PRC_PCP,0,835,0,12,847,1160,1
5,COAHUILA,13,HIDALGO,CAND_IND6,NA,835,0,12,847,1160,0
5,COAHUILA,13,HIDALGO,CAND_IND7,NA,835,0,12,847,1160,0
5,COAHUILA,13,HIDALGO,CAND_IND8,NA,835,0,12,847,1160,0
5,COAHUILA,13,HIDALGO,CAND_IND9,NA,835,0,12,847,1160,0
5,COAHUILA,13,HIDALGO,CAND_IND10,NA,835,0,12,847,1160,0
5,COAHUILA,13,HIDALGO,CAND_IND11,NA,835,0,12,847,1160,0
5,COAHUILA,13,HIDALGO,CAND_IND12,NA,835,0,12,847,1160,0
5,COAHUILA,13,HIDALGO,CAND_IND13,NA,835,0,12,847,1160,0
5,COAHUILA,13,HIDALGO,CAND_IND14,NA,835,0,12,847,1160,0
5,COAHUILA,13,HIDALGO,CAND_IND15,NA,835,0,12,847,1160,0
5,COAHUILA,13,HIDALGO,CAND_IND16,NA,835,0,12,847,1160,0
5,COAHUILA,13,HIDALGO,CAND_IND17,NA,835,0,12,847,1160,0
5,COAHUILA,13,HIDALGO,CAND_IND18,NA,835,0,12,847,1160,0
5,COAHUILA,13,HIDALGO,CAND_IND19,NA,835,0,12,847,1160,0
5,COAHUILA,14,JIMENEZ,PAN,638,5047,1,149,5197,8318,638
5,COAHUILA,14,JIMENEZ,PRI,1679,5047,1,149,5197,8318,1679
5,COAHUILA,14,JIMENEZ,PRD,111,5047,1,149,5197,8318,111
5,COAHUILA,14,JIMENEZ,PT,759,5047,1,149,5197,8318,759
5,COAHUILA,14,JIMENEZ,PVEM,0,5047,1,149,5197,8318,0
5,COAHUILA,14,JIMENEZ,UDC,697,5047,1,149,5197,8318,697
5,COAHUILA,14,JIMENEZ,MC,0,5047,1,149,5197,8318,0
5,COAHUILA,14,JIMENEZ,NUAL,0,5047,1,149,5197,8318,0
5,COAHUILA,14,JIMENEZ,SI,193,5047,1,149,5197,8318,193
5,COAHUILA,14,JIMENEZ,PPC,7,5047,1,149,5197,8318,7
5,COAHUILA,14,JIMENEZ,PJ,722,5047,1,149,5197,8318,722
5,COAHUILA,14,JIMENEZ,PRC,0,5047,1,149,5197,8318,0
5,COAHUILA,14,JIMENEZ,PCP,0,5047,1,149,5197,8318,0
5,COAHUILA,14,JIMENEZ,MORENA,136,5047,1,149,5197,8318,136
5,COAHUILA,14,JIMENEZ,ES,15,5047,1,149,5197,8318,15
5,COAHUILA,14,JIMENEZ,PAN_UDC_PPC_ES,9,5047,1,149,5197,8318,1366
5,COAHUILA,14,JIMENEZ,PAN_UDC_PPC,9,5047,1,149,5197,8318,1351
5,COAHUILA,14,JIMENEZ,PAN_UDC_ES,2,5047,1,149,5197,8318,1352
5,COAHUILA,14,JIMENEZ,PAN_PPC_ES,1,5047,1,149,5197,8318,661
5,COAHUILA,14,JIMENEZ,UDC_PPC_ES,0,5047,1,149,5197,8318,719
5,COAHUILA,14,JIMENEZ,PAN_UDC,63,5047,1,149,5197,8318,1398
5,COAHUILA,14,JIMENEZ,PAN_PPC,1,5047,1,149,5197,8318,646
5,COAHUILA,14,JIMENEZ,PAN_ES,3,5047,1,149,5197,8318,656
5,COAHUILA,14,JIMENEZ,UDC_PPC,1,5047,1,149,5197,8318,705
5,COAHUILA,14,JIMENEZ,UDC_ES,1,5047,1,149,5197,8318,713
5,COAHUILA,14,JIMENEZ,PPC_ES,0,5047,1,149,5197,8318,22
5,COAHUILA,14,JIMENEZ,PRI_PVEM_NUAL_SI_PJ_PRC_PCP,0,5047,1,149,5197,8318,2594
5,COAHUILA,14,JIMENEZ,PRI_PVEM_NUAL_SI_PJ_PRC,0,5047,1,149,5197,8318,2594
5,COAHUILA,14,JIMENEZ,PRI_PVEM_NUAL_SI_PJ_PCP,0,5047,1,149,5197,8318,2594
5,COAHUILA,14,JIMENEZ,PRI_PVEM_NUAL_SI_PRC_PCP,0,5047,1,149,5197,8318,1872
5,COAHUILA,14,JIMENEZ,PRI_PVEM_NUAL_PJ_PRC_PCP,0,5047,1,149,5197,8318,2401
5,COAHUILA,14,JIMENEZ,PRI_PVEM_SI_PJ_PRC_PCP,0,5047,1,149,5197,8318,2594
5,COAHUILA,14,JIMENEZ,PRI_NUAL_SI_PJ_PRC_PCP,0,5047,1,149,5197,8318,2594
5,COAHUILA,14,JIMENEZ,PVEM_NUAL_SI_PJ_PRC_PCP,0,5047,1,149,5197,8318,915
5,COAHUILA,14,JIMENEZ,PRI_PVEM_NUAL_SI_PJ,0,5047,1,149,5197,8318,2594
5,COAHUILA,14,JIMENEZ,PRI_PVEM_NUAL_SI_PRC,0,5047,1,149,5197,8318,1872
5,COAHUILA,14,JIMENEZ,PRI_PVEM_NUAL_SI_PCP,0,5047,1,149,5197,8318,1872
5,COAHUILA,14,JIMENEZ,PRI_PVEM_NUAL_PJ_PRC,0,5047,1,149,5197,8318,2401
5,COAHUILA,14,JIMENEZ,PRI_PVEM_NUAL_PJ_PCP,0,5047,1,149,5197,8318,2401
5,COAHUILA,14,JIMENEZ,PRI_PVEM_NUAL_PRC_PCP,0,5047,1,149,5197,8318,1679
5,COAHUILA,14,JIMENEZ,PRI_PVEM_SI_PJ_PRC,0,5047,1,149,5197,8318,2594
5,COAHUILA,14,JIMENEZ,PRI_PVEM_SI_PJ_PCP,0,5047,1,149,5197,8318,2594
5,COAHUILA,14,JIMENEZ,PRI_PVEM_SI_PRC_PCP,0,5047,1,149,5197,8318,1872
5,COAHUILA,14,JIMENEZ,PRI_PVEM_PJ_PRC_PCP,0,5047,1,149,5197,8318,2401
5,COAHUILA,14,JIMENEZ,PRI_NUAL_SI_PJ_PRC,0,5047,1,149,5197,8318,2594
5,COAHUILA,14,JIMENEZ,PRI_NUAL_SI_PJ_PCP,0,5047,1,149,5197,8318,2594
5,COAHUILA,14,JIMENEZ,PRI_NUAL_SI_PRC_PCP,0,5047,1,149,5197,8318,1872
5,COAHUILA,14,JIMENEZ,PRI_NUAL_PJ_PRC_PCP,0,5047,1,149,5197,8318,2401
5,COAHUILA,14,JIMENEZ,PRI_SI_PJ_PRC_PCP,0,5047,1,149,5197,8318,2594
5,COAHUILA,14,JIMENEZ,PVEM_NUAL_SI_PJ_PRC,0,5047,1,149,5197,8318,915
5,COAHUILA,14,JIMENEZ,PVEM_NUAL_SI_PJ_PCP,0,5047,1,149,5197,8318,915
5,COAHUILA,14,JIMENEZ,PVEM_NUAL_SI_PRC_PCP,0,5047,1,149,5197,8318,193
5,COAHUILA,14,JIMENEZ,PVEM_NUAL_PJ_PRC_PCP,0,5047,1,149,5197,8318,722
5,COAHUILA,14,JIMENEZ,PVEM_SI_PJ_PRC_PCP,0,5047,1,149,5197,8318,915
5,COAHUILA,14,JIMENEZ,NUAL_SI_PJ_PRC_PCP,0,5047,1,149,5197,8318,915
5,COAHUILA,14,JIMENEZ,PRI_PVEM_NUAL_SI,0,5047,1,149,5197,8318,1872
5,COAHUILA,14,JIMENEZ,PRI_PVEM_NUAL_PJ,0,5047,1,149,5197,8318,2401
5,COAHUILA,14,JIMENEZ,PRI_PVEM_NUAL_PRC,0,5047,1,149,5197,8318,1679
5,COAHUILA,14,JIMENEZ,PRI_PVEM_NUAL_PCP,0,5047,1,149,5197,8318,1679
5,COAHUILA,14,JIMENEZ,PRI_PVEM_SI_PJ,0,5047,1,149,5197,8318,2594
5,COAHUILA,14,JIMENEZ,PRI_PVEM_SI_PRC,0,5047,1,149,5197,8318,1872
5,COAHUILA,14,JIMENEZ,PRI_PVEM_SI_PCP,0,5047,1,149,5197,8318,1872
5,COAHUILA,14,JIMENEZ,PRI_PVEM_PJ_PRC,0,5047,1,149,5197,8318,2401
5,COAHUILA,14,JIMENEZ,PRI_PVEM_PJ_PCP,0,5047,1,149,5197,8318,2401
5,COAHUILA,14,JIMENEZ,PRI_PVEM_PRC_PCP,0,5047,1,149,5197,8318,1679
5,COAHUILA,14,JIMENEZ,PRI_NUAL_SI_PJ,0,5047,1,149,5197,8318,2594
5,COAHUILA,14,JIMENEZ,PRI_NUAL_SI_PRC,0,5047,1,149,5197,8318,1872
5,COAHUILA,14,JIMENEZ,PRI_NUAL_SI_PCP,0,5047,1,149,5197,8318,1872
5,COAHUILA,14,JIMENEZ,PRI_NUAL_PJ_PRC,0,5047,1,149,5197,8318,2401
5,COAHUILA,14,JIMENEZ,PRI_NUAL_PJ_PCP,0,5047,1,149,5197,8318,2401
5,COAHUILA,14,JIMENEZ,PRI_NUAL_PRC_PCP,0,5047,1,149,5197,8318,1679
5,COAHUILA,14,JIMENEZ,PRI_SI_PJ_PRC,0,5047,1,149,5197,8318,2594
5,COAHUILA,14,JIMENEZ,PRI_SI_PJ_PCP,0,5047,1,149,5197,8318,2594
5,COAHUILA,14,JIMENEZ,PRI_SI_PRC_PCP,0,5047,1,149,5197,8318,1872
5,COAHUILA,14,JIMENEZ,PRI_PJ_PRC_PCP,0,5047,1,149,5197,8318,2401
5,COAHUILA,14,JIMENEZ,PVEM_NUAL_SI_PJ,0,5047,1,149,5197,8318,915
5,COAHUILA,14,JIMENEZ,PVEM_NUAL_SI_PRC,0,5047,1,149,5197,8318,193
5,COAHUILA,14,JIMENEZ,PVEM_NUAL_SI_PCP,0,5047,1,149,5197,8318,193
5,COAHUILA,14,JIMENEZ,PVEM_NUAL_PJ_PRC,0,5047,1,149,5197,8318,722
5,COAHUILA,14,JIMENEZ,PVEM_NUAL_PJ_PCP,0,5047,1,149,5197,8318,722
5,COAHUILA,14,JIMENEZ,PVEM_NUAL_PRC_PCP,0,5047,1,149,5197,8318,0
5,COAHUILA,14,JIMENEZ,PVEM_SI_PJ_PRC,0,5047,1,149,5197,8318,915
5,COAHUILA,14,JIMENEZ,PVEM_SI_PJ_PCP,0,5047,1,149,5197,8318,915
5,COAHUILA,14,JIMENEZ,PVEM_SI_PRC_PCP,0,5047,1,149,5197,8318,193
5,COAHUILA,14,JIMENEZ,PVEM_PJ_PRC_PCP,0,5047,1,149,5197,8318,722
5,COAHUILA,14,JIMENEZ,NUAL_SI_PJ_PRC,0,5047,1,149,5197,8318,915
5,COAHUILA,14,JIMENEZ,NUAL_SI_PJ_PCP,0,5047,1,149,5197,8318,915
5,COAHUILA,14,JIMENEZ,NUAL_SI_PRC_PCP,0,5047,1,149,5197,8318,193
5,COAHUILA,14,JIMENEZ,NUAL_PJ_PRC_PCP,0,5047,1,149,5197,8318,722
5,COAHUILA,14,JIMENEZ,SI_PJ_PRC_PCP,0,5047,1,149,5197,8318,915
5,COAHUILA,14,JIMENEZ,PRI_PVEM_NUAL,0,5047,1,149,5197,8318,1679
5,COAHUILA,14,JIMENEZ,PRI_PVEM_SI,0,5047,1,149,5197,8318,1872
5,COAHUILA,14,JIMENEZ,PRI_PVEM_PJ,0,5047,1,149,5197,8318,2401
5,COAHUILA,14,JIMENEZ,PRI_PVEM_PRC,0,5047,1,149,5197,8318,1679
5,COAHUILA,14,JIMENEZ,PRI_PVEM_PCP,0,5047,1,149,5197,8318,1679
5,COAHUILA,14,JIMENEZ,PRI_NUAL_SI,0,5047,1,149,5197,8318,1872
5,COAHUILA,14,JIMENEZ,PRI_NUAL_PJ,0,5047,1,149,5197,8318,2401
5,COAHUILA,14,JIMENEZ,PRI_NUAL_PRC,0,5047,1,149,5197,8318,1679
5,COAHUILA,14,JIMENEZ,PRI_NUAL_PCP,0,5047,1,149,5197,8318,1679
5,COAHUILA,14,JIMENEZ,PRI_SI_PJ,0,5047,1,149,5197,8318,2594
5,COAHUILA,14,JIMENEZ,PRI_SI_PRC,0,5047,1,149,5197,8318,1872
5,COAHUILA,14,JIMENEZ,PRI_SI_PCP,0,5047,1,149,5197,8318,1872
5,COAHUILA,14,JIMENEZ,PRI_PJ_PRC,0,5047,1,149,5197,8318,2401
5,COAHUILA,14,JIMENEZ,PRI_PJ_PCP,0,5047,1,149,5197,8318,2401
5,COAHUILA,14,JIMENEZ,PRI_PRC_PCP,0,5047,1,149,5197,8318,1679
5,COAHUILA,14,JIMENEZ,PVEM_NUAL_SI,0,5047,1,149,5197,8318,193
5,COAHUILA,14,JIMENEZ,PVEM_NUAL_PJ,0,5047,1,149,5197,8318,722
5,COAHUILA,14,JIMENEZ,PVEM_NUAL_PRC,0,5047,1,149,5197,8318,0
5,COAHUILA,14,JIMENEZ,PVEM_NUAL_PCP,0,5047,1,149,5197,8318,0
5,COAHUILA,14,JIMENEZ,PVEM_SI_PJ,0,5047,1,149,5197,8318,915
5,COAHUILA,14,JIMENEZ,PVEM_SI_PRC,0,5047,1,149,5197,8318,193
5,COAHUILA,14,JIMENEZ,PVEM_SI_PCP,0,5047,1,149,5197,8318,193
5,COAHUILA,14,JIMENEZ,PVEM_PJ_PRC,0,5047,1,149,5197,8318,722
5,COAHUILA,14,JIMENEZ,PVEM_PJ_PCP,0,5047,1,149,5197,8318,722
5,COAHUILA,14,JIMENEZ,PVEM_PRC_PCP,0,5047,1,149,5197,8318,0
5,COAHUILA,14,JIMENEZ,NUAL_SI_PJ,0,5047,1,149,5197,8318,915
5,COAHUILA,14,JIMENEZ,NUAL_SI_PRC,0,5047,1,149,5197,8318,193
5,COAHUILA,14,JIMENEZ,NUAL_SI_PCP,0,5047,1,149,5197,8318,193
5,COAHUILA,14,JIMENEZ,NUAL_PJ_PRC,0,5047,1,149,5197,8318,722
5,COAHUILA,14,JIMENEZ,NUAL_PJ_PCP,0,5047,1,149,5197,8318,722
5,COAHUILA,14,JIMENEZ,NUAL_PRC_PCP,0,5047,1,149,5197,8318,0
5,COAHUILA,14,JIMENEZ,SI_PJ_PRC,0,5047,1,149,5197,8318,915
5,COAHUILA,14,JIMENEZ,SI_PJ_PCP,0,5047,1,149,5197,8318,915
5,COAHUILA,14,JIMENEZ,SI_PRC_PCP,0,5047,1,149,5197,8318,193
5,COAHUILA,14,JIMENEZ,PJ_PRC_PCP,0,5047,1,149,5197,8318,722
5,COAHUILA,14,JIMENEZ,PRI_PVEM,0,5047,1,149,5197,8318,1679
5,COAHUILA,14,JIMENEZ,PRI_NUAL,0,5047,1,149,5197,8318,1679
5,COAHUILA,14,JIMENEZ,PRI_SI,0,5047,1,149,5197,8318,1872
5,COAHUILA,14,JIMENEZ,PRI_PJ,0,5047,1,149,5197,8318,2401
5,COAHUILA,14,JIMENEZ,PRI_PRC,0,5047,1,149,5197,8318,1679
5,COAHUILA,14,JIMENEZ,PRI_PCP,0,5047,1,149,5197,8318,1679
5,COAHUILA,14,JIMENEZ,PVEM_NUAL,0,5047,1,149,5197,8318,0
5,COAHUILA,14,JIMENEZ,PVEM_SI,0,5047,1,149,5197,8318,193
5,COAHUILA,14,JIMENEZ,PVEM_PJ,0,5047,1,149,5197,8318,722
5,COAHUILA,14,JIMENEZ,PVEM_PRC,0,5047,1,149,5197,8318,0
5,COAHUILA,14,JIMENEZ,PVEM_PCP,0,5047,1,149,5197,8318,0
5,COAHUILA,14,JIMENEZ,NUAL_SI,0,5047,1,149,5197,8318,193
5,COAHUILA,14,JIMENEZ,NUAL_PJ,0,5047,1,149,5197,8318,722
5,COAHUILA,14,JIMENEZ,NUAL_PRC,0,5047,1,149,5197,8318,0
5,COAHUILA,14,JIMENEZ,NUAL_PCP,0,5047,1,149,5197,8318,0
5,COAHUILA,14,JIMENEZ,SI_PJ,0,5047,1,149,5197,8318,915
5,COAHUILA,14,JIMENEZ,SI_PRC,0,5047,1,149,5197,8318,193
5,COAHUILA,14,JIMENEZ,SI_PCP,0,5047,1,149,5197,8318,193
5,COAHUILA,14,JIMENEZ,PJ_PRC,0,5047,1,149,5197,8318,722
5,COAHUILA,14,JIMENEZ,PJ_PCP,0,5047,1,149,5197,8318,722
5,COAHUILA,14,JIMENEZ,PRC_PCP,0,5047,1,149,5197,8318,0
5,COAHUILA,14,JIMENEZ,CAND_IND6,NA,5047,1,149,5197,8318,0
5,COAHUILA,14,JIMENEZ,CAND_IND7,NA,5047,1,149,5197,8318,0
5,COAHUILA,14,JIMENEZ,CAND_IND8,NA,5047,1,149,5197,8318,0
5,COAHUILA,14,JIMENEZ,CAND_IND9,NA,5047,1,149,5197,8318,0
5,COAHUILA,14,JIMENEZ,CAND_IND10,NA,5047,1,149,5197,8318,0
5,COAHUILA,14,JIMENEZ,CAND_IND11,NA,5047,1,149,5197,8318,0
5,COAHUILA,14,JIMENEZ,CAND_IND12,NA,5047,1,149,5197,8318,0
5,COAHUILA,14,JIMENEZ,CAND_IND13,NA,5047,1,149,5197,8318,0
5,COAHUILA,14,JIMENEZ,CAND_IND14,NA,5047,1,149,5197,8318,0
5,COAHUILA,14,JIMENEZ,CAND_IND15,NA,5047,1,149,5197,8318,0
5,COAHUILA,14,JIMENEZ,CAND_IND16,NA,5047,1,149,5197,8318,0
5,COAHUILA,14,JIMENEZ,CAND_IND17,NA,5047,1,149,5197,8318,0
5,COAHUILA,14,JIMENEZ,CAND_IND18,NA,5047,1,149,5197,8318,0
5,COAHUILA,14,JIMENEZ,CAND_IND19,NA,5047,1,149,5197,8318,0
5,COAHUILA,15,JUAREZ,PAN,22,975,0,18,993,1433,22
5,COAHUILA,15,JUAREZ,PRI,434,975,0,18,993,1433,434
5,COAHUILA,15,JUAREZ,PRD,379,975,0,18,993,1433,379
5,COAHUILA,15,JUAREZ,PT,0,975,0,18,993,1433,0
5,COAHUILA,15,JUAREZ,PVEM,5,975,0,18,993,1433,5
5,COAHUILA,15,JUAREZ,UDC,4,975,0,18,993,1433,4
5,COAHUILA,15,JUAREZ,MC,56,975,0,18,993,1433,56
5,COAHUILA,15,JUAREZ,NUAL,5,975,0,18,993,1433,5
5,COAHUILA,15,JUAREZ,SI,0,975,0,18,993,1433,0
5,COAHUILA,15,JUAREZ,PPC,2,975,0,18,993,1433,2
5,COAHUILA,15,JUAREZ,PJ,0,975,0,18,993,1433,0
5,COAHUILA,15,JUAREZ,PRC,2,975,0,18,993,1433,2
5,COAHUILA,15,JUAREZ,PCP,1,975,0,18,993,1433,1
5,COAHUILA,15,JUAREZ,MORENA,2,975,0,18,993,1433,2
5,COAHUILA,15,JUAREZ,ES,51,975,0,18,993,1433,51
5,COAHUILA,15,JUAREZ,PAN_UDC_PPC_ES,1,975,0,18,993,1433,80
5,COAHUILA,15,JUAREZ,PAN_UDC_PPC,0,975,0,18,993,1433,28
5,COAHUILA,15,JUAREZ,PAN_UDC_ES,0,975,0,18,993,1433,77
5,COAHUILA,15,JUAREZ,PAN_PPC_ES,0,975,0,18,993,1433,75
5,COAHUILA,15,JUAREZ,UDC_PPC_ES,0,975,0,18,993,1433,57
5,COAHUILA,15,JUAREZ,PAN_UDC,0,975,0,18,993,1433,26
5,COAHUILA,15,JUAREZ,PAN_PPC,0,975,0,18,993,1433,24
5,COAHUILA,15,JUAREZ,PAN_ES,1,975,0,18,993,1433,74
5,COAHUILA,15,JUAREZ,UDC_PPC,0,975,0,18,993,1433,6
5,COAHUILA,15,JUAREZ,UDC_ES,0,975,0,18,993,1433,55
5,COAHUILA,15,JUAREZ,PPC_ES,0,975,0,18,993,1433,53
5,COAHUILA,15,JUAREZ,PRI_PVEM_NUAL_SI_PJ_PRC_PCP,1,975,0,18,993,1433,448
5,COAHUILA,15,JUAREZ,PRI_PVEM_NUAL_SI_PJ_PRC,0,975,0,18,993,1433,446
5,COAHUILA,15,JUAREZ,PRI_PVEM_NUAL_SI_PJ_PCP,0,975,0,18,993,1433,445
5,COAHUILA,15,JUAREZ,PRI_PVEM_NUAL_SI_PRC_PCP,0,975,0,18,993,1433,447
5,COAHUILA,15,JUAREZ,PRI_PVEM_NUAL_PJ_PRC_PCP,0,975,0,18,993,1433,447
5,COAHUILA,15,JUAREZ,PRI_PVEM_SI_PJ_PRC_PCP,0,975,0,18,993,1433,442
5,COAHUILA,15,JUAREZ,PRI_NUAL_SI_PJ_PRC_PCP,0,975,0,18,993,1433,442
5,COAHUILA,15,JUAREZ,PVEM_NUAL_SI_PJ_PRC_PCP,0,975,0,18,993,1433,13
5,COAHUILA,15,JUAREZ,PRI_PVEM_NUAL_SI_PJ,0,975,0,18,993,1433,444
5,COAHUILA,15,JUAREZ,PRI_PVEM_NUAL_SI_PRC,1,975,0,18,993,1433,447
5,COAHUILA,15,JUAREZ,PRI_PVEM_NUAL_SI_PCP,0,975,0,18,993,1433,445
5,COAHUILA,15,JUAREZ,PRI_PVEM_NUAL_PJ_PRC,0,975,0,18,993,1433,446
5,COAHUILA,15,JUAREZ,PRI_PVEM_NUAL_PJ_PCP,0,975,0,18,993,1433,445
5,COAHUILA,15,JUAREZ,PRI_PVEM_NUAL_PRC_PCP,0,975,0,18,993,1433,447
5,COAHUILA,15,JUAREZ,PRI_PVEM_SI_PJ_PRC,0,975,0,18,993,1433,441
5,COAHUILA,15,JUAREZ,PRI_PVEM_SI_PJ_PCP,1,975,0,18,993,1433,441
5,COAHUILA,15,JUAREZ,PRI_PVEM_SI_PRC_PCP,0,975,0,18,993,1433,442
5,COAHUILA,15,JUAREZ,PRI_PVEM_PJ_PRC_PCP,0,975,0,18,993,1433,442
5,COAHUILA,15,JUAREZ,PRI_NUAL_SI_PJ_PRC,0,975,0,18,993,1433,441
5,COAHUILA,15,JUAREZ,PRI_NUAL_SI_PJ_PCP,0,975,0,18,993,1433,440
5,COAHUILA,15,JUAREZ,PRI_NUAL_SI_PRC_PCP,0,975,0,18,993,1433,442
5,COAHUILA,15,JUAREZ,PRI_NUAL_PJ_PRC_PCP,0,975,0,18,993,1433,442
5,COAHUILA,15,JUAREZ,PRI_SI_PJ_PRC_PCP,0,975,0,18,993,1433,437
5,COAHUILA,15,JUAREZ,PVEM_NUAL_SI_PJ_PRC,0,975,0,18,993,1433,12
5,COAHUILA,15,JUAREZ,PVEM_NUAL_SI_PJ_PCP,0,975,0,18,993,1433,11
5,COAHUILA,15,JUAREZ,PVEM_NUAL_SI_PRC_PCP,0,975,0,18,993,1433,13
5,COAHUILA,15,JUAREZ,PVEM_NUAL_PJ_PRC_PCP,0,975,0,18,993,1433,13
5,COAHUILA,15,JUAREZ,PVEM_SI_PJ_PRC_PCP,0,975,0,18,993,1433,8
5,COAHUILA,15,JUAREZ,NUAL_SI_PJ_PRC_PCP,0,975,0,18,993,1433,8
5,COAHUILA,15,JUAREZ,PRI_PVEM_NUAL_SI,0,975,0,18,993,1433,444
5,COAHUILA,15,JUAREZ,PRI_PVEM_NUAL_PJ,0,975,0,18,993,1433,444
5,COAHUILA,15,JUAREZ,PRI_PVEM_NUAL_PRC,0,975,0,18,993,1433,446
5,COAHUILA,15,JUAREZ,PRI_PVEM_NUAL_PCP,0,975,0,18,993,1433,445
5,COAHUILA,15,JUAREZ,PRI_PVEM_SI_PJ,0,975,0,18,993,1433,439
5,COAHUILA,15,JUAREZ,PRI_PVEM_SI_PRC,0,975,0,18,993,1433,441
5,COAHUILA,15,JUAREZ,PRI_PVEM_SI_PCP,0,975,0,18,993,1433,440
5,COAHUILA,15,JUAREZ,PRI_PVEM_PJ_PRC,0,975,0,18,993,1433,441
5,COAHUILA,15,JUAREZ,PRI_PVEM_PJ_PCP,0,975,0,18,993,1433,440
5,COAHUILA,15,JUAREZ,PRI_PVEM_PRC_PCP,0,975,0,18,993,1433,442
5,COAHUILA,15,JUAREZ,PRI_NUAL_SI_PJ,0,975,0,18,993,1433,439
5,COAHUILA,15,JUAREZ,PRI_NUAL_SI_PRC,0,975,0,18,993,1433,441
5,COAHUILA,15,JUAREZ,PRI_NUAL_SI_PCP,0,975,0,18,993,1433,440
5,COAHUILA,15,JUAREZ,PRI_NUAL_PJ_PRC,0,975,0,18,993,1433,441
5,COAHUILA,15,JUAREZ,PRI_NUAL_PJ_PCP,0,975,0,18,993,1433,440
5,COAHUILA,15,JUAREZ,PRI_NUAL_PRC_PCP,0,975,0,18,993,1433,442
5,COAHUILA,15,JUAREZ,PRI_SI_PJ_PRC,0,975,0,18,993,1433,436
5,COAHUILA,15,JUAREZ,PRI_SI_PJ_PCP,0,975,0,18,993,1433,435
5,COAHUILA,15,JUAREZ,PRI_SI_PRC_PCP,0,975,0,18,993,1433,437
5,COAHUILA,15,JUAREZ,PRI_PJ_PRC_PCP,0,975,0,18,993,1433,437
5,COAHUILA,15,JUAREZ,PVEM_NUAL_SI_PJ,0,975,0,18,993,1433,10
5,COAHUILA,15,JUAREZ,PVEM_NUAL_SI_PRC,0,975,0,18,993,1433,12
5,COAHUILA,15,JUAREZ,PVEM_NUAL_SI_PCP,0,975,0,18,993,1433,11
5,COAHUILA,15,JUAREZ,PVEM_NUAL_PJ_PRC,0,975,0,18,993,1433,12
5,COAHUILA,15,JUAREZ,PVEM_NUAL_PJ_PCP,0,975,0,18,993,1433,11
5,COAHUILA,15,JUAREZ,PVEM_NUAL_PRC_PCP,0,975,0,18,993,1433,13
5,COAHUILA,15,JUAREZ,PVEM_SI_PJ_PRC,0,975,0,18,993,1433,7
5,COAHUILA,15,JUAREZ,PVEM_SI_PJ_PCP,0,975,0,18,993,1433,6
5,COAHUILA,15,JUAREZ,PVEM_SI_PRC_PCP,0,975,0,18,993,1433,8
5,COAHUILA,15,JUAREZ,PVEM_PJ_PRC_PCP,0,975,0,18,993,1433,8
5,COAHUILA,15,JUAREZ,NUAL_SI_PJ_PRC,0,975,0,18,993,1433,7
5,COAHUILA,15,JUAREZ,NUAL_SI_PJ_PCP,0,975,0,18,993,1433,6
5,COAHUILA,15,JUAREZ,NUAL_SI_PRC_PCP,0,975,0,18,993,1433,8
5,COAHUILA,15,JUAREZ,NUAL_PJ_PRC_PCP,0,975,0,18,993,1433,8
5,COAHUILA,15,JUAREZ,SI_PJ_PRC_PCP,0,975,0,18,993,1433,3
5,COAHUILA,15,JUAREZ,PRI_PVEM_NUAL,0,975,0,18,993,1433,444
5,COAHUILA,15,JUAREZ,PRI_PVEM_SI,0,975,0,18,993,1433,439
5,COAHUILA,15,JUAREZ,PRI_PVEM_PJ,0,975,0,18,993,1433,439
5,COAHUILA,15,JUAREZ,PRI_PVEM_PRC,0,975,0,18,993,1433,441
5,COAHUILA,15,JUAREZ,PRI_PVEM_PCP,0,975,0,18,993,1433,440
5,COAHUILA,15,JUAREZ,PRI_NUAL_SI,2,975,0,18,993,1433,441
5,COAHUILA,15,JUAREZ,PRI_NUAL_PJ,0,975,0,18,993,1433,439
5,COAHUILA,15,JUAREZ,PRI_NUAL_PRC,0,975,0,18,993,1433,441
5,COAHUILA,15,JUAREZ,PRI_NUAL_PCP,0,975,0,18,993,1433,440
5,COAHUILA,15,JUAREZ,PRI_SI_PJ,0,975,0,18,993,1433,434
5,COAHUILA,15,JUAREZ,PRI_SI_PRC,0,975,0,18,993,1433,436
5,COAHUILA,15,JUAREZ,PRI_SI_PCP,0,975,0,18,993,1433,435
5,COAHUILA,15,JUAREZ,PRI_PJ_PRC,0,975,0,18,993,1433,436
5,COAHUILA,15,JUAREZ,PRI_PJ_PCP,0,975,0,18,993,1433,435
5,COAHUILA,15,JUAREZ,PRI_PRC_PCP,0,975,0,18,993,1433,437
5,COAHUILA,15,JUAREZ,PVEM_NUAL_SI,0,975,0,18,993,1433,10
5,COAHUILA,15,JUAREZ,PVEM_NUAL_PJ,0,975,0,18,993,1433,10
5,COAHUILA,15,JUAREZ,PVEM_NUAL_PRC,0,975,0,18,993,1433,12
5,COAHUILA,15,JUAREZ,PVEM_NUAL_PCP,0,975,0,18,993,1433,11
5,COAHUILA,15,JUAREZ,PVEM_SI_PJ,0,975,0,18,993,1433,5
5,COAHUILA,15,JUAREZ,PVEM_SI_PRC,0,975,0,18,993,1433,7
5,COAHUILA,15,JUAREZ,PVEM_SI_PCP,0,975,0,18,993,1433,6
5,COAHUILA,15,JUAREZ,PVEM_PJ_PRC,0,975,0,18,993,1433,7
5,COAHUILA,15,JUAREZ,PVEM_PJ_PCP,0,975,0,18,993,1433,6
5,COAHUILA,15,JUAREZ,PVEM_PRC_PCP,0,975,0,18,993,1433,8
5,COAHUILA,15,JUAREZ,NUAL_SI_PJ,0,975,0,18,993,1433,5
5,COAHUILA,15,JUAREZ,NUAL_SI_PRC,0,975,0,18,993,1433,7
5,COAHUILA,15,JUAREZ,NUAL_SI_PCP,0,975,0,18,993,1433,6
5,COAHUILA,15,JUAREZ,NUAL_PJ_PRC,0,975,0,18,993,1433,7
5,COAHUILA,15,JUAREZ,NUAL_PJ_PCP,0,975,0,18,993,1433,6
5,COAHUILA,15,JUAREZ,NUAL_PRC_PCP,0,975,0,18,993,1433,8
5,COAHUILA,15,JUAREZ,SI_PJ_PRC,0,975,0,18,993,1433,2
5,COAHUILA,15,JUAREZ,SI_PJ_PCP,0,975,0,18,993,1433,1
5,COAHUILA,15,JUAREZ,SI_PRC_PCP,0,975,0,18,993,1433,3
5,COAHUILA,15,JUAREZ,PJ_PRC_PCP,0,975,0,18,993,1433,3
5,COAHUILA,15,JUAREZ,PRI_PVEM,2,975,0,18,993,1433,441
5,COAHUILA,15,JUAREZ,PRI_NUAL,2,975,0,18,993,1433,441
5,COAHUILA,15,JUAREZ,PRI_SI,0,975,0,18,993,1433,434
5,COAHUILA,15,JUAREZ,PRI_PJ,1,975,0,18,993,1433,435
5,COAHUILA,15,JUAREZ,PRI_PRC,0,975,0,18,993,1433,436
5,COAHUILA,15,JUAREZ,PRI_PCP,0,975,0,18,993,1433,435
5,COAHUILA,15,JUAREZ,PVEM_NUAL,0,975,0,18,993,1433,10
5,COAHUILA,15,JUAREZ,PVEM_SI,0,975,0,18,993,1433,5
5,COAHUILA,15,JUAREZ,PVEM_PJ,0,975,0,18,993,1433,5
5,COAHUILA,15,JUAREZ,PVEM_PRC,0,975,0,18,993,1433,7
5,COAHUILA,15,JUAREZ,PVEM_PCP,0,975,0,18,993,1433,6
5,COAHUILA,15,JUAREZ,NUAL_SI,0,975,0,18,993,1433,5
5,COAHUILA,15,JUAREZ,NUAL_PJ,0,975,0,18,993,1433,5
5,COAHUILA,15,JUAREZ,NUAL_PRC,0,975,0,18,993,1433,7
5,COAHUILA,15,JUAREZ,NUAL_PCP,0,975,0,18,993,1433,6
5,COAHUILA,15,JUAREZ,SI_PJ,0,975,0,18,993,1433,0
5,COAHUILA,15,JUAREZ,SI_PRC,0,975,0,18,993,1433,2
5,COAHUILA,15,JUAREZ,SI_PCP,0,975,0,18,993,1433,1
5,COAHUILA,15,JUAREZ,PJ_PRC,0,975,0,18,993,1433,2
5,COAHUILA,15,JUAREZ,PJ_PCP,0,975,0,18,993,1433,1
5,COAHUILA,15,JUAREZ,PRC_PCP,0,975,0,18,993,1433,3
5,COAHUILA,15,JUAREZ,CAND_IND6,NA,975,0,18,993,1433,0
5,COAHUILA,15,JUAREZ,CAND_IND7,NA,975,0,18,993,1433,0
5,COAHUILA,15,JUAREZ,CAND_IND8,NA,975,0,18,993,1433,0
5,COAHUILA,15,JUAREZ,CAND_IND9,NA,975,0,18,993,1433,0
5,COAHUILA,15,JUAREZ,CAND_IND10,NA,975,0,18,993,1433,0
5,COAHUILA,15,JUAREZ,CAND_IND11,NA,975,0,18,993,1433,0
5,COAHUILA,15,JUAREZ,CAND_IND12,NA,975,0,18,993,1433,0
5,COAHUILA,15,JUAREZ,CAND_IND13,NA,975,0,18,993,1433,0
5,COAHUILA,15,JUAREZ,CAND_IND14,NA,975,0,18,993,1433,0
5,COAHUILA,15,JUAREZ,CAND_IND15,NA,975,0,18,993,1433,0
5,COAHUILA,15,JUAREZ,CAND_IND16,NA,975,0,18,993,1433,0
5,COAHUILA,15,JUAREZ,CAND_IND17,NA,975,0,18,993,1433,0
5,COAHUILA,15,JUAREZ,CAND_IND18,NA,975,0,18,993,1433,0
5,COAHUILA,15,JUAREZ,CAND_IND19,NA,975,0,18,993,1433,0
5,COAHUILA,16,LAMADRID,PAN,637,1257,0,18,1275,1631,637
5,COAHUILA,16,LAMADRID,PRI,501,1257,0,18,1275,1631,501
5,COAHUILA,16,LAMADRID,PRD,4,1257,0,18,1275,1631,4
5,COAHUILA,16,LAMADRID,PT,0,1257,0,18,1275,1631,0
5,COAHUILA,16,LAMADRID,PVEM,0,1257,0,18,1275,1631,0
5,COAHUILA,16,LAMADRID,UDC,6,1257,0,18,1275,1631,6
5,COAHUILA,16,LAMADRID,MC,0,1257,0,18,1275,1631,0
5,COAHUILA,16,LAMADRID,NUAL,26,1257,0,18,1275,1631,26
5,COAHUILA,16,LAMADRID,SI,1,1257,0,18,1275,1631,1
5,COAHUILA,16,LAMADRID,PPC,25,1257,0,18,1275,1631,25
5,COAHUILA,16,LAMADRID,PJ,2,1257,0,18,1275,1631,2
5,COAHUILA,16,LAMADRID,PRC,0,1257,0,18,1275,1631,0
5,COAHUILA,16,LAMADRID,PCP,0,1257,0,18,1275,1631,0
5,COAHUILA,16,LAMADRID,MORENA,30,1257,0,18,1275,1631,30
5,COAHUILA,16,LAMADRID,ES,0,1257,0,18,1275,1631,0
5,COAHUILA,16,LAMADRID,PAN_UDC_PPC_ES,2,1257,0,18,1275,1631,670
5,COAHUILA,16,LAMADRID,PAN_UDC_PPC,0,1257,0,18,1275,1631,668
5,COAHUILA,16,LAMADRID,PAN_UDC_ES,1,1257,0,18,1275,1631,644
5,COAHUILA,16,LAMADRID,PAN_PPC_ES,1,1257,0,18,1275,1631,663
5,COAHUILA,16,LAMADRID,UDC_PPC_ES,0,1257,0,18,1275,1631,31
5,COAHUILA,16,LAMADRID,PAN_UDC,1,1257,0,18,1275,1631,644
5,COAHUILA,16,LAMADRID,PAN_PPC,3,1257,0,18,1275,1631,665
5,COAHUILA,16,LAMADRID,PAN_ES,0,1257,0,18,1275,1631,637
5,COAHUILA,16,LAMADRID,UDC_PPC,0,1257,0,18,1275,1631,31
5,COAHUILA,16,LAMADRID,UDC_ES,0,1257,0,18,1275,1631,6
5,COAHUILA,16,LAMADRID,PPC_ES,0,1257,0,18,1275,1631,25
5,COAHUILA,16,LAMADRID,PRI_PVEM_NUAL_SI_PJ_PRC_PCP,2,1257,0,18,1275,1631,532
5,COAHUILA,16,LAMADRID,PRI_PVEM_NUAL_SI_PJ_PRC,0,1257,0,18,1275,1631,530
5,COAHUILA,16,LAMADRID,PRI_PVEM_NUAL_SI_PJ_PCP,0,1257,0,18,1275,1631,530
5,COAHUILA,16,LAMADRID,PRI_PVEM_NUAL_SI_PRC_PCP,0,1257,0,18,1275,1631,528
5,COAHUILA,16,LAMADRID,PRI_PVEM_NUAL_PJ_PRC_PCP,1,1257,0,18,1275,1631,530
5,COAHUILA,16,LAMADRID,PRI_PVEM_SI_PJ_PRC_PCP,0,1257,0,18,1275,1631,504
5,COAHUILA,16,LAMADRID,PRI_NUAL_SI_PJ_PRC_PCP,0,1257,0,18,1275,1631,530
5,COAHUILA,16,LAMADRID,PVEM_NUAL_SI_PJ_PRC_PCP,0,1257,0,18,1275,1631,29
5,COAHUILA,16,LAMADRID,PRI_PVEM_NUAL_SI_PJ,0,1257,0,18,1275,1631,530
5,COAHUILA,16,LAMADRID,PRI_PVEM_NUAL_SI_PRC,0,1257,0,18,1275,1631,528
5,COAHUILA,16,LAMADRID,PRI_PVEM_NUAL_SI_PCP,0,1257,0,18,1275,1631,528
5,COAHUILA,16,LAMADRID,PRI_PVEM_NUAL_PJ_PRC,0,1257,0,18,1275,1631,529
5,COAHUILA,16,LAMADRID,PRI_PVEM_NUAL_PJ_PCP,0,1257,0,18,1275,1631,529
5,COAHUILA,16,LAMADRID,PRI_PVEM_NUAL_PRC_PCP,0,1257,0,18,1275,1631,527
5,COAHUILA,16,LAMADRID,PRI_PVEM_SI_PJ_PRC,0,1257,0,18,1275,1631,504
5,COAHUILA,16,LAMADRID,PRI_PVEM_SI_PJ_PCP,0,1257,0,18,1275,1631,504
5,COAHUILA,16,LAMADRID,PRI_PVEM_SI_PRC_PCP,0,1257,0,18,1275,1631,502
5,COAHUILA,16,LAMADRID,PRI_PVEM_PJ_PRC_PCP,0,1257,0,18,1275,1631,503
5,COAHUILA,16,LAMADRID,PRI_NUAL_SI_PJ_PRC,0,1257,0,18,1275,1631,530
5,COAHUILA,16,LAMADRID,PRI_NUAL_SI_PJ_PCP,0,1257,0,18,1275,1631,530
5,COAHUILA,16,LAMADRID,PRI_NUAL_SI_PRC_PCP,0,1257,0,18,1275,1631,528
5,COAHUILA,16,LAMADRID,PRI_NUAL_PJ_PRC_PCP,0,1257,0,18,1275,1631,529
5,COAHUILA,16,LAMADRID,PRI_SI_PJ_PRC_PCP,0,1257,0,18,1275,1631,504
5,COAHUILA,16,LAMADRID,PVEM_NUAL_SI_PJ_PRC,0,1257,0,18,1275,1631,29
5,COAHUILA,16,LAMADRID,PVEM_NUAL_SI_PJ_PCP,0,1257,0,18,1275,1631,29
5,COAHUILA,16,LAMADRID,PVEM_NUAL_SI_PRC_PCP,0,1257,0,18,1275,1631,27
5,COAHUILA,16,LAMADRID,PVEM_NUAL_PJ_PRC_PCP,0,1257,0,18,1275,1631,28
5,COAHUILA,16,LAMADRID,PVEM_SI_PJ_PRC_PCP,0,1257,0,18,1275,1631,3
5,COAHUILA,16,LAMADRID,NUAL_SI_PJ_PRC_PCP,0,1257,0,18,1275,1631,29
5,COAHUILA,16,LAMADRID,PRI_PVEM_NUAL_SI,0,1257,0,18,1275,1631,528
5,COAHUILA,16,LAMADRID,PRI_PVEM_NUAL_PJ,0,1257,0,18,1275,1631,529
5,COAHUILA,16,LAMADRID,PRI_PVEM_NUAL_PRC,0,1257,0,18,1275,1631,527
5,COAHUILA,16,LAMADRID,PRI_PVEM_NUAL_PCP,0,1257,0,18,1275,1631,527
5,COAHUILA,16,LAMADRID,PRI_PVEM_SI_PJ,0,1257,0,18,1275,1631,504
5,COAHUILA,16,LAMADRID,PRI_PVEM_SI_PRC,0,1257,0,18,1275,1631,502
5,COAHUILA,16,LAMADRID,PRI_PVEM_SI_PCP,0,1257,0,18,1275,1631,502
5,COAHUILA,16,LAMADRID,PRI_PVEM_PJ_PRC,0,1257,0,18,1275,1631,503
5,COAHUILA,16,LAMADRID,PRI_PVEM_PJ_PCP,0,1257,0,18,1275,1631,503
5,COAHUILA,16,LAMADRID,PRI_PVEM_PRC_PCP,0,1257,0,18,1275,1631,501
5,COAHUILA,16,LAMADRID,PRI_NUAL_SI_PJ,0,1257,0,18,1275,1631,530
5,COAHUILA,16,LAMADRID,PRI_NUAL_SI_PRC,0,1257,0,18,1275,1631,528
5,COAHUILA,16,LAMADRID,PRI_NUAL_SI_PCP,0,1257,0,18,1275,1631,528
5,COAHUILA,16,LAMADRID,PRI_NUAL_PJ_PRC,0,1257,0,18,1275,1631,529
5,COAHUILA,16,LAMADRID,PRI_NUAL_PJ_PCP,0,1257,0,18,1275,1631,529
5,COAHUILA,16,LAMADRID,PRI_NUAL_PRC_PCP,0,1257,0,18,1275,1631,527
5,COAHUILA,16,LAMADRID,PRI_SI_PJ_PRC,0,1257,0,18,1275,1631,504
5,COAHUILA,16,LAMADRID,PRI_SI_PJ_PCP,0,1257,0,18,1275,1631,504
5,COAHUILA,16,LAMADRID,PRI_SI_PRC_PCP,0,1257,0,18,1275,1631,502
5,COAHUILA,16,LAMADRID,PRI_PJ_PRC_PCP,0,1257,0,18,1275,1631,503
5,COAHUILA,16,LAMADRID,PVEM_NUAL_SI_PJ,0,1257,0,18,1275,1631,29
5,COAHUILA,16,LAMADRID,PVEM_NUAL_SI_PRC,0,1257,0,18,1275,1631,27
5,COAHUILA,16,LAMADRID,PVEM_NUAL_SI_PCP,0,1257,0,18,1275,1631,27
5,COAHUILA,16,LAMADRID,PVEM_NUAL_PJ_PRC,0,1257,0,18,1275,1631,28
5,COAHUILA,16,LAMADRID,PVEM_NUAL_PJ_PCP,0,1257,0,18,1275,1631,28
5,COAHUILA,16,LAMADRID,PVEM_NUAL_PRC_PCP,0,1257,0,18,1275,1631,26
5,COAHUILA,16,LAMADRID,PVEM_SI_PJ_PRC,0,1257,0,18,1275,1631,3
5,COAHUILA,16,LAMADRID,PVEM_SI_PJ_PCP,0,1257,0,18,1275,1631,3
5,COAHUILA,16,LAMADRID,PVEM_SI_PRC_PCP,0,1257,0,18,1275,1631,1
5,COAHUILA,16,LAMADRID,PVEM_PJ_PRC_PCP,0,1257,0,18,1275,1631,2
5,COAHUILA,16,LAMADRID,NUAL_SI_PJ_PRC,0,1257,0,18,1275,1631,29
5,COAHUILA,16,LAMADRID,NUAL_SI_PJ_PCP,0,1257,0,18,1275,1631,29
5,COAHUILA,16,LAMADRID,NUAL_SI_PRC_PCP,0,1257,0,18,1275,1631,27
5,COAHUILA,16,LAMADRID,NUAL_PJ_PRC_PCP,0,1257,0,18,1275,1631,28
5,COAHUILA,16,LAMADRID,SI_PJ_PRC_PCP,0,1257,0,18,1275,1631,3
5,COAHUILA,16,LAMADRID,PRI_PVEM_NUAL,0,1257,0,18,1275,1631,527
5,COAHUILA,16,LAMADRID,PRI_PVEM_SI,0,1257,0,18,1275,1631,502
5,COAHUILA,16,LAMADRID,PRI_PVEM_PJ,0,1257,0,18,1275,1631,503
5,COAHUILA,16,LAMADRID,PRI_PVEM_PRC,0,1257,0,18,1275,1631,501
5,COAHUILA,16,LAMADRID,PRI_PVEM_PCP,0,1257,0,18,1275,1631,501
5,COAHUILA,16,LAMADRID,PRI_NUAL_SI,0,1257,0,18,1275,1631,528
5,COAHUILA,16,LAMADRID,PRI_NUAL_PJ,0,1257,0,18,1275,1631,529
5,COAHUILA,16,LAMADRID,PRI_NUAL_PRC,0,1257,0,18,1275,1631,527
5,COAHUILA,16,LAMADRID,PRI_NUAL_PCP,0,1257,0,18,1275,1631,527
5,COAHUILA,16,LAMADRID,PRI_SI_PJ,2,1257,0,18,1275,1631,506
5,COAHUILA,16,LAMADRID,PRI_SI_PRC,0,1257,0,18,1275,1631,502
5,COAHUILA,16,LAMADRID,PRI_SI_PCP,0,1257,0,18,1275,1631,502
5,COAHUILA,16,LAMADRID,PRI_PJ_PRC,0,1257,0,18,1275,1631,503
5,COAHUILA,16,LAMADRID,PRI_PJ_PCP,0,1257,0,18,1275,1631,503
5,COAHUILA,16,LAMADRID,PRI_PRC_PCP,0,1257,0,18,1275,1631,501
5,COAHUILA,16,LAMADRID,PVEM_NUAL_SI,0,1257,0,18,1275,1631,27
5,COAHUILA,16,LAMADRID,PVEM_NUAL_PJ,0,1257,0,18,1275,1631,28
5,COAHUILA,16,LAMADRID,PVEM_NUAL_PRC,0,1257,0,18,1275,1631,26
5,COAHUILA,16,LAMADRID,PVEM_NUAL_PCP,0,1257,0,18,1275,1631,26
5,COAHUILA,16,LAMADRID,PVEM_SI_PJ,0,1257,0,18,1275,1631,3
5,COAHUILA,16,LAMADRID,PVEM_SI_PRC,0,1257,0,18,1275,1631,1
5,COAHUILA,16,LAMADRID,PVEM_SI_PCP,0,1257,0,18,1275,1631,1
5,COAHUILA,16,LAMADRID,PVEM_PJ_PRC,0,1257,0,18,1275,1631,2
5,COAHUILA,16,LAMADRID,PVEM_PJ_PCP,0,1257,0,18,1275,1631,2
5,COAHUILA,16,LAMADRID,PVEM_PRC_PCP,0,1257,0,18,1275,1631,0
5,COAHUILA,16,LAMADRID,NUAL_SI_PJ,0,1257,0,18,1275,1631,29
5,COAHUILA,16,LAMADRID,NUAL_SI_PRC,0,1257,0,18,1275,1631,27
5,COAHUILA,16,LAMADRID,NUAL_SI_PCP,0,1257,0,18,1275,1631,27
5,COAHUILA,16,LAMADRID,NUAL_PJ_PRC,0,1257,0,18,1275,1631,28
5,COAHUILA,16,LAMADRID,NUAL_PJ_PCP,0,1257,0,18,1275,1631,28
5,COAHUILA,16,LAMADRID,NUAL_PRC_PCP,0,1257,0,18,1275,1631,26
5,COAHUILA,16,LAMADRID,SI_PJ_PRC,0,1257,0,18,1275,1631,3
5,COAHUILA,16,LAMADRID,SI_PJ_PCP,0,1257,0,18,1275,1631,3
5,COAHUILA,16,LAMADRID,SI_PRC_PCP,0,1257,0,18,1275,1631,1
5,COAHUILA,16,LAMADRID,PJ_PRC_PCP,0,1257,0,18,1275,1631,2
5,COAHUILA,16,LAMADRID,PRI_PVEM,0,1257,0,18,1275,1631,501
5,COAHUILA,16,LAMADRID,PRI_NUAL,4,1257,0,18,1275,1631,531
5,COAHUILA,16,LAMADRID,PRI_SI,0,1257,0,18,1275,1631,502
5,COAHUILA,16,LAMADRID,PRI_PJ,7,1257,0,18,1275,1631,510
5,COAHUILA,16,LAMADRID,PRI_PRC,0,1257,0,18,1275,1631,501
5,COAHUILA,16,LAMADRID,PRI_PCP,0,1257,0,18,1275,1631,501
5,COAHUILA,16,LAMADRID,PVEM_NUAL,1,1257,0,18,1275,1631,27
5,COAHUILA,16,LAMADRID,PVEM_SI,0,1257,0,18,1275,1631,1
5,COAHUILA,16,LAMADRID,PVEM_PJ,0,1257,0,18,1275,1631,2
5,COAHUILA,16,LAMADRID,PVEM_PRC,0,1257,0,18,1275,1631,0
5,COAHUILA,16,LAMADRID,PVEM_PCP,0,1257,0,18,1275,1631,0
5,COAHUILA,16,LAMADRID,NUAL_SI,0,1257,0,18,1275,1631,27
5,COAHUILA,16,LAMADRID,NUAL_PJ,0,1257,0,18,1275,1631,28
5,COAHUILA,16,LAMADRID,NUAL_PRC,0,1257,0,18,1275,1631,26
5,COAHUILA,16,LAMADRID,NUAL_PCP,0,1257,0,18,1275,1631,26
5,COAHUILA,16,LAMADRID,SI_PJ,0,1257,0,18,1275,1631,3
5,COAHUILA,16,LAMADRID,SI_PRC,0,1257,0,18,1275,1631,1
5,COAHUILA,16,LAMADRID,SI_PCP,0,1257,0,18,1275,1631,1
5,COAHUILA,16,LAMADRID,PJ_PRC,0,1257,0,18,1275,1631,2
5,COAHUILA,16,LAMADRID,PJ_PCP,0,1257,0,18,1275,1631,2
5,COAHUILA,16,LAMADRID,PRC_PCP,0,1257,0,18,1275,1631,0
5,COAHUILA,16,LAMADRID,CAND_IND6,NA,1257,0,18,1275,1631,0
5,COAHUILA,16,LAMADRID,CAND_IND7,NA,1257,0,18,1275,1631,0
5,COAHUILA,16,LAMADRID,CAND_IND8,NA,1257,0,18,1275,1631,0
5,COAHUILA,16,LAMADRID,CAND_IND9,NA,1257,0,18,1275,1631,0
5,COAHUILA,16,LAMADRID,CAND_IND10,NA,1257,0,18,1275,1631,0
5,COAHUILA,16,LAMADRID,CAND_IND11,NA,1257,0,18,1275,1631,0
5,COAHUILA,16,LAMADRID,CAND_IND12,NA,1257,0,18,1275,1631,0
5,COAHUILA,16,LAMADRID,CAND_IND13,NA,1257,0,18,1275,1631,0
5,COAHUILA,16,LAMADRID,CAND_IND14,NA,1257,0,18,1275,1631,0
5,COAHUILA,16,LAMADRID,CAND_IND15,NA,1257,0,18,1275,1631,0
5,COAHUILA,16,LAMADRID,CAND_IND16,NA,1257,0,18,1275,1631,0
5,COAHUILA,16,LAMADRID,CAND_IND17,NA,1257,0,18,1275,1631,0
5,COAHUILA,16,LAMADRID,CAND_IND18,NA,1257,0,18,1275,1631,0
5,COAHUILA,16,LAMADRID,CAND_IND19,NA,1257,0,18,1275,1631,0
5,COAHUILA,17,MATAMOROS,PAN,4848,53959,1,906,54866,82229,4848
5,COAHUILA,17,MATAMOROS,PRI,20475,53959,1,906,54866,82229,20475
5,COAHUILA,17,MATAMOROS,PRD,638,53959,1,906,54866,82229,638
5,COAHUILA,17,MATAMOROS,PT,503,53959,1,906,54866,82229,503
5,COAHUILA,17,MATAMOROS,PVEM,664,53959,1,906,54866,82229,664
5,COAHUILA,17,MATAMOROS,UDC,1116,53959,1,906,54866,82229,1116
5,COAHUILA,17,MATAMOROS,MC,0,53959,1,906,54866,82229,0
5,COAHUILA,17,MATAMOROS,NUAL,740,53959,1,906,54866,82229,740
5,COAHUILA,17,MATAMOROS,SI,105,53959,1,906,54866,82229,105
5,COAHUILA,17,MATAMOROS,PPC,13778,53959,1,906,54866,82229,13778
5,COAHUILA,17,MATAMOROS,PJ,382,53959,1,906,54866,82229,382
5,COAHUILA,17,MATAMOROS,PRC,1447,53959,1,906,54866,82229,1447
5,COAHUILA,17,MATAMOROS,PCP,317,53959,1,906,54866,82229,317
5,COAHUILA,17,MATAMOROS,MORENA,2921,53959,1,906,54866,82229,2921
5,COAHUILA,17,MATAMOROS,ES,192,53959,1,906,54866,82229,192
5,COAHUILA,17,MATAMOROS,PAN_UDC_PPC_ES,43,53959,1,906,54866,82229,19977
5,COAHUILA,17,MATAMOROS,PAN_UDC_PPC,69,53959,1,906,54866,82229,19811
5,COAHUILA,17,MATAMOROS,PAN_UDC_ES,5,53959,1,906,54866,82229,6161
5,COAHUILA,17,MATAMOROS,PAN_PPC_ES,6,53959,1,906,54866,82229,18824
5,COAHUILA,17,MATAMOROS,UDC_PPC_ES,3,53959,1,906,54866,82229,15089
5,COAHUILA,17,MATAMOROS,PAN_UDC,34,53959,1,906,54866,82229,5998
5,COAHUILA,17,MATAMOROS,PAN_PPC,239,53959,1,906,54866,82229,18865
5,COAHUILA,17,MATAMOROS,PAN_ES,2,53959,1,906,54866,82229,5042
5,COAHUILA,17,MATAMOROS,UDC_PPC,16,53959,1,906,54866,82229,14910
5,COAHUILA,17,MATAMOROS,UDC_ES,0,53959,1,906,54866,82229,1308
5,COAHUILA,17,MATAMOROS,PPC_ES,6,53959,1,906,54866,82229,13976
5,COAHUILA,17,MATAMOROS,PRI_PVEM_NUAL_SI_PJ_PRC_PCP,7,53959,1,906,54866,82229,24137
5,COAHUILA,17,MATAMOROS,PRI_PVEM_NUAL_SI_PJ_PRC,2,53959,1,906,54866,82229,23815
5,COAHUILA,17,MATAMOROS,PRI_PVEM_NUAL_SI_PJ_PCP,0,53959,1,906,54866,82229,22683
5,COAHUILA,17,MATAMOROS,PRI_PVEM_NUAL_SI_PRC_PCP,0,53959,1,906,54866,82229,23748
5,COAHUILA,17,MATAMOROS,PRI_PVEM_NUAL_PJ_PRC_PCP,0,53959,1,906,54866,82229,24025
5,COAHUILA,17,MATAMOROS,PRI_PVEM_SI_PJ_PRC_PCP,0,53959,1,906,54866,82229,23390
5,COAHUILA,17,MATAMOROS,PRI_NUAL_SI_PJ_PRC_PCP,0,53959,1,906,54866,82229,23466
5,COAHUILA,17,MATAMOROS,PVEM_NUAL_SI_PJ_PRC_PCP,0,53959,1,906,54866,82229,3655
5,COAHUILA,17,MATAMOROS,PRI_PVEM_NUAL_SI_PJ,1,53959,1,906,54866,82229,22367
5,COAHUILA,17,MATAMOROS,PRI_PVEM_NUAL_SI_PRC,0,53959,1,906,54866,82229,23431
5,COAHUILA,17,MATAMOROS,PRI_PVEM_NUAL_SI_PCP,0,53959,1,906,54866,82229,22301
5,COAHUILA,17,MATAMOROS,PRI_PVEM_NUAL_PJ_PRC,0,53959,1,906,54866,82229,23708
5,COAHUILA,17,MATAMOROS,PRI_PVEM_NUAL_PJ_PCP,0,53959,1,906,54866,82229,22578
5,COAHUILA,17,MATAMOROS,PRI_PVEM_NUAL_PRC_PCP,1,53959,1,906,54866,82229,23644
5,COAHUILA,17,MATAMOROS,PRI_PVEM_SI_PJ_PRC,1,53959,1,906,54866,82229,23074
5,COAHUILA,17,MATAMOROS,PRI_PVEM_SI_PJ_PCP,0,53959,1,906,54866,82229,21943
5,COAHUILA,17,MATAMOROS,PRI_PVEM_SI_PRC_PCP,1,53959,1,906,54866,82229,23009
5,COAHUILA,17,MATAMOROS,PRI_PVEM_PJ_PRC_PCP,0,53959,1,906,54866,82229,23285
5,COAHUILA,17,MATAMOROS,PRI_NUAL_SI_PJ_PRC,0,53959,1,906,54866,82229,23149
5,COAHUILA,17,MATAMOROS,PRI_NUAL_SI_PJ_PCP,0,53959,1,906,54866,82229,22019
5,COAHUILA,17,MATAMOROS,PRI_NUAL_SI_PRC_PCP,0,53959,1,906,54866,82229,23084
5,COAHUILA,17,MATAMOROS,PRI_NUAL_PJ_PRC_PCP,0,53959,1,906,54866,82229,23361
5,COAHUILA,17,MATAMOROS,PRI_SI_PJ_PRC_PCP,0,53959,1,906,54866,82229,22726
5,COAHUILA,17,MATAMOROS,PVEM_NUAL_SI_PJ_PRC,0,53959,1,906,54866,82229,3338
5,COAHUILA,17,MATAMOROS,PVEM_NUAL_SI_PJ_PCP,0,53959,1,906,54866,82229,2208
5,COAHUILA,17,MATAMOROS,PVEM_NUAL_SI_PRC_PCP,0,53959,1,906,54866,82229,3273
5,COAHUILA,17,MATAMOROS,PVEM_NUAL_PJ_PRC_PCP,0,53959,1,906,54866,82229,3550
5,COAHUILA,17,MATAMOROS,PVEM_SI_PJ_PRC_PCP,0,53959,1,906,54866,82229,2915
5,COAHUILA,17,MATAMOROS,NUAL_SI_PJ_PRC_PCP,0,53959,1,906,54866,82229,2991
5,COAHUILA,17,MATAMOROS,PRI_PVEM_NUAL_SI,0,53959,1,906,54866,82229,21984
5,COAHUILA,17,MATAMOROS,PRI_PVEM_NUAL_PJ,0,53959,1,906,54866,82229,22261
5,COAHUILA,17,MATAMOROS,PRI_PVEM_NUAL_PRC,0,53959,1,906,54866,82229,23326
5,COAHUILA,17,MATAMOROS,PRI_PVEM_NUAL_PCP,1,53959,1,906,54866,82229,22197
5,COAHUILA,17,MATAMOROS,PRI_PVEM_SI_PJ,0,53959,1,906,54866,82229,21626
5,COAHUILA,17,MATAMOROS,PRI_PVEM_SI_PRC,0,53959,1,906,54866,82229,22691
5,COAHUILA,17,MATAMOROS,PRI_PVEM_SI_PCP,0,53959,1,906,54866,82229,21561
5,COAHUILA,17,MATAMOROS,PRI_PVEM_PJ_PRC,0,53959,1,906,54866,82229,22968
5,COAHUILA,17,MATAMOROS,PRI_PVEM_PJ_PCP,0,53959,1,906,54866,82229,21838
5,COAHUILA,17,MATAMOROS,PRI_PVEM_PRC_PCP,1,53959,1,906,54866,82229,22904
5,COAHUILA,17,MATAMOROS,PRI_NUAL_SI_PJ,1,53959,1,906,54866,82229,21703
5,COAHUILA,17,MATAMOROS,PRI_NUAL_SI_PRC,0,53959,1,906,54866,82229,22767
5,COAHUILA,17,MATAMOROS,PRI_NUAL_SI_PCP,0,53959,1,906,54866,82229,21637
5,COAHUILA,17,MATAMOROS,PRI_NUAL_PJ_PRC,0,53959,1,906,54866,82229,23044
5,COAHUILA,17,MATAMOROS,PRI_NUAL_PJ_PCP,0,53959,1,906,54866,82229,21914
5,COAHUILA,17,MATAMOROS,PRI_NUAL_PRC_PCP,0,53959,1,906,54866,82229,22979
5,COAHUILA,17,MATAMOROS,PRI_SI_PJ_PRC,0,53959,1,906,54866,82229,22409
5,COAHUILA,17,MATAMOROS,PRI_SI_PJ_PCP,0,53959,1,906,54866,82229,21279
5,COAHUILA,17,MATAMOROS,PRI_SI_PRC_PCP,0,53959,1,906,54866,82229,22344
5,COAHUILA,17,MATAMOROS,PRI_PJ_PRC_PCP,0,53959,1,906,54866,82229,22621
5,COAHUILA,17,MATAMOROS,PVEM_NUAL_SI_PJ,0,53959,1,906,54866,82229,1891
5,COAHUILA,17,MATAMOROS,PVEM_NUAL_SI_PRC,0,53959,1,906,54866,82229,2956
5,COAHUILA,17,MATAMOROS,PVEM_NUAL_SI_PCP,0,53959,1,906,54866,82229,1826
5,COAHUILA,17,MATAMOROS,PVEM_NUAL_PJ_PRC,0,53959,1,906,54866,82229,3233
5,COAHUILA,17,MATAMOROS,PVEM_NUAL_PJ_PCP,0,53959,1,906,54866,82229,2103
5,COAHUILA,17,MATAMOROS,PVEM_NUAL_PRC_PCP,0,53959,1,906,54866,82229,3168
5,COAHUILA,17,MATAMOROS,PVEM_SI_PJ_PRC,0,53959,1,906,54866,82229,2598
5,COAHUILA,17,MATAMOROS,PVEM_SI_PJ_PCP,0,53959,1,906,54866,82229,1468
5,COAHUILA,17,MATAMOROS,PVEM_SI_PRC_PCP,0,53959,1,906,54866,82229,2533
5,COAHUILA,17,MATAMOROS,PVEM_PJ_PRC_PCP,0,53959,1,906,54866,82229,2810
5,COAHUILA,17,MATAMOROS,NUAL_SI_PJ_PRC,0,53959,1,906,54866,82229,2674
5,COAHUILA,17,MATAMOROS,NUAL_SI_PJ_PCP,0,53959,1,906,54866,82229,1544
5,COAHUILA,17,MATAMOROS,NUAL_SI_PRC_PCP,0,53959,1,906,54866,82229,2609
5,COAHUILA,17,MATAMOROS,NUAL_PJ_PRC_PCP,0,53959,1,906,54866,82229,2886
5,COAHUILA,17,MATAMOROS,SI_PJ_PRC_PCP,0,53959,1,906,54866,82229,2251
5,COAHUILA,17,MATAMOROS,PRI_PVEM_NUAL,3,53959,1,906,54866,82229,21882
5,COAHUILA,17,MATAMOROS,PRI_PVEM_SI,0,53959,1,906,54866,82229,21244
5,COAHUILA,17,MATAMOROS,PRI_PVEM_PJ,2,53959,1,906,54866,82229,21523
5,COAHUILA,17,MATAMOROS,PRI_PVEM_PRC,1,53959,1,906,54866,82229,22587
5,COAHUILA,17,MATAMOROS,PRI_PVEM_PCP,0,53959,1,906,54866,82229,21456
5,COAHUILA,17,MATAMOROS,PRI_NUAL_SI,1,53959,1,906,54866,82229,21321
5,COAHUILA,17,MATAMOROS,PRI_NUAL_PJ,0,53959,1,906,54866,82229,21597
5,COAHUILA,17,MATAMOROS,PRI_NUAL_PRC,1,53959,1,906,54866,82229,22663
5,COAHUILA,17,MATAMOROS,PRI_NUAL_PCP,0,53959,1,906,54866,82229,21532
5,COAHUILA,17,MATAMOROS,PRI_SI_PJ,0,53959,1,906,54866,82229,20962
5,COAHUILA,17,MATAMOROS,PRI_SI_PRC,0,53959,1,906,54866,82229,22027
5,COAHUILA,17,MATAMOROS,PRI_SI_PCP,1,53959,1,906,54866,82229,20898
5,COAHUILA,17,MATAMOROS,PRI_PJ_PRC,1,53959,1,906,54866,82229,22305
5,COAHUILA,17,MATAMOROS,PRI_PJ_PCP,0,53959,1,906,54866,82229,21174
5,COAHUILA,17,MATAMOROS,PRI_PRC_PCP,0,53959,1,906,54866,82229,22239
5,COAHUILA,17,MATAMOROS,PVEM_NUAL_SI,0,53959,1,906,54866,82229,1509
5,COAHUILA,17,MATAMOROS,PVEM_NUAL_PJ,0,53959,1,906,54866,82229,1786
5,COAHUILA,17,MATAMOROS,PVEM_NUAL_PRC,0,53959,1,906,54866,82229,2851
5,COAHUILA,17,MATAMOROS,PVEM_NUAL_PCP,0,53959,1,906,54866,82229,1721
5,COAHUILA,17,MATAMOROS,PVEM_SI_PJ,0,53959,1,906,54866,82229,1151
5,COAHUILA,17,MATAMOROS,PVEM_SI_PRC,0,53959,1,906,54866,82229,2216
5,COAHUILA,17,MATAMOROS,PVEM_SI_PCP,0,53959,1,906,54866,82229,1086
5,COAHUILA,17,MATAMOROS,PVEM_PJ_PRC,0,53959,1,906,54866,82229,2493
5,COAHUILA,17,MATAMOROS,PVEM_PJ_PCP,0,53959,1,906,54866,82229,1363
5,COAHUILA,17,MATAMOROS,PVEM_PRC_PCP,0,53959,1,906,54866,82229,2428
5,COAHUILA,17,MATAMOROS,NUAL_SI_PJ,0,53959,1,906,54866,82229,1227
5,COAHUILA,17,MATAMOROS,NUAL_SI_PRC,0,53959,1,906,54866,82229,2292
5,COAHUILA,17,MATAMOROS,NUAL_SI_PCP,0,53959,1,906,54866,82229,1162
5,COAHUILA,17,MATAMOROS,NUAL_PJ_PRC,0,53959,1,906,54866,82229,2569
5,COAHUILA,17,MATAMOROS,NUAL_PJ_PCP,0,53959,1,906,54866,82229,1439
5,COAHUILA,17,MATAMOROS,NUAL_PRC_PCP,0,53959,1,906,54866,82229,2504
5,COAHUILA,17,MATAMOROS,SI_PJ_PRC,0,53959,1,906,54866,82229,1934
5,COAHUILA,17,MATAMOROS,SI_PJ_PCP,0,53959,1,906,54866,82229,804
5,COAHUILA,17,MATAMOROS,SI_PRC_PCP,0,53959,1,906,54866,82229,1869
5,COAHUILA,17,MATAMOROS,PJ_PRC_PCP,0,53959,1,906,54866,82229,2146
5,COAHUILA,17,MATAMOROS,PRI_PVEM,19,53959,1,906,54866,82229,21158
5,COAHUILA,17,MATAMOROS,PRI_NUAL,36,53959,1,906,54866,82229,21251
5,COAHUILA,17,MATAMOROS,PRI_SI,4,53959,1,906,54866,82229,20584
5,COAHUILA,17,MATAMOROS,PRI_PJ,9,53959,1,906,54866,82229,20866
5,COAHUILA,17,MATAMOROS,PRI_PRC,10,53959,1,906,54866,82229,21932
5,COAHUILA,17,MATAMOROS,PRI_PCP,3,53959,1,906,54866,82229,20795
5,COAHUILA,17,MATAMOROS,PVEM_NUAL,4,53959,1,906,54866,82229,1408
5,COAHUILA,17,MATAMOROS,PVEM_SI,1,53959,1,906,54866,82229,770
5,COAHUILA,17,MATAMOROS,PVEM_PJ,1,53959,1,906,54866,82229,1047
5,COAHUILA,17,MATAMOROS,PVEM_PRC,0,53959,1,906,54866,82229,2111
5,COAHUILA,17,MATAMOROS,PVEM_PCP,0,53959,1,906,54866,82229,981
5,COAHUILA,17,MATAMOROS,NUAL_SI,2,53959,1,906,54866,82229,847
5,COAHUILA,17,MATAMOROS,NUAL_PJ,0,53959,1,906,54866,82229,1122
5,COAHUILA,17,MATAMOROS,NUAL_PRC,0,53959,1,906,54866,82229,2187
5,COAHUILA,17,MATAMOROS,NUAL_PCP,0,53959,1,906,54866,82229,1057
5,COAHUILA,17,MATAMOROS,SI_PJ,1,53959,1,906,54866,82229,488
5,COAHUILA,17,MATAMOROS,SI_PRC,0,53959,1,906,54866,82229,1552
5,COAHUILA,17,MATAMOROS,SI_PCP,0,53959,1,906,54866,82229,422
5,COAHUILA,17,MATAMOROS,PJ_PRC,0,53959,1,906,54866,82229,1829
5,COAHUILA,17,MATAMOROS,PJ_PCP,1,53959,1,906,54866,82229,700
5,COAHUILA,17,MATAMOROS,PRC_PCP,1,53959,1,906,54866,82229,1765
5,COAHUILA,17,MATAMOROS,CAND_IND6,NA,53959,1,906,54866,82229,0
5,COAHUILA,17,MATAMOROS,CAND_IND7,NA,53959,1,906,54866,82229,0
5,COAHUILA,17,MATAMOROS,CAND_IND8,NA,53959,1,906,54866,82229,0
5,COAHUILA,17,MATAMOROS,CAND_IND9,NA,53959,1,906,54866,82229,0
5,COAHUILA,17,MATAMOROS,CAND_IND10,NA,53959,1,906,54866,82229,0
5,COAHUILA,17,MATAMOROS,CAND_IND11,5051,53959,1,906,54866,82229,5051
5,COAHUILA,17,MATAMOROS,CAND_IND12,241,53959,1,906,54866,82229,241
5,COAHUILA,17,MATAMOROS,CAND_IND13,NA,53959,1,906,54866,82229,0
5,COAHUILA,17,MATAMOROS,CAND_IND14,NA,53959,1,906,54866,82229,0
5,COAHUILA,17,MATAMOROS,CAND_IND15,NA,53959,1,906,54866,82229,0
5,COAHUILA,17,MATAMOROS,CAND_IND16,NA,53959,1,906,54866,82229,0
5,COAHUILA,17,MATAMOROS,CAND_IND17,NA,53959,1,906,54866,82229,0
5,COAHUILA,17,MATAMOROS,CAND_IND18,NA,53959,1,906,54866,82229,0
5,COAHUILA,17,MATAMOROS,CAND_IND19,NA,53959,1,906,54866,82229,0
5,COAHUILA,18,MONCLOVA,PAN,36369,96490,58,1257,97805,173863,36369
5,COAHUILA,18,MONCLOVA,PRI,31592,96490,58,1257,97805,173863,31592
5,COAHUILA,18,MONCLOVA,PRD,695,96490,58,1257,97805,173863,695
5,COAHUILA,18,MONCLOVA,PT,1971,96490,58,1257,97805,173863,1971
5,COAHUILA,18,MONCLOVA,PVEM,1637,96490,58,1257,97805,173863,1637
5,COAHUILA,18,MONCLOVA,UDC,289,96490,58,1257,97805,173863,289
5,COAHUILA,18,MONCLOVA,MC,554,96490,58,1257,97805,173863,554
5,COAHUILA,18,MONCLOVA,NUAL,1092,96490,58,1257,97805,173863,1092
5,COAHUILA,18,MONCLOVA,SI,730,96490,58,1257,97805,173863,730
5,COAHUILA,18,MONCLOVA,PPC,124,96490,58,1257,97805,173863,124
5,COAHUILA,18,MONCLOVA,PJ,0,96490,58,1257,97805,173863,0
5,COAHUILA,18,MONCLOVA,PRC,172,96490,58,1257,97805,173863,172
5,COAHUILA,18,MONCLOVA,PCP,0,96490,58,1257,97805,173863,0
5,COAHUILA,18,MONCLOVA,MORENA,13356,96490,58,1257,97805,173863,13356
5,COAHUILA,18,MONCLOVA,ES,454,96490,58,1257,97805,173863,454
5,COAHUILA,18,MONCLOVA,PAN_UDC_PPC_ES,59,96490,58,1257,97805,173863,37295
5,COAHUILA,18,MONCLOVA,PAN_UDC_PPC,11,96490,58,1257,97805,173863,36793
5,COAHUILA,18,MONCLOVA,PAN_UDC_ES,12,96490,58,1257,97805,173863,37124
5,COAHUILA,18,MONCLOVA,PAN_PPC_ES,7,96490,58,1257,97805,173863,36954
5,COAHUILA,18,MONCLOVA,UDC_PPC_ES,1,96490,58,1257,97805,173863,868
5,COAHUILA,18,MONCLOVA,PAN_UDC,34,96490,58,1257,97805,173863,36692
5,COAHUILA,18,MONCLOVA,PAN_PPC,13,96490,58,1257,97805,173863,36506
5,COAHUILA,18,MONCLOVA,PAN_ES,29,96490,58,1257,97805,173863,36852
5,COAHUILA,18,MONCLOVA,UDC_PPC,1,96490,58,1257,97805,173863,414
5,COAHUILA,18,MONCLOVA,UDC_ES,0,96490,58,1257,97805,173863,743
5,COAHUILA,18,MONCLOVA,PPC_ES,1,96490,58,1257,97805,173863,579
5,COAHUILA,18,MONCLOVA,PRI_PVEM_NUAL_SI_PJ_PRC_PCP,0,96490,58,1257,97805,173863,35223
5,COAHUILA,18,MONCLOVA,PRI_PVEM_NUAL_SI_PJ_PRC,0,96490,58,1257,97805,173863,35223
5,COAHUILA,18,MONCLOVA,PRI_PVEM_NUAL_SI_PJ_PCP,0,96490,58,1257,97805,173863,35051
5,COAHUILA,18,MONCLOVA,PRI_PVEM_NUAL_SI_PRC_PCP,0,96490,58,1257,97805,173863,35223
5,COAHUILA,18,MONCLOVA,PRI_PVEM_NUAL_PJ_PRC_PCP,0,96490,58,1257,97805,173863,34493
5,COAHUILA,18,MONCLOVA,PRI_PVEM_SI_PJ_PRC_PCP,0,96490,58,1257,97805,173863,34131
5,COAHUILA,18,MONCLOVA,PRI_NUAL_SI_PJ_PRC_PCP,0,96490,58,1257,97805,173863,33586
5,COAHUILA,18,MONCLOVA,PVEM_NUAL_SI_PJ_PRC_PCP,0,96490,58,1257,97805,173863,3631
5,COAHUILA,18,MONCLOVA,PRI_PVEM_NUAL_SI_PJ,0,96490,58,1257,97805,173863,35051
5,COAHUILA,18,MONCLOVA,PRI_PVEM_NUAL_SI_PRC,0,96490,58,1257,97805,173863,35223
5,COAHUILA,18,MONCLOVA,PRI_PVEM_NUAL_SI_PCP,0,96490,58,1257,97805,173863,35051
5,COAHUILA,18,MONCLOVA,PRI_PVEM_NUAL_PJ_PRC,0,96490,58,1257,97805,173863,34493
5,COAHUILA,18,MONCLOVA,PRI_PVEM_NUAL_PJ_PCP,0,96490,58,1257,97805,173863,34321
5,COAHUILA,18,MONCLOVA,PRI_PVEM_NUAL_PRC_PCP,0,96490,58,1257,97805,173863,34493
5,COAHUILA,18,MONCLOVA,PRI_PVEM_SI_PJ_PRC,0,96490,58,1257,97805,173863,34131
5,COAHUILA,18,MONCLOVA,PRI_PVEM_SI_PJ_PCP,0,96490,58,1257,97805,173863,33959
5,COAHUILA,18,MONCLOVA,PRI_PVEM_SI_PRC_PCP,0,96490,58,1257,97805,173863,34131
5,COAHUILA,18,MONCLOVA,PRI_PVEM_PJ_PRC_PCP,0,96490,58,1257,97805,173863,33401
5,COAHUILA,18,MONCLOVA,PRI_NUAL_SI_PJ_PRC,0,96490,58,1257,97805,173863,33586
5,COAHUILA,18,MONCLOVA,PRI_NUAL_SI_PJ_PCP,0,96490,58,1257,97805,173863,33414
5,COAHUILA,18,MONCLOVA,PRI_NUAL_SI_PRC_PCP,0,96490,58,1257,97805,173863,33586
5,COAHUILA,18,MONCLOVA,PRI_NUAL_PJ_PRC_PCP,0,96490,58,1257,97805,173863,32856
5,COAHUILA,18,MONCLOVA,PRI_SI_PJ_PRC_PCP,0,96490,58,1257,97805,173863,32494
5,COAHUILA,18,MONCLOVA,PVEM_NUAL_SI_PJ_PRC,0,96490,58,1257,97805,173863,3631
5,COAHUILA,18,MONCLOVA,PVEM_NUAL_SI_PJ_PCP,0,96490,58,1257,97805,173863,3459
5,COAHUILA,18,MONCLOVA,PVEM_NUAL_SI_PRC_PCP,0,96490,58,1257,97805,173863,3631
5,COAHUILA,18,MONCLOVA,PVEM_NUAL_PJ_PRC_PCP,0,96490,58,1257,97805,173863,2901
5,COAHUILA,18,MONCLOVA,PVEM_SI_PJ_PRC_PCP,0,96490,58,1257,97805,173863,2539
5,COAHUILA,18,MONCLOVA,NUAL_SI_PJ_PRC_PCP,0,96490,58,1257,97805,173863,1994
5,COAHUILA,18,MONCLOVA,PRI_PVEM_NUAL_SI,0,96490,58,1257,97805,173863,35051
5,COAHUILA,18,MONCLOVA,PRI_PVEM_NUAL_PJ,0,96490,58,1257,97805,173863,34321
5,COAHUILA,18,MONCLOVA,PRI_PVEM_NUAL_PRC,0,96490,58,1257,97805,173863,34493
5,COAHUILA,18,MONCLOVA,PRI_PVEM_NUAL_PCP,0,96490,58,1257,97805,173863,34321
5,COAHUILA,18,MONCLOVA,PRI_PVEM_SI_PJ,0,96490,58,1257,97805,173863,33959
5,COAHUILA,18,MONCLOVA,PRI_PVEM_SI_PRC,0,96490,58,1257,97805,173863,34131
5,COAHUILA,18,MONCLOVA,PRI_PVEM_SI_PCP,0,96490,58,1257,97805,173863,33959
5,COAHUILA,18,MONCLOVA,PRI_PVEM_PJ_PRC,0,96490,58,1257,97805,173863,33401
5,COAHUILA,18,MONCLOVA,PRI_PVEM_PJ_PCP,0,96490,58,1257,97805,173863,33229
5,COAHUILA,18,MONCLOVA,PRI_PVEM_PRC_PCP,0,96490,58,1257,97805,173863,33401
5,COAHUILA,18,MONCLOVA,PRI_NUAL_SI_PJ,0,96490,58,1257,97805,173863,33414
5,COAHUILA,18,MONCLOVA,PRI_NUAL_SI_PRC,0,96490,58,1257,97805,173863,33586
5,COAHUILA,18,MONCLOVA,PRI_NUAL_SI_PCP,0,96490,58,1257,97805,173863,33414
5,COAHUILA,18,MONCLOVA,PRI_NUAL_PJ_PRC,0,96490,58,1257,97805,173863,32856
5,COAHUILA,18,MONCLOVA,PRI_NUAL_PJ_PCP,0,96490,58,1257,97805,173863,32684
5,COAHUILA,18,MONCLOVA,PRI_NUAL_PRC_PCP,0,96490,58,1257,97805,173863,32856
5,COAHUILA,18,MONCLOVA,PRI_SI_PJ_PRC,0,96490,58,1257,97805,173863,32494
5,COAHUILA,18,MONCLOVA,PRI_SI_PJ_PCP,0,96490,58,1257,97805,173863,32322
5,COAHUILA,18,MONCLOVA,PRI_SI_PRC_PCP,0,96490,58,1257,97805,173863,32494
5,COAHUILA,18,MONCLOVA,PRI_PJ_PRC_PCP,0,96490,58,1257,97805,173863,31764
5,COAHUILA,18,MONCLOVA,PVEM_NUAL_SI_PJ,0,96490,58,1257,97805,173863,3459
5,COAHUILA,18,MONCLOVA,PVEM_NUAL_SI_PRC,0,96490,58,1257,97805,173863,3631
5,COAHUILA,18,MONCLOVA,PVEM_NUAL_SI_PCP,0,96490,58,1257,97805,173863,3459
5,COAHUILA,18,MONCLOVA,PVEM_NUAL_PJ_PRC,0,96490,58,1257,97805,173863,2901
5,COAHUILA,18,MONCLOVA,PVEM_NUAL_PJ_PCP,0,96490,58,1257,97805,173863,2729
5,COAHUILA,18,MONCLOVA,PVEM_NUAL_PRC_PCP,0,96490,58,1257,97805,173863,2901
5,COAHUILA,18,MONCLOVA,PVEM_SI_PJ_PRC,0,96490,58,1257,97805,173863,2539
5,COAHUILA,18,MONCLOVA,PVEM_SI_PJ_PCP,0,96490,58,1257,97805,173863,2367
5,COAHUILA,18,MONCLOVA,PVEM_SI_PRC_PCP,0,96490,58,1257,97805,173863,2539
5,COAHUILA,18,MONCLOVA,PVEM_PJ_PRC_PCP,0,96490,58,1257,97805,173863,1809
5,COAHUILA,18,MONCLOVA,NUAL_SI_PJ_PRC,0,96490,58,1257,97805,173863,1994
5,COAHUILA,18,MONCLOVA,NUAL_SI_PJ_PCP,0,96490,58,1257,97805,173863,1822
5,COAHUILA,18,MONCLOVA,NUAL_SI_PRC_PCP,0,96490,58,1257,97805,173863,1994
5,COAHUILA,18,MONCLOVA,NUAL_PJ_PRC_PCP,0,96490,58,1257,97805,173863,1264
5,COAHUILA,18,MONCLOVA,SI_PJ_PRC_PCP,0,96490,58,1257,97805,173863,902
5,COAHUILA,18,MONCLOVA,PRI_PVEM_NUAL,0,96490,58,1257,97805,173863,34321
5,COAHUILA,18,MONCLOVA,PRI_PVEM_SI,0,96490,58,1257,97805,173863,33959
5,COAHUILA,18,MONCLOVA,PRI_PVEM_PJ,0,96490,58,1257,97805,173863,33229
5,COAHUILA,18,MONCLOVA,PRI_PVEM_PRC,0,96490,58,1257,97805,173863,33401
5,COAHUILA,18,MONCLOVA,PRI_PVEM_PCP,0,96490,58,1257,97805,173863,33229
5,COAHUILA,18,MONCLOVA,PRI_NUAL_SI,0,96490,58,1257,97805,173863,33414
5,COAHUILA,18,MONCLOVA,PRI_NUAL_PJ,0,96490,58,1257,97805,173863,32684
5,COAHUILA,18,MONCLOVA,PRI_NUAL_PRC,0,96490,58,1257,97805,173863,32856
5,COAHUILA,18,MONCLOVA,PRI_NUAL_PCP,0,96490,58,1257,97805,173863,32684
5,COAHUILA,18,MONCLOVA,PRI_SI_PJ,0,96490,58,1257,97805,173863,32322
5,COAHUILA,18,MONCLOVA,PRI_SI_PRC,0,96490,58,1257,97805,173863,32494
5,COAHUILA,18,MONCLOVA,PRI_SI_PCP,0,96490,58,1257,97805,173863,32322
5,COAHUILA,18,MONCLOVA,PRI_PJ_PRC,0,96490,58,1257,97805,173863,31764
5,COAHUILA,18,MONCLOVA,PRI_PJ_PCP,0,96490,58,1257,97805,173863,31592
5,COAHUILA,18,MONCLOVA,PRI_PRC_PCP,0,96490,58,1257,97805,173863,31764
5,COAHUILA,18,MONCLOVA,PVEM_NUAL_SI,0,96490,58,1257,97805,173863,3459
5,COAHUILA,18,MONCLOVA,PVEM_NUAL_PJ,0,96490,58,1257,97805,173863,2729
5,COAHUILA,18,MONCLOVA,PVEM_NUAL_PRC,0,96490,58,1257,97805,173863,2901
5,COAHUILA,18,MONCLOVA,PVEM_NUAL_PCP,0,96490,58,1257,97805,173863,2729
5,COAHUILA,18,MONCLOVA,PVEM_SI_PJ,0,96490,58,1257,97805,173863,2367
5,COAHUILA,18,MONCLOVA,PVEM_SI_PRC,0,96490,58,1257,97805,173863,2539
5,COAHUILA,18,MONCLOVA,PVEM_SI_PCP,0,96490,58,1257,97805,173863,2367
5,COAHUILA,18,MONCLOVA,PVEM_PJ_PRC,0,96490,58,1257,97805,173863,1809
5,COAHUILA,18,MONCLOVA,PVEM_PJ_PCP,0,96490,58,1257,97805,173863,1637
5,COAHUILA,18,MONCLOVA,PVEM_PRC_PCP,0,96490,58,1257,97805,173863,1809
5,COAHUILA,18,MONCLOVA,NUAL_SI_PJ,0,96490,58,1257,97805,173863,1822
5,COAHUILA,18,MONCLOVA,NUAL_SI_PRC,0,96490,58,1257,97805,173863,1994
5,COAHUILA,18,MONCLOVA,NUAL_SI_PCP,0,96490,58,1257,97805,173863,1822
5,COAHUILA,18,MONCLOVA,NUAL_PJ_PRC,0,96490,58,1257,97805,173863,1264
5,COAHUILA,18,MONCLOVA,NUAL_PJ_PCP,0,96490,58,1257,97805,173863,1092
5,COAHUILA,18,MONCLOVA,NUAL_PRC_PCP,0,96490,58,1257,97805,173863,1264
5,COAHUILA,18,MONCLOVA,SI_PJ_PRC,0,96490,58,1257,97805,173863,902
5,COAHUILA,18,MONCLOVA,SI_PJ_PCP,0,96490,58,1257,97805,173863,730
5,COAHUILA,18,MONCLOVA,SI_PRC_PCP,0,96490,58,1257,97805,173863,902
5,COAHUILA,18,MONCLOVA,PJ_PRC_PCP,0,96490,58,1257,97805,173863,172
5,COAHUILA,18,MONCLOVA,PRI_PVEM,0,96490,58,1257,97805,173863,33229
5,COAHUILA,18,MONCLOVA,PRI_NUAL,0,96490,58,1257,97805,173863,32684
5,COAHUILA,18,MONCLOVA,PRI_SI,0,96490,58,1257,97805,173863,32322
5,COAHUILA,18,MONCLOVA,PRI_PJ,0,96490,58,1257,97805,173863,31592
5,COAHUILA,18,MONCLOVA,PRI_PRC,0,96490,58,1257,97805,173863,31764
5,COAHUILA,18,MONCLOVA,PRI_PCP,0,96490,58,1257,97805,173863,31592
5,COAHUILA,18,MONCLOVA,PVEM_NUAL,0,96490,58,1257,97805,173863,2729
5,COAHUILA,18,MONCLOVA,PVEM_SI,0,96490,58,1257,97805,173863,2367
5,COAHUILA,18,MONCLOVA,PVEM_PJ,0,96490,58,1257,97805,173863,1637
5,COAHUILA,18,MONCLOVA,PVEM_PRC,0,96490,58,1257,97805,173863,1809
5,COAHUILA,18,MONCLOVA,PVEM_PCP,0,96490,58,1257,97805,173863,1637
5,COAHUILA,18,MONCLOVA,NUAL_SI,0,96490,58,1257,97805,173863,1822
5,COAHUILA,18,MONCLOVA,NUAL_PJ,0,96490,58,1257,97805,173863,1092
5,COAHUILA,18,MONCLOVA,NUAL_PRC,0,96490,58,1257,97805,173863,1264
5,COAHUILA,18,MONCLOVA,NUAL_PCP,0,96490,58,1257,97805,173863,1092
5,COAHUILA,18,MONCLOVA,SI_PJ,0,96490,58,1257,97805,173863,730
5,COAHUILA,18,MONCLOVA,SI_PRC,0,96490,58,1257,97805,173863,902
5,COAHUILA,18,MONCLOVA,SI_PCP,0,96490,58,1257,97805,173863,730
5,COAHUILA,18,MONCLOVA,PJ_PRC,0,96490,58,1257,97805,173863,172
5,COAHUILA,18,MONCLOVA,PJ_PCP,0,96490,58,1257,97805,173863,0
5,COAHUILA,18,MONCLOVA,PRC_PCP,0,96490,58,1257,97805,173863,172
5,COAHUILA,18,MONCLOVA,CAND_IND6,NA,96490,58,1257,97805,173863,0
5,COAHUILA,18,MONCLOVA,CAND_IND7,NA,96490,58,1257,97805,173863,0
5,COAHUILA,18,MONCLOVA,CAND_IND8,NA,96490,58,1257,97805,173863,0
5,COAHUILA,18,MONCLOVA,CAND_IND9,NA,96490,58,1257,97805,173863,0
5,COAHUILA,18,MONCLOVA,CAND_IND10,NA,96490,58,1257,97805,173863,0
5,COAHUILA,18,MONCLOVA,CAND_IND11,NA,96490,58,1257,97805,173863,0
5,COAHUILA,18,MONCLOVA,CAND_IND12,NA,96490,58,1257,97805,173863,0
5,COAHUILA,18,MONCLOVA,CAND_IND13,7287,96490,58,1257,97805,173863,7287
5,COAHUILA,18,MONCLOVA,CAND_IND14,NA,96490,58,1257,97805,173863,0
5,COAHUILA,18,MONCLOVA,CAND_IND15,NA,96490,58,1257,97805,173863,0
5,COAHUILA,18,MONCLOVA,CAND_IND16,NA,96490,58,1257,97805,173863,0
5,COAHUILA,18,MONCLOVA,CAND_IND17,NA,96490,58,1257,97805,173863,0
5,COAHUILA,18,MONCLOVA,CAND_IND18,NA,96490,58,1257,97805,173863,0
5,COAHUILA,18,MONCLOVA,CAND_IND19,NA,96490,58,1257,97805,173863,0
5,COAHUILA,19,MORELOS,PAN,1435,4187,2,67,4256,6756,1435
5,COAHUILA,19,MORELOS,PRI,1710,4187,2,67,4256,6756,1710
5,COAHUILA,19,MORELOS,PRD,557,4187,2,67,4256,6756,557
5,COAHUILA,19,MORELOS,PT,154,4187,2,67,4256,6756,154
5,COAHUILA,19,MORELOS,PVEM,7,4187,2,67,4256,6756,7
5,COAHUILA,19,MORELOS,UDC,65,4187,2,67,4256,6756,65
5,COAHUILA,19,MORELOS,MC,0,4187,2,67,4256,6756,0
5,COAHUILA,19,MORELOS,NUAL,14,4187,2,67,4256,6756,14
5,COAHUILA,19,MORELOS,SI,2,4187,2,67,4256,6756,2
5,COAHUILA,19,MORELOS,PPC,2,4187,2,67,4256,6756,2
5,COAHUILA,19,MORELOS,PJ,7,4187,2,67,4256,6756,7
5,COAHUILA,19,MORELOS,PRC,4,4187,2,67,4256,6756,4
5,COAHUILA,19,MORELOS,PCP,5,4187,2,67,4256,6756,5
5,COAHUILA,19,MORELOS,MORENA,118,4187,2,67,4256,6756,118
5,COAHUILA,19,MORELOS,ES,51,4187,2,67,4256,6756,51
5,COAHUILA,19,MORELOS,PAN_UDC_PPC_ES,4,4187,2,67,4256,6756,1557
5,COAHUILA,19,MORELOS,PAN_UDC_PPC,3,4187,2,67,4256,6756,1505
5,COAHUILA,19,MORELOS,PAN_UDC_ES,2,4187,2,67,4256,6756,1553
5,COAHUILA,19,MORELOS,PAN_PPC_ES,0,4187,2,67,4256,6756,1488
5,COAHUILA,19,MORELOS,UDC_PPC_ES,1,4187,2,67,4256,6756,119
5,COAHUILA,19,MORELOS,PAN_UDC,31,4187,2,67,4256,6756,1531
5,COAHUILA,19,MORELOS,PAN_PPC,1,4187,2,67,4256,6756,1438
5,COAHUILA,19,MORELOS,PAN_ES,1,4187,2,67,4256,6756,1487
5,COAHUILA,19,MORELOS,UDC_PPC,0,4187,2,67,4256,6756,67
5,COAHUILA,19,MORELOS,UDC_ES,0,4187,2,67,4256,6756,116
5,COAHUILA,19,MORELOS,PPC_ES,0,4187,2,67,4256,6756,53
5,COAHUILA,19,MORELOS,PRI_PVEM_NUAL_SI_PJ_PRC_PCP,0,4187,2,67,4256,6756,1749
5,COAHUILA,19,MORELOS,PRI_PVEM_NUAL_SI_PJ_PRC,1,4187,2,67,4256,6756,1745
5,COAHUILA,19,MORELOS,PRI_PVEM_NUAL_SI_PJ_PCP,0,4187,2,67,4256,6756,1745
5,COAHUILA,19,MORELOS,PRI_PVEM_NUAL_SI_PRC_PCP,0,4187,2,67,4256,6756,1742
5,COAHUILA,19,MORELOS,PRI_PVEM_NUAL_PJ_PRC_PCP,0,4187,2,67,4256,6756,1747
5,COAHUILA,19,MORELOS,PRI_PVEM_SI_PJ_PRC_PCP,0,4187,2,67,4256,6756,1735
5,COAHUILA,19,MORELOS,PRI_NUAL_SI_PJ_PRC_PCP,0,4187,2,67,4256,6756,1742
5,COAHUILA,19,MORELOS,PVEM_NUAL_SI_PJ_PRC_PCP,0,4187,2,67,4256,6756,39
5,COAHUILA,19,MORELOS,PRI_PVEM_NUAL_SI_PJ,0,4187,2,67,4256,6756,1740
5,COAHUILA,19,MORELOS,PRI_PVEM_NUAL_SI_PRC,0,4187,2,67,4256,6756,1737
5,COAHUILA,19,MORELOS,PRI_PVEM_NUAL_SI_PCP,0,4187,2,67,4256,6756,1738
5,COAHUILA,19,MORELOS,PRI_PVEM_NUAL_PJ_PRC,1,4187,2,67,4256,6756,1743
5,COAHUILA,19,MORELOS,PRI_PVEM_NUAL_PJ_PCP,0,4187,2,67,4256,6756,1743
5,COAHUILA,19,MORELOS,PRI_PVEM_NUAL_PRC_PCP,1,4187,2,67,4256,6756,1741
5,COAHUILA,19,MORELOS,PRI_PVEM_SI_PJ_PRC,0,4187,2,67,4256,6756,1730
5,COAHUILA,19,MORELOS,PRI_PVEM_SI_PJ_PCP,0,4187,2,67,4256,6756,1731
5,COAHUILA,19,MORELOS,PRI_PVEM_SI_PRC_PCP,0,4187,2,67,4256,6756,1728
5,COAHUILA,19,MORELOS,PRI_PVEM_PJ_PRC_PCP,0,4187,2,67,4256,6756,1733
5,COAHUILA,19,MORELOS,PRI_NUAL_SI_PJ_PRC,0,4187,2,67,4256,6756,1737
5,COAHUILA,19,MORELOS,PRI_NUAL_SI_PJ_PCP,0,4187,2,67,4256,6756,1738
5,COAHUILA,19,MORELOS,PRI_NUAL_SI_PRC_PCP,0,4187,2,67,4256,6756,1735
5,COAHUILA,19,MORELOS,PRI_NUAL_PJ_PRC_PCP,0,4187,2,67,4256,6756,1740
5,COAHUILA,19,MORELOS,PRI_SI_PJ_PRC_PCP,0,4187,2,67,4256,6756,1728
5,COAHUILA,19,MORELOS,PVEM_NUAL_SI_PJ_PRC,0,4187,2,67,4256,6756,34
5,COAHUILA,19,MORELOS,PVEM_NUAL_SI_PJ_PCP,0,4187,2,67,4256,6756,35
5,COAHUILA,19,MORELOS,PVEM_NUAL_SI_PRC_PCP,0,4187,2,67,4256,6756,32
5,COAHUILA,19,MORELOS,PVEM_NUAL_PJ_PRC_PCP,0,4187,2,67,4256,6756,37
5,COAHUILA,19,MORELOS,PVEM_SI_PJ_PRC_PCP,0,4187,2,67,4256,6756,25
5,COAHUILA,19,MORELOS,NUAL_SI_PJ_PRC_PCP,0,4187,2,67,4256,6756,32
5,COAHUILA,19,MORELOS,PRI_PVEM_NUAL_SI,0,4187,2,67,4256,6756,1733
5,COAHUILA,19,MORELOS,PRI_PVEM_NUAL_PJ,1,4187,2,67,4256,6756,1739
5,COAHUILA,19,MORELOS,PRI_PVEM_NUAL_PRC,1,4187,2,67,4256,6756,1736
5,COAHUILA,19,MORELOS,PRI_PVEM_NUAL_PCP,0,4187,2,67,4256,6756,1736
5,COAHUILA,19,MORELOS,PRI_PVEM_SI_PJ,0,4187,2,67,4256,6756,1726
5,COAHUILA,19,MORELOS,PRI_PVEM_SI_PRC,1,4187,2,67,4256,6756,1724
5,COAHUILA,19,MORELOS,PRI_PVEM_SI_PCP,0,4187,2,67,4256,6756,1724
5,COAHUILA,19,MORELOS,PRI_PVEM_PJ_PRC,0,4187,2,67,4256,6756,1728
5,COAHUILA,19,MORELOS,PRI_PVEM_PJ_PCP,0,4187,2,67,4256,6756,1729
5,COAHUILA,19,MORELOS,PRI_PVEM_PRC_PCP,0,4187,2,67,4256,6756,1726
5,COAHUILA,19,MORELOS,PRI_NUAL_SI_PJ,0,4187,2,67,4256,6756,1733
5,COAHUILA,19,MORELOS,PRI_NUAL_SI_PRC,0,4187,2,67,4256,6756,1730
5,COAHUILA,19,MORELOS,PRI_NUAL_SI_PCP,0,4187,2,67,4256,6756,1731
5,COAHUILA,19,MORELOS,PRI_NUAL_PJ_PRC,0,4187,2,67,4256,6756,1735
5,COAHUILA,19,MORELOS,PRI_NUAL_PJ_PCP,0,4187,2,67,4256,6756,1736
5,COAHUILA,19,MORELOS,PRI_NUAL_PRC_PCP,0,4187,2,67,4256,6756,1733
5,COAHUILA,19,MORELOS,PRI_SI_PJ_PRC,0,4187,2,67,4256,6756,1723
5,COAHUILA,19,MORELOS,PRI_SI_PJ_PCP,0,4187,2,67,4256,6756,1724
5,COAHUILA,19,MORELOS,PRI_SI_PRC_PCP,0,4187,2,67,4256,6756,1721
5,COAHUILA,19,MORELOS,PRI_PJ_PRC_PCP,0,4187,2,67,4256,6756,1726
5,COAHUILA,19,MORELOS,PVEM_NUAL_SI_PJ,0,4187,2,67,4256,6756,30
5,COAHUILA,19,MORELOS,PVEM_NUAL_SI_PRC,0,4187,2,67,4256,6756,27
5,COAHUILA,19,MORELOS,PVEM_NUAL_SI_PCP,0,4187,2,67,4256,6756,28
5,COAHUILA,19,MORELOS,PVEM_NUAL_PJ_PRC,0,4187,2,67,4256,6756,32
5,COAHUILA,19,MORELOS,PVEM_NUAL_PJ_PCP,0,4187,2,67,4256,6756,33
5,COAHUILA,19,MORELOS,PVEM_NUAL_PRC_PCP,0,4187,2,67,4256,6756,30
5,COAHUILA,19,MORELOS,PVEM_SI_PJ_PRC,0,4187,2,67,4256,6756,20
5,COAHUILA,19,MORELOS,PVEM_SI_PJ_PCP,0,4187,2,67,4256,6756,21
5,COAHUILA,19,MORELOS,PVEM_SI_PRC_PCP,0,4187,2,67,4256,6756,18
5,COAHUILA,19,MORELOS,PVEM_PJ_PRC_PCP,0,4187,2,67,4256,6756,23
5,COAHUILA,19,MORELOS,NUAL_SI_PJ_PRC,0,4187,2,67,4256,6756,27
5,COAHUILA,19,MORELOS,NUAL_SI_PJ_PCP,0,4187,2,67,4256,6756,28
5,COAHUILA,19,MORELOS,NUAL_SI_PRC_PCP,0,4187,2,67,4256,6756,25
5,COAHUILA,19,MORELOS,NUAL_PJ_PRC_PCP,0,4187,2,67,4256,6756,30
5,COAHUILA,19,MORELOS,SI_PJ_PRC_PCP,0,4187,2,67,4256,6756,18
5,COAHUILA,19,MORELOS,PRI_PVEM_NUAL,0,4187,2,67,4256,6756,1731
5,COAHUILA,19,MORELOS,PRI_PVEM_SI,0,4187,2,67,4256,6756,1719
5,COAHUILA,19,MORELOS,PRI_PVEM_PJ,0,4187,2,67,4256,6756,1724
5,COAHUILA,19,MORELOS,PRI_PVEM_PRC,0,4187,2,67,4256,6756,1721
5,COAHUILA,19,MORELOS,PRI_PVEM_PCP,0,4187,2,67,4256,6756,1722
5,COAHUILA,19,MORELOS,PRI_NUAL_SI,0,4187,2,67,4256,6756,1726
5,COAHUILA,19,MORELOS,PRI_NUAL_PJ,0,4187,2,67,4256,6756,1731
5,COAHUILA,19,MORELOS,PRI_NUAL_PRC,0,4187,2,67,4256,6756,1728
5,COAHUILA,19,MORELOS,PRI_NUAL_PCP,0,4187,2,67,4256,6756,1729
5,COAHUILA,19,MORELOS,PRI_SI_PJ,0,4187,2,67,4256,6756,1719
5,COAHUILA,19,MORELOS,PRI_SI_PRC,0,4187,2,67,4256,6756,1716
5,COAHUILA,19,MORELOS,PRI_SI_PCP,0,4187,2,67,4256,6756,1717
5,COAHUILA,19,MORELOS,PRI_PJ_PRC,0,4187,2,67,4256,6756,1721
5,COAHUILA,19,MORELOS,PRI_PJ_PCP,0,4187,2,67,4256,6756,1722
5,COAHUILA,19,MORELOS,PRI_PRC_PCP,0,4187,2,67,4256,6756,1719
5,COAHUILA,19,MORELOS,PVEM_NUAL_SI,0,4187,2,67,4256,6756,23
5,COAHUILA,19,MORELOS,PVEM_NUAL_PJ,0,4187,2,67,4256,6756,28
5,COAHUILA,19,MORELOS,PVEM_NUAL_PRC,0,4187,2,67,4256,6756,25
5,COAHUILA,19,MORELOS,PVEM_NUAL_PCP,0,4187,2,67,4256,6756,26
5,COAHUILA,19,MORELOS,PVEM_SI_PJ,0,4187,2,67,4256,6756,16
5,COAHUILA,19,MORELOS,PVEM_SI_PRC,0,4187,2,67,4256,6756,13
5,COAHUILA,19,MORELOS,PVEM_SI_PCP,0,4187,2,67,4256,6756,14
5,COAHUILA,19,MORELOS,PVEM_PJ_PRC,0,4187,2,67,4256,6756,18
5,COAHUILA,19,MORELOS,PVEM_PJ_PCP,0,4187,2,67,4256,6756,19
5,COAHUILA,19,MORELOS,PVEM_PRC_PCP,0,4187,2,67,4256,6756,16
5,COAHUILA,19,MORELOS,NUAL_SI_PJ,0,4187,2,67,4256,6756,23
5,COAHUILA,19,MORELOS,NUAL_SI_PRC,0,4187,2,67,4256,6756,20
5,COAHUILA,19,MORELOS,NUAL_SI_PCP,0,4187,2,67,4256,6756,21
5,COAHUILA,19,MORELOS,NUAL_PJ_PRC,0,4187,2,67,4256,6756,25
5,COAHUILA,19,MORELOS,NUAL_PJ_PCP,0,4187,2,67,4256,6756,26
5,COAHUILA,19,MORELOS,NUAL_PRC_PCP,0,4187,2,67,4256,6756,23
5,COAHUILA,19,MORELOS,SI_PJ_PRC,0,4187,2,67,4256,6756,13
5,COAHUILA,19,MORELOS,SI_PJ_PCP,0,4187,2,67,4256,6756,14
5,COAHUILA,19,MORELOS,SI_PRC_PCP,0,4187,2,67,4256,6756,11
5,COAHUILA,19,MORELOS,PJ_PRC_PCP,0,4187,2,67,4256,6756,16
5,COAHUILA,19,MORELOS,PRI_PVEM,3,4187,2,67,4256,6756,1720
5,COAHUILA,19,MORELOS,PRI_NUAL,0,4187,2,67,4256,6756,1724
5,COAHUILA,19,MORELOS,PRI_SI,1,4187,2,67,4256,6756,1713
5,COAHUILA,19,MORELOS,PRI_PJ,2,4187,2,67,4256,6756,1719
5,COAHUILA,19,MORELOS,PRI_PRC,1,4187,2,67,4256,6756,1715
5,COAHUILA,19,MORELOS,PRI_PCP,0,4187,2,67,4256,6756,1715
5,COAHUILA,19,MORELOS,PVEM_NUAL,0,4187,2,67,4256,6756,21
5,COAHUILA,19,MORELOS,PVEM_SI,0,4187,2,67,4256,6756,9
5,COAHUILA,19,MORELOS,PVEM_PJ,0,4187,2,67,4256,6756,14
5,COAHUILA,19,MORELOS,PVEM_PRC,0,4187,2,67,4256,6756,11
5,COAHUILA,19,MORELOS,PVEM_PCP,0,4187,2,67,4256,6756,12
5,COAHUILA,19,MORELOS,NUAL_SI,0,4187,2,67,4256,6756,16
5,COAHUILA,19,MORELOS,NUAL_PJ,0,4187,2,67,4256,6756,21
5,COAHUILA,19,MORELOS,NUAL_PRC,0,4187,2,67,4256,6756,18
5,COAHUILA,19,MORELOS,NUAL_PCP,0,4187,2,67,4256,6756,19
5,COAHUILA,19,MORELOS,SI_PJ,0,4187,2,67,4256,6756,9
5,COAHUILA,19,MORELOS,SI_PRC,0,4187,2,67,4256,6756,6
5,COAHUILA,19,MORELOS,SI_PCP,0,4187,2,67,4256,6756,7
5,COAHUILA,19,MORELOS,PJ_PRC,0,4187,2,67,4256,6756,11
5,COAHUILA,19,MORELOS,PJ_PCP,0,4187,2,67,4256,6756,12
5,COAHUILA,19,MORELOS,PRC_PCP,0,4187,2,67,4256,6756,9
5,COAHUILA,19,MORELOS,CAND_IND6,NA,4187,2,67,4256,6756,0
5,COAHUILA,19,MORELOS,CAND_IND7,NA,4187,2,67,4256,6756,0
5,COAHUILA,19,MORELOS,CAND_IND8,NA,4187,2,67,4256,6756,0
5,COAHUILA,19,MORELOS,CAND_IND9,NA,4187,2,67,4256,6756,0
5,COAHUILA,19,MORELOS,CAND_IND10,NA,4187,2,67,4256,6756,0
5,COAHUILA,19,MORELOS,CAND_IND11,NA,4187,2,67,4256,6756,0
5,COAHUILA,19,MORELOS,CAND_IND12,NA,4187,2,67,4256,6756,0
5,COAHUILA,19,MORELOS,CAND_IND13,NA,4187,2,67,4256,6756,0
5,COAHUILA,19,MORELOS,CAND_IND14,NA,4187,2,67,4256,6756,0
5,COAHUILA,19,MORELOS,CAND_IND15,NA,4187,2,67,4256,6756,0
5,COAHUILA,19,MORELOS,CAND_IND16,NA,4187,2,67,4256,6756,0
5,COAHUILA,19,MORELOS,CAND_IND17,NA,4187,2,67,4256,6756,0
5,COAHUILA,19,MORELOS,CAND_IND18,NA,4187,2,67,4256,6756,0
5,COAHUILA,19,MORELOS,CAND_IND19,NA,4187,2,67,4256,6756,0
5,COAHUILA,20,MUZQUIZ,PAN,5627,29874,4,646,30524,54044,5627
5,COAHUILA,20,MUZQUIZ,PRI,12839,29874,4,646,30524,54044,12839
5,COAHUILA,20,MUZQUIZ,PRD,164,29874,4,646,30524,54044,164
5,COAHUILA,20,MUZQUIZ,PT,554,29874,4,646,30524,54044,554
5,COAHUILA,20,MUZQUIZ,PVEM,137,29874,4,646,30524,54044,137
5,COAHUILA,20,MUZQUIZ,UDC,4143,29874,4,646,30524,54044,4143
5,COAHUILA,20,MUZQUIZ,MC,2948,29874,4,646,30524,54044,2948
5,COAHUILA,20,MUZQUIZ,NUAL,330,29874,4,646,30524,54044,330
5,COAHUILA,20,MUZQUIZ,SI,52,29874,4,646,30524,54044,52
5,COAHUILA,20,MUZQUIZ,PPC,190,29874,4,646,30524,54044,190
5,COAHUILA,20,MUZQUIZ,PJ,113,29874,4,646,30524,54044,113
5,COAHUILA,20,MUZQUIZ,PRC,40,29874,4,646,30524,54044,40
5,COAHUILA,20,MUZQUIZ,PCP,99,29874,4,646,30524,54044,99
5,COAHUILA,20,MUZQUIZ,MORENA,2148,29874,4,646,30524,54044,2148
5,COAHUILA,20,MUZQUIZ,ES,128,29874,4,646,30524,54044,128
5,COAHUILA,20,MUZQUIZ,PAN_UDC_PPC_ES,24,29874,4,646,30524,54044,10112
5,COAHUILA,20,MUZQUIZ,PAN_UDC_PPC,42,29874,4,646,30524,54044,10002
5,COAHUILA,20,MUZQUIZ,PAN_UDC_ES,14,29874,4,646,30524,54044,9912
5,COAHUILA,20,MUZQUIZ,PAN_PPC_ES,3,29874,4,646,30524,54044,5948
5,COAHUILA,20,MUZQUIZ,UDC_PPC_ES,1,29874,4,646,30524,54044,4462
5,COAHUILA,20,MUZQUIZ,PAN_UDC,173,29874,4,646,30524,54044,9943
5,COAHUILA,20,MUZQUIZ,PAN_PPC,8,29874,4,646,30524,54044,5825
5,COAHUILA,20,MUZQUIZ,PAN_ES,3,29874,4,646,30524,54044,5758
5,COAHUILA,20,MUZQUIZ,UDC_PPC,6,29874,4,646,30524,54044,4339
5,COAHUILA,20,MUZQUIZ,UDC_ES,1,29874,4,646,30524,54044,4272
5,COAHUILA,20,MUZQUIZ,PPC_ES,3,29874,4,646,30524,54044,321
5,COAHUILA,20,MUZQUIZ,PRI_PVEM_NUAL_SI_PJ_PRC_PCP,14,29874,4,646,30524,54044,13624
5,COAHUILA,20,MUZQUIZ,PRI_PVEM_NUAL_SI_PJ_PRC,0,29874,4,646,30524,54044,13511
5,COAHUILA,20,MUZQUIZ,PRI_PVEM_NUAL_SI_PJ_PCP,1,29874,4,646,30524,54044,13571
5,COAHUILA,20,MUZQUIZ,PRI_PVEM_NUAL_SI_PRC_PCP,1,29874,4,646,30524,54044,13498
5,COAHUILA,20,MUZQUIZ,PRI_PVEM_NUAL_PJ_PRC_PCP,0,29874,4,646,30524,54044,13558
5,COAHUILA,20,MUZQUIZ,PRI_PVEM_SI_PJ_PRC_PCP,1,29874,4,646,30524,54044,13281
5,COAHUILA,20,MUZQUIZ,PRI_NUAL_SI_PJ_PRC_PCP,0,29874,4,646,30524,54044,13473
5,COAHUILA,20,MUZQUIZ,PVEM_NUAL_SI_PJ_PRC_PCP,0,29874,4,646,30524,54044,771
5,COAHUILA,20,MUZQUIZ,PRI_PVEM_NUAL_SI_PJ,0,29874,4,646,30524,54044,13471
5,COAHUILA,20,MUZQUIZ,PRI_PVEM_NUAL_SI_PRC,0,29874,4,646,30524,54044,13398
5,COAHUILA,20,MUZQUIZ,PRI_PVEM_NUAL_SI_PCP,0,29874,4,646,30524,54044,13457
5,COAHUILA,20,MUZQUIZ,PRI_PVEM_NUAL_PJ_PRC,0,29874,4,646,30524,54044,13459
5,COAHUILA,20,MUZQUIZ,PRI_PVEM_NUAL_PJ_PCP,0,29874,4,646,30524,54044,13518
5,COAHUILA,20,MUZQUIZ,PRI_PVEM_NUAL_PRC_PCP,1,29874,4,646,30524,54044,13446
5,COAHUILA,20,MUZQUIZ,PRI_PVEM_SI_PJ_PRC,0,29874,4,646,30524,54044,13181
5,COAHUILA,20,MUZQUIZ,PRI_PVEM_SI_PJ_PCP,0,29874,4,646,30524,54044,13240
5,COAHUILA,20,MUZQUIZ,PRI_PVEM_SI_PRC_PCP,0,29874,4,646,30524,54044,13167
5,COAHUILA,20,MUZQUIZ,PRI_PVEM_PJ_PRC_PCP,1,29874,4,646,30524,54044,13229
5,COAHUILA,20,MUZQUIZ,PRI_NUAL_SI_PJ_PRC,0,29874,4,646,30524,54044,13374
5,COAHUILA,20,MUZQUIZ,PRI_NUAL_SI_PJ_PCP,0,29874,4,646,30524,54044,13433
5,COAHUILA,20,MUZQUIZ,PRI_NUAL_SI_PRC_PCP,0,29874,4,646,30524,54044,13360
5,COAHUILA,20,MUZQUIZ,PRI_NUAL_PJ_PRC_PCP,1,29874,4,646,30524,54044,13422
5,COAHUILA,20,MUZQUIZ,PRI_SI_PJ_PRC_PCP,0,29874,4,646,30524,54044,13143
5,COAHUILA,20,MUZQUIZ,PVEM_NUAL_SI_PJ_PRC,0,29874,4,646,30524,54044,672
5,COAHUILA,20,MUZQUIZ,PVEM_NUAL_SI_PJ_PCP,0,29874,4,646,30524,54044,731
5,COAHUILA,20,MUZQUIZ,PVEM_NUAL_SI_PRC_PCP,1,29874,4,646,30524,54044,659
5,COAHUILA,20,MUZQUIZ,PVEM_NUAL_PJ_PRC_PCP,0,29874,4,646,30524,54044,719
5,COAHUILA,20,MUZQUIZ,PVEM_SI_PJ_PRC_PCP,0,29874,4,646,30524,54044,441
5,COAHUILA,20,MUZQUIZ,NUAL_SI_PJ_PRC_PCP,0,29874,4,646,30524,54044,634
5,COAHUILA,20,MUZQUIZ,PRI_PVEM_NUAL_SI,0,29874,4,646,30524,54044,13358
5,COAHUILA,20,MUZQUIZ,PRI_PVEM_NUAL_PJ,0,29874,4,646,30524,54044,13419
5,COAHUILA,20,MUZQUIZ,PRI_PVEM_NUAL_PRC,0,29874,4,646,30524,54044,13346
5,COAHUILA,20,MUZQUIZ,PRI_PVEM_NUAL_PCP,0,29874,4,646,30524,54044,13405
5,COAHUILA,20,MUZQUIZ,PRI_PVEM_SI_PJ,1,29874,4,646,30524,54044,13142
5,COAHUILA,20,MUZQUIZ,PRI_PVEM_SI_PRC,0,29874,4,646,30524,54044,13068
5,COAHUILA,20,MUZQUIZ,PRI_PVEM_SI_PCP,0,29874,4,646,30524,54044,13127
5,COAHUILA,20,MUZQUIZ,PRI_PVEM_PJ_PRC,0,29874,4,646,30524,54044,13129
5,COAHUILA,20,MUZQUIZ,PRI_PVEM_PJ_PCP,0,29874,4,646,30524,54044,13188
5,COAHUILA,20,MUZQUIZ,PRI_PVEM_PRC_PCP,0,29874,4,646,30524,54044,13115
5,COAHUILA,20,MUZQUIZ,PRI_NUAL_SI_PJ,0,29874,4,646,30524,54044,13334
5,COAHUILA,20,MUZQUIZ,PRI_NUAL_SI_PRC,0,29874,4,646,30524,54044,13261
5,COAHUILA,20,MUZQUIZ,PRI_NUAL_SI_PCP,0,29874,4,646,30524,54044,13320
5,COAHUILA,20,MUZQUIZ,PRI_NUAL_PJ_PRC,0,29874,4,646,30524,54044,13322
5,COAHUILA,20,MUZQUIZ,PRI_NUAL_PJ_PCP,0,29874,4,646,30524,54044,13381
5,COAHUILA,20,MUZQUIZ,PRI_NUAL_PRC_PCP,0,29874,4,646,30524,54044,13308
5,COAHUILA,20,MUZQUIZ,PRI_SI_PJ_PRC,0,29874,4,646,30524,54044,13044
5,COAHUILA,20,MUZQUIZ,PRI_SI_PJ_PCP,1,29874,4,646,30524,54044,13104
5,COAHUILA,20,MUZQUIZ,PRI_SI_PRC_PCP,0,29874,4,646,30524,54044,13030
5,COAHUILA,20,MUZQUIZ,PRI_PJ_PRC_PCP,0,29874,4,646,30524,54044,13091
5,COAHUILA,20,MUZQUIZ,PVEM_NUAL_SI_PJ,0,29874,4,646,30524,54044,632
5,COAHUILA,20,MUZQUIZ,PVEM_NUAL_SI_PRC,0,29874,4,646,30524,54044,559
5,COAHUILA,20,MUZQUIZ,PVEM_NUAL_SI_PCP,0,29874,4,646,30524,54044,618
5,COAHUILA,20,MUZQUIZ,PVEM_NUAL_PJ_PRC,0,29874,4,646,30524,54044,620
5,COAHUILA,20,MUZQUIZ,PVEM_NUAL_PJ_PCP,0,29874,4,646,30524,54044,679
5,COAHUILA,20,MUZQUIZ,PVEM_NUAL_PRC_PCP,0,29874,4,646,30524,54044,606
5,COAHUILA,20,MUZQUIZ,PVEM_SI_PJ_PRC,0,29874,4,646,30524,54044,342
5,COAHUILA,20,MUZQUIZ,PVEM_SI_PJ_PCP,1,29874,4,646,30524,54044,402
5,COAHUILA,20,MUZQUIZ,PVEM_SI_PRC_PCP,0,29874,4,646,30524,54044,328
5,COAHUILA,20,MUZQUIZ,PVEM_PJ_PRC_PCP,0,29874,4,646,30524,54044,389
5,COAHUILA,20,MUZQUIZ,NUAL_SI_PJ_PRC,0,29874,4,646,30524,54044,535
5,COAHUILA,20,MUZQUIZ,NUAL_SI_PJ_PCP,0,29874,4,646,30524,54044,594
5,COAHUILA,20,MUZQUIZ,NUAL_SI_PRC_PCP,0,29874,4,646,30524,54044,521
5,COAHUILA,20,MUZQUIZ,NUAL_PJ_PRC_PCP,0,29874,4,646,30524,54044,582
5,COAHUILA,20,MUZQUIZ,SI_PJ_PRC_PCP,0,29874,4,646,30524,54044,304
5,COAHUILA,20,MUZQUIZ,PRI_PVEM_NUAL,2,29874,4,646,30524,54044,13308
5,COAHUILA,20,MUZQUIZ,PRI_PVEM_SI,5,29874,4,646,30524,54044,13033
5,COAHUILA,20,MUZQUIZ,PRI_PVEM_PJ,0,29874,4,646,30524,54044,13089
5,COAHUILA,20,MUZQUIZ,PRI_PVEM_PRC,0,29874,4,646,30524,54044,13016
5,COAHUILA,20,MUZQUIZ,PRI_PVEM_PCP,0,29874,4,646,30524,54044,13075
5,COAHUILA,20,MUZQUIZ,PRI_NUAL_SI,1,29874,4,646,30524,54044,13222
5,COAHUILA,20,MUZQUIZ,PRI_NUAL_PJ,1,29874,4,646,30524,54044,13283
5,COAHUILA,20,MUZQUIZ,PRI_NUAL_PRC,4,29874,4,646,30524,54044,13213
5,COAHUILA,20,MUZQUIZ,PRI_NUAL_PCP,0,29874,4,646,30524,54044,13268
5,COAHUILA,20,MUZQUIZ,PRI_SI_PJ,0,29874,4,646,30524,54044,13004
5,COAHUILA,20,MUZQUIZ,PRI_SI_PRC,0,29874,4,646,30524,54044,12931
5,COAHUILA,20,MUZQUIZ,PRI_SI_PCP,0,29874,4,646,30524,54044,12990
5,COAHUILA,20,MUZQUIZ,PRI_PJ_PRC,0,29874,4,646,30524,54044,12992
5,COAHUILA,20,MUZQUIZ,PRI_PJ_PCP,0,29874,4,646,30524,54044,13051
5,COAHUILA,20,MUZQUIZ,PRI_PRC_PCP,1,29874,4,646,30524,54044,12979
5,COAHUILA,20,MUZQUIZ,PVEM_NUAL_SI,0,29874,4,646,30524,54044,519
5,COAHUILA,20,MUZQUIZ,PVEM_NUAL_PJ,0,29874,4,646,30524,54044,580
5,COAHUILA,20,MUZQUIZ,PVEM_NUAL_PRC,0,29874,4,646,30524,54044,507
5,COAHUILA,20,MUZQUIZ,PVEM_NUAL_PCP,0,29874,4,646,30524,54044,566
5,COAHUILA,20,MUZQUIZ,PVEM_SI_PJ,0,29874,4,646,30524,54044,302
5,COAHUILA,20,MUZQUIZ,PVEM_SI_PRC,0,29874,4,646,30524,54044,229
5,COAHUILA,20,MUZQUIZ,PVEM_SI_PCP,0,29874,4,646,30524,54044,288
5,COAHUILA,20,MUZQUIZ,PVEM_PJ_PRC,0,29874,4,646,30524,54044,290
5,COAHUILA,20,MUZQUIZ,PVEM_PJ_PCP,0,29874,4,646,30524,54044,349
5,COAHUILA,20,MUZQUIZ,PVEM_PRC_PCP,0,29874,4,646,30524,54044,276
5,COAHUILA,20,MUZQUIZ,NUAL_SI_PJ,0,29874,4,646,30524,54044,495
5,COAHUILA,20,MUZQUIZ,NUAL_SI_PRC,0,29874,4,646,30524,54044,422
5,COAHUILA,20,MUZQUIZ,NUAL_SI_PCP,0,29874,4,646,30524,54044,481
5,COAHUILA,20,MUZQUIZ,NUAL_PJ_PRC,0,29874,4,646,30524,54044,483
5,COAHUILA,20,MUZQUIZ,NUAL_PJ_PCP,0,29874,4,646,30524,54044,542
5,COAHUILA,20,MUZQUIZ,NUAL_PRC_PCP,0,29874,4,646,30524,54044,469
5,COAHUILA,20,MUZQUIZ,SI_PJ_PRC,0,29874,4,646,30524,54044,205
5,COAHUILA,20,MUZQUIZ,SI_PJ_PCP,0,29874,4,646,30524,54044,264
5,COAHUILA,20,MUZQUIZ,SI_PRC_PCP,0,29874,4,646,30524,54044,191
5,COAHUILA,20,MUZQUIZ,PJ_PRC_PCP,0,29874,4,646,30524,54044,252
5,COAHUILA,20,MUZQUIZ,PRI_PVEM,9,29874,4,646,30524,54044,12985
5,COAHUILA,20,MUZQUIZ,PRI_NUAL,12,29874,4,646,30524,54044,13181
5,COAHUILA,20,MUZQUIZ,PRI_SI,13,29874,4,646,30524,54044,12904
5,COAHUILA,20,MUZQUIZ,PRI_PJ,1,29874,4,646,30524,54044,12953
5,COAHUILA,20,MUZQUIZ,PRI_PRC,4,29874,4,646,30524,54044,12883
5,COAHUILA,20,MUZQUIZ,PRI_PCP,1,29874,4,646,30524,54044,12939
5,COAHUILA,20,MUZQUIZ,PVEM_NUAL,1,29874,4,646,30524,54044,468
5,COAHUILA,20,MUZQUIZ,PVEM_SI,0,29874,4,646,30524,54044,189
5,COAHUILA,20,MUZQUIZ,PVEM_PJ,0,29874,4,646,30524,54044,250
5,COAHUILA,20,MUZQUIZ,PVEM_PRC,0,29874,4,646,30524,54044,177
5,COAHUILA,20,MUZQUIZ,PVEM_PCP,1,29874,4,646,30524,54044,237
5,COAHUILA,20,MUZQUIZ,NUAL_SI,0,29874,4,646,30524,54044,382
5,COAHUILA,20,MUZQUIZ,NUAL_PJ,0,29874,4,646,30524,54044,443
5,COAHUILA,20,MUZQUIZ,NUAL_PRC,0,29874,4,646,30524,54044,370
5,COAHUILA,20,MUZQUIZ,NUAL_PCP,1,29874,4,646,30524,54044,430
5,COAHUILA,20,MUZQUIZ,SI_PJ,1,29874,4,646,30524,54044,166
5,COAHUILA,20,MUZQUIZ,SI_PRC,1,29874,4,646,30524,54044,93
5,COAHUILA,20,MUZQUIZ,SI_PCP,0,29874,4,646,30524,54044,151
5,COAHUILA,20,MUZQUIZ,PJ_PRC,1,29874,4,646,30524,54044,154
5,COAHUILA,20,MUZQUIZ,PJ_PCP,0,29874,4,646,30524,54044,212
5,COAHUILA,20,MUZQUIZ,PRC_PCP,0,29874,4,646,30524,54044,139
5,COAHUILA,20,MUZQUIZ,CAND_IND6,NA,29874,4,646,30524,54044,0
5,COAHUILA,20,MUZQUIZ,CAND_IND7,NA,29874,4,646,30524,54044,0
5,COAHUILA,20,MUZQUIZ,CAND_IND8,NA,29874,4,646,30524,54044,0
5,COAHUILA,20,MUZQUIZ,CAND_IND9,NA,29874,4,646,30524,54044,0
5,COAHUILA,20,MUZQUIZ,CAND_IND10,NA,29874,4,646,30524,54044,0
5,COAHUILA,20,MUZQUIZ,CAND_IND11,NA,29874,4,646,30524,54044,0
5,COAHUILA,20,MUZQUIZ,CAND_IND12,NA,29874,4,646,30524,54044,0
5,COAHUILA,20,MUZQUIZ,CAND_IND13,NA,29874,4,646,30524,54044,0
5,COAHUILA,20,MUZQUIZ,CAND_IND14,NA,29874,4,646,30524,54044,0
5,COAHUILA,20,MUZQUIZ,CAND_IND15,NA,29874,4,646,30524,54044,0
5,COAHUILA,20,MUZQUIZ,CAND_IND16,NA,29874,4,646,30524,54044,0
5,COAHUILA,20,MUZQUIZ,CAND_IND17,NA,29874,4,646,30524,54044,0
5,COAHUILA,20,MUZQUIZ,CAND_IND18,NA,29874,4,646,30524,54044,0
5,COAHUILA,20,MUZQUIZ,CAND_IND19,NA,29874,4,646,30524,54044,0
5,COAHUILA,21,NADADORES,PAN,973,3458,0,149,3607,5292,973
5,COAHUILA,21,NADADORES,PRI,1657,3458,0,149,3607,5292,1657
5,COAHUILA,21,NADADORES,PRD,22,3458,0,149,3607,5292,22
5,COAHUILA,21,NADADORES,PT,490,3458,0,149,3607,5292,490
5,COAHUILA,21,NADADORES,PVEM,0,3458,0,149,3607,5292,0
5,COAHUILA,21,NADADORES,UDC,9,3458,0,149,3607,5292,9
5,COAHUILA,21,NADADORES,MC,5,3458,0,149,3607,5292,5
5,COAHUILA,21,NADADORES,NUAL,134,3458,0,149,3607,5292,134
5,COAHUILA,21,NADADORES,SI,0,3458,0,149,3607,5292,0
5,COAHUILA,21,NADADORES,PPC,2,3458,0,149,3607,5292,2
5,COAHUILA,21,NADADORES,PJ,90,3458,0,149,3607,5292,90
5,COAHUILA,21,NADADORES,PRC,0,3458,0,149,3607,5292,0
5,COAHUILA,21,NADADORES,PCP,0,3458,0,149,3607,5292,0
5,COAHUILA,21,NADADORES,MORENA,60,3458,0,149,3607,5292,60
5,COAHUILA,21,NADADORES,ES,4,3458,0,149,3607,5292,4
5,COAHUILA,21,NADADORES,PAN_UDC_PPC_ES,4,3458,0,149,3607,5292,992
5,COAHUILA,21,NADADORES,PAN_UDC_PPC,3,3458,0,149,3607,5292,987
5,COAHUILA,21,NADADORES,PAN_UDC_ES,1,3458,0,149,3607,5292,987
5,COAHUILA,21,NADADORES,PAN_PPC_ES,0,3458,0,149,3607,5292,979
5,COAHUILA,21,NADADORES,UDC_PPC_ES,0,3458,0,149,3607,5292,15
5,COAHUILA,21,NADADORES,PAN_UDC,2,3458,0,149,3607,5292,984
5,COAHUILA,21,NADADORES,PAN_PPC,1,3458,0,149,3607,5292,976
5,COAHUILA,21,NADADORES,PAN_ES,1,3458,0,149,3607,5292,978
5,COAHUILA,21,NADADORES,UDC_PPC,0,3458,0,149,3607,5292,11
5,COAHUILA,21,NADADORES,UDC_ES,0,3458,0,149,3607,5292,13
5,COAHUILA,21,NADADORES,PPC_ES,0,3458,0,149,3607,5292,6
5,COAHUILA,21,NADADORES,PRI_PVEM_NUAL_SI_PJ_PRC_PCP,0,3458,0,149,3607,5292,1881
5,COAHUILA,21,NADADORES,PRI_PVEM_NUAL_SI_PJ_PRC,0,3458,0,149,3607,5292,1881
5,COAHUILA,21,NADADORES,PRI_PVEM_NUAL_SI_PJ_PCP,0,3458,0,149,3607,5292,1881
5,COAHUILA,21,NADADORES,PRI_PVEM_NUAL_SI_PRC_PCP,0,3458,0,149,3607,5292,1791
5,COAHUILA,21,NADADORES,PRI_PVEM_NUAL_PJ_PRC_PCP,0,3458,0,149,3607,5292,1881
5,COAHUILA,21,NADADORES,PRI_PVEM_SI_PJ_PRC_PCP,0,3458,0,149,3607,5292,1747
5,COAHUILA,21,NADADORES,PRI_NUAL_SI_PJ_PRC_PCP,0,3458,0,149,3607,5292,1881
5,COAHUILA,21,NADADORES,PVEM_NUAL_SI_PJ_PRC_PCP,0,3458,0,149,3607,5292,224
5,COAHUILA,21,NADADORES,PRI_PVEM_NUAL_SI_PJ,0,3458,0,149,3607,5292,1881
5,COAHUILA,21,NADADORES,PRI_PVEM_NUAL_SI_PRC,0,3458,0,149,3607,5292,1791
5,COAHUILA,21,NADADORES,PRI_PVEM_NUAL_SI_PCP,0,3458,0,149,3607,5292,1791
5,COAHUILA,21,NADADORES,PRI_PVEM_NUAL_PJ_PRC,0,3458,0,149,3607,5292,1881
5,COAHUILA,21,NADADORES,PRI_PVEM_NUAL_PJ_PCP,0,3458,0,149,3607,5292,1881
5,COAHUILA,21,NADADORES,PRI_PVEM_NUAL_PRC_PCP,0,3458,0,149,3607,5292,1791
5,COAHUILA,21,NADADORES,PRI_PVEM_SI_PJ_PRC,0,3458,0,149,3607,5292,1747
5,COAHUILA,21,NADADORES,PRI_PVEM_SI_PJ_PCP,0,3458,0,149,3607,5292,1747
5,COAHUILA,21,NADADORES,PRI_PVEM_SI_PRC_PCP,0,3458,0,149,3607,5292,1657
5,COAHUILA,21,NADADORES,PRI_PVEM_PJ_PRC_PCP,0,3458,0,149,3607,5292,1747
5,COAHUILA,21,NADADORES,PRI_NUAL_SI_PJ_PRC,0,3458,0,149,3607,5292,1881
5,COAHUILA,21,NADADORES,PRI_NUAL_SI_PJ_PCP,0,3458,0,149,3607,5292,1881
5,COAHUILA,21,NADADORES,PRI_NUAL_SI_PRC_PCP,0,3458,0,149,3607,5292,1791
5,COAHUILA,21,NADADORES,PRI_NUAL_PJ_PRC_PCP,0,3458,0,149,3607,5292,1881
5,COAHUILA,21,NADADORES,PRI_SI_PJ_PRC_PCP,0,3458,0,149,3607,5292,1747
5,COAHUILA,21,NADADORES,PVEM_NUAL_SI_PJ_PRC,0,3458,0,149,3607,5292,224
5,COAHUILA,21,NADADORES,PVEM_NUAL_SI_PJ_PCP,0,3458,0,149,3607,5292,224
5,COAHUILA,21,NADADORES,PVEM_NUAL_SI_PRC_PCP,0,3458,0,149,3607,5292,134
5,COAHUILA,21,NADADORES,PVEM_NUAL_PJ_PRC_PCP,0,3458,0,149,3607,5292,224
5,COAHUILA,21,NADADORES,PVEM_SI_PJ_PRC_PCP,0,3458,0,149,3607,5292,90
5,COAHUILA,21,NADADORES,NUAL_SI_PJ_PRC_PCP,0,3458,0,149,3607,5292,224
5,COAHUILA,21,NADADORES,PRI_PVEM_NUAL_SI,0,3458,0,149,3607,5292,1791
5,COAHUILA,21,NADADORES,PRI_PVEM_NUAL_PJ,0,3458,0,149,3607,5292,1881
5,COAHUILA,21,NADADORES,PRI_PVEM_NUAL_PRC,0,3458,0,149,3607,5292,1791
5,COAHUILA,21,NADADORES,PRI_PVEM_NUAL_PCP,0,3458,0,149,3607,5292,1791
5,COAHUILA,21,NADADORES,PRI_PVEM_SI_PJ,0,3458,0,149,3607,5292,1747
5,COAHUILA,21,NADADORES,PRI_PVEM_SI_PRC,0,3458,0,149,3607,5292,1657
5,COAHUILA,21,NADADORES,PRI_PVEM_SI_PCP,0,3458,0,149,3607,5292,1657
5,COAHUILA,21,NADADORES,PRI_PVEM_PJ_PRC,0,3458,0,149,3607,5292,1747
5,COAHUILA,21,NADADORES,PRI_PVEM_PJ_PCP,0,3458,0,149,3607,5292,1747
5,COAHUILA,21,NADADORES,PRI_PVEM_PRC_PCP,0,3458,0,149,3607,5292,1657
5,COAHUILA,21,NADADORES,PRI_NUAL_SI_PJ,0,3458,0,149,3607,5292,1881
5,COAHUILA,21,NADADORES,PRI_NUAL_SI_PRC,0,3458,0,149,3607,5292,1791
5,COAHUILA,21,NADADORES,PRI_NUAL_SI_PCP,0,3458,0,149,3607,5292,1791
5,COAHUILA,21,NADADORES,PRI_NUAL_PJ_PRC,0,3458,0,149,3607,5292,1881
5,COAHUILA,21,NADADORES,PRI_NUAL_PJ_PCP,0,3458,0,149,3607,5292,1881
5,COAHUILA,21,NADADORES,PRI_NUAL_PRC_PCP,0,3458,0,149,3607,5292,1791
5,COAHUILA,21,NADADORES,PRI_SI_PJ_PRC,0,3458,0,149,3607,5292,1747
5,COAHUILA,21,NADADORES,PRI_SI_PJ_PCP,0,3458,0,149,3607,5292,1747
5,COAHUILA,21,NADADORES,PRI_SI_PRC_PCP,0,3458,0,149,3607,5292,1657
5,COAHUILA,21,NADADORES,PRI_PJ_PRC_PCP,0,3458,0,149,3607,5292,1747
5,COAHUILA,21,NADADORES,PVEM_NUAL_SI_PJ,0,3458,0,149,3607,5292,224
5,COAHUILA,21,NADADORES,PVEM_NUAL_SI_PRC,0,3458,0,149,3607,5292,134
5,COAHUILA,21,NADADORES,PVEM_NUAL_SI_PCP,0,3458,0,149,3607,5292,134
5,COAHUILA,21,NADADORES,PVEM_NUAL_PJ_PRC,0,3458,0,149,3607,5292,224
5,COAHUILA,21,NADADORES,PVEM_NUAL_PJ_PCP,0,3458,0,149,3607,5292,224
5,COAHUILA,21,NADADORES,PVEM_NUAL_PRC_PCP,0,3458,0,149,3607,5292,134
5,COAHUILA,21,NADADORES,PVEM_SI_PJ_PRC,0,3458,0,149,3607,5292,90
5,COAHUILA,21,NADADORES,PVEM_SI_PJ_PCP,0,3458,0,149,3607,5292,90
5,COAHUILA,21,NADADORES,PVEM_SI_PRC_PCP,0,3458,0,149,3607,5292,0
5,COAHUILA,21,NADADORES,PVEM_PJ_PRC_PCP,0,3458,0,149,3607,5292,90
5,COAHUILA,21,NADADORES,NUAL_SI_PJ_PRC,0,3458,0,149,3607,5292,224
5,COAHUILA,21,NADADORES,NUAL_SI_PJ_PCP,0,3458,0,149,3607,5292,224
5,COAHUILA,21,NADADORES,NUAL_SI_PRC_PCP,0,3458,0,149,3607,5292,134
5,COAHUILA,21,NADADORES,NUAL_PJ_PRC_PCP,0,3458,0,149,3607,5292,224
5,COAHUILA,21,NADADORES,SI_PJ_PRC_PCP,0,3458,0,149,3607,5292,90
5,COAHUILA,21,NADADORES,PRI_PVEM_NUAL,0,3458,0,149,3607,5292,1791
5,COAHUILA,21,NADADORES,PRI_PVEM_SI,0,3458,0,149,3607,5292,1657
5,COAHUILA,21,NADADORES,PRI_PVEM_PJ,0,3458,0,149,3607,5292,1747
5,COAHUILA,21,NADADORES,PRI_PVEM_PRC,0,3458,0,149,3607,5292,1657
5,COAHUILA,21,NADADORES,PRI_PVEM_PCP,0,3458,0,149,3607,5292,1657
5,COAHUILA,21,NADADORES,PRI_NUAL_SI,0,3458,0,149,3607,5292,1791
5,COAHUILA,21,NADADORES,PRI_NUAL_PJ,0,3458,0,149,3607,5292,1881
5,COAHUILA,21,NADADORES,PRI_NUAL_PRC,0,3458,0,149,3607,5292,1791
5,COAHUILA,21,NADADORES,PRI_NUAL_PCP,0,3458,0,149,3607,5292,1791
5,COAHUILA,21,NADADORES,PRI_SI_PJ,0,3458,0,149,3607,5292,1747
5,COAHUILA,21,NADADORES,PRI_SI_PRC,0,3458,0,149,3607,5292,1657
5,COAHUILA,21,NADADORES,PRI_SI_PCP,0,3458,0,149,3607,5292,1657
5,COAHUILA,21,NADADORES,PRI_PJ_PRC,0,3458,0,149,3607,5292,1747
5,COAHUILA,21,NADADORES,PRI_PJ_PCP,0,3458,0,149,3607,5292,1747
5,COAHUILA,21,NADADORES,PRI_PRC_PCP,0,3458,0,149,3607,5292,1657
5,COAHUILA,21,NADADORES,PVEM_NUAL_SI,0,3458,0,149,3607,5292,134
5,COAHUILA,21,NADADORES,PVEM_NUAL_PJ,0,3458,0,149,3607,5292,224
5,COAHUILA,21,NADADORES,PVEM_NUAL_PRC,0,3458,0,149,3607,5292,134
5,COAHUILA,21,NADADORES,PVEM_NUAL_PCP,0,3458,0,149,3607,5292,134
5,COAHUILA,21,NADADORES,PVEM_SI_PJ,0,3458,0,149,3607,5292,90
5,COAHUILA,21,NADADORES,PVEM_SI_PRC,0,3458,0,149,3607,5292,0
5,COAHUILA,21,NADADORES,PVEM_SI_PCP,0,3458,0,149,3607,5292,0
5,COAHUILA,21,NADADORES,PVEM_PJ_PRC,0,3458,0,149,3607,5292,90
5,COAHUILA,21,NADADORES,PVEM_PJ_PCP,0,3458,0,149,3607,5292,90
5,COAHUILA,21,NADADORES,PVEM_PRC_PCP,0,3458,0,149,3607,5292,0
5,COAHUILA,21,NADADORES,NUAL_SI_PJ,0,3458,0,149,3607,5292,224
5,COAHUILA,21,NADADORES,NUAL_SI_PRC,0,3458,0,149,3607,5292,134
5,COAHUILA,21,NADADORES,NUAL_SI_PCP,0,3458,0,149,3607,5292,134
5,COAHUILA,21,NADADORES,NUAL_PJ_PRC,0,3458,0,149,3607,5292,224
5,COAHUILA,21,NADADORES,NUAL_PJ_PCP,0,3458,0,149,3607,5292,224
5,COAHUILA,21,NADADORES,NUAL_PRC_PCP,0,3458,0,149,3607,5292,134
5,COAHUILA,21,NADADORES,SI_PJ_PRC,0,3458,0,149,3607,5292,90
5,COAHUILA,21,NADADORES,SI_PJ_PCP,0,3458,0,149,3607,5292,90
5,COAHUILA,21,NADADORES,SI_PRC_PCP,0,3458,0,149,3607,5292,0
5,COAHUILA,21,NADADORES,PJ_PRC_PCP,0,3458,0,149,3607,5292,90
5,COAHUILA,21,NADADORES,PRI_PVEM,0,3458,0,149,3607,5292,1657
5,COAHUILA,21,NADADORES,PRI_NUAL,0,3458,0,149,3607,5292,1791
5,COAHUILA,21,NADADORES,PRI_SI,0,3458,0,149,3607,5292,1657
5,COAHUILA,21,NADADORES,PRI_PJ,0,3458,0,149,3607,5292,1747
5,COAHUILA,21,NADADORES,PRI_PRC,0,3458,0,149,3607,5292,1657
5,COAHUILA,21,NADADORES,PRI_PCP,0,3458,0,149,3607,5292,1657
5,COAHUILA,21,NADADORES,PVEM_NUAL,0,3458,0,149,3607,5292,134
5,COAHUILA,21,NADADORES,PVEM_SI,0,3458,0,149,3607,5292,0
5,COAHUILA,21,NADADORES,PVEM_PJ,0,3458,0,149,3607,5292,90
5,COAHUILA,21,NADADORES,PVEM_PRC,0,3458,0,149,3607,5292,0
5,COAHUILA,21,NADADORES,PVEM_PCP,0,3458,0,149,3607,5292,0
5,COAHUILA,21,NADADORES,NUAL_SI,0,3458,0,149,3607,5292,134
5,COAHUILA,21,NADADORES,NUAL_PJ,0,3458,0,149,3607,5292,224
5,COAHUILA,21,NADADORES,NUAL_PRC,0,3458,0,149,3607,5292,134
5,COAHUILA,21,NADADORES,NUAL_PCP,0,3458,0,149,3607,5292,134
5,COAHUILA,21,NADADORES,SI_PJ,0,3458,0,149,3607,5292,90
5,COAHUILA,21,NADADORES,SI_PRC,0,3458,0,149,3607,5292,0
5,COAHUILA,21,NADADORES,SI_PCP,0,3458,0,149,3607,5292,0
5,COAHUILA,21,NADADORES,PJ_PRC,0,3458,0,149,3607,5292,90
5,COAHUILA,21,NADADORES,PJ_PCP,0,3458,0,149,3607,5292,90
5,COAHUILA,21,NADADORES,PRC_PCP,0,3458,0,149,3607,5292,0
5,COAHUILA,21,NADADORES,CAND_IND6,NA,3458,0,149,3607,5292,0
5,COAHUILA,21,NADADORES,CAND_IND7,NA,3458,0,149,3607,5292,0
5,COAHUILA,21,NADADORES,CAND_IND8,NA,3458,0,149,3607,5292,0
5,COAHUILA,21,NADADORES,CAND_IND9,NA,3458,0,149,3607,5292,0
5,COAHUILA,21,NADADORES,CAND_IND10,NA,3458,0,149,3607,5292,0
5,COAHUILA,21,NADADORES,CAND_IND11,NA,3458,0,149,3607,5292,0
5,COAHUILA,21,NADADORES,CAND_IND12,NA,3458,0,149,3607,5292,0
5,COAHUILA,21,NADADORES,CAND_IND13,NA,3458,0,149,3607,5292,0
5,COAHUILA,21,NADADORES,CAND_IND14,NA,3458,0,149,3607,5292,0
5,COAHUILA,21,NADADORES,CAND_IND15,NA,3458,0,149,3607,5292,0
5,COAHUILA,21,NADADORES,CAND_IND16,NA,3458,0,149,3607,5292,0
5,COAHUILA,21,NADADORES,CAND_IND17,NA,3458,0,149,3607,5292,0
5,COAHUILA,21,NADADORES,CAND_IND18,NA,3458,0,149,3607,5292,0
5,COAHUILA,21,NADADORES,CAND_IND19,NA,3458,0,149,3607,5292,0
5,COAHUILA,22,NAVA,PAN,2534,11266,2,210,11478,20513,2534
5,COAHUILA,22,NAVA,PRI,5683,11266,2,210,11478,20513,5683
5,COAHUILA,22,NAVA,PRD,148,11266,2,210,11478,20513,148
5,COAHUILA,22,NAVA,PT,178,11266,2,210,11478,20513,178
5,COAHUILA,22,NAVA,PVEM,203,11266,2,210,11478,20513,203
5,COAHUILA,22,NAVA,UDC,1154,11266,2,210,11478,20513,1154
5,COAHUILA,22,NAVA,MC,127,11266,2,210,11478,20513,127
5,COAHUILA,22,NAVA,NUAL,108,11266,2,210,11478,20513,108
5,COAHUILA,22,NAVA,SI,31,11266,2,210,11478,20513,31
5,COAHUILA,22,NAVA,PPC,32,11266,2,210,11478,20513,32
5,COAHUILA,22,NAVA,PJ,34,11266,2,210,11478,20513,34
5,COAHUILA,22,NAVA,PRC,12,11266,2,210,11478,20513,12
5,COAHUILA,22,NAVA,PCP,27,11266,2,210,11478,20513,27
5,COAHUILA,22,NAVA,MORENA,758,11266,2,210,11478,20513,758
5,COAHUILA,22,NAVA,ES,41,11266,2,210,11478,20513,41
5,COAHUILA,22,NAVA,PAN_UDC_PPC_ES,11,11266,2,210,11478,20513,3772
5,COAHUILA,22,NAVA,PAN_UDC_PPC,15,11266,2,210,11478,20513,3735
5,COAHUILA,22,NAVA,PAN_UDC_ES,5,11266,2,210,11478,20513,3734
5,COAHUILA,22,NAVA,PAN_PPC_ES,1,11266,2,210,11478,20513,2608
5,COAHUILA,22,NAVA,UDC_PPC_ES,0,11266,2,210,11478,20513,1227
5,COAHUILA,22,NAVA,PAN_UDC,91,11266,2,210,11478,20513,3779
5,COAHUILA,22,NAVA,PAN_PPC,3,11266,2,210,11478,20513,2569
5,COAHUILA,22,NAVA,PAN_ES,2,11266,2,210,11478,20513,2577
5,COAHUILA,22,NAVA,UDC_PPC,1,11266,2,210,11478,20513,1187
5,COAHUILA,22,NAVA,UDC_ES,0,11266,2,210,11478,20513,1195
5,COAHUILA,22,NAVA,PPC_ES,0,11266,2,210,11478,20513,73
5,COAHUILA,22,NAVA,PRI_PVEM_NUAL_SI_PJ_PRC_PCP,20,11266,2,210,11478,20513,6118
5,COAHUILA,22,NAVA,PRI_PVEM_NUAL_SI_PJ_PRC,0,11266,2,210,11478,20513,6071
5,COAHUILA,22,NAVA,PRI_PVEM_NUAL_SI_PJ_PCP,1,11266,2,210,11478,20513,6087
5,COAHUILA,22,NAVA,PRI_PVEM_NUAL_SI_PRC_PCP,2,11266,2,210,11478,20513,6066
5,COAHUILA,22,NAVA,PRI_PVEM_NUAL_PJ_PRC_PCP,0,11266,2,210,11478,20513,6067
5,COAHUILA,22,NAVA,PRI_PVEM_SI_PJ_PRC_PCP,0,11266,2,210,11478,20513,5990
5,COAHUILA,22,NAVA,PRI_NUAL_SI_PJ_PRC_PCP,1,11266,2,210,11478,20513,5896
5,COAHUILA,22,NAVA,PVEM_NUAL_SI_PJ_PRC_PCP,0,11266,2,210,11478,20513,415
5,COAHUILA,22,NAVA,PRI_PVEM_NUAL_SI_PJ,1,11266,2,210,11478,20513,6060
5,COAHUILA,22,NAVA,PRI_PVEM_NUAL_SI_PRC,1,11266,2,210,11478,20513,6038
5,COAHUILA,22,NAVA,PRI_PVEM_NUAL_SI_PCP,0,11266,2,210,11478,20513,6052
5,COAHUILA,22,NAVA,PRI_PVEM_NUAL_PJ_PRC,0,11266,2,210,11478,20513,6040
5,COAHUILA,22,NAVA,PRI_PVEM_NUAL_PJ_PCP,0,11266,2,210,11478,20513,6055
5,COAHUILA,22,NAVA,PRI_PVEM_NUAL_PRC_PCP,0,11266,2,210,11478,20513,6033
5,COAHUILA,22,NAVA,PRI_PVEM_SI_PJ_PRC,0,11266,2,210,11478,20513,5963
5,COAHUILA,22,NAVA,PRI_PVEM_SI_PJ_PCP,1,11266,2,210,11478,20513,5979
5,COAHUILA,22,NAVA,PRI_PVEM_SI_PRC_PCP,0,11266,2,210,11478,20513,5956
5,COAHUILA,22,NAVA,PRI_PVEM_PJ_PRC_PCP,0,11266,2,210,11478,20513,5959
5,COAHUILA,22,NAVA,PRI_NUAL_SI_PJ_PRC,1,11266,2,210,11478,20513,5869
5,COAHUILA,22,NAVA,PRI_NUAL_SI_PJ_PCP,0,11266,2,210,11478,20513,5883
5,COAHUILA,22,NAVA,PRI_NUAL_SI_PRC_PCP,0,11266,2,210,11478,20513,5861
5,COAHUILA,22,NAVA,PRI_NUAL_PJ_PRC_PCP,1,11266,2,210,11478,20513,5865
5,COAHUILA,22,NAVA,PRI_SI_PJ_PRC_PCP,0,11266,2,210,11478,20513,5787
5,COAHUILA,22,NAVA,PVEM_NUAL_SI_PJ_PRC,0,11266,2,210,11478,20513,388
5,COAHUILA,22,NAVA,PVEM_NUAL_SI_PJ_PCP,0,11266,2,210,11478,20513,403
5,COAHUILA,22,NAVA,PVEM_NUAL_SI_PRC_PCP,0,11266,2,210,11478,20513,381
5,COAHUILA,22,NAVA,PVEM_NUAL_PJ_PRC_PCP,0,11266,2,210,11478,20513,384
5,COAHUILA,22,NAVA,PVEM_SI_PJ_PRC_PCP,0,11266,2,210,11478,20513,307
5,COAHUILA,22,NAVA,NUAL_SI_PJ_PRC_PCP,0,11266,2,210,11478,20513,212
5,COAHUILA,22,NAVA,PRI_PVEM_NUAL_SI,2,11266,2,210,11478,20513,6027
5,COAHUILA,22,NAVA,PRI_PVEM_NUAL_PJ,1,11266,2,210,11478,20513,6029
5,COAHUILA,22,NAVA,PRI_PVEM_NUAL_PRC,0,11266,2,210,11478,20513,6006
5,COAHUILA,22,NAVA,PRI_PVEM_NUAL_PCP,0,11266,2,210,11478,20513,6021
5,COAHUILA,22,NAVA,PRI_PVEM_SI_PJ,0,11266,2,210,11478,20513,5951
5,COAHUILA,22,NAVA,PRI_PVEM_SI_PRC,0,11266,2,210,11478,20513,5929
5,COAHUILA,22,NAVA,PRI_PVEM_SI_PCP,0,11266,2,210,11478,20513,5944
5,COAHUILA,22,NAVA,PRI_PVEM_PJ_PRC,0,11266,2,210,11478,20513,5932
5,COAHUILA,22,NAVA,PRI_PVEM_PJ_PCP,0,11266,2,210,11478,20513,5947
5,COAHUILA,22,NAVA,PRI_PVEM_PRC_PCP,0,11266,2,210,11478,20513,5925
5,COAHUILA,22,NAVA,PRI_NUAL_SI_PJ,0,11266,2,210,11478,20513,5856
5,COAHUILA,22,NAVA,PRI_NUAL_SI_PRC,0,11266,2,210,11478,20513,5834
5,COAHUILA,22,NAVA,PRI_NUAL_SI_PCP,0,11266,2,210,11478,20513,5849
5,COAHUILA,22,NAVA,PRI_NUAL_PJ_PRC,0,11266,2,210,11478,20513,5837
5,COAHUILA,22,NAVA,PRI_NUAL_PJ_PCP,0,11266,2,210,11478,20513,5852
5,COAHUILA,22,NAVA,PRI_NUAL_PRC_PCP,0,11266,2,210,11478,20513,5830
5,COAHUILA,22,NAVA,PRI_SI_PJ_PRC,0,11266,2,210,11478,20513,5760
5,COAHUILA,22,NAVA,PRI_SI_PJ_PCP,1,11266,2,210,11478,20513,5776
5,COAHUILA,22,NAVA,PRI_SI_PRC_PCP,0,11266,2,210,11478,20513,5753
5,COAHUILA,22,NAVA,PRI_PJ_PRC_PCP,0,11266,2,210,11478,20513,5756
5,COAHUILA,22,NAVA,PVEM_NUAL_SI_PJ,0,11266,2,210,11478,20513,376
5,COAHUILA,22,NAVA,PVEM_NUAL_SI_PRC,0,11266,2,210,11478,20513,354
5,COAHUILA,22,NAVA,PVEM_NUAL_SI_PCP,0,11266,2,210,11478,20513,369
5,COAHUILA,22,NAVA,PVEM_NUAL_PJ_PRC,0,11266,2,210,11478,20513,357
5,COAHUILA,22,NAVA,PVEM_NUAL_PJ_PCP,0,11266,2,210,11478,20513,372
5,COAHUILA,22,NAVA,PVEM_NUAL_PRC_PCP,0,11266,2,210,11478,20513,350
5,COAHUILA,22,NAVA,PVEM_SI_PJ_PRC,1,11266,2,210,11478,20513,281
5,COAHUILA,22,NAVA,PVEM_SI_PJ_PCP,0,11266,2,210,11478,20513,295
5,COAHUILA,22,NAVA,PVEM_SI_PRC_PCP,0,11266,2,210,11478,20513,273
5,COAHUILA,22,NAVA,PVEM_PJ_PRC_PCP,0,11266,2,210,11478,20513,276
5,COAHUILA,22,NAVA,NUAL_SI_PJ_PRC,0,11266,2,210,11478,20513,185
5,COAHUILA,22,NAVA,NUAL_SI_PJ_PCP,0,11266,2,210,11478,20513,200
5,COAHUILA,22,NAVA,NUAL_SI_PRC_PCP,0,11266,2,210,11478,20513,178
5,COAHUILA,22,NAVA,NUAL_PJ_PRC_PCP,0,11266,2,210,11478,20513,181
5,COAHUILA,22,NAVA,SI_PJ_PRC_PCP,0,11266,2,210,11478,20513,104
5,COAHUILA,22,NAVA,PRI_PVEM_NUAL,1,11266,2,210,11478,20513,5995
5,COAHUILA,22,NAVA,PRI_PVEM_SI,0,11266,2,210,11478,20513,5917
5,COAHUILA,22,NAVA,PRI_PVEM_PJ,1,11266,2,210,11478,20513,5921
5,COAHUILA,22,NAVA,PRI_PVEM_PRC,1,11266,2,210,11478,20513,5899
5,COAHUILA,22,NAVA,PRI_PVEM_PCP,0,11266,2,210,11478,20513,5913
5,COAHUILA,22,NAVA,PRI_NUAL_SI,0,11266,2,210,11478,20513,5822
5,COAHUILA,22,NAVA,PRI_NUAL_PJ,1,11266,2,210,11478,20513,5826
5,COAHUILA,22,NAVA,PRI_NUAL_PRC,2,11266,2,210,11478,20513,5805
5,COAHUILA,22,NAVA,PRI_NUAL_PCP,0,11266,2,210,11478,20513,5818
5,COAHUILA,22,NAVA,PRI_SI_PJ,0,11266,2,210,11478,20513,5748
5,COAHUILA,22,NAVA,PRI_SI_PRC,0,11266,2,210,11478,20513,5726
5,COAHUILA,22,NAVA,PRI_SI_PCP,0,11266,2,210,11478,20513,5741
5,COAHUILA,22,NAVA,PRI_PJ_PRC,0,11266,2,210,11478,20513,5729
5,COAHUILA,22,NAVA,PRI_PJ_PCP,0,11266,2,210,11478,20513,5744
5,COAHUILA,22,NAVA,PRI_PRC_PCP,0,11266,2,210,11478,20513,5722
5,COAHUILA,22,NAVA,PVEM_NUAL_SI,0,11266,2,210,11478,20513,342
5,COAHUILA,22,NAVA,PVEM_NUAL_PJ,0,11266,2,210,11478,20513,345
5,COAHUILA,22,NAVA,PVEM_NUAL_PRC,1,11266,2,210,11478,20513,324
5,COAHUILA,22,NAVA,PVEM_NUAL_PCP,0,11266,2,210,11478,20513,338
5,COAHUILA,22,NAVA,PVEM_SI_PJ,0,11266,2,210,11478,20513,268
5,COAHUILA,22,NAVA,PVEM_SI_PRC,0,11266,2,210,11478,20513,246
5,COAHUILA,22,NAVA,PVEM_SI_PCP,0,11266,2,210,11478,20513,261
5,COAHUILA,22,NAVA,PVEM_PJ_PRC,0,11266,2,210,11478,20513,249
5,COAHUILA,22,NAVA,PVEM_PJ_PCP,0,11266,2,210,11478,20513,264
5,COAHUILA,22,NAVA,PVEM_PRC_PCP,0,11266,2,210,11478,20513,242
5,COAHUILA,22,NAVA,NUAL_SI_PJ,0,11266,2,210,11478,20513,173
5,COAHUILA,22,NAVA,NUAL_SI_PRC,0,11266,2,210,11478,20513,151
5,COAHUILA,22,NAVA,NUAL_SI_PCP,0,11266,2,210,11478,20513,166
5,COAHUILA,22,NAVA,NUAL_PJ_PRC,0,11266,2,210,11478,20513,154
5,COAHUILA,22,NAVA,NUAL_PJ_PCP,0,11266,2,210,11478,20513,169
5,COAHUILA,22,NAVA,NUAL_PRC_PCP,0,11266,2,210,11478,20513,147
5,COAHUILA,22,NAVA,SI_PJ_PRC,0,11266,2,210,11478,20513,77
5,COAHUILA,22,NAVA,SI_PJ_PCP,0,11266,2,210,11478,20513,92
5,COAHUILA,22,NAVA,SI_PRC_PCP,0,11266,2,210,11478,20513,70
5,COAHUILA,22,NAVA,PJ_PRC_PCP,0,11266,2,210,11478,20513,73
5,COAHUILA,22,NAVA,PRI_PVEM,8,11266,2,210,11478,20513,5894
5,COAHUILA,22,NAVA,PRI_NUAL,9,11266,2,210,11478,20513,5800
5,COAHUILA,22,NAVA,PRI_SI,2,11266,2,210,11478,20513,5716
5,COAHUILA,22,NAVA,PRI_PJ,3,11266,2,210,11478,20513,5720
5,COAHUILA,22,NAVA,PRI_PRC,0,11266,2,210,11478,20513,5695
5,COAHUILA,22,NAVA,PRI_PCP,4,11266,2,210,11478,20513,5714
5,COAHUILA,22,NAVA,PVEM_NUAL,0,11266,2,210,11478,20513,311
5,COAHUILA,22,NAVA,PVEM_SI,0,11266,2,210,11478,20513,234
5,COAHUILA,22,NAVA,PVEM_PJ,0,11266,2,210,11478,20513,237
5,COAHUILA,22,NAVA,PVEM_PRC,0,11266,2,210,11478,20513,215
5,COAHUILA,22,NAVA,PVEM_PCP,0,11266,2,210,11478,20513,230
5,COAHUILA,22,NAVA,NUAL_SI,0,11266,2,210,11478,20513,139
5,COAHUILA,22,NAVA,NUAL_PJ,0,11266,2,210,11478,20513,142
5,COAHUILA,22,NAVA,NUAL_PRC,0,11266,2,210,11478,20513,120
5,COAHUILA,22,NAVA,NUAL_PCP,0,11266,2,210,11478,20513,135
5,COAHUILA,22,NAVA,SI_PJ,0,11266,2,210,11478,20513,65
5,COAHUILA,22,NAVA,SI_PRC,0,11266,2,210,11478,20513,43
5,COAHUILA,22,NAVA,SI_PCP,0,11266,2,210,11478,20513,58
5,COAHUILA,22,NAVA,PJ_PRC,0,11266,2,210,11478,20513,46
5,COAHUILA,22,NAVA,PJ_PCP,0,11266,2,210,11478,20513,61
5,COAHUILA,22,NAVA,PRC_PCP,0,11266,2,210,11478,20513,39
5,COAHUILA,22,NAVA,CAND_IND6,NA,11266,2,210,11478,20513,0
5,COAHUILA,22,NAVA,CAND_IND7,NA,11266,2,210,11478,20513,0
5,COAHUILA,22,NAVA,CAND_IND8,NA,11266,2,210,11478,20513,0
5,COAHUILA,22,NAVA,CAND_IND9,NA,11266,2,210,11478,20513,0
5,COAHUILA,22,NAVA,CAND_IND10,NA,11266,2,210,11478,20513,0
5,COAHUILA,22,NAVA,CAND_IND11,NA,11266,2,210,11478,20513,0
5,COAHUILA,22,NAVA,CAND_IND12,NA,11266,2,210,11478,20513,0
5,COAHUILA,22,NAVA,CAND_IND13,NA,11266,2,210,11478,20513,0
5,COAHUILA,22,NAVA,CAND_IND14,NA,11266,2,210,11478,20513,0
5,COAHUILA,22,NAVA,CAND_IND15,NA,11266,2,210,11478,20513,0
5,COAHUILA,22,NAVA,CAND_IND16,NA,11266,2,210,11478,20513,0
5,COAHUILA,22,NAVA,CAND_IND17,NA,11266,2,210,11478,20513,0
5,COAHUILA,22,NAVA,CAND_IND18,NA,11266,2,210,11478,20513,0
5,COAHUILA,22,NAVA,CAND_IND19,NA,11266,2,210,11478,20513,0
5,COAHUILA,23,OCAMPO,PAN,559,4272,0,112,4384,7878,559
5,COAHUILA,23,OCAMPO,PRI,1529,4272,0,112,4384,7878,1529
5,COAHUILA,23,OCAMPO,PRD,64,4272,0,112,4384,7878,64
5,COAHUILA,23,OCAMPO,PT,0,4272,0,112,4384,7878,0
5,COAHUILA,23,OCAMPO,PVEM,16,4272,0,112,4384,7878,16
5,COAHUILA,23,OCAMPO,UDC,18,4272,0,112,4384,7878,18
5,COAHUILA,23,OCAMPO,MC,1739,4272,0,112,4384,7878,1739
5,COAHUILA,23,OCAMPO,NUAL,45,4272,0,112,4384,7878,45
5,COAHUILA,23,OCAMPO,SI,11,4272,0,112,4384,7878,11
5,COAHUILA,23,OCAMPO,PPC,9,4272,0,112,4384,7878,9
5,COAHUILA,23,OCAMPO,PJ,16,4272,0,112,4384,7878,16
5,COAHUILA,23,OCAMPO,PRC,11,4272,0,112,4384,7878,11
5,COAHUILA,23,OCAMPO,PCP,2,4272,0,112,4384,7878,2
5,COAHUILA,23,OCAMPO,MORENA,228,4272,0,112,4384,7878,228
5,COAHUILA,23,OCAMPO,ES,5,4272,0,112,4384,7878,5
5,COAHUILA,23,OCAMPO,PAN_UDC_PPC_ES,3,4272,0,112,4384,7878,594
5,COAHUILA,23,OCAMPO,PAN_UDC_PPC,0,4272,0,112,4384,7878,586
5,COAHUILA,23,OCAMPO,PAN_UDC_ES,0,4272,0,112,4384,7878,582
5,COAHUILA,23,OCAMPO,PAN_PPC_ES,1,4272,0,112,4384,7878,574
5,COAHUILA,23,OCAMPO,UDC_PPC_ES,0,4272,0,112,4384,7878,32
5,COAHUILA,23,OCAMPO,PAN_UDC,1,4272,0,112,4384,7878,578
5,COAHUILA,23,OCAMPO,PAN_PPC,0,4272,0,112,4384,7878,568
5,COAHUILA,23,OCAMPO,PAN_ES,0,4272,0,112,4384,7878,564
5,COAHUILA,23,OCAMPO,UDC_PPC,1,4272,0,112,4384,7878,28
5,COAHUILA,23,OCAMPO,UDC_ES,0,4272,0,112,4384,7878,23
5,COAHUILA,23,OCAMPO,PPC_ES,0,4272,0,112,4384,7878,14
5,COAHUILA,23,OCAMPO,PRI_PVEM_NUAL_SI_PJ_PRC_PCP,0,4272,0,112,4384,7878,1630
5,COAHUILA,23,OCAMPO,PRI_PVEM_NUAL_SI_PJ_PRC,1,4272,0,112,4384,7878,1629
5,COAHUILA,23,OCAMPO,PRI_PVEM_NUAL_SI_PJ_PCP,0,4272,0,112,4384,7878,1619
5,COAHUILA,23,OCAMPO,PRI_PVEM_NUAL_SI_PRC_PCP,0,4272,0,112,4384,7878,1614
5,COAHUILA,23,OCAMPO,PRI_PVEM_NUAL_PJ_PRC_PCP,0,4272,0,112,4384,7878,1619
5,COAHUILA,23,OCAMPO,PRI_PVEM_SI_PJ_PRC_PCP,0,4272,0,112,4384,7878,1585
5,COAHUILA,23,OCAMPO,PRI_NUAL_SI_PJ_PRC_PCP,0,4272,0,112,4384,7878,1614
5,COAHUILA,23,OCAMPO,PVEM_NUAL_SI_PJ_PRC_PCP,0,4272,0,112,4384,7878,101
5,COAHUILA,23,OCAMPO,PRI_PVEM_NUAL_SI_PJ,3,4272,0,112,4384,7878,1620
5,COAHUILA,23,OCAMPO,PRI_PVEM_NUAL_SI_PRC,0,4272,0,112,4384,7878,1612
5,COAHUILA,23,OCAMPO,PRI_PVEM_NUAL_SI_PCP,0,4272,0,112,4384,7878,1603
5,COAHUILA,23,OCAMPO,PRI_PVEM_NUAL_PJ_PRC,0,4272,0,112,4384,7878,1617
5,COAHUILA,23,OCAMPO,PRI_PVEM_NUAL_PJ_PCP,0,4272,0,112,4384,7878,1608
5,COAHUILA,23,OCAMPO,PRI_PVEM_NUAL_PRC_PCP,0,4272,0,112,4384,7878,1603
5,COAHUILA,23,OCAMPO,PRI_PVEM_SI_PJ_PRC,0,4272,0,112,4384,7878,1583
5,COAHUILA,23,OCAMPO,PRI_PVEM_SI_PJ_PCP,0,4272,0,112,4384,7878,1574
5,COAHUILA,23,OCAMPO,PRI_PVEM_SI_PRC_PCP,0,4272,0,112,4384,7878,1569
5,COAHUILA,23,OCAMPO,PRI_PVEM_PJ_PRC_PCP,0,4272,0,112,4384,7878,1574
5,COAHUILA,23,OCAMPO,PRI_NUAL_SI_PJ_PRC,0,4272,0,112,4384,7878,1612
5,COAHUILA,23,OCAMPO,PRI_NUAL_SI_PJ_PCP,0,4272,0,112,4384,7878,1603
5,COAHUILA,23,OCAMPO,PRI_NUAL_SI_PRC_PCP,0,4272,0,112,4384,7878,1598
5,COAHUILA,23,OCAMPO,PRI_NUAL_PJ_PRC_PCP,0,4272,0,112,4384,7878,1603
5,COAHUILA,23,OCAMPO,PRI_SI_PJ_PRC_PCP,0,4272,0,112,4384,7878,1569
5,COAHUILA,23,OCAMPO,PVEM_NUAL_SI_PJ_PRC,0,4272,0,112,4384,7878,99
5,COAHUILA,23,OCAMPO,PVEM_NUAL_SI_PJ_PCP,0,4272,0,112,4384,7878,90
5,COAHUILA,23,OCAMPO,PVEM_NUAL_SI_PRC_PCP,0,4272,0,112,4384,7878,85
5,COAHUILA,23,OCAMPO,PVEM_NUAL_PJ_PRC_PCP,0,4272,0,112,4384,7878,90
5,COAHUILA,23,OCAMPO,PVEM_SI_PJ_PRC_PCP,0,4272,0,112,4384,7878,56
5,COAHUILA,23,OCAMPO,NUAL_SI_PJ_PRC_PCP,0,4272,0,112,4384,7878,85
5,COAHUILA,23,OCAMPO,PRI_PVEM_NUAL_SI,1,4272,0,112,4384,7878,1602
5,COAHUILA,23,OCAMPO,PRI_PVEM_NUAL_PJ,0,4272,0,112,4384,7878,1606
5,COAHUILA,23,OCAMPO,PRI_PVEM_NUAL_PRC,0,4272,0,112,4384,7878,1601
5,COAHUILA,23,OCAMPO,PRI_PVEM_NUAL_PCP,0,4272,0,112,4384,7878,1592
5,COAHUILA,23,OCAMPO,PRI_PVEM_SI_PJ,0,4272,0,112,4384,7878,1572
5,COAHUILA,23,OCAMPO,PRI_PVEM_SI_PRC,0,4272,0,112,4384,7878,1567
5,COAHUILA,23,OCAMPO,PRI_PVEM_SI_PCP,0,4272,0,112,4384,7878,1558
5,COAHUILA,23,OCAMPO,PRI_PVEM_PJ_PRC,0,4272,0,112,4384,7878,1572
5,COAHUILA,23,OCAMPO,PRI_PVEM_PJ_PCP,0,4272,0,112,4384,7878,1563
5,COAHUILA,23,OCAMPO,PRI_PVEM_PRC_PCP,0,4272,0,112,4384,7878,1558
5,COAHUILA,23,OCAMPO,PRI_NUAL_SI_PJ,0,4272,0,112,4384,7878,1601
5,COAHUILA,23,OCAMPO,PRI_NUAL_SI_PRC,0,4272,0,112,4384,7878,1596
5,COAHUILA,23,OCAMPO,PRI_NUAL_SI_PCP,0,4272,0,112,4384,7878,1587
5,COAHUILA,23,OCAMPO,PRI_NUAL_PJ_PRC,0,4272,0,112,4384,7878,1601
5,COAHUILA,23,OCAMPO,PRI_NUAL_PJ_PCP,0,4272,0,112,4384,7878,1592
5,COAHUILA,23,OCAMPO,PRI_NUAL_PRC_PCP,0,4272,0,112,4384,7878,1587
5,COAHUILA,23,OCAMPO,PRI_SI_PJ_PRC,0,4272,0,112,4384,7878,1567
5,COAHUILA,23,OCAMPO,PRI_SI_PJ_PCP,0,4272,0,112,4384,7878,1558
5,COAHUILA,23,OCAMPO,PRI_SI_PRC_PCP,0,4272,0,112,4384,7878,1553
5,COAHUILA,23,OCAMPO,PRI_PJ_PRC_PCP,0,4272,0,112,4384,7878,1558
5,COAHUILA,23,OCAMPO,PVEM_NUAL_SI_PJ,0,4272,0,112,4384,7878,88
5,COAHUILA,23,OCAMPO,PVEM_NUAL_SI_PRC,0,4272,0,112,4384,7878,83
5,COAHUILA,23,OCAMPO,PVEM_NUAL_SI_PCP,0,4272,0,112,4384,7878,74
5,COAHUILA,23,OCAMPO,PVEM_NUAL_PJ_PRC,0,4272,0,112,4384,7878,88
5,COAHUILA,23,OCAMPO,PVEM_NUAL_PJ_PCP,0,4272,0,112,4384,7878,79
5,COAHUILA,23,OCAMPO,PVEM_NUAL_PRC_PCP,0,4272,0,112,4384,7878,74
5,COAHUILA,23,OCAMPO,PVEM_SI_PJ_PRC,0,4272,0,112,4384,7878,54
5,COAHUILA,23,OCAMPO,PVEM_SI_PJ_PCP,0,4272,0,112,4384,7878,45
5,COAHUILA,23,OCAMPO,PVEM_SI_PRC_PCP,0,4272,0,112,4384,7878,40
5,COAHUILA,23,OCAMPO,PVEM_PJ_PRC_PCP,0,4272,0,112,4384,7878,45
5,COAHUILA,23,OCAMPO,NUAL_SI_PJ_PRC,0,4272,0,112,4384,7878,83
5,COAHUILA,23,OCAMPO,NUAL_SI_PJ_PCP,0,4272,0,112,4384,7878,74
5,COAHUILA,23,OCAMPO,NUAL_SI_PRC_PCP,0,4272,0,112,4384,7878,69
5,COAHUILA,23,OCAMPO,NUAL_PJ_PRC_PCP,0,4272,0,112,4384,7878,74
5,COAHUILA,23,OCAMPO,SI_PJ_PRC_PCP,0,4272,0,112,4384,7878,40
5,COAHUILA,23,OCAMPO,PRI_PVEM_NUAL,0,4272,0,112,4384,7878,1590
5,COAHUILA,23,OCAMPO,PRI_PVEM_SI,1,4272,0,112,4384,7878,1557
5,COAHUILA,23,OCAMPO,PRI_PVEM_PJ,1,4272,0,112,4384,7878,1562
5,COAHUILA,23,OCAMPO,PRI_PVEM_PRC,0,4272,0,112,4384,7878,1556
5,COAHUILA,23,OCAMPO,PRI_PVEM_PCP,0,4272,0,112,4384,7878,1547
5,COAHUILA,23,OCAMPO,PRI_NUAL_SI,0,4272,0,112,4384,7878,1585
5,COAHUILA,23,OCAMPO,PRI_NUAL_PJ,0,4272,0,112,4384,7878,1590
5,COAHUILA,23,OCAMPO,PRI_NUAL_PRC,0,4272,0,112,4384,7878,1585
5,COAHUILA,23,OCAMPO,PRI_NUAL_PCP,0,4272,0,112,4384,7878,1576
5,COAHUILA,23,OCAMPO,PRI_SI_PJ,0,4272,0,112,4384,7878,1556
5,COAHUILA,23,OCAMPO,PRI_SI_PRC,0,4272,0,112,4384,7878,1551
5,COAHUILA,23,OCAMPO,PRI_SI_PCP,0,4272,0,112,4384,7878,1542
5,COAHUILA,23,OCAMPO,PRI_PJ_PRC,0,4272,0,112,4384,7878,1556
5,COAHUILA,23,OCAMPO,PRI_PJ_PCP,0,4272,0,112,4384,7878,1547
5,COAHUILA,23,OCAMPO,PRI_PRC_PCP,0,4272,0,112,4384,7878,1542
5,COAHUILA,23,OCAMPO,PVEM_NUAL_SI,0,4272,0,112,4384,7878,72
5,COAHUILA,23,OCAMPO,PVEM_NUAL_PJ,0,4272,0,112,4384,7878,77
5,COAHUILA,23,OCAMPO,PVEM_NUAL_PRC,0,4272,0,112,4384,7878,72
5,COAHUILA,23,OCAMPO,PVEM_NUAL_PCP,0,4272,0,112,4384,7878,63
5,COAHUILA,23,OCAMPO,PVEM_SI_PJ,0,4272,0,112,4384,7878,43
5,COAHUILA,23,OCAMPO,PVEM_SI_PRC,0,4272,0,112,4384,7878,38
5,COAHUILA,23,OCAMPO,PVEM_SI_PCP,0,4272,0,112,4384,7878,29
5,COAHUILA,23,OCAMPO,PVEM_PJ_PRC,0,4272,0,112,4384,7878,43
5,COAHUILA,23,OCAMPO,PVEM_PJ_PCP,0,4272,0,112,4384,7878,34
5,COAHUILA,23,OCAMPO,PVEM_PRC_PCP,0,4272,0,112,4384,7878,29
5,COAHUILA,23,OCAMPO,NUAL_SI_PJ,0,4272,0,112,4384,7878,72
5,COAHUILA,23,OCAMPO,NUAL_SI_PRC,0,4272,0,112,4384,7878,67
5,COAHUILA,23,OCAMPO,NUAL_SI_PCP,0,4272,0,112,4384,7878,58
5,COAHUILA,23,OCAMPO,NUAL_PJ_PRC,0,4272,0,112,4384,7878,72
5,COAHUILA,23,OCAMPO,NUAL_PJ_PCP,0,4272,0,112,4384,7878,63
5,COAHUILA,23,OCAMPO,NUAL_PRC_PCP,0,4272,0,112,4384,7878,58
5,COAHUILA,23,OCAMPO,SI_PJ_PRC,0,4272,0,112,4384,7878,38
5,COAHUILA,23,OCAMPO,SI_PJ_PCP,0,4272,0,112,4384,7878,29
5,COAHUILA,23,OCAMPO,SI_PRC_PCP,0,4272,0,112,4384,7878,24
5,COAHUILA,23,OCAMPO,PJ_PRC_PCP,0,4272,0,112,4384,7878,29
5,COAHUILA,23,OCAMPO,PRI_PVEM,2,4272,0,112,4384,7878,1547
5,COAHUILA,23,OCAMPO,PRI_NUAL,0,4272,0,112,4384,7878,1574
5,COAHUILA,23,OCAMPO,PRI_SI,4,4272,0,112,4384,7878,1544
5,COAHUILA,23,OCAMPO,PRI_PJ,1,4272,0,112,4384,7878,1546
5,COAHUILA,23,OCAMPO,PRI_PRC,0,4272,0,112,4384,7878,1540
5,COAHUILA,23,OCAMPO,PRI_PCP,0,4272,0,112,4384,7878,1531
5,COAHUILA,23,OCAMPO,PVEM_NUAL,0,4272,0,112,4384,7878,61
5,COAHUILA,23,OCAMPO,PVEM_SI,0,4272,0,112,4384,7878,27
5,COAHUILA,23,OCAMPO,PVEM_PJ,0,4272,0,112,4384,7878,32
5,COAHUILA,23,OCAMPO,PVEM_PRC,0,4272,0,112,4384,7878,27
5,COAHUILA,23,OCAMPO,PVEM_PCP,0,4272,0,112,4384,7878,18
5,COAHUILA,23,OCAMPO,NUAL_SI,0,4272,0,112,4384,7878,56
5,COAHUILA,23,OCAMPO,NUAL_PJ,0,4272,0,112,4384,7878,61
5,COAHUILA,23,OCAMPO,NUAL_PRC,0,4272,0,112,4384,7878,56
5,COAHUILA,23,OCAMPO,NUAL_PCP,0,4272,0,112,4384,7878,47
5,COAHUILA,23,OCAMPO,SI_PJ,0,4272,0,112,4384,7878,27
5,COAHUILA,23,OCAMPO,SI_PRC,0,4272,0,112,4384,7878,22
5,COAHUILA,23,OCAMPO,SI_PCP,0,4272,0,112,4384,7878,13
5,COAHUILA,23,OCAMPO,PJ_PRC,0,4272,0,112,4384,7878,27
5,COAHUILA,23,OCAMPO,PJ_PCP,0,4272,0,112,4384,7878,18
5,COAHUILA,23,OCAMPO,PRC_PCP,0,4272,0,112,4384,7878,13
5,COAHUILA,23,OCAMPO,CAND_IND6,NA,4272,0,112,4384,7878,0
5,COAHUILA,23,OCAMPO,CAND_IND7,NA,4272,0,112,4384,7878,0
5,COAHUILA,23,OCAMPO,CAND_IND8,NA,4272,0,112,4384,7878,0
5,COAHUILA,23,OCAMPO,CAND_IND9,NA,4272,0,112,4384,7878,0
5,COAHUILA,23,OCAMPO,CAND_IND10,NA,4272,0,112,4384,7878,0
5,COAHUILA,23,OCAMPO,CAND_IND11,NA,4272,0,112,4384,7878,0
5,COAHUILA,23,OCAMPO,CAND_IND12,NA,4272,0,112,4384,7878,0
5,COAHUILA,23,OCAMPO,CAND_IND13,NA,4272,0,112,4384,7878,0
5,COAHUILA,23,OCAMPO,CAND_IND14,NA,4272,0,112,4384,7878,0
5,COAHUILA,23,OCAMPO,CAND_IND15,NA,4272,0,112,4384,7878,0
5,COAHUILA,23,OCAMPO,CAND_IND16,NA,4272,0,112,4384,7878,0
5,COAHUILA,23,OCAMPO,CAND_IND17,NA,4272,0,112,4384,7878,0
5,COAHUILA,23,OCAMPO,CAND_IND18,NA,4272,0,112,4384,7878,0
5,COAHUILA,23,OCAMPO,CAND_IND19,NA,4272,0,112,4384,7878,0
5,COAHUILA,24,PARRAS,PAN,999,19793,1,668,20462,35742,999
5,COAHUILA,24,PARRAS,PRI,0,19793,1,668,20462,35742,0
5,COAHUILA,24,PARRAS,PRD,251,19793,1,668,20462,35742,251
5,COAHUILA,24,PARRAS,PT,260,19793,1,668,20462,35742,260
5,COAHUILA,24,PARRAS,PVEM,6225,19793,1,668,20462,35742,6225
5,COAHUILA,24,PARRAS,UDC,703,19793,1,668,20462,35742,703
5,COAHUILA,24,PARRAS,MC,83,19793,1,668,20462,35742,83
5,COAHUILA,24,PARRAS,NUAL,3664,19793,1,668,20462,35742,3664
5,COAHUILA,24,PARRAS,SI,815,19793,1,668,20462,35742,815
5,COAHUILA,24,PARRAS,PPC,107,19793,1,668,20462,35742,107
5,COAHUILA,24,PARRAS,PJ,122,19793,1,668,20462,35742,122
5,COAHUILA,24,PARRAS,PRC,0,19793,1,668,20462,35742,0
5,COAHUILA,24,PARRAS,PCP,6037,19793,1,668,20462,35742,6037
5,COAHUILA,24,PARRAS,MORENA,424,19793,1,668,20462,35742,424
5,COAHUILA,24,PARRAS,ES,48,19793,1,668,20462,35742,48
5,COAHUILA,24,PARRAS,PAN_UDC_PPC_ES,23,19793,1,668,20462,35742,1880
5,COAHUILA,24,PARRAS,PAN_UDC_PPC,4,19793,1,668,20462,35742,1813
5,COAHUILA,24,PARRAS,PAN_UDC_ES,1,19793,1,668,20462,35742,1751
5,COAHUILA,24,PARRAS,PAN_PPC_ES,2,19793,1,668,20462,35742,1156
5,COAHUILA,24,PARRAS,UDC_PPC_ES,1,19793,1,668,20462,35742,859
5,COAHUILA,24,PARRAS,PAN_UDC,15,19793,1,668,20462,35742,1717
5,COAHUILA,24,PARRAS,PAN_PPC,4,19793,1,668,20462,35742,1110
5,COAHUILA,24,PARRAS,PAN_ES,3,19793,1,668,20462,35742,1050
5,COAHUILA,24,PARRAS,UDC_PPC,2,19793,1,668,20462,35742,812
5,COAHUILA,24,PARRAS,UDC_ES,0,19793,1,668,20462,35742,751
5,COAHUILA,24,PARRAS,PPC_ES,0,19793,1,668,20462,35742,155
5,COAHUILA,24,PARRAS,PRI_PVEM_NUAL_SI_PJ_PRC_PCP,0,19793,1,668,20462,35742,16863
5,COAHUILA,24,PARRAS,PRI_PVEM_NUAL_SI_PJ_PRC,0,19793,1,668,20462,35742,10826
5,COAHUILA,24,PARRAS,PRI_PVEM_NUAL_SI_PJ_PCP,0,19793,1,668,20462,35742,16863
5,COAHUILA,24,PARRAS,PRI_PVEM_NUAL_SI_PRC_PCP,0,19793,1,668,20462,35742,16741
5,COAHUILA,24,PARRAS,PRI_PVEM_NUAL_PJ_PRC_PCP,0,19793,1,668,20462,35742,16048
5,COAHUILA,24,PARRAS,PRI_PVEM_SI_PJ_PRC_PCP,0,19793,1,668,20462,35742,13199
5,COAHUILA,24,PARRAS,PRI_NUAL_SI_PJ_PRC_PCP,0,19793,1,668,20462,35742,10638
5,COAHUILA,24,PARRAS,PVEM_NUAL_SI_PJ_PRC_PCP,0,19793,1,668,20462,35742,16863
5,COAHUILA,24,PARRAS,PRI_PVEM_NUAL_SI_PJ,0,19793,1,668,20462,35742,10826
5,COAHUILA,24,PARRAS,PRI_PVEM_NUAL_SI_PRC,0,19793,1,668,20462,35742,10704
5,COAHUILA,24,PARRAS,PRI_PVEM_NUAL_SI_PCP,0,19793,1,668,20462,35742,16741
5,COAHUILA,24,PARRAS,PRI_PVEM_NUAL_PJ_PRC,0,19793,1,668,20462,35742,10011
5,COAHUILA,24,PARRAS,PRI_PVEM_NUAL_PJ_PCP,0,19793,1,668,20462,35742,16048
5,COAHUILA,24,PARRAS,PRI_PVEM_NUAL_PRC_PCP,0,19793,1,668,20462,35742,15926
5,COAHUILA,24,PARRAS,PRI_PVEM_SI_PJ_PRC,0,19793,1,668,20462,35742,7162
5,COAHUILA,24,PARRAS,PRI_PVEM_SI_PJ_PCP,0,19793,1,668,20462,35742,13199
5,COAHUILA,24,PARRAS,PRI_PVEM_SI_PRC_PCP,0,19793,1,668,20462,35742,13077
5,COAHUILA,24,PARRAS,PRI_PVEM_PJ_PRC_PCP,0,19793,1,668,20462,35742,12384
5,COAHUILA,24,PARRAS,PRI_NUAL_SI_PJ_PRC,0,19793,1,668,20462,35742,4601
5,COAHUILA,24,PARRAS,PRI_NUAL_SI_PJ_PCP,0,19793,1,668,20462,35742,10638
5,COAHUILA,24,PARRAS,PRI_NUAL_SI_PRC_PCP,0,19793,1,668,20462,35742,10516
5,COAHUILA,24,PARRAS,PRI_NUAL_PJ_PRC_PCP,0,19793,1,668,20462,35742,9823
5,COAHUILA,24,PARRAS,PRI_SI_PJ_PRC_PCP,0,19793,1,668,20462,35742,6974
5,COAHUILA,24,PARRAS,PVEM_NUAL_SI_PJ_PRC,0,19793,1,668,20462,35742,10826
5,COAHUILA,24,PARRAS,PVEM_NUAL_SI_PJ_PCP,0,19793,1,668,20462,35742,16863
5,COAHUILA,24,PARRAS,PVEM_NUAL_SI_PRC_PCP,0,19793,1,668,20462,35742,16741
5,COAHUILA,24,PARRAS,PVEM_NUAL_PJ_PRC_PCP,0,19793,1,668,20462,35742,16048
5,COAHUILA,24,PARRAS,PVEM_SI_PJ_PRC_PCP,0,19793,1,668,20462,35742,13199
5,COAHUILA,24,PARRAS,NUAL_SI_PJ_PRC_PCP,0,19793,1,668,20462,35742,10638
5,COAHUILA,24,PARRAS,PRI_PVEM_NUAL_SI,0,19793,1,668,20462,35742,10704
5,COAHUILA,24,PARRAS,PRI_PVEM_NUAL_PJ,0,19793,1,668,20462,35742,10011
5,COAHUILA,24,PARRAS,PRI_PVEM_NUAL_PRC,0,19793,1,668,20462,35742,9889
5,COAHUILA,24,PARRAS,PRI_PVEM_NUAL_PCP,0,19793,1,668,20462,35742,15926
5,COAHUILA,24,PARRAS,PRI_PVEM_SI_PJ,0,19793,1,668,20462,35742,7162
5,COAHUILA,24,PARRAS,PRI_PVEM_SI_PRC,0,19793,1,668,20462,35742,7040
5,COAHUILA,24,PARRAS,PRI_PVEM_SI_PCP,0,19793,1,668,20462,35742,13077
5,COAHUILA,24,PARRAS,PRI_PVEM_PJ_PRC,0,19793,1,668,20462,35742,6347
5,COAHUILA,24,PARRAS,PRI_PVEM_PJ_PCP,0,19793,1,668,20462,35742,12384
5,COAHUILA,24,PARRAS,PRI_PVEM_PRC_PCP,0,19793,1,668,20462,35742,12262
5,COAHUILA,24,PARRAS,PRI_NUAL_SI_PJ,0,19793,1,668,20462,35742,4601
5,COAHUILA,24,PARRAS,PRI_NUAL_SI_PRC,0,19793,1,668,20462,35742,4479
5,COAHUILA,24,PARRAS,PRI_NUAL_SI_PCP,0,19793,1,668,20462,35742,10516
5,COAHUILA,24,PARRAS,PRI_NUAL_PJ_PRC,0,19793,1,668,20462,35742,3786
5,COAHUILA,24,PARRAS,PRI_NUAL_PJ_PCP,0,19793,1,668,20462,35742,9823
5,COAHUILA,24,PARRAS,PRI_NUAL_PRC_PCP,0,19793,1,668,20462,35742,9701
5,COAHUILA,24,PARRAS,PRI_SI_PJ_PRC,0,19793,1,668,20462,35742,937
5,COAHUILA,24,PARRAS,PRI_SI_PJ_PCP,0,19793,1,668,20462,35742,6974
5,COAHUILA,24,PARRAS,PRI_SI_PRC_PCP,0,19793,1,668,20462,35742,6852
5,COAHUILA,24,PARRAS,PRI_PJ_PRC_PCP,0,19793,1,668,20462,35742,6159
5,COAHUILA,24,PARRAS,PVEM_NUAL_SI_PJ,0,19793,1,668,20462,35742,10826
5,COAHUILA,24,PARRAS,PVEM_NUAL_SI_PRC,0,19793,1,668,20462,35742,10704
5,COAHUILA,24,PARRAS,PVEM_NUAL_SI_PCP,0,19793,1,668,20462,35742,16741
5,COAHUILA,24,PARRAS,PVEM_NUAL_PJ_PRC,0,19793,1,668,20462,35742,10011
5,COAHUILA,24,PARRAS,PVEM_NUAL_PJ_PCP,0,19793,1,668,20462,35742,16048
5,COAHUILA,24,PARRAS,PVEM_NUAL_PRC_PCP,0,19793,1,668,20462,35742,15926
5,COAHUILA,24,PARRAS,PVEM_SI_PJ_PRC,0,19793,1,668,20462,35742,7162
5,COAHUILA,24,PARRAS,PVEM_SI_PJ_PCP,0,19793,1,668,20462,35742,13199
5,COAHUILA,24,PARRAS,PVEM_SI_PRC_PCP,0,19793,1,668,20462,35742,13077
5,COAHUILA,24,PARRAS,PVEM_PJ_PRC_PCP,0,19793,1,668,20462,35742,12384
5,COAHUILA,24,PARRAS,NUAL_SI_PJ_PRC,0,19793,1,668,20462,35742,4601
5,COAHUILA,24,PARRAS,NUAL_SI_PJ_PCP,0,19793,1,668,20462,35742,10638
5,COAHUILA,24,PARRAS,NUAL_SI_PRC_PCP,0,19793,1,668,20462,35742,10516
5,COAHUILA,24,PARRAS,NUAL_PJ_PRC_PCP,0,19793,1,668,20462,35742,9823
5,COAHUILA,24,PARRAS,SI_PJ_PRC_PCP,0,19793,1,668,20462,35742,6974
5,COAHUILA,24,PARRAS,PRI_PVEM_NUAL,0,19793,1,668,20462,35742,9889
5,COAHUILA,24,PARRAS,PRI_PVEM_SI,0,19793,1,668,20462,35742,7040
5,COAHUILA,24,PARRAS,PRI_PVEM_PJ,0,19793,1,668,20462,35742,6347
5,COAHUILA,24,PARRAS,PRI_PVEM_PRC,0,19793,1,668,20462,35742,6225
5,COAHUILA,24,PARRAS,PRI_PVEM_PCP,0,19793,1,668,20462,35742,12262
5,COAHUILA,24,PARRAS,PRI_NUAL_SI,0,19793,1,668,20462,35742,4479
5,COAHUILA,24,PARRAS,PRI_NUAL_PJ,0,19793,1,668,20462,35742,3786
5,COAHUILA,24,PARRAS,PRI_NUAL_PRC,0,19793,1,668,20462,35742,3664
5,COAHUILA,24,PARRAS,PRI_NUAL_PCP,0,19793,1,668,20462,35742,9701
5,COAHUILA,24,PARRAS,PRI_SI_PJ,0,19793,1,668,20462,35742,937
5,COAHUILA,24,PARRAS,PRI_SI_PRC,0,19793,1,668,20462,35742,815
5,COAHUILA,24,PARRAS,PRI_SI_PCP,0,19793,1,668,20462,35742,6852
5,COAHUILA,24,PARRAS,PRI_PJ_PRC,0,19793,1,668,20462,35742,122
5,COAHUILA,24,PARRAS,PRI_PJ_PCP,0,19793,1,668,20462,35742,6159
5,COAHUILA,24,PARRAS,PRI_PRC_PCP,0,19793,1,668,20462,35742,6037
5,COAHUILA,24,PARRAS,PVEM_NUAL_SI,0,19793,1,668,20462,35742,10704
5,COAHUILA,24,PARRAS,PVEM_NUAL_PJ,0,19793,1,668,20462,35742,10011
5,COAHUILA,24,PARRAS,PVEM_NUAL_PRC,0,19793,1,668,20462,35742,9889
5,COAHUILA,24,PARRAS,PVEM_NUAL_PCP,0,19793,1,668,20462,35742,15926
5,COAHUILA,24,PARRAS,PVEM_SI_PJ,0,19793,1,668,20462,35742,7162
5,COAHUILA,24,PARRAS,PVEM_SI_PRC,0,19793,1,668,20462,35742,7040
5,COAHUILA,24,PARRAS,PVEM_SI_PCP,0,19793,1,668,20462,35742,13077
5,COAHUILA,24,PARRAS,PVEM_PJ_PRC,0,19793,1,668,20462,35742,6347
5,COAHUILA,24,PARRAS,PVEM_PJ_PCP,0,19793,1,668,20462,35742,12384
5,COAHUILA,24,PARRAS,PVEM_PRC_PCP,0,19793,1,668,20462,35742,12262
5,COAHUILA,24,PARRAS,NUAL_SI_PJ,0,19793,1,668,20462,35742,4601
5,COAHUILA,24,PARRAS,NUAL_SI_PRC,0,19793,1,668,20462,35742,4479
5,COAHUILA,24,PARRAS,NUAL_SI_PCP,0,19793,1,668,20462,35742,10516
5,COAHUILA,24,PARRAS,NUAL_PJ_PRC,0,19793,1,668,20462,35742,3786
5,COAHUILA,24,PARRAS,NUAL_PJ_PCP,0,19793,1,668,20462,35742,9823
5,COAHUILA,24,PARRAS,NUAL_PRC_PCP,0,19793,1,668,20462,35742,9701
5,COAHUILA,24,PARRAS,SI_PJ_PRC,0,19793,1,668,20462,35742,937
5,COAHUILA,24,PARRAS,SI_PJ_PCP,0,19793,1,668,20462,35742,6974
5,COAHUILA,24,PARRAS,SI_PRC_PCP,0,19793,1,668,20462,35742,6852
5,COAHUILA,24,PARRAS,PJ_PRC_PCP,0,19793,1,668,20462,35742,6159
5,COAHUILA,24,PARRAS,PRI_PVEM,0,19793,1,668,20462,35742,6225
5,COAHUILA,24,PARRAS,PRI_NUAL,0,19793,1,668,20462,35742,3664
5,COAHUILA,24,PARRAS,PRI_SI,0,19793,1,668,20462,35742,815
5,COAHUILA,24,PARRAS,PRI_PJ,0,19793,1,668,20462,35742,122
5,COAHUILA,24,PARRAS,PRI_PRC,0,19793,1,668,20462,35742,0
5,COAHUILA,24,PARRAS,PRI_PCP,0,19793,1,668,20462,35742,6037
5,COAHUILA,24,PARRAS,PVEM_NUAL,0,19793,1,668,20462,35742,9889
5,COAHUILA,24,PARRAS,PVEM_SI,0,19793,1,668,20462,35742,7040
5,COAHUILA,24,PARRAS,PVEM_PJ,0,19793,1,668,20462,35742,6347
5,COAHUILA,24,PARRAS,PVEM_PRC,0,19793,1,668,20462,35742,6225
5,COAHUILA,24,PARRAS,PVEM_PCP,0,19793,1,668,20462,35742,12262
5,COAHUILA,24,PARRAS,NUAL_SI,0,19793,1,668,20462,35742,4479
5,COAHUILA,24,PARRAS,NUAL_PJ,0,19793,1,668,20462,35742,3786
5,COAHUILA,24,PARRAS,NUAL_PRC,0,19793,1,668,20462,35742,3664
5,COAHUILA,24,PARRAS,NUAL_PCP,0,19793,1,668,20462,35742,9701
5,COAHUILA,24,PARRAS,SI_PJ,0,19793,1,668,20462,35742,937
5,COAHUILA,24,PARRAS,SI_PRC,0,19793,1,668,20462,35742,815
5,COAHUILA,24,PARRAS,SI_PCP,0,19793,1,668,20462,35742,6852
5,COAHUILA,24,PARRAS,PJ_PRC,0,19793,1,668,20462,35742,122
5,COAHUILA,24,PARRAS,PJ_PCP,0,19793,1,668,20462,35742,6159
5,COAHUILA,24,PARRAS,PRC_PCP,0,19793,1,668,20462,35742,6037
5,COAHUILA,24,PARRAS,CAND_IND6,NA,19793,1,668,20462,35742,0
5,COAHUILA,24,PARRAS,CAND_IND7,NA,19793,1,668,20462,35742,0
5,COAHUILA,24,PARRAS,CAND_IND8,NA,19793,1,668,20462,35742,0
5,COAHUILA,24,PARRAS,CAND_IND9,NA,19793,1,668,20462,35742,0
5,COAHUILA,24,PARRAS,CAND_IND10,NA,19793,1,668,20462,35742,0
5,COAHUILA,24,PARRAS,CAND_IND11,NA,19793,1,668,20462,35742,0
5,COAHUILA,24,PARRAS,CAND_IND12,NA,19793,1,668,20462,35742,0
5,COAHUILA,24,PARRAS,CAND_IND13,NA,19793,1,668,20462,35742,0
5,COAHUILA,24,PARRAS,CAND_IND14,NA,19793,1,668,20462,35742,0
5,COAHUILA,24,PARRAS,CAND_IND15,NA,19793,1,668,20462,35742,0
5,COAHUILA,24,PARRAS,CAND_IND16,NA,19793,1,668,20462,35742,0
5,COAHUILA,24,PARRAS,CAND_IND17,NA,19793,1,668,20462,35742,0
5,COAHUILA,24,PARRAS,CAND_IND18,NA,19793,1,668,20462,35742,0
5,COAHUILA,24,PARRAS,CAND_IND19,NA,19793,1,668,20462,35742,0
5,COAHUILA,25,PIEDRAS NEGRAS,PAN,16015,64538,31,983,65552,128598,16015
5,COAHUILA,25,PIEDRAS NEGRAS,PRI,22502,64538,31,983,65552,128598,22502
5,COAHUILA,25,PIEDRAS NEGRAS,PRD,678,64538,31,983,65552,128598,678
5,COAHUILA,25,PIEDRAS NEGRAS,PT,670,64538,31,983,65552,128598,670
5,COAHUILA,25,PIEDRAS NEGRAS,PVEM,677,64538,31,983,65552,128598,677
5,COAHUILA,25,PIEDRAS NEGRAS,UDC,368,64538,31,983,65552,128598,368
5,COAHUILA,25,PIEDRAS NEGRAS,MC,322,64538,31,983,65552,128598,322
5,COAHUILA,25,PIEDRAS NEGRAS,NUAL,564,64538,31,983,65552,128598,564
5,COAHUILA,25,PIEDRAS NEGRAS,SI,146,64538,31,983,65552,128598,146
5,COAHUILA,25,PIEDRAS NEGRAS,PPC,116,64538,31,983,65552,128598,116
5,COAHUILA,25,PIEDRAS NEGRAS,PJ,230,64538,31,983,65552,128598,230
5,COAHUILA,25,PIEDRAS NEGRAS,PRC,77,64538,31,983,65552,128598,77
5,COAHUILA,25,PIEDRAS NEGRAS,PCP,55,64538,31,983,65552,128598,55
5,COAHUILA,25,PIEDRAS NEGRAS,MORENA,2710,64538,31,983,65552,128598,2710
5,COAHUILA,25,PIEDRAS NEGRAS,ES,287,64538,31,983,65552,128598,287
5,COAHUILA,25,PIEDRAS NEGRAS,PAN_UDC_PPC_ES,88,64538,31,983,65552,128598,16874
5,COAHUILA,25,PIEDRAS NEGRAS,PAN_UDC_PPC,5,64538,31,983,65552,128598,16504
5,COAHUILA,25,PIEDRAS NEGRAS,PAN_UDC_ES,14,64538,31,983,65552,128598,16684
5,COAHUILA,25,PIEDRAS NEGRAS,PAN_PPC_ES,8,64538,31,983,65552,128598,16426
5,COAHUILA,25,PIEDRAS NEGRAS,UDC_PPC_ES,1,64538,31,983,65552,128598,772
5,COAHUILA,25,PIEDRAS NEGRAS,PAN_UDC,40,64538,31,983,65552,128598,16423
5,COAHUILA,25,PIEDRAS NEGRAS,PAN_PPC,10,64538,31,983,65552,128598,16141
5,COAHUILA,25,PIEDRAS NEGRAS,PAN_ES,25,64538,31,983,65552,128598,16327
5,COAHUILA,25,PIEDRAS NEGRAS,UDC_PPC,2,64538,31,983,65552,128598,486
5,COAHUILA,25,PIEDRAS NEGRAS,UDC_ES,2,64538,31,983,65552,128598,657
5,COAHUILA,25,PIEDRAS NEGRAS,PPC_ES,3,64538,31,983,65552,128598,406
5,COAHUILA,25,PIEDRAS NEGRAS,PRI_PVEM_NUAL_SI_PJ_PRC_PCP,29,64538,31,983,65552,128598,24280
5,COAHUILA,25,PIEDRAS NEGRAS,PRI_PVEM_NUAL_SI_PJ_PRC,6,64538,31,983,65552,128598,24202
5,COAHUILA,25,PIEDRAS NEGRAS,PRI_PVEM_NUAL_SI_PJ_PCP,2,64538,31,983,65552,128598,24176
5,COAHUILA,25,PIEDRAS NEGRAS,PRI_PVEM_NUAL_SI_PRC_PCP,0,64538,31,983,65552,128598,24021
5,COAHUILA,25,PIEDRAS NEGRAS,PRI_PVEM_NUAL_PJ_PRC_PCP,2,64538,31,983,65552,128598,24107
5,COAHUILA,25,PIEDRAS NEGRAS,PRI_PVEM_SI_PJ_PRC_PCP,2,64538,31,983,65552,128598,23689
5,COAHUILA,25,PIEDRAS NEGRAS,PRI_NUAL_SI_PJ_PRC_PCP,4,64538,31,983,65552,128598,23578
5,COAHUILA,25,PIEDRAS NEGRAS,PVEM_NUAL_SI_PJ_PRC_PCP,1,64538,31,983,65552,128598,1750
5,COAHUILA,25,PIEDRAS NEGRAS,PRI_PVEM_NUAL_SI_PJ,1,64538,31,983,65552,128598,24120
5,COAHUILA,25,PIEDRAS NEGRAS,PRI_PVEM_NUAL_SI_PRC,0,64538,31,983,65552,128598,23966
5,COAHUILA,25,PIEDRAS NEGRAS,PRI_PVEM_NUAL_SI_PCP,0,64538,31,983,65552,128598,23944
5,COAHUILA,25,PIEDRAS NEGRAS,PRI_PVEM_NUAL_PJ_PRC,0,64538,31,983,65552,128598,24050
5,COAHUILA,25,PIEDRAS NEGRAS,PRI_PVEM_NUAL_PJ_PCP,0,64538,31,983,65552,128598,24028
5,COAHUILA,25,PIEDRAS NEGRAS,PRI_PVEM_NUAL_PRC_PCP,0,64538,31,983,65552,128598,23875
5,COAHUILA,25,PIEDRAS NEGRAS,PRI_PVEM_SI_PJ_PRC,0,64538,31,983,65552,128598,23632
5,COAHUILA,25,PIEDRAS NEGRAS,PRI_PVEM_SI_PJ_PCP,3,64538,31,983,65552,128598,23613
5,COAHUILA,25,PIEDRAS NEGRAS,PRI_PVEM_SI_PRC_PCP,0,64538,31,983,65552,128598,23457
5,COAHUILA,25,PIEDRAS NEGRAS,PRI_PVEM_PJ_PRC_PCP,0,64538,31,983,65552,128598,23541
5,COAHUILA,25,PIEDRAS NEGRAS,PRI_NUAL_SI_PJ_PRC,0,64538,31,983,65552,128598,23519
5,COAHUILA,25,PIEDRAS NEGRAS,PRI_NUAL_SI_PJ_PCP,0,64538,31,983,65552,128598,23497
5,COAHUILA,25,PIEDRAS NEGRAS,PRI_NUAL_SI_PRC_PCP,1,64538,31,983,65552,128598,23345
5,COAHUILA,25,PIEDRAS NEGRAS,PRI_NUAL_PJ_PRC_PCP,0,64538,31,983,65552,128598,23428
5,COAHUILA,25,PIEDRAS NEGRAS,PRI_SI_PJ_PRC_PCP,2,64538,31,983,65552,128598,23012
5,COAHUILA,25,PIEDRAS NEGRAS,PVEM_NUAL_SI_PJ_PRC,0,64538,31,983,65552,128598,1694
5,COAHUILA,25,PIEDRAS NEGRAS,PVEM_NUAL_SI_PJ_PCP,0,64538,31,983,65552,128598,1672
5,COAHUILA,25,PIEDRAS NEGRAS,PVEM_NUAL_SI_PRC_PCP,0,64538,31,983,65552,128598,1519
5,COAHUILA,25,PIEDRAS NEGRAS,PVEM_NUAL_PJ_PRC_PCP,0,64538,31,983,65552,128598,1603
5,COAHUILA,25,PIEDRAS NEGRAS,PVEM_SI_PJ_PRC_PCP,0,64538,31,983,65552,128598,1185
5,COAHUILA,25,PIEDRAS NEGRAS,NUAL_SI_PJ_PRC_PCP,0,64538,31,983,65552,128598,1072
5,COAHUILA,25,PIEDRAS NEGRAS,PRI_PVEM_NUAL_SI,1,64538,31,983,65552,128598,23890
5,COAHUILA,25,PIEDRAS NEGRAS,PRI_PVEM_NUAL_PJ,1,64538,31,983,65552,128598,23974
5,COAHUILA,25,PIEDRAS NEGRAS,PRI_PVEM_NUAL_PRC,0,64538,31,983,65552,128598,23820
5,COAHUILA,25,PIEDRAS NEGRAS,PRI_PVEM_NUAL_PCP,1,64538,31,983,65552,128598,23799
5,COAHUILA,25,PIEDRAS NEGRAS,PRI_PVEM_SI_PJ,0,64538,31,983,65552,128598,23555
5,COAHUILA,25,PIEDRAS NEGRAS,PRI_PVEM_SI_PRC,1,64538,31,983,65552,128598,23403
5,COAHUILA,25,PIEDRAS NEGRAS,PRI_PVEM_SI_PCP,0,64538,31,983,65552,128598,23380
5,COAHUILA,25,PIEDRAS NEGRAS,PRI_PVEM_PJ_PRC,0,64538,31,983,65552,128598,23486
5,COAHUILA,25,PIEDRAS NEGRAS,PRI_PVEM_PJ_PCP,1,64538,31,983,65552,128598,23465
5,COAHUILA,25,PIEDRAS NEGRAS,PRI_PVEM_PRC_PCP,0,64538,31,983,65552,128598,23311
5,COAHUILA,25,PIEDRAS NEGRAS,PRI_NUAL_SI_PJ,0,64538,31,983,65552,128598,23442
5,COAHUILA,25,PIEDRAS NEGRAS,PRI_NUAL_SI_PRC,1,64538,31,983,65552,128598,23290
5,COAHUILA,25,PIEDRAS NEGRAS,PRI_NUAL_SI_PCP,0,64538,31,983,65552,128598,23267
5,COAHUILA,25,PIEDRAS NEGRAS,PRI_NUAL_PJ_PRC,0,64538,31,983,65552,128598,23373
5,COAHUILA,25,PIEDRAS NEGRAS,PRI_NUAL_PJ_PCP,0,64538,31,983,65552,128598,23351
5,COAHUILA,25,PIEDRAS NEGRAS,PRI_NUAL_PRC_PCP,0,64538,31,983,65552,128598,23198
5,COAHUILA,25,PIEDRAS NEGRAS,PRI_SI_PJ_PRC,0,64538,31,983,65552,128598,22955
5,COAHUILA,25,PIEDRAS NEGRAS,PRI_SI_PJ_PCP,1,64538,31,983,65552,128598,22934
5,COAHUILA,25,PIEDRAS NEGRAS,PRI_SI_PRC_PCP,0,64538,31,983,65552,128598,22780
5,COAHUILA,25,PIEDRAS NEGRAS,PRI_PJ_PRC_PCP,0,64538,31,983,65552,128598,22864
5,COAHUILA,25,PIEDRAS NEGRAS,PVEM_NUAL_SI_PJ,0,64538,31,983,65552,128598,1617
5,COAHUILA,25,PIEDRAS NEGRAS,PVEM_NUAL_SI_PRC,0,64538,31,983,65552,128598,1464
5,COAHUILA,25,PIEDRAS NEGRAS,PVEM_NUAL_SI_PCP,0,64538,31,983,65552,128598,1442
5,COAHUILA,25,PIEDRAS NEGRAS,PVEM_NUAL_PJ_PRC,0,64538,31,983,65552,128598,1548
5,COAHUILA,25,PIEDRAS NEGRAS,PVEM_NUAL_PJ_PCP,0,64538,31,983,65552,128598,1526
5,COAHUILA,25,PIEDRAS NEGRAS,PVEM_NUAL_PRC_PCP,0,64538,31,983,65552,128598,1373
5,COAHUILA,25,PIEDRAS NEGRAS,PVEM_SI_PJ_PRC,0,64538,31,983,65552,128598,1130
5,COAHUILA,25,PIEDRAS NEGRAS,PVEM_SI_PJ_PCP,1,64538,31,983,65552,128598,1109
5,COAHUILA,25,PIEDRAS NEGRAS,PVEM_SI_PRC_PCP,0,64538,31,983,65552,128598,955
5,COAHUILA,25,PIEDRAS NEGRAS,PVEM_PJ_PRC_PCP,0,64538,31,983,65552,128598,1039
5,COAHUILA,25,PIEDRAS NEGRAS,NUAL_SI_PJ_PRC,0,64538,31,983,65552,128598,1017
5,COAHUILA,25,PIEDRAS NEGRAS,NUAL_SI_PJ_PCP,0,64538,31,983,65552,128598,995
5,COAHUILA,25,PIEDRAS NEGRAS,NUAL_SI_PRC_PCP,0,64538,31,983,65552,128598,842
5,COAHUILA,25,PIEDRAS NEGRAS,NUAL_PJ_PRC_PCP,0,64538,31,983,65552,128598,926
5,COAHUILA,25,PIEDRAS NEGRAS,SI_PJ_PRC_PCP,0,64538,31,983,65552,128598,508
5,COAHUILA,25,PIEDRAS NEGRAS,PRI_PVEM_NUAL,8,64538,31,983,65552,128598,23751
5,COAHUILA,25,PIEDRAS NEGRAS,PRI_PVEM_SI,5,64538,31,983,65552,128598,23330
5,COAHUILA,25,PIEDRAS NEGRAS,PRI_PVEM_PJ,3,64538,31,983,65552,128598,23412
5,COAHUILA,25,PIEDRAS NEGRAS,PRI_PVEM_PRC,1,64538,31,983,65552,128598,23257
5,COAHUILA,25,PIEDRAS NEGRAS,PRI_PVEM_PCP,0,64538,31,983,65552,128598,23234
5,COAHUILA,25,PIEDRAS NEGRAS,PRI_NUAL_SI,1,64538,31,983,65552,128598,23213
5,COAHUILA,25,PIEDRAS NEGRAS,PRI_NUAL_PJ,2,64538,31,983,65552,128598,23298
5,COAHUILA,25,PIEDRAS NEGRAS,PRI_NUAL_PRC,3,64538,31,983,65552,128598,23146
5,COAHUILA,25,PIEDRAS NEGRAS,PRI_NUAL_PCP,1,64538,31,983,65552,128598,23122
5,COAHUILA,25,PIEDRAS NEGRAS,PRI_SI_PJ,1,64538,31,983,65552,128598,22879
5,COAHUILA,25,PIEDRAS NEGRAS,PRI_SI_PRC,1,64538,31,983,65552,128598,22726
5,COAHUILA,25,PIEDRAS NEGRAS,PRI_SI_PCP,1,64538,31,983,65552,128598,22704
5,COAHUILA,25,PIEDRAS NEGRAS,PRI_PJ_PRC,1,64538,31,983,65552,128598,22810
5,COAHUILA,25,PIEDRAS NEGRAS,PRI_PJ_PCP,0,64538,31,983,65552,128598,22787
5,COAHUILA,25,PIEDRAS NEGRAS,PRI_PRC_PCP,1,64538,31,983,65552,128598,22635
5,COAHUILA,25,PIEDRAS NEGRAS,PVEM_NUAL_SI,0,64538,31,983,65552,128598,1387
5,COAHUILA,25,PIEDRAS NEGRAS,PVEM_NUAL_PJ,0,64538,31,983,65552,128598,1471
5,COAHUILA,25,PIEDRAS NEGRAS,PVEM_NUAL_PRC,1,64538,31,983,65552,128598,1319
5,COAHUILA,25,PIEDRAS NEGRAS,PVEM_NUAL_PCP,0,64538,31,983,65552,128598,1296
5,COAHUILA,25,PIEDRAS NEGRAS,PVEM_SI_PJ,0,64538,31,983,65552,128598,1053
5,COAHUILA,25,PIEDRAS NEGRAS,PVEM_SI_PRC,0,64538,31,983,65552,128598,900
5,COAHUILA,25,PIEDRAS NEGRAS,PVEM_SI_PCP,0,64538,31,983,65552,128598,878
5,COAHUILA,25,PIEDRAS NEGRAS,PVEM_PJ_PRC,0,64538,31,983,65552,128598,984
5,COAHUILA,25,PIEDRAS NEGRAS,PVEM_PJ_PCP,0,64538,31,983,65552,128598,962
5,COAHUILA,25,PIEDRAS NEGRAS,PVEM_PRC_PCP,0,64538,31,983,65552,128598,809
5,COAHUILA,25,PIEDRAS NEGRAS,NUAL_SI_PJ,1,64538,31,983,65552,128598,941
5,COAHUILA,25,PIEDRAS NEGRAS,NUAL_SI_PRC,0,64538,31,983,65552,128598,787
5,COAHUILA,25,PIEDRAS NEGRAS,NUAL_SI_PCP,0,64538,31,983,65552,128598,765
5,COAHUILA,25,PIEDRAS NEGRAS,NUAL_PJ_PRC,0,64538,31,983,65552,128598,871
5,COAHUILA,25,PIEDRAS NEGRAS,NUAL_PJ_PCP,0,64538,31,983,65552,128598,849
5,COAHUILA,25,PIEDRAS NEGRAS,NUAL_PRC_PCP,0,64538,31,983,65552,128598,696
5,COAHUILA,25,PIEDRAS NEGRAS,SI_PJ_PRC,0,64538,31,983,65552,128598,453
5,COAHUILA,25,PIEDRAS NEGRAS,SI_PJ_PCP,1,64538,31,983,65552,128598,432
5,COAHUILA,25,PIEDRAS NEGRAS,SI_PRC_PCP,0,64538,31,983,65552,128598,278
5,COAHUILA,25,PIEDRAS NEGRAS,PJ_PRC_PCP,0,64538,31,983,65552,128598,362
5,COAHUILA,25,PIEDRAS NEGRAS,PRI_PVEM,45,64538,31,983,65552,128598,23224
5,COAHUILA,25,PIEDRAS NEGRAS,PRI_NUAL,32,64538,31,983,65552,128598,23098
5,COAHUILA,25,PIEDRAS NEGRAS,PRI_SI,14,64538,31,983,65552,128598,22662
5,COAHUILA,25,PIEDRAS NEGRAS,PRI_PJ,15,64538,31,983,65552,128598,22747
5,COAHUILA,25,PIEDRAS NEGRAS,PRI_PRC,10,64538,31,983,65552,128598,22589
5,COAHUILA,25,PIEDRAS NEGRAS,PRI_PCP,4,64538,31,983,65552,128598,22561
5,COAHUILA,25,PIEDRAS NEGRAS,PVEM_NUAL,2,64538,31,983,65552,128598,1243
5,COAHUILA,25,PIEDRAS NEGRAS,PVEM_SI,0,64538,31,983,65552,128598,823
5,COAHUILA,25,PIEDRAS NEGRAS,PVEM_PJ,1,64538,31,983,65552,128598,908
5,COAHUILA,25,PIEDRAS NEGRAS,PVEM_PRC,0,64538,31,983,65552,128598,754
5,COAHUILA,25,PIEDRAS NEGRAS,PVEM_PCP,2,64538,31,983,65552,128598,734
5,COAHUILA,25,PIEDRAS NEGRAS,NUAL_SI,0,64538,31,983,65552,128598,710
5,COAHUILA,25,PIEDRAS NEGRAS,NUAL_PJ,1,64538,31,983,65552,128598,795
5,COAHUILA,25,PIEDRAS NEGRAS,NUAL_PRC,2,64538,31,983,65552,128598,643
5,COAHUILA,25,PIEDRAS NEGRAS,NUAL_PCP,0,64538,31,983,65552,128598,619
5,COAHUILA,25,PIEDRAS NEGRAS,SI_PJ,1,64538,31,983,65552,128598,377
5,COAHUILA,25,PIEDRAS NEGRAS,SI_PRC,0,64538,31,983,65552,128598,223
5,COAHUILA,25,PIEDRAS NEGRAS,SI_PCP,0,64538,31,983,65552,128598,201
5,COAHUILA,25,PIEDRAS NEGRAS,PJ_PRC,2,64538,31,983,65552,128598,309
5,COAHUILA,25,PIEDRAS NEGRAS,PJ_PCP,1,64538,31,983,65552,128598,286
5,COAHUILA,25,PIEDRAS NEGRAS,PRC_PCP,0,64538,31,983,65552,128598,132
5,COAHUILA,25,PIEDRAS NEGRAS,CAND_IND6,NA,64538,31,983,65552,128598,0
5,COAHUILA,25,PIEDRAS NEGRAS,CAND_IND7,NA,64538,31,983,65552,128598,0
5,COAHUILA,25,PIEDRAS NEGRAS,CAND_IND8,NA,64538,31,983,65552,128598,0
5,COAHUILA,25,PIEDRAS NEGRAS,CAND_IND9,NA,64538,31,983,65552,128598,0
5,COAHUILA,25,PIEDRAS NEGRAS,CAND_IND10,NA,64538,31,983,65552,128598,0
5,COAHUILA,25,PIEDRAS NEGRAS,CAND_IND11,NA,64538,31,983,65552,128598,0
5,COAHUILA,25,PIEDRAS NEGRAS,CAND_IND12,NA,64538,31,983,65552,128598,0
5,COAHUILA,25,PIEDRAS NEGRAS,CAND_IND13,NA,64538,31,983,65552,128598,0
5,COAHUILA,25,PIEDRAS NEGRAS,CAND_IND14,18698,64538,31,983,65552,128598,18698
5,COAHUILA,25,PIEDRAS NEGRAS,CAND_IND15,NA,64538,31,983,65552,128598,0
5,COAHUILA,25,PIEDRAS NEGRAS,CAND_IND16,NA,64538,31,983,65552,128598,0
5,COAHUILA,25,PIEDRAS NEGRAS,CAND_IND17,NA,64538,31,983,65552,128598,0
5,COAHUILA,25,PIEDRAS NEGRAS,CAND_IND18,NA,64538,31,983,65552,128598,0
5,COAHUILA,25,PIEDRAS NEGRAS,CAND_IND19,NA,64538,31,983,65552,128598,0
5,COAHUILA,26,PROGRESO,PAN,126,2031,0,30,2061,3017,126
5,COAHUILA,26,PROGRESO,PRI,1025,2031,0,30,2061,3017,1025
5,COAHUILA,26,PROGRESO,PRD,177,2031,0,30,2061,3017,177
5,COAHUILA,26,PROGRESO,PT,0,2031,0,30,2061,3017,0
5,COAHUILA,26,PROGRESO,PVEM,2,2031,0,30,2061,3017,2
5,COAHUILA,26,PROGRESO,UDC,4,2031,0,30,2061,3017,4
5,COAHUILA,26,PROGRESO,MC,0,2031,0,30,2061,3017,0
5,COAHUILA,26,PROGRESO,NUAL,20,2031,0,30,2061,3017,20
5,COAHUILA,26,PROGRESO,SI,11,2031,0,30,2061,3017,11
5,COAHUILA,26,PROGRESO,PPC,0,2031,0,30,2061,3017,0
5,COAHUILA,26,PROGRESO,PJ,3,2031,0,30,2061,3017,3
5,COAHUILA,26,PROGRESO,PRC,1,2031,0,30,2061,3017,1
5,COAHUILA,26,PROGRESO,PCP,1,2031,0,30,2061,3017,1
5,COAHUILA,26,PROGRESO,MORENA,631,2031,0,30,2061,3017,631
5,COAHUILA,26,PROGRESO,ES,21,2031,0,30,2061,3017,21
5,COAHUILA,26,PROGRESO,PAN_UDC_PPC_ES,0,2031,0,30,2061,3017,151
5,COAHUILA,26,PROGRESO,PAN_UDC_PPC,0,2031,0,30,2061,3017,130
5,COAHUILA,26,PROGRESO,PAN_UDC_ES,0,2031,0,30,2061,3017,151
5,COAHUILA,26,PROGRESO,PAN_PPC_ES,0,2031,0,30,2061,3017,147
5,COAHUILA,26,PROGRESO,UDC_PPC_ES,0,2031,0,30,2061,3017,25
5,COAHUILA,26,PROGRESO,PAN_UDC,0,2031,0,30,2061,3017,130
5,COAHUILA,26,PROGRESO,PAN_PPC,0,2031,0,30,2061,3017,126
5,COAHUILA,26,PROGRESO,PAN_ES,1,2031,0,30,2061,3017,148
5,COAHUILA,26,PROGRESO,UDC_PPC,0,2031,0,30,2061,3017,4
5,COAHUILA,26,PROGRESO,UDC_ES,0,2031,0,30,2061,3017,25
5,COAHUILA,26,PROGRESO,PPC_ES,0,2031,0,30,2061,3017,21
5,COAHUILA,26,PROGRESO,PRI_PVEM_NUAL_SI_PJ_PRC_PCP,1,2031,0,30,2061,3017,1064
5,COAHUILA,26,PROGRESO,PRI_PVEM_NUAL_SI_PJ_PRC,0,2031,0,30,2061,3017,1062
5,COAHUILA,26,PROGRESO,PRI_PVEM_NUAL_SI_PJ_PCP,0,2031,0,30,2061,3017,1062
5,COAHUILA,26,PROGRESO,PRI_PVEM_NUAL_SI_PRC_PCP,0,2031,0,30,2061,3017,1060
5,COAHUILA,26,PROGRESO,PRI_PVEM_NUAL_PJ_PRC_PCP,0,2031,0,30,2061,3017,1052
5,COAHUILA,26,PROGRESO,PRI_PVEM_SI_PJ_PRC_PCP,0,2031,0,30,2061,3017,1043
5,COAHUILA,26,PROGRESO,PRI_NUAL_SI_PJ_PRC_PCP,0,2031,0,30,2061,3017,1061
5,COAHUILA,26,PROGRESO,PVEM_NUAL_SI_PJ_PRC_PCP,0,2031,0,30,2061,3017,38
5,COAHUILA,26,PROGRESO,PRI_PVEM_NUAL_SI_PJ,0,2031,0,30,2061,3017,1061
5,COAHUILA,26,PROGRESO,PRI_PVEM_NUAL_SI_PRC,0,2031,0,30,2061,3017,1059
5,COAHUILA,26,PROGRESO,PRI_PVEM_NUAL_SI_PCP,0,2031,0,30,2061,3017,1059
5,COAHUILA,26,PROGRESO,PRI_PVEM_NUAL_PJ_PRC,0,2031,0,30,2061,3017,1051
5,COAHUILA,26,PROGRESO,PRI_PVEM_NUAL_PJ_PCP,0,2031,0,30,2061,3017,1051
5,COAHUILA,26,PROGRESO,PRI_PVEM_NUAL_PRC_PCP,0,2031,0,30,2061,3017,1049
5,COAHUILA,26,PROGRESO,PRI_PVEM_SI_PJ_PRC,0,2031,0,30,2061,3017,1042
5,COAHUILA,26,PROGRESO,PRI_PVEM_SI_PJ_PCP,0,2031,0,30,2061,3017,1042
5,COAHUILA,26,PROGRESO,PRI_PVEM_SI_PRC_PCP,0,2031,0,30,2061,3017,1040
5,COAHUILA,26,PROGRESO,PRI_PVEM_PJ_PRC_PCP,0,2031,0,30,2061,3017,1032
5,COAHUILA,26,PROGRESO,PRI_NUAL_SI_PJ_PRC,0,2031,0,30,2061,3017,1060
5,COAHUILA,26,PROGRESO,PRI_NUAL_SI_PJ_PCP,0,2031,0,30,2061,3017,1060
5,COAHUILA,26,PROGRESO,PRI_NUAL_SI_PRC_PCP,0,2031,0,30,2061,3017,1058
5,COAHUILA,26,PROGRESO,PRI_NUAL_PJ_PRC_PCP,0,2031,0,30,2061,3017,1050
5,COAHUILA,26,PROGRESO,PRI_SI_PJ_PRC_PCP,0,2031,0,30,2061,3017,1041
5,COAHUILA,26,PROGRESO,PVEM_NUAL_SI_PJ_PRC,0,2031,0,30,2061,3017,37
5,COAHUILA,26,PROGRESO,PVEM_NUAL_SI_PJ_PCP,0,2031,0,30,2061,3017,37
5,COAHUILA,26,PROGRESO,PVEM_NUAL_SI_PRC_PCP,0,2031,0,30,2061,3017,35
5,COAHUILA,26,PROGRESO,PVEM_NUAL_PJ_PRC_PCP,0,2031,0,30,2061,3017,27
5,COAHUILA,26,PROGRESO,PVEM_SI_PJ_PRC_PCP,0,2031,0,30,2061,3017,18
5,COAHUILA,26,PROGRESO,NUAL_SI_PJ_PRC_PCP,0,2031,0,30,2061,3017,36
5,COAHUILA,26,PROGRESO,PRI_PVEM_NUAL_SI,0,2031,0,30,2061,3017,1058
5,COAHUILA,26,PROGRESO,PRI_PVEM_NUAL_PJ,0,2031,0,30,2061,3017,1050
5,COAHUILA,26,PROGRESO,PRI_PVEM_NUAL_PRC,0,2031,0,30,2061,3017,1048
5,COAHUILA,26,PROGRESO,PRI_PVEM_NUAL_PCP,0,2031,0,30,2061,3017,1048
5,COAHUILA,26,PROGRESO,PRI_PVEM_SI_PJ,0,2031,0,30,2061,3017,1041
5,COAHUILA,26,PROGRESO,PRI_PVEM_SI_PRC,0,2031,0,30,2061,3017,1039
5,COAHUILA,26,PROGRESO,PRI_PVEM_SI_PCP,0,2031,0,30,2061,3017,1039
5,COAHUILA,26,PROGRESO,PRI_PVEM_PJ_PRC,0,2031,0,30,2061,3017,1031
5,COAHUILA,26,PROGRESO,PRI_PVEM_PJ_PCP,0,2031,0,30,2061,3017,1031
5,COAHUILA,26,PROGRESO,PRI_PVEM_PRC_PCP,0,2031,0,30,2061,3017,1029
5,COAHUILA,26,PROGRESO,PRI_NUAL_SI_PJ,0,2031,0,30,2061,3017,1059
5,COAHUILA,26,PROGRESO,PRI_NUAL_SI_PRC,0,2031,0,30,2061,3017,1057
5,COAHUILA,26,PROGRESO,PRI_NUAL_SI_PCP,0,2031,0,30,2061,3017,1057
5,COAHUILA,26,PROGRESO,PRI_NUAL_PJ_PRC,0,2031,0,30,2061,3017,1049
5,COAHUILA,26,PROGRESO,PRI_NUAL_PJ_PCP,0,2031,0,30,2061,3017,1049
5,COAHUILA,26,PROGRESO,PRI_NUAL_PRC_PCP,0,2031,0,30,2061,3017,1047
5,COAHUILA,26,PROGRESO,PRI_SI_PJ_PRC,0,2031,0,30,2061,3017,1040
5,COAHUILA,26,PROGRESO,PRI_SI_PJ_PCP,0,2031,0,30,2061,3017,1040
5,COAHUILA,26,PROGRESO,PRI_SI_PRC_PCP,0,2031,0,30,2061,3017,1038
5,COAHUILA,26,PROGRESO,PRI_PJ_PRC_PCP,0,2031,0,30,2061,3017,1030
5,COAHUILA,26,PROGRESO,PVEM_NUAL_SI_PJ,0,2031,0,30,2061,3017,36
5,COAHUILA,26,PROGRESO,PVEM_NUAL_SI_PRC,0,2031,0,30,2061,3017,34
5,COAHUILA,26,PROGRESO,PVEM_NUAL_SI_PCP,0,2031,0,30,2061,3017,34
5,COAHUILA,26,PROGRESO,PVEM_NUAL_PJ_PRC,0,2031,0,30,2061,3017,26
5,COAHUILA,26,PROGRESO,PVEM_NUAL_PJ_PCP,0,2031,0,30,2061,3017,26
5,COAHUILA,26,PROGRESO,PVEM_NUAL_PRC_PCP,0,2031,0,30,2061,3017,24
5,COAHUILA,26,PROGRESO,PVEM_SI_PJ_PRC,0,2031,0,30,2061,3017,17
5,COAHUILA,26,PROGRESO,PVEM_SI_PJ_PCP,0,2031,0,30,2061,3017,17
5,COAHUILA,26,PROGRESO,PVEM_SI_PRC_PCP,0,2031,0,30,2061,3017,15
5,COAHUILA,26,PROGRESO,PVEM_PJ_PRC_PCP,0,2031,0,30,2061,3017,7
5,COAHUILA,26,PROGRESO,NUAL_SI_PJ_PRC,0,2031,0,30,2061,3017,35
5,COAHUILA,26,PROGRESO,NUAL_SI_PJ_PCP,0,2031,0,30,2061,3017,35
5,COAHUILA,26,PROGRESO,NUAL_SI_PRC_PCP,0,2031,0,30,2061,3017,33
5,COAHUILA,26,PROGRESO,NUAL_PJ_PRC_PCP,0,2031,0,30,2061,3017,25
5,COAHUILA,26,PROGRESO,SI_PJ_PRC_PCP,0,2031,0,30,2061,3017,16
5,COAHUILA,26,PROGRESO,PRI_PVEM_NUAL,0,2031,0,30,2061,3017,1047
5,COAHUILA,26,PROGRESO,PRI_PVEM_SI,1,2031,0,30,2061,3017,1039
5,COAHUILA,26,PROGRESO,PRI_PVEM_PJ,0,2031,0,30,2061,3017,1030
5,COAHUILA,26,PROGRESO,PRI_PVEM_PRC,0,2031,0,30,2061,3017,1028
5,COAHUILA,26,PROGRESO,PRI_PVEM_PCP,0,2031,0,30,2061,3017,1028
5,COAHUILA,26,PROGRESO,PRI_NUAL_SI,0,2031,0,30,2061,3017,1056
5,COAHUILA,26,PROGRESO,PRI_NUAL_PJ,0,2031,0,30,2061,3017,1048
5,COAHUILA,26,PROGRESO,PRI_NUAL_PRC,0,2031,0,30,2061,3017,1046
5,COAHUILA,26,PROGRESO,PRI_NUAL_PCP,0,2031,0,30,2061,3017,1046
5,COAHUILA,26,PROGRESO,PRI_SI_PJ,0,2031,0,30,2061,3017,1039
5,COAHUILA,26,PROGRESO,PRI_SI_PRC,0,2031,0,30,2061,3017,1037
5,COAHUILA,26,PROGRESO,PRI_SI_PCP,0,2031,0,30,2061,3017,1037
5,COAHUILA,26,PROGRESO,PRI_PJ_PRC,1,2031,0,30,2061,3017,1030
5,COAHUILA,26,PROGRESO,PRI_PJ_PCP,0,2031,0,30,2061,3017,1029
5,COAHUILA,26,PROGRESO,PRI_PRC_PCP,0,2031,0,30,2061,3017,1027
5,COAHUILA,26,PROGRESO,PVEM_NUAL_SI,0,2031,0,30,2061,3017,33
5,COAHUILA,26,PROGRESO,PVEM_NUAL_PJ,0,2031,0,30,2061,3017,25
5,COAHUILA,26,PROGRESO,PVEM_NUAL_PRC,0,2031,0,30,2061,3017,23
5,COAHUILA,26,PROGRESO,PVEM_NUAL_PCP,0,2031,0,30,2061,3017,23
5,COAHUILA,26,PROGRESO,PVEM_SI_PJ,0,2031,0,30,2061,3017,16
5,COAHUILA,26,PROGRESO,PVEM_SI_PRC,0,2031,0,30,2061,3017,14
5,COAHUILA,26,PROGRESO,PVEM_SI_PCP,0,2031,0,30,2061,3017,14
5,COAHUILA,26,PROGRESO,PVEM_PJ_PRC,0,2031,0,30,2061,3017,6
5,COAHUILA,26,PROGRESO,PVEM_PJ_PCP,0,2031,0,30,2061,3017,6
5,COAHUILA,26,PROGRESO,PVEM_PRC_PCP,0,2031,0,30,2061,3017,4
5,COAHUILA,26,PROGRESO,NUAL_SI_PJ,0,2031,0,30,2061,3017,34
5,COAHUILA,26,PROGRESO,NUAL_SI_PRC,0,2031,0,30,2061,3017,32
5,COAHUILA,26,PROGRESO,NUAL_SI_PCP,0,2031,0,30,2061,3017,32
5,COAHUILA,26,PROGRESO,NUAL_PJ_PRC,0,2031,0,30,2061,3017,24
5,COAHUILA,26,PROGRESO,NUAL_PJ_PCP,0,2031,0,30,2061,3017,24
5,COAHUILA,26,PROGRESO,NUAL_PRC_PCP,0,2031,0,30,2061,3017,22
5,COAHUILA,26,PROGRESO,SI_PJ_PRC,0,2031,0,30,2061,3017,15
5,COAHUILA,26,PROGRESO,SI_PJ_PCP,0,2031,0,30,2061,3017,15
5,COAHUILA,26,PROGRESO,SI_PRC_PCP,0,2031,0,30,2061,3017,13
5,COAHUILA,26,PROGRESO,PJ_PRC_PCP,0,2031,0,30,2061,3017,5
5,COAHUILA,26,PROGRESO,PRI_PVEM,4,2031,0,30,2061,3017,1031
5,COAHUILA,26,PROGRESO,PRI_NUAL,0,2031,0,30,2061,3017,1045
5,COAHUILA,26,PROGRESO,PRI_SI,0,2031,0,30,2061,3017,1036
5,COAHUILA,26,PROGRESO,PRI_PJ,1,2031,0,30,2061,3017,1029
5,COAHUILA,26,PROGRESO,PRI_PRC,0,2031,0,30,2061,3017,1026
5,COAHUILA,26,PROGRESO,PRI_PCP,0,2031,0,30,2061,3017,1026
5,COAHUILA,26,PROGRESO,PVEM_NUAL,0,2031,0,30,2061,3017,22
5,COAHUILA,26,PROGRESO,PVEM_SI,0,2031,0,30,2061,3017,13
5,COAHUILA,26,PROGRESO,PVEM_PJ,0,2031,0,30,2061,3017,5
5,COAHUILA,26,PROGRESO,PVEM_PRC,0,2031,0,30,2061,3017,3
5,COAHUILA,26,PROGRESO,PVEM_PCP,0,2031,0,30,2061,3017,3
5,COAHUILA,26,PROGRESO,NUAL_SI,0,2031,0,30,2061,3017,31
5,COAHUILA,26,PROGRESO,NUAL_PJ,0,2031,0,30,2061,3017,23
5,COAHUILA,26,PROGRESO,NUAL_PRC,0,2031,0,30,2061,3017,21
5,COAHUILA,26,PROGRESO,NUAL_PCP,0,2031,0,30,2061,3017,21
5,COAHUILA,26,PROGRESO,SI_PJ,0,2031,0,30,2061,3017,14
5,COAHUILA,26,PROGRESO,SI_PRC,0,2031,0,30,2061,3017,12
5,COAHUILA,26,PROGRESO,SI_PCP,0,2031,0,30,2061,3017,12
5,COAHUILA,26,PROGRESO,PJ_PRC,0,2031,0,30,2061,3017,4
5,COAHUILA,26,PROGRESO,PJ_PCP,0,2031,0,30,2061,3017,4
5,COAHUILA,26,PROGRESO,PRC_PCP,0,2031,0,30,2061,3017,2
5,COAHUILA,26,PROGRESO,CAND_IND6,NA,2031,0,30,2061,3017,0
5,COAHUILA,26,PROGRESO,CAND_IND7,NA,2031,0,30,2061,3017,0
5,COAHUILA,26,PROGRESO,CAND_IND8,NA,2031,0,30,2061,3017,0
5,COAHUILA,26,PROGRESO,CAND_IND9,NA,2031,0,30,2061,3017,0
5,COAHUILA,26,PROGRESO,CAND_IND10,NA,2031,0,30,2061,3017,0
5,COAHUILA,26,PROGRESO,CAND_IND11,NA,2031,0,30,2061,3017,0
5,COAHUILA,26,PROGRESO,CAND_IND12,NA,2031,0,30,2061,3017,0
5,COAHUILA,26,PROGRESO,CAND_IND13,NA,2031,0,30,2061,3017,0
5,COAHUILA,26,PROGRESO,CAND_IND14,NA,2031,0,30,2061,3017,0
5,COAHUILA,26,PROGRESO,CAND_IND15,NA,2031,0,30,2061,3017,0
5,COAHUILA,26,PROGRESO,CAND_IND16,NA,2031,0,30,2061,3017,0
5,COAHUILA,26,PROGRESO,CAND_IND17,NA,2031,0,30,2061,3017,0
5,COAHUILA,26,PROGRESO,CAND_IND18,NA,2031,0,30,2061,3017,0
5,COAHUILA,26,PROGRESO,CAND_IND19,NA,2031,0,30,2061,3017,0
5,COAHUILA,27,RAMOS ARIZPE,PAN,6206,31341,8,691,32040,62617,6206
5,COAHUILA,27,RAMOS ARIZPE,PRI,14281,31341,8,691,32040,62617,14281
5,COAHUILA,27,RAMOS ARIZPE,PRD,1786,31341,8,691,32040,62617,1786
5,COAHUILA,27,RAMOS ARIZPE,PT,357,31341,8,691,32040,62617,357
5,COAHUILA,27,RAMOS ARIZPE,PVEM,463,31341,8,691,32040,62617,463
5,COAHUILA,27,RAMOS ARIZPE,UDC,84,31341,8,691,32040,62617,84
5,COAHUILA,27,RAMOS ARIZPE,MC,0,31341,8,691,32040,62617,0
5,COAHUILA,27,RAMOS ARIZPE,NUAL,181,31341,8,691,32040,62617,181
5,COAHUILA,27,RAMOS ARIZPE,SI,106,31341,8,691,32040,62617,106
5,COAHUILA,27,RAMOS ARIZPE,PPC,46,31341,8,691,32040,62617,46
5,COAHUILA,27,RAMOS ARIZPE,PJ,479,31341,8,691,32040,62617,479
5,COAHUILA,27,RAMOS ARIZPE,PRC,35,31341,8,691,32040,62617,35
5,COAHUILA,27,RAMOS ARIZPE,PCP,200,31341,8,691,32040,62617,200
5,COAHUILA,27,RAMOS ARIZPE,MORENA,1711,31341,8,691,32040,62617,1711
5,COAHUILA,27,RAMOS ARIZPE,ES,179,31341,8,691,32040,62617,179
5,COAHUILA,27,RAMOS ARIZPE,PAN_UDC_PPC_ES,12,31341,8,691,32040,62617,6527
5,COAHUILA,27,RAMOS ARIZPE,PAN_UDC_PPC,2,31341,8,691,32040,62617,6338
5,COAHUILA,27,RAMOS ARIZPE,PAN_UDC_ES,2,31341,8,691,32040,62617,6471
5,COAHUILA,27,RAMOS ARIZPE,PAN_PPC_ES,3,31341,8,691,32040,62617,6434
5,COAHUILA,27,RAMOS ARIZPE,UDC_PPC_ES,0,31341,8,691,32040,62617,309
5,COAHUILA,27,RAMOS ARIZPE,PAN_UDC,3,31341,8,691,32040,62617,6293
5,COAHUILA,27,RAMOS ARIZPE,PAN_PPC,1,31341,8,691,32040,62617,6253
5,COAHUILA,27,RAMOS ARIZPE,PAN_ES,10,31341,8,691,32040,62617,6395
5,COAHUILA,27,RAMOS ARIZPE,UDC_PPC,0,31341,8,691,32040,62617,130
5,COAHUILA,27,RAMOS ARIZPE,UDC_ES,1,31341,8,691,32040,62617,264
5,COAHUILA,27,RAMOS ARIZPE,PPC_ES,0,31341,8,691,32040,62617,225
5,COAHUILA,27,RAMOS ARIZPE,PRI_PVEM_NUAL_SI_PJ_PRC_PCP,1,31341,8,691,32040,62617,15746
5,COAHUILA,27,RAMOS ARIZPE,PRI_PVEM_NUAL_SI_PJ_PRC,2,31341,8,691,32040,62617,15547
5,COAHUILA,27,RAMOS ARIZPE,PRI_PVEM_NUAL_SI_PJ_PCP,0,31341,8,691,32040,62617,15710
5,COAHUILA,27,RAMOS ARIZPE,PRI_PVEM_NUAL_SI_PRC_PCP,0,31341,8,691,32040,62617,15266
5,COAHUILA,27,RAMOS ARIZPE,PRI_PVEM_NUAL_PJ_PRC_PCP,2,31341,8,691,32040,62617,15641
5,COAHUILA,27,RAMOS ARIZPE,PRI_PVEM_SI_PJ_PRC_PCP,0,31341,8,691,32040,62617,15564
5,COAHUILA,27,RAMOS ARIZPE,PRI_NUAL_SI_PJ_PRC_PCP,0,31341,8,691,32040,62617,15282
5,COAHUILA,27,RAMOS ARIZPE,PVEM_NUAL_SI_PJ_PRC_PCP,0,31341,8,691,32040,62617,1464
5,COAHUILA,27,RAMOS ARIZPE,PRI_PVEM_NUAL_SI_PJ,0,31341,8,691,32040,62617,15510
5,COAHUILA,27,RAMOS ARIZPE,PRI_PVEM_NUAL_SI_PRC,0,31341,8,691,32040,62617,15066
5,COAHUILA,27,RAMOS ARIZPE,PRI_PVEM_NUAL_SI_PCP,0,31341,8,691,32040,62617,15231
5,COAHUILA,27,RAMOS ARIZPE,PRI_PVEM_NUAL_PJ_PRC,0,31341,8,691,32040,62617,15439
5,COAHUILA,27,RAMOS ARIZPE,PRI_PVEM_NUAL_PJ_PCP,0,31341,8,691,32040,62617,15604
5,COAHUILA,27,RAMOS ARIZPE,PRI_PVEM_NUAL_PRC_PCP,1,31341,8,691,32040,62617,15161
5,COAHUILA,27,RAMOS ARIZPE,PRI_PVEM_SI_PJ_PRC,1,31341,8,691,32040,62617,15365
5,COAHUILA,27,RAMOS ARIZPE,PRI_PVEM_SI_PJ_PCP,1,31341,8,691,32040,62617,15530
5,COAHUILA,27,RAMOS ARIZPE,PRI_PVEM_SI_PRC_PCP,0,31341,8,691,32040,62617,15085
5,COAHUILA,27,RAMOS ARIZPE,PRI_PVEM_PJ_PRC_PCP,0,31341,8,691,32040,62617,15458
5,COAHUILA,27,RAMOS ARIZPE,PRI_NUAL_SI_PJ_PRC,0,31341,8,691,32040,62617,15082
5,COAHUILA,27,RAMOS ARIZPE,PRI_NUAL_SI_PJ_PCP,0,31341,8,691,32040,62617,15247
5,COAHUILA,27,RAMOS ARIZPE,PRI_NUAL_SI_PRC_PCP,0,31341,8,691,32040,62617,14803
5,COAHUILA,27,RAMOS ARIZPE,PRI_NUAL_PJ_PRC_PCP,0,31341,8,691,32040,62617,15176
5,COAHUILA,27,RAMOS ARIZPE,PRI_SI_PJ_PRC_PCP,1,31341,8,691,32040,62617,15102
5,COAHUILA,27,RAMOS ARIZPE,PVEM_NUAL_SI_PJ_PRC,0,31341,8,691,32040,62617,1264
5,COAHUILA,27,RAMOS ARIZPE,PVEM_NUAL_SI_PJ_PCP,0,31341,8,691,32040,62617,1429
5,COAHUILA,27,RAMOS ARIZPE,PVEM_NUAL_SI_PRC_PCP,0,31341,8,691,32040,62617,985
5,COAHUILA,27,RAMOS ARIZPE,PVEM_NUAL_PJ_PRC_PCP,0,31341,8,691,32040,62617,1358
5,COAHUILA,27,RAMOS ARIZPE,PVEM_SI_PJ_PRC_PCP,0,31341,8,691,32040,62617,1283
5,COAHUILA,27,RAMOS ARIZPE,NUAL_SI_PJ_PRC_PCP,0,31341,8,691,32040,62617,1001
5,COAHUILA,27,RAMOS ARIZPE,PRI_PVEM_NUAL_SI,1,31341,8,691,32040,62617,15032
5,COAHUILA,27,RAMOS ARIZPE,PRI_PVEM_NUAL_PJ,1,31341,8,691,32040,62617,15405
5,COAHUILA,27,RAMOS ARIZPE,PRI_PVEM_NUAL_PRC,0,31341,8,691,32040,62617,14960
5,COAHUILA,27,RAMOS ARIZPE,PRI_PVEM_NUAL_PCP,0,31341,8,691,32040,62617,15125
5,COAHUILA,27,RAMOS ARIZPE,PRI_PVEM_SI_PJ,0,31341,8,691,32040,62617,15329
5,COAHUILA,27,RAMOS ARIZPE,PRI_PVEM_SI_PRC,0,31341,8,691,32040,62617,14885
5,COAHUILA,27,RAMOS ARIZPE,PRI_PVEM_SI_PCP,0,31341,8,691,32040,62617,15050
5,COAHUILA,27,RAMOS ARIZPE,PRI_PVEM_PJ_PRC,0,31341,8,691,32040,62617,15258
5,COAHUILA,27,RAMOS ARIZPE,PRI_PVEM_PJ_PCP,0,31341,8,691,32040,62617,15423
5,COAHUILA,27,RAMOS ARIZPE,PRI_PVEM_PRC_PCP,1,31341,8,691,32040,62617,14980
5,COAHUILA,27,RAMOS ARIZPE,PRI_NUAL_SI_PJ,0,31341,8,691,32040,62617,15047
5,COAHUILA,27,RAMOS ARIZPE,PRI_NUAL_SI_PRC,0,31341,8,691,32040,62617,14603
5,COAHUILA,27,RAMOS ARIZPE,PRI_NUAL_SI_PCP,0,31341,8,691,32040,62617,14768
5,COAHUILA,27,RAMOS ARIZPE,PRI_NUAL_PJ_PRC,0,31341,8,691,32040,62617,14976
5,COAHUILA,27,RAMOS ARIZPE,PRI_NUAL_PJ_PCP,0,31341,8,691,32040,62617,15141
5,COAHUILA,27,RAMOS ARIZPE,PRI_NUAL_PRC_PCP,0,31341,8,691,32040,62617,14697
5,COAHUILA,27,RAMOS ARIZPE,PRI_SI_PJ_PRC,0,31341,8,691,32040,62617,14901
5,COAHUILA,27,RAMOS ARIZPE,PRI_SI_PJ_PCP,1,31341,8,691,32040,62617,15067
5,COAHUILA,27,RAMOS ARIZPE,PRI_SI_PRC_PCP,0,31341,8,691,32040,62617,14622
5,COAHUILA,27,RAMOS ARIZPE,PRI_PJ_PRC_PCP,0,31341,8,691,32040,62617,14995
5,COAHUILA,27,RAMOS ARIZPE,PVEM_NUAL_SI_PJ,0,31341,8,691,32040,62617,1229
5,COAHUILA,27,RAMOS ARIZPE,PVEM_NUAL_SI_PRC,0,31341,8,691,32040,62617,785
5,COAHUILA,27,RAMOS ARIZPE,PVEM_NUAL_SI_PCP,0,31341,8,691,32040,62617,950
5,COAHUILA,27,RAMOS ARIZPE,PVEM_NUAL_PJ_PRC,0,31341,8,691,32040,62617,1158
5,COAHUILA,27,RAMOS ARIZPE,PVEM_NUAL_PJ_PCP,0,31341,8,691,32040,62617,1323
5,COAHUILA,27,RAMOS ARIZPE,PVEM_NUAL_PRC_PCP,0,31341,8,691,32040,62617,879
5,COAHUILA,27,RAMOS ARIZPE,PVEM_SI_PJ_PRC,0,31341,8,691,32040,62617,1083
5,COAHUILA,27,RAMOS ARIZPE,PVEM_SI_PJ_PCP,0,31341,8,691,32040,62617,1248
5,COAHUILA,27,RAMOS ARIZPE,PVEM_SI_PRC_PCP,0,31341,8,691,32040,62617,804
5,COAHUILA,27,RAMOS ARIZPE,PVEM_PJ_PRC_PCP,0,31341,8,691,32040,62617,1177
5,COAHUILA,27,RAMOS ARIZPE,NUAL_SI_PJ_PRC,0,31341,8,691,32040,62617,801
5,COAHUILA,27,RAMOS ARIZPE,NUAL_SI_PJ_PCP,0,31341,8,691,32040,62617,966
5,COAHUILA,27,RAMOS ARIZPE,NUAL_SI_PRC_PCP,0,31341,8,691,32040,62617,522
5,COAHUILA,27,RAMOS ARIZPE,NUAL_PJ_PRC_PCP,0,31341,8,691,32040,62617,895
5,COAHUILA,27,RAMOS ARIZPE,SI_PJ_PRC_PCP,0,31341,8,691,32040,62617,820
5,COAHUILA,27,RAMOS ARIZPE,PRI_PVEM_NUAL,1,31341,8,691,32040,62617,14926
5,COAHUILA,27,RAMOS ARIZPE,PRI_PVEM_SI,1,31341,8,691,32040,62617,14851
5,COAHUILA,27,RAMOS ARIZPE,PRI_PVEM_PJ,1,31341,8,691,32040,62617,15224
5,COAHUILA,27,RAMOS ARIZPE,PRI_PVEM_PRC,0,31341,8,691,32040,62617,14779
5,COAHUILA,27,RAMOS ARIZPE,PRI_PVEM_PCP,1,31341,8,691,32040,62617,14945
5,COAHUILA,27,RAMOS ARIZPE,PRI_NUAL_SI,1,31341,8,691,32040,62617,14569
5,COAHUILA,27,RAMOS ARIZPE,PRI_NUAL_PJ,0,31341,8,691,32040,62617,14941
5,COAHUILA,27,RAMOS ARIZPE,PRI_NUAL_PRC,0,31341,8,691,32040,62617,14497
5,COAHUILA,27,RAMOS ARIZPE,PRI_NUAL_PCP,0,31341,8,691,32040,62617,14662
5,COAHUILA,27,RAMOS ARIZPE,PRI_SI_PJ,2,31341,8,691,32040,62617,14868
5,COAHUILA,27,RAMOS ARIZPE,PRI_SI_PRC,0,31341,8,691,32040,62617,14422
5,COAHUILA,27,RAMOS ARIZPE,PRI_SI_PCP,0,31341,8,691,32040,62617,14587
5,COAHUILA,27,RAMOS ARIZPE,PRI_PJ_PRC,0,31341,8,691,32040,62617,14795
5,COAHUILA,27,RAMOS ARIZPE,PRI_PJ_PCP,1,31341,8,691,32040,62617,14961
5,COAHUILA,27,RAMOS ARIZPE,PRI_PRC_PCP,1,31341,8,691,32040,62617,14517
5,COAHUILA,27,RAMOS ARIZPE,PVEM_NUAL_SI,1,31341,8,691,32040,62617,751
5,COAHUILA,27,RAMOS ARIZPE,PVEM_NUAL_PJ,0,31341,8,691,32040,62617,1123
5,COAHUILA,27,RAMOS ARIZPE,PVEM_NUAL_PRC,0,31341,8,691,32040,62617,679
5,COAHUILA,27,RAMOS ARIZPE,PVEM_NUAL_PCP,0,31341,8,691,32040,62617,844
5,COAHUILA,27,RAMOS ARIZPE,PVEM_SI_PJ,0,31341,8,691,32040,62617,1048
5,COAHUILA,27,RAMOS ARIZPE,PVEM_SI_PRC,0,31341,8,691,32040,62617,604
5,COAHUILA,27,RAMOS ARIZPE,PVEM_SI_PCP,0,31341,8,691,32040,62617,769
5,COAHUILA,27,RAMOS ARIZPE,PVEM_PJ_PRC,0,31341,8,691,32040,62617,977
5,COAHUILA,27,RAMOS ARIZPE,PVEM_PJ_PCP,0,31341,8,691,32040,62617,1142
5,COAHUILA,27,RAMOS ARIZPE,PVEM_PRC_PCP,0,31341,8,691,32040,62617,698
5,COAHUILA,27,RAMOS ARIZPE,NUAL_SI_PJ,0,31341,8,691,32040,62617,766
5,COAHUILA,27,RAMOS ARIZPE,NUAL_SI_PRC,0,31341,8,691,32040,62617,322
5,COAHUILA,27,RAMOS ARIZPE,NUAL_SI_PCP,0,31341,8,691,32040,62617,487
5,COAHUILA,27,RAMOS ARIZPE,NUAL_PJ_PRC,0,31341,8,691,32040,62617,695
5,COAHUILA,27,RAMOS ARIZPE,NUAL_PJ_PCP,0,31341,8,691,32040,62617,860
5,COAHUILA,27,RAMOS ARIZPE,NUAL_PRC_PCP,0,31341,8,691,32040,62617,416
5,COAHUILA,27,RAMOS ARIZPE,SI_PJ_PRC,0,31341,8,691,32040,62617,620
5,COAHUILA,27,RAMOS ARIZPE,SI_PJ_PCP,0,31341,8,691,32040,62617,785
5,COAHUILA,27,RAMOS ARIZPE,SI_PRC_PCP,0,31341,8,691,32040,62617,341
5,COAHUILA,27,RAMOS ARIZPE,PJ_PRC_PCP,0,31341,8,691,32040,62617,714
5,COAHUILA,27,RAMOS ARIZPE,PRI_PVEM,20,31341,8,691,32040,62617,14764
5,COAHUILA,27,RAMOS ARIZPE,PRI_NUAL,1,31341,8,691,32040,62617,14463
5,COAHUILA,27,RAMOS ARIZPE,PRI_SI,3,31341,8,691,32040,62617,14390
5,COAHUILA,27,RAMOS ARIZPE,PRI_PJ,18,31341,8,691,32040,62617,14778
5,COAHUILA,27,RAMOS ARIZPE,PRI_PRC,1,31341,8,691,32040,62617,14317
5,COAHUILA,27,RAMOS ARIZPE,PRI_PCP,10,31341,8,691,32040,62617,14491
5,COAHUILA,27,RAMOS ARIZPE,PVEM_NUAL,3,31341,8,691,32040,62617,647
5,COAHUILA,27,RAMOS ARIZPE,PVEM_SI,0,31341,8,691,32040,62617,569
5,COAHUILA,27,RAMOS ARIZPE,PVEM_PJ,1,31341,8,691,32040,62617,943
5,COAHUILA,27,RAMOS ARIZPE,PVEM_PRC,0,31341,8,691,32040,62617,498
5,COAHUILA,27,RAMOS ARIZPE,PVEM_PCP,0,31341,8,691,32040,62617,663
5,COAHUILA,27,RAMOS ARIZPE,NUAL_SI,1,31341,8,691,32040,62617,288
5,COAHUILA,27,RAMOS ARIZPE,NUAL_PJ,0,31341,8,691,32040,62617,660
5,COAHUILA,27,RAMOS ARIZPE,NUAL_PRC,0,31341,8,691,32040,62617,216
5,COAHUILA,27,RAMOS ARIZPE,NUAL_PCP,0,31341,8,691,32040,62617,381
5,COAHUILA,27,RAMOS ARIZPE,SI_PJ,1,31341,8,691,32040,62617,586
5,COAHUILA,27,RAMOS ARIZPE,SI_PRC,0,31341,8,691,32040,62617,141
5,COAHUILA,27,RAMOS ARIZPE,SI_PCP,1,31341,8,691,32040,62617,307
5,COAHUILA,27,RAMOS ARIZPE,PJ_PRC,0,31341,8,691,32040,62617,514
5,COAHUILA,27,RAMOS ARIZPE,PJ_PCP,0,31341,8,691,32040,62617,679
5,COAHUILA,27,RAMOS ARIZPE,PRC_PCP,1,31341,8,691,32040,62617,236
5,COAHUILA,27,RAMOS ARIZPE,CAND_IND6,NA,31341,8,691,32040,62617,0
5,COAHUILA,27,RAMOS ARIZPE,CAND_IND7,NA,31341,8,691,32040,62617,0
5,COAHUILA,27,RAMOS ARIZPE,CAND_IND8,NA,31341,8,691,32040,62617,0
5,COAHUILA,27,RAMOS ARIZPE,CAND_IND9,NA,31341,8,691,32040,62617,0
5,COAHUILA,27,RAMOS ARIZPE,CAND_IND10,NA,31341,8,691,32040,62617,0
5,COAHUILA,27,RAMOS ARIZPE,CAND_IND11,NA,31341,8,691,32040,62617,0
5,COAHUILA,27,RAMOS ARIZPE,CAND_IND12,NA,31341,8,691,32040,62617,0
5,COAHUILA,27,RAMOS ARIZPE,CAND_IND13,NA,31341,8,691,32040,62617,0
5,COAHUILA,27,RAMOS ARIZPE,CAND_IND14,NA,31341,8,691,32040,62617,0
5,COAHUILA,27,RAMOS ARIZPE,CAND_IND15,5109,31341,8,691,32040,62617,5109
5,COAHUILA,27,RAMOS ARIZPE,CAND_IND16,NA,31341,8,691,32040,62617,0
5,COAHUILA,27,RAMOS ARIZPE,CAND_IND17,NA,31341,8,691,32040,62617,0
5,COAHUILA,27,RAMOS ARIZPE,CAND_IND18,NA,31341,8,691,32040,62617,0
5,COAHUILA,27,RAMOS ARIZPE,CAND_IND19,NA,31341,8,691,32040,62617,0
5,COAHUILA,28,SABINAS,PAN,7064,29182,6,441,29629,51028,7064
5,COAHUILA,28,SABINAS,PRI,10840,29182,6,441,29629,51028,10840
5,COAHUILA,28,SABINAS,PRD,62,29182,6,441,29629,51028,62
5,COAHUILA,28,SABINAS,PT,95,29182,6,441,29629,51028,95
5,COAHUILA,28,SABINAS,PVEM,171,29182,6,441,29629,51028,171
5,COAHUILA,28,SABINAS,UDC,8192,29182,6,441,29629,51028,8192
5,COAHUILA,28,SABINAS,MC,0,29182,6,441,29629,51028,0
5,COAHUILA,28,SABINAS,NUAL,257,29182,6,441,29629,51028,257
5,COAHUILA,28,SABINAS,SI,53,29182,6,441,29629,51028,53
5,COAHUILA,28,SABINAS,PPC,115,29182,6,441,29629,51028,115
5,COAHUILA,28,SABINAS,PJ,68,29182,6,441,29629,51028,68
5,COAHUILA,28,SABINAS,PRC,23,29182,6,441,29629,51028,23
5,COAHUILA,28,SABINAS,PCP,36,29182,6,441,29629,51028,36
5,COAHUILA,28,SABINAS,MORENA,782,29182,6,441,29629,51028,782
5,COAHUILA,28,SABINAS,ES,86,29182,6,441,29629,51028,86
5,COAHUILA,28,SABINAS,PAN_UDC_PPC_ES,115,29182,6,441,29629,51028,15572
5,COAHUILA,28,SABINAS,PAN_UDC_PPC,44,29182,6,441,29629,51028,15415
5,COAHUILA,28,SABINAS,PAN_UDC_ES,32,29182,6,441,29629,51028,15374
5,COAHUILA,28,SABINAS,PAN_PPC_ES,7,29182,6,441,29629,51028,7272
5,COAHUILA,28,SABINAS,UDC_PPC_ES,4,29182,6,441,29629,51028,8397
5,COAHUILA,28,SABINAS,PAN_UDC,458,29182,6,441,29629,51028,15714
5,COAHUILA,28,SABINAS,PAN_PPC,20,29182,6,441,29629,51028,7199
5,COAHUILA,28,SABINAS,PAN_ES,8,29182,6,441,29629,51028,7158
5,COAHUILA,28,SABINAS,UDC_PPC,13,29182,6,441,29629,51028,8320
5,COAHUILA,28,SABINAS,UDC_ES,5,29182,6,441,29629,51028,8283
5,COAHUILA,28,SABINAS,PPC_ES,3,29182,6,441,29629,51028,204
5,COAHUILA,28,SABINAS,PRI_PVEM_NUAL_SI_PJ_PRC_PCP,12,29182,6,441,29629,51028,11460
5,COAHUILA,28,SABINAS,PRI_PVEM_NUAL_SI_PJ_PRC,2,29182,6,441,29629,51028,11414
5,COAHUILA,28,SABINAS,PRI_PVEM_NUAL_SI_PJ_PCP,0,29182,6,441,29629,51028,11425
5,COAHUILA,28,SABINAS,PRI_PVEM_NUAL_SI_PRC_PCP,5,29182,6,441,29629,51028,11385
5,COAHUILA,28,SABINAS,PRI_PVEM_NUAL_PJ_PRC_PCP,0,29182,6,441,29629,51028,11395
5,COAHUILA,28,SABINAS,PRI_PVEM_SI_PJ_PRC_PCP,9,29182,6,441,29629,51028,11200
5,COAHUILA,28,SABINAS,PRI_NUAL_SI_PJ_PRC_PCP,2,29182,6,441,29629,51028,11279
5,COAHUILA,28,SABINAS,PVEM_NUAL_SI_PJ_PRC_PCP,0,29182,6,441,29629,51028,608
5,COAHUILA,28,SABINAS,PRI_PVEM_NUAL_SI_PJ,0,29182,6,441,29629,51028,11389
5,COAHUILA,28,SABINAS,PRI_PVEM_NUAL_SI_PRC,0,29182,6,441,29629,51028,11344
5,COAHUILA,28,SABINAS,PRI_PVEM_NUAL_SI_PCP,0,29182,6,441,29629,51028,11357
5,COAHUILA,28,SABINAS,PRI_PVEM_NUAL_PJ_PRC,0,29182,6,441,29629,51028,11359
5,COAHUILA,28,SABINAS,PRI_PVEM_NUAL_PJ_PCP,0,29182,6,441,29629,51028,11372
5,COAHUILA,28,SABINAS,PRI_PVEM_NUAL_PRC_PCP,0,29182,6,441,29629,51028,11327
5,COAHUILA,28,SABINAS,PRI_PVEM_SI_PJ_PRC,2,29182,6,441,29629,51028,11157
5,COAHUILA,28,SABINAS,PRI_PVEM_SI_PJ_PCP,1,29182,6,441,29629,51028,11169
5,COAHUILA,28,SABINAS,PRI_PVEM_SI_PRC_PCP,1,29182,6,441,29629,51028,11124
5,COAHUILA,28,SABINAS,PRI_PVEM_PJ_PRC_PCP,0,29182,6,441,29629,51028,11138
5,COAHUILA,28,SABINAS,PRI_NUAL_SI_PJ_PRC,0,29182,6,441,29629,51028,11241
5,COAHUILA,28,SABINAS,PRI_NUAL_SI_PJ_PCP,0,29182,6,441,29629,51028,11254
5,COAHUILA,28,SABINAS,PRI_NUAL_SI_PRC_PCP,0,29182,6,441,29629,51028,11209
5,COAHUILA,28,SABINAS,PRI_NUAL_PJ_PRC_PCP,0,29182,6,441,29629,51028,11224
5,COAHUILA,28,SABINAS,PRI_SI_PJ_PRC_PCP,1,29182,6,441,29629,51028,11021
5,COAHUILA,28,SABINAS,PVEM_NUAL_SI_PJ_PRC,0,29182,6,441,29629,51028,572
5,COAHUILA,28,SABINAS,PVEM_NUAL_SI_PJ_PCP,0,29182,6,441,29629,51028,585
5,COAHUILA,28,SABINAS,PVEM_NUAL_SI_PRC_PCP,0,29182,6,441,29629,51028,540
5,COAHUILA,28,SABINAS,PVEM_NUAL_PJ_PRC_PCP,0,29182,6,441,29629,51028,555
5,COAHUILA,28,SABINAS,PVEM_SI_PJ_PRC_PCP,0,29182,6,441,29629,51028,351
5,COAHUILA,28,SABINAS,NUAL_SI_PJ_PRC_PCP,0,29182,6,441,29629,51028,437
5,COAHUILA,28,SABINAS,PRI_PVEM_NUAL_SI,1,29182,6,441,29629,51028,11322
5,COAHUILA,28,SABINAS,PRI_PVEM_NUAL_PJ,2,29182,6,441,29629,51028,11338
5,COAHUILA,28,SABINAS,PRI_PVEM_NUAL_PRC,0,29182,6,441,29629,51028,11291
5,COAHUILA,28,SABINAS,PRI_PVEM_NUAL_PCP,0,29182,6,441,29629,51028,11304
5,COAHUILA,28,SABINAS,PRI_PVEM_SI_PJ,0,29182,6,441,29629,51028,11132
5,COAHUILA,28,SABINAS,PRI_PVEM_SI_PRC,0,29182,6,441,29629,51028,11087
5,COAHUILA,28,SABINAS,PRI_PVEM_SI_PCP,0,29182,6,441,29629,51028,11100
5,COAHUILA,28,SABINAS,PRI_PVEM_PJ_PRC,0,29182,6,441,29629,51028,11102
5,COAHUILA,28,SABINAS,PRI_PVEM_PJ_PCP,1,29182,6,441,29629,51028,11116
5,COAHUILA,28,SABINAS,PRI_PVEM_PRC_PCP,0,29182,6,441,29629,51028,11070
5,COAHUILA,28,SABINAS,PRI_NUAL_SI_PJ,0,29182,6,441,29629,51028,11218
5,COAHUILA,28,SABINAS,PRI_NUAL_SI_PRC,0,29182,6,441,29629,51028,11173
5,COAHUILA,28,SABINAS,PRI_NUAL_SI_PCP,0,29182,6,441,29629,51028,11186
5,COAHUILA,28,SABINAS,PRI_NUAL_PJ_PRC,0,29182,6,441,29629,51028,11188
5,COAHUILA,28,SABINAS,PRI_NUAL_PJ_PCP,1,29182,6,441,29629,51028,11202
5,COAHUILA,28,SABINAS,PRI_NUAL_PRC_PCP,0,29182,6,441,29629,51028,11156
5,COAHUILA,28,SABINAS,PRI_SI_PJ_PRC,1,29182,6,441,29629,51028,10985
5,COAHUILA,28,SABINAS,PRI_SI_PJ_PCP,1,29182,6,441,29629,51028,10998
5,COAHUILA,28,SABINAS,PRI_SI_PRC_PCP,0,29182,6,441,29629,51028,10952
5,COAHUILA,28,SABINAS,PRI_PJ_PRC_PCP,0,29182,6,441,29629,51028,10967
5,COAHUILA,28,SABINAS,PVEM_NUAL_SI_PJ,0,29182,6,441,29629,51028,549
5,COAHUILA,28,SABINAS,PVEM_NUAL_SI_PRC,0,29182,6,441,29629,51028,504
5,COAHUILA,28,SABINAS,PVEM_NUAL_SI_PCP,0,29182,6,441,29629,51028,517
5,COAHUILA,28,SABINAS,PVEM_NUAL_PJ_PRC,0,29182,6,441,29629,51028,519
5,COAHUILA,28,SABINAS,PVEM_NUAL_PJ_PCP,0,29182,6,441,29629,51028,532
5,COAHUILA,28,SABINAS,PVEM_NUAL_PRC_PCP,0,29182,6,441,29629,51028,487
5,COAHUILA,28,SABINAS,PVEM_SI_PJ_PRC,0,29182,6,441,29629,51028,315
5,COAHUILA,28,SABINAS,PVEM_SI_PJ_PCP,0,29182,6,441,29629,51028,328
5,COAHUILA,28,SABINAS,PVEM_SI_PRC_PCP,0,29182,6,441,29629,51028,283
5,COAHUILA,28,SABINAS,PVEM_PJ_PRC_PCP,0,29182,6,441,29629,51028,298
5,COAHUILA,28,SABINAS,NUAL_SI_PJ_PRC,0,29182,6,441,29629,51028,401
5,COAHUILA,28,SABINAS,NUAL_SI_PJ_PCP,0,29182,6,441,29629,51028,414
5,COAHUILA,28,SABINAS,NUAL_SI_PRC_PCP,0,29182,6,441,29629,51028,369
5,COAHUILA,28,SABINAS,NUAL_PJ_PRC_PCP,0,29182,6,441,29629,51028,384
5,COAHUILA,28,SABINAS,SI_PJ_PRC_PCP,0,29182,6,441,29629,51028,180
5,COAHUILA,28,SABINAS,PRI_PVEM_NUAL,4,29182,6,441,29629,51028,11272
5,COAHUILA,28,SABINAS,PRI_PVEM_SI,2,29182,6,441,29629,51028,11066
5,COAHUILA,28,SABINAS,PRI_PVEM_PJ,2,29182,6,441,29629,51028,11081
5,COAHUILA,28,SABINAS,PRI_PVEM_PRC,0,29182,6,441,29629,51028,11034
5,COAHUILA,28,SABINAS,PRI_PVEM_PCP,0,29182,6,441,29629,51028,11047
5,COAHUILA,28,SABINAS,PRI_NUAL_SI,4,29182,6,441,29629,51028,11154
5,COAHUILA,28,SABINAS,PRI_NUAL_PJ,1,29182,6,441,29629,51028,11166
5,COAHUILA,28,SABINAS,PRI_NUAL_PRC,4,29182,6,441,29629,51028,11124
5,COAHUILA,28,SABINAS,PRI_NUAL_PCP,0,29182,6,441,29629,51028,11133
5,COAHUILA,28,SABINAS,PRI_SI_PJ,3,29182,6,441,29629,51028,10964
5,COAHUILA,28,SABINAS,PRI_SI_PRC,0,29182,6,441,29629,51028,10916
5,COAHUILA,28,SABINAS,PRI_SI_PCP,2,29182,6,441,29629,51028,10931
5,COAHUILA,28,SABINAS,PRI_PJ_PRC,0,29182,6,441,29629,51028,10931
5,COAHUILA,28,SABINAS,PRI_PJ_PCP,3,29182,6,441,29629,51028,10947
5,COAHUILA,28,SABINAS,PRI_PRC_PCP,0,29182,6,441,29629,51028,10899
5,COAHUILA,28,SABINAS,PVEM_NUAL_SI,0,29182,6,441,29629,51028,481
5,COAHUILA,28,SABINAS,PVEM_NUAL_PJ,0,29182,6,441,29629,51028,496
5,COAHUILA,28,SABINAS,PVEM_NUAL_PRC,1,29182,6,441,29629,51028,452
5,COAHUILA,28,SABINAS,PVEM_NUAL_PCP,0,29182,6,441,29629,51028,464
5,COAHUILA,28,SABINAS,PVEM_SI_PJ,0,29182,6,441,29629,51028,292
5,COAHUILA,28,SABINAS,PVEM_SI_PRC,0,29182,6,441,29629,51028,247
5,COAHUILA,28,SABINAS,PVEM_SI_PCP,0,29182,6,441,29629,51028,260
5,COAHUILA,28,SABINAS,PVEM_PJ_PRC,0,29182,6,441,29629,51028,262
5,COAHUILA,28,SABINAS,PVEM_PJ_PCP,0,29182,6,441,29629,51028,275
5,COAHUILA,28,SABINAS,PVEM_PRC_PCP,0,29182,6,441,29629,51028,230
5,COAHUILA,28,SABINAS,NUAL_SI_PJ,0,29182,6,441,29629,51028,378
5,COAHUILA,28,SABINAS,NUAL_SI_PRC,0,29182,6,441,29629,51028,333
5,COAHUILA,28,SABINAS,NUAL_SI_PCP,0,29182,6,441,29629,51028,346
5,COAHUILA,28,SABINAS,NUAL_PJ_PRC,0,29182,6,441,29629,51028,348
5,COAHUILA,28,SABINAS,NUAL_PJ_PCP,0,29182,6,441,29629,51028,361
5,COAHUILA,28,SABINAS,NUAL_PRC_PCP,0,29182,6,441,29629,51028,316
5,COAHUILA,28,SABINAS,SI_PJ_PRC,0,29182,6,441,29629,51028,144
5,COAHUILA,28,SABINAS,SI_PJ_PCP,0,29182,6,441,29629,51028,157
5,COAHUILA,28,SABINAS,SI_PRC_PCP,0,29182,6,441,29629,51028,112
5,COAHUILA,28,SABINAS,PJ_PRC_PCP,0,29182,6,441,29629,51028,127
5,COAHUILA,28,SABINAS,PRI_PVEM,15,29182,6,441,29629,51028,11026
5,COAHUILA,28,SABINAS,PRI_NUAL,8,29182,6,441,29629,51028,11105
5,COAHUILA,28,SABINAS,PRI_SI,10,29182,6,441,29629,51028,10903
5,COAHUILA,28,SABINAS,PRI_PJ,3,29182,6,441,29629,51028,10911
5,COAHUILA,28,SABINAS,PRI_PRC,4,29182,6,441,29629,51028,10867
5,COAHUILA,28,SABINAS,PRI_PCP,1,29182,6,441,29629,51028,10877
5,COAHUILA,28,SABINAS,PVEM_NUAL,1,29182,6,441,29629,51028,429
5,COAHUILA,28,SABINAS,PVEM_SI,0,29182,6,441,29629,51028,224
5,COAHUILA,28,SABINAS,PVEM_PJ,1,29182,6,441,29629,51028,240
5,COAHUILA,28,SABINAS,PVEM_PRC,0,29182,6,441,29629,51028,194
5,COAHUILA,28,SABINAS,PVEM_PCP,0,29182,6,441,29629,51028,207
5,COAHUILA,28,SABINAS,NUAL_SI,0,29182,6,441,29629,51028,310
5,COAHUILA,28,SABINAS,NUAL_PJ,0,29182,6,441,29629,51028,325
5,COAHUILA,28,SABINAS,NUAL_PRC,0,29182,6,441,29629,51028,280
5,COAHUILA,28,SABINAS,NUAL_PCP,0,29182,6,441,29629,51028,293
5,COAHUILA,28,SABINAS,SI_PJ,0,29182,6,441,29629,51028,121
5,COAHUILA,28,SABINAS,SI_PRC,0,29182,6,441,29629,51028,76
5,COAHUILA,28,SABINAS,SI_PCP,0,29182,6,441,29629,51028,89
5,COAHUILA,28,SABINAS,PJ_PRC,1,29182,6,441,29629,51028,92
5,COAHUILA,28,SABINAS,PJ_PCP,0,29182,6,441,29629,51028,104
5,COAHUILA,28,SABINAS,PRC_PCP,1,29182,6,441,29629,51028,60
5,COAHUILA,28,SABINAS,CAND_IND6,NA,29182,6,441,29629,51028,0
5,COAHUILA,28,SABINAS,CAND_IND7,NA,29182,6,441,29629,51028,0
5,COAHUILA,28,SABINAS,CAND_IND8,NA,29182,6,441,29629,51028,0
5,COAHUILA,28,SABINAS,CAND_IND9,NA,29182,6,441,29629,51028,0
5,COAHUILA,28,SABINAS,CAND_IND10,NA,29182,6,441,29629,51028,0
5,COAHUILA,28,SABINAS,CAND_IND11,NA,29182,6,441,29629,51028,0
5,COAHUILA,28,SABINAS,CAND_IND12,NA,29182,6,441,29629,51028,0
5,COAHUILA,28,SABINAS,CAND_IND13,NA,29182,6,441,29629,51028,0
5,COAHUILA,28,SABINAS,CAND_IND14,NA,29182,6,441,29629,51028,0
5,COAHUILA,28,SABINAS,CAND_IND15,NA,29182,6,441,29629,51028,0
5,COAHUILA,28,SABINAS,CAND_IND16,516,29182,6,441,29629,51028,516
5,COAHUILA,28,SABINAS,CAND_IND17,NA,29182,6,441,29629,51028,0
5,COAHUILA,28,SABINAS,CAND_IND18,NA,29182,6,441,29629,51028,0
5,COAHUILA,28,SABINAS,CAND_IND19,NA,29182,6,441,29629,51028,0
5,COAHUILA,29,SACRAMENTO,PAN,107,1542,0,34,1576,1984,107
5,COAHUILA,29,SACRAMENTO,PRI,684,1542,0,34,1576,1984,684
5,COAHUILA,29,SACRAMENTO,PRD,3,1542,0,34,1576,1984,3
5,COAHUILA,29,SACRAMENTO,PT,74,1542,0,34,1576,1984,74
5,COAHUILA,29,SACRAMENTO,PVEM,2,1542,0,34,1576,1984,2
5,COAHUILA,29,SACRAMENTO,UDC,36,1542,0,34,1576,1984,36
5,COAHUILA,29,SACRAMENTO,MC,0,1542,0,34,1576,1984,0
5,COAHUILA,29,SACRAMENTO,NUAL,23,1542,0,34,1576,1984,23
5,COAHUILA,29,SACRAMENTO,SI,7,1542,0,34,1576,1984,7
5,COAHUILA,29,SACRAMENTO,PPC,256,1542,0,34,1576,1984,256
5,COAHUILA,29,SACRAMENTO,PJ,1,1542,0,34,1576,1984,1
5,COAHUILA,29,SACRAMENTO,PRC,4,1542,0,34,1576,1984,4
5,COAHUILA,29,SACRAMENTO,PCP,1,1542,0,34,1576,1984,1
5,COAHUILA,29,SACRAMENTO,MORENA,41,1542,0,34,1576,1984,41
5,COAHUILA,29,SACRAMENTO,ES,3,1542,0,34,1576,1984,3
5,COAHUILA,29,SACRAMENTO,PAN_UDC_PPC_ES,2,1542,0,34,1576,1984,404
5,COAHUILA,29,SACRAMENTO,PAN_UDC_PPC,0,1542,0,34,1576,1984,399
5,COAHUILA,29,SACRAMENTO,PAN_UDC_ES,0,1542,0,34,1576,1984,146
5,COAHUILA,29,SACRAMENTO,PAN_PPC_ES,0,1542,0,34,1576,1984,366
5,COAHUILA,29,SACRAMENTO,UDC_PPC_ES,0,1542,0,34,1576,1984,295
5,COAHUILA,29,SACRAMENTO,PAN_UDC,1,1542,0,34,1576,1984,144
5,COAHUILA,29,SACRAMENTO,PAN_PPC,5,1542,0,34,1576,1984,368
5,COAHUILA,29,SACRAMENTO,PAN_ES,0,1542,0,34,1576,1984,110
5,COAHUILA,29,SACRAMENTO,UDC_PPC,0,1542,0,34,1576,1984,292
5,COAHUILA,29,SACRAMENTO,UDC_ES,0,1542,0,34,1576,1984,39
5,COAHUILA,29,SACRAMENTO,PPC_ES,0,1542,0,34,1576,1984,259
5,COAHUILA,29,SACRAMENTO,PRI_PVEM_NUAL_SI_PJ_PRC_PCP,0,1542,0,34,1576,1984,722
5,COAHUILA,29,SACRAMENTO,PRI_PVEM_NUAL_SI_PJ_PRC,0,1542,0,34,1576,1984,721
5,COAHUILA,29,SACRAMENTO,PRI_PVEM_NUAL_SI_PJ_PCP,0,1542,0,34,1576,1984,718
5,COAHUILA,29,SACRAMENTO,PRI_PVEM_NUAL_SI_PRC_PCP,0,1542,0,34,1576,1984,721
5,COAHUILA,29,SACRAMENTO,PRI_PVEM_NUAL_PJ_PRC_PCP,0,1542,0,34,1576,1984,715
5,COAHUILA,29,SACRAMENTO,PRI_PVEM_SI_PJ_PRC_PCP,0,1542,0,34,1576,1984,699
5,COAHUILA,29,SACRAMENTO,PRI_NUAL_SI_PJ_PRC_PCP,0,1542,0,34,1576,1984,720
5,COAHUILA,29,SACRAMENTO,PVEM_NUAL_SI_PJ_PRC_PCP,0,1542,0,34,1576,1984,38
5,COAHUILA,29,SACRAMENTO,PRI_PVEM_NUAL_SI_PJ,0,1542,0,34,1576,1984,717
5,COAHUILA,29,SACRAMENTO,PRI_PVEM_NUAL_SI_PRC,0,1542,0,34,1576,1984,720
5,COAHUILA,29,SACRAMENTO,PRI_PVEM_NUAL_SI_PCP,0,1542,0,34,1576,1984,717
5,COAHUILA,29,SACRAMENTO,PRI_PVEM_NUAL_PJ_PRC,0,1542,0,34,1576,1984,714
5,COAHUILA,29,SACRAMENTO,PRI_PVEM_NUAL_PJ_PCP,0,1542,0,34,1576,1984,711
5,COAHUILA,29,SACRAMENTO,PRI_PVEM_NUAL_PRC_PCP,0,1542,0,34,1576,1984,714
5,COAHUILA,29,SACRAMENTO,PRI_PVEM_SI_PJ_PRC,0,1542,0,34,1576,1984,698
5,COAHUILA,29,SACRAMENTO,PRI_PVEM_SI_PJ_PCP,0,1542,0,34,1576,1984,695
5,COAHUILA,29,SACRAMENTO,PRI_PVEM_SI_PRC_PCP,0,1542,0,34,1576,1984,698
5,COAHUILA,29,SACRAMENTO,PRI_PVEM_PJ_PRC_PCP,0,1542,0,34,1576,1984,692
5,COAHUILA,29,SACRAMENTO,PRI_NUAL_SI_PJ_PRC,0,1542,0,34,1576,1984,719
5,COAHUILA,29,SACRAMENTO,PRI_NUAL_SI_PJ_PCP,0,1542,0,34,1576,1984,716
5,COAHUILA,29,SACRAMENTO,PRI_NUAL_SI_PRC_PCP,0,1542,0,34,1576,1984,719
5,COAHUILA,29,SACRAMENTO,PRI_NUAL_PJ_PRC_PCP,0,1542,0,34,1576,1984,713
5,COAHUILA,29,SACRAMENTO,PRI_SI_PJ_PRC_PCP,0,1542,0,34,1576,1984,697
5,COAHUILA,29,SACRAMENTO,PVEM_NUAL_SI_PJ_PRC,0,1542,0,34,1576,1984,37
5,COAHUILA,29,SACRAMENTO,PVEM_NUAL_SI_PJ_PCP,0,1542,0,34,1576,1984,34
5,COAHUILA,29,SACRAMENTO,PVEM_NUAL_SI_PRC_PCP,0,1542,0,34,1576,1984,37
5,COAHUILA,29,SACRAMENTO,PVEM_NUAL_PJ_PRC_PCP,0,1542,0,34,1576,1984,31
5,COAHUILA,29,SACRAMENTO,PVEM_SI_PJ_PRC_PCP,0,1542,0,34,1576,1984,15
5,COAHUILA,29,SACRAMENTO,NUAL_SI_PJ_PRC_PCP,0,1542,0,34,1576,1984,36
5,COAHUILA,29,SACRAMENTO,PRI_PVEM_NUAL_SI,0,1542,0,34,1576,1984,716
5,COAHUILA,29,SACRAMENTO,PRI_PVEM_NUAL_PJ,0,1542,0,34,1576,1984,710
5,COAHUILA,29,SACRAMENTO,PRI_PVEM_NUAL_PRC,0,1542,0,34,1576,1984,713
5,COAHUILA,29,SACRAMENTO,PRI_PVEM_NUAL_PCP,0,1542,0,34,1576,1984,710
5,COAHUILA,29,SACRAMENTO,PRI_PVEM_SI_PJ,0,1542,0,34,1576,1984,694
5,COAHUILA,29,SACRAMENTO,PRI_PVEM_SI_PRC,0,1542,0,34,1576,1984,697
5,COAHUILA,29,SACRAMENTO,PRI_PVEM_SI_PCP,0,1542,0,34,1576,1984,694
5,COAHUILA,29,SACRAMENTO,PRI_PVEM_PJ_PRC,0,1542,0,34,1576,1984,691
5,COAHUILA,29,SACRAMENTO,PRI_PVEM_PJ_PCP,0,1542,0,34,1576,1984,688
5,COAHUILA,29,SACRAMENTO,PRI_PVEM_PRC_PCP,0,1542,0,34,1576,1984,691
5,COAHUILA,29,SACRAMENTO,PRI_NUAL_SI_PJ,0,1542,0,34,1576,1984,715
5,COAHUILA,29,SACRAMENTO,PRI_NUAL_SI_PRC,0,1542,0,34,1576,1984,718
5,COAHUILA,29,SACRAMENTO,PRI_NUAL_SI_PCP,0,1542,0,34,1576,1984,715
5,COAHUILA,29,SACRAMENTO,PRI_NUAL_PJ_PRC,0,1542,0,34,1576,1984,712
5,COAHUILA,29,SACRAMENTO,PRI_NUAL_PJ_PCP,0,1542,0,34,1576,1984,709
5,COAHUILA,29,SACRAMENTO,PRI_NUAL_PRC_PCP,0,1542,0,34,1576,1984,712
5,COAHUILA,29,SACRAMENTO,PRI_SI_PJ_PRC,0,1542,0,34,1576,1984,696
5,COAHUILA,29,SACRAMENTO,PRI_SI_PJ_PCP,0,1542,0,34,1576,1984,693
5,COAHUILA,29,SACRAMENTO,PRI_SI_PRC_PCP,0,1542,0,34,1576,1984,696
5,COAHUILA,29,SACRAMENTO,PRI_PJ_PRC_PCP,0,1542,0,34,1576,1984,690
5,COAHUILA,29,SACRAMENTO,PVEM_NUAL_SI_PJ,0,1542,0,34,1576,1984,33
5,COAHUILA,29,SACRAMENTO,PVEM_NUAL_SI_PRC,0,1542,0,34,1576,1984,36
5,COAHUILA,29,SACRAMENTO,PVEM_NUAL_SI_PCP,0,1542,0,34,1576,1984,33
5,COAHUILA,29,SACRAMENTO,PVEM_NUAL_PJ_PRC,0,1542,0,34,1576,1984,30
5,COAHUILA,29,SACRAMENTO,PVEM_NUAL_PJ_PCP,0,1542,0,34,1576,1984,27
5,COAHUILA,29,SACRAMENTO,PVEM_NUAL_PRC_PCP,0,1542,0,34,1576,1984,30
5,COAHUILA,29,SACRAMENTO,PVEM_SI_PJ_PRC,0,1542,0,34,1576,1984,14
5,COAHUILA,29,SACRAMENTO,PVEM_SI_PJ_PCP,0,1542,0,34,1576,1984,11
5,COAHUILA,29,SACRAMENTO,PVEM_SI_PRC_PCP,0,1542,0,34,1576,1984,14
5,COAHUILA,29,SACRAMENTO,PVEM_PJ_PRC_PCP,0,1542,0,34,1576,1984,8
5,COAHUILA,29,SACRAMENTO,NUAL_SI_PJ_PRC,0,1542,0,34,1576,1984,35
5,COAHUILA,29,SACRAMENTO,NUAL_SI_PJ_PCP,0,1542,0,34,1576,1984,32
5,COAHUILA,29,SACRAMENTO,NUAL_SI_PRC_PCP,0,1542,0,34,1576,1984,35
5,COAHUILA,29,SACRAMENTO,NUAL_PJ_PRC_PCP,0,1542,0,34,1576,1984,29
5,COAHUILA,29,SACRAMENTO,SI_PJ_PRC_PCP,0,1542,0,34,1576,1984,13
5,COAHUILA,29,SACRAMENTO,PRI_PVEM_NUAL,0,1542,0,34,1576,1984,709
5,COAHUILA,29,SACRAMENTO,PRI_PVEM_SI,0,1542,0,34,1576,1984,693
5,COAHUILA,29,SACRAMENTO,PRI_PVEM_PJ,0,1542,0,34,1576,1984,687
5,COAHUILA,29,SACRAMENTO,PRI_PVEM_PRC,0,1542,0,34,1576,1984,690
5,COAHUILA,29,SACRAMENTO,PRI_PVEM_PCP,0,1542,0,34,1576,1984,687
5,COAHUILA,29,SACRAMENTO,PRI_NUAL_SI,0,1542,0,34,1576,1984,714
5,COAHUILA,29,SACRAMENTO,PRI_NUAL_PJ,0,1542,0,34,1576,1984,708
5,COAHUILA,29,SACRAMENTO,PRI_NUAL_PRC,0,1542,0,34,1576,1984,711
5,COAHUILA,29,SACRAMENTO,PRI_NUAL_PCP,0,1542,0,34,1576,1984,708
5,COAHUILA,29,SACRAMENTO,PRI_SI_PJ,0,1542,0,34,1576,1984,692
5,COAHUILA,29,SACRAMENTO,PRI_SI_PRC,0,1542,0,34,1576,1984,695
5,COAHUILA,29,SACRAMENTO,PRI_SI_PCP,0,1542,0,34,1576,1984,692
5,COAHUILA,29,SACRAMENTO,PRI_PJ_PRC,0,1542,0,34,1576,1984,689
5,COAHUILA,29,SACRAMENTO,PRI_PJ_PCP,0,1542,0,34,1576,1984,686
5,COAHUILA,29,SACRAMENTO,PRI_PRC_PCP,0,1542,0,34,1576,1984,689
5,COAHUILA,29,SACRAMENTO,PVEM_NUAL_SI,0,1542,0,34,1576,1984,32
5,COAHUILA,29,SACRAMENTO,PVEM_NUAL_PJ,0,1542,0,34,1576,1984,26
5,COAHUILA,29,SACRAMENTO,PVEM_NUAL_PRC,0,1542,0,34,1576,1984,29
5,COAHUILA,29,SACRAMENTO,PVEM_NUAL_PCP,0,1542,0,34,1576,1984,26
5,COAHUILA,29,SACRAMENTO,PVEM_SI_PJ,0,1542,0,34,1576,1984,10
5,COAHUILA,29,SACRAMENTO,PVEM_SI_PRC,0,1542,0,34,1576,1984,13
5,COAHUILA,29,SACRAMENTO,PVEM_SI_PCP,0,1542,0,34,1576,1984,10
5,COAHUILA,29,SACRAMENTO,PVEM_PJ_PRC,0,1542,0,34,1576,1984,7
5,COAHUILA,29,SACRAMENTO,PVEM_PJ_PCP,0,1542,0,34,1576,1984,4
5,COAHUILA,29,SACRAMENTO,PVEM_PRC_PCP,0,1542,0,34,1576,1984,7
5,COAHUILA,29,SACRAMENTO,NUAL_SI_PJ,0,1542,0,34,1576,1984,31
5,COAHUILA,29,SACRAMENTO,NUAL_SI_PRC,0,1542,0,34,1576,1984,34
5,COAHUILA,29,SACRAMENTO,NUAL_SI_PCP,0,1542,0,34,1576,1984,31
5,COAHUILA,29,SACRAMENTO,NUAL_PJ_PRC,0,1542,0,34,1576,1984,28
5,COAHUILA,29,SACRAMENTO,NUAL_PJ_PCP,0,1542,0,34,1576,1984,25
5,COAHUILA,29,SACRAMENTO,NUAL_PRC_PCP,0,1542,0,34,1576,1984,28
5,COAHUILA,29,SACRAMENTO,SI_PJ_PRC,0,1542,0,34,1576,1984,12
5,COAHUILA,29,SACRAMENTO,SI_PJ_PCP,0,1542,0,34,1576,1984,9
5,COAHUILA,29,SACRAMENTO,SI_PRC_PCP,0,1542,0,34,1576,1984,12
5,COAHUILA,29,SACRAMENTO,PJ_PRC_PCP,0,1542,0,34,1576,1984,6
5,COAHUILA,29,SACRAMENTO,PRI_PVEM,0,1542,0,34,1576,1984,686
5,COAHUILA,29,SACRAMENTO,PRI_NUAL,1,1542,0,34,1576,1984,708
5,COAHUILA,29,SACRAMENTO,PRI_SI,0,1542,0,34,1576,1984,691
5,COAHUILA,29,SACRAMENTO,PRI_PJ,0,1542,0,34,1576,1984,685
5,COAHUILA,29,SACRAMENTO,PRI_PRC,0,1542,0,34,1576,1984,688
5,COAHUILA,29,SACRAMENTO,PRI_PCP,0,1542,0,34,1576,1984,685
5,COAHUILA,29,SACRAMENTO,PVEM_NUAL,0,1542,0,34,1576,1984,25
5,COAHUILA,29,SACRAMENTO,PVEM_SI,0,1542,0,34,1576,1984,9
5,COAHUILA,29,SACRAMENTO,PVEM_PJ,0,1542,0,34,1576,1984,3
5,COAHUILA,29,SACRAMENTO,PVEM_PRC,0,1542,0,34,1576,1984,6
5,COAHUILA,29,SACRAMENTO,PVEM_PCP,0,1542,0,34,1576,1984,3
5,COAHUILA,29,SACRAMENTO,NUAL_SI,0,1542,0,34,1576,1984,30
5,COAHUILA,29,SACRAMENTO,NUAL_PJ,0,1542,0,34,1576,1984,24
5,COAHUILA,29,SACRAMENTO,NUAL_PRC,0,1542,0,34,1576,1984,27
5,COAHUILA,29,SACRAMENTO,NUAL_PCP,0,1542,0,34,1576,1984,24
5,COAHUILA,29,SACRAMENTO,SI_PJ,0,1542,0,34,1576,1984,8
5,COAHUILA,29,SACRAMENTO,SI_PRC,0,1542,0,34,1576,1984,11
5,COAHUILA,29,SACRAMENTO,SI_PCP,0,1542,0,34,1576,1984,8
5,COAHUILA,29,SACRAMENTO,PJ_PRC,0,1542,0,34,1576,1984,5
5,COAHUILA,29,SACRAMENTO,PJ_PCP,0,1542,0,34,1576,1984,2
5,COAHUILA,29,SACRAMENTO,PRC_PCP,0,1542,0,34,1576,1984,5
5,COAHUILA,29,SACRAMENTO,CAND_IND6,NA,1542,0,34,1576,1984,0
5,COAHUILA,29,SACRAMENTO,CAND_IND7,NA,1542,0,34,1576,1984,0
5,COAHUILA,29,SACRAMENTO,CAND_IND8,NA,1542,0,34,1576,1984,0
5,COAHUILA,29,SACRAMENTO,CAND_IND9,NA,1542,0,34,1576,1984,0
5,COAHUILA,29,SACRAMENTO,CAND_IND10,NA,1542,0,34,1576,1984,0
5,COAHUILA,29,SACRAMENTO,CAND_IND11,NA,1542,0,34,1576,1984,0
5,COAHUILA,29,SACRAMENTO,CAND_IND12,NA,1542,0,34,1576,1984,0
5,COAHUILA,29,SACRAMENTO,CAND_IND13,NA,1542,0,34,1576,1984,0
5,COAHUILA,29,SACRAMENTO,CAND_IND14,NA,1542,0,34,1576,1984,0
5,COAHUILA,29,SACRAMENTO,CAND_IND15,NA,1542,0,34,1576,1984,0
5,COAHUILA,29,SACRAMENTO,CAND_IND16,NA,1542,0,34,1576,1984,0
5,COAHUILA,29,SACRAMENTO,CAND_IND17,291,1542,0,34,1576,1984,291
5,COAHUILA,29,SACRAMENTO,CAND_IND18,NA,1542,0,34,1576,1984,0
5,COAHUILA,29,SACRAMENTO,CAND_IND19,NA,1542,0,34,1576,1984,0
5,COAHUILA,30,SALTILLO,PAN,97218,307241,145,5655,313041,579755,97218
5,COAHUILA,30,SALTILLO,PRI,126287,307241,145,5655,313041,579755,126287
5,COAHUILA,30,SALTILLO,PRD,3476,307241,145,5655,313041,579755,3476
5,COAHUILA,30,SALTILLO,PT,4638,307241,145,5655,313041,579755,4638
5,COAHUILA,30,SALTILLO,PVEM,5621,307241,145,5655,313041,579755,5621
5,COAHUILA,30,SALTILLO,UDC,1001,307241,145,5655,313041,579755,1001
5,COAHUILA,30,SALTILLO,MC,1088,307241,145,5655,313041,579755,1088
5,COAHUILA,30,SALTILLO,NUAL,4224,307241,145,5655,313041,579755,4224
5,COAHUILA,30,SALTILLO,SI,1318,307241,145,5655,313041,579755,1318
5,COAHUILA,30,SALTILLO,PPC,621,307241,145,5655,313041,579755,621
5,COAHUILA,30,SALTILLO,PJ,7589,307241,145,5655,313041,579755,7589
5,COAHUILA,30,SALTILLO,PRC,607,307241,145,5655,313041,579755,607
5,COAHUILA,30,SALTILLO,PCP,2964,307241,145,5655,313041,579755,2964
5,COAHUILA,30,SALTILLO,MORENA,27059,307241,145,5655,313041,579755,27059
5,COAHUILA,30,SALTILLO,ES,3406,307241,145,5655,313041,579755,3406
5,COAHUILA,30,SALTILLO,PAN_UDC_PPC_ES,294,307241,145,5655,313041,579755,102540
5,COAHUILA,30,SALTILLO,PAN_UDC_PPC,50,307241,145,5655,313041,579755,98890
5,COAHUILA,30,SALTILLO,PAN_UDC_ES,40,307241,145,5655,313041,579755,101665
5,COAHUILA,30,SALTILLO,PAN_PPC_ES,33,307241,145,5655,313041,579755,101278
5,COAHUILA,30,SALTILLO,UDC_PPC_ES,3,307241,145,5655,313041,579755,5031
5,COAHUILA,30,SALTILLO,PAN_UDC,93,307241,145,5655,313041,579755,98312
5,COAHUILA,30,SALTILLO,PAN_PPC,40,307241,145,5655,313041,579755,97879
5,COAHUILA,30,SALTILLO,PAN_ES,118,307241,145,5655,313041,579755,100742
5,COAHUILA,30,SALTILLO,UDC_PPC,10,307241,145,5655,313041,579755,1632
5,COAHUILA,30,SALTILLO,UDC_ES,4,307241,145,5655,313041,579755,4411
5,COAHUILA,30,SALTILLO,PPC_ES,5,307241,145,5655,313041,579755,4032
5,COAHUILA,30,SALTILLO,PRI_PVEM_NUAL_SI_PJ_PRC_PCP,121,307241,145,5655,313041,579755,148731
5,COAHUILA,30,SALTILLO,PRI_PVEM_NUAL_SI_PJ_PRC,7,307241,145,5655,313041,579755,145653
5,COAHUILA,30,SALTILLO,PRI_PVEM_NUAL_SI_PJ_PCP,9,307241,145,5655,313041,579755,148012
5,COAHUILA,30,SALTILLO,PRI_PVEM_NUAL_SI_PRC_PCP,10,307241,145,5655,313041,579755,141031
5,COAHUILA,30,SALTILLO,PRI_PVEM_NUAL_PJ_PRC_PCP,9,307241,145,5655,313041,579755,147301
5,COAHUILA,30,SALTILLO,PRI_PVEM_SI_PJ_PRC_PCP,10,307241,145,5655,313041,579755,144396
5,COAHUILA,30,SALTILLO,PRI_NUAL_SI_PJ_PRC_PCP,4,307241,145,5655,313041,579755,142993
5,COAHUILA,30,SALTILLO,PVEM_NUAL_SI_PJ_PRC_PCP,1,307241,145,5655,313041,579755,22324
5,COAHUILA,30,SALTILLO,PRI_PVEM_NUAL_SI_PJ,5,307241,145,5655,313041,579755,145044
5,COAHUILA,30,SALTILLO,PRI_PVEM_NUAL_SI_PRC,5,307241,145,5655,313041,579755,138062
5,COAHUILA,30,SALTILLO,PRI_PVEM_NUAL_SI_PCP,5,307241,145,5655,313041,579755,140419
5,COAHUILA,30,SALTILLO,PRI_PVEM_NUAL_PJ_PRC,0,307241,145,5655,313041,579755,144328
5,COAHUILA,30,SALTILLO,PRI_PVEM_NUAL_PJ_PCP,3,307241,145,5655,313041,579755,146688
5,COAHUILA,30,SALTILLO,PRI_PVEM_NUAL_PRC_PCP,6,307241,145,5655,313041,579755,139709
5,COAHUILA,30,SALTILLO,PRI_PVEM_SI_PJ_PRC,0,307241,145,5655,313041,579755,141422
5,COAHUILA,30,SALTILLO,PRI_PVEM_SI_PJ_PCP,4,307241,145,5655,313041,579755,143783
5,COAHUILA,30,SALTILLO,PRI_PVEM_SI_PRC_PCP,4,307241,145,5655,313041,579755,136801
5,COAHUILA,30,SALTILLO,PRI_PVEM_PJ_PRC_PCP,4,307241,145,5655,313041,579755,143072
5,COAHUILA,30,SALTILLO,PRI_NUAL_SI_PJ_PRC,2,307241,145,5655,313041,579755,140027
5,COAHUILA,30,SALTILLO,PRI_NUAL_SI_PJ_PCP,1,307241,145,5655,313041,579755,142383
5,COAHUILA,30,SALTILLO,PRI_NUAL_SI_PRC_PCP,0,307241,145,5655,313041,579755,135400
5,COAHUILA,30,SALTILLO,PRI_NUAL_PJ_PRC_PCP,4,307241,145,5655,313041,579755,141675
5,COAHUILA,30,SALTILLO,PRI_SI_PJ_PRC_PCP,1,307241,145,5655,313041,579755,138766
5,COAHUILA,30,SALTILLO,PVEM_NUAL_SI_PJ_PRC,0,307241,145,5655,313041,579755,19359
5,COAHUILA,30,SALTILLO,PVEM_NUAL_SI_PJ_PCP,1,307241,145,5655,313041,579755,21717
5,COAHUILA,30,SALTILLO,PVEM_NUAL_SI_PRC_PCP,0,307241,145,5655,313041,579755,14734
5,COAHUILA,30,SALTILLO,PVEM_NUAL_PJ_PRC_PCP,1,307241,145,5655,313041,579755,21006
5,COAHUILA,30,SALTILLO,PVEM_SI_PJ_PRC_PCP,0,307241,145,5655,313041,579755,18099
5,COAHUILA,30,SALTILLO,NUAL_SI_PJ_PRC_PCP,0,307241,145,5655,313041,579755,16702
5,COAHUILA,30,SALTILLO,PRI_PVEM_NUAL_SI,6,307241,145,5655,313041,579755,137456
5,COAHUILA,30,SALTILLO,PRI_PVEM_NUAL_PJ,6,307241,145,5655,313041,579755,143727
5,COAHUILA,30,SALTILLO,PRI_PVEM_NUAL_PRC,8,307241,145,5655,313041,579755,136747
5,COAHUILA,30,SALTILLO,PRI_PVEM_NUAL_PCP,2,307241,145,5655,313041,579755,139098
5,COAHUILA,30,SALTILLO,PRI_PVEM_SI_PJ,7,307241,145,5655,313041,579755,140822
5,COAHUILA,30,SALTILLO,PRI_PVEM_SI_PRC,1,307241,145,5655,313041,579755,133834
5,COAHUILA,30,SALTILLO,PRI_PVEM_SI_PCP,2,307241,145,5655,313041,579755,136192
5,COAHUILA,30,SALTILLO,PRI_PVEM_PJ_PRC,1,307241,145,5655,313041,579755,140105
5,COAHUILA,30,SALTILLO,PRI_PVEM_PJ_PCP,2,307241,145,5655,313041,579755,142463
5,COAHUILA,30,SALTILLO,PRI_PVEM_PRC_PCP,3,307241,145,5655,313041,579755,135482
5,COAHUILA,30,SALTILLO,PRI_NUAL_SI_PJ,2,307241,145,5655,313041,579755,139420
5,COAHUILA,30,SALTILLO,PRI_NUAL_SI_PRC,2,307241,145,5655,313041,579755,132438
5,COAHUILA,30,SALTILLO,PRI_NUAL_SI_PCP,0,307241,145,5655,313041,579755,134793
5,COAHUILA,30,SALTILLO,PRI_NUAL_PJ_PRC,1,307241,145,5655,313041,579755,138708
5,COAHUILA,30,SALTILLO,PRI_NUAL_PJ_PCP,1,307241,145,5655,313041,579755,141065
5,COAHUILA,30,SALTILLO,PRI_NUAL_PRC_PCP,4,307241,145,5655,313041,579755,134086
5,COAHUILA,30,SALTILLO,PRI_SI_PJ_PRC,2,307241,145,5655,313041,579755,135803
5,COAHUILA,30,SALTILLO,PRI_SI_PJ_PCP,1,307241,145,5655,313041,579755,138159
5,COAHUILA,30,SALTILLO,PRI_SI_PRC_PCP,1,307241,145,5655,313041,579755,131177
5,COAHUILA,30,SALTILLO,PRI_PJ_PRC_PCP,1,307241,145,5655,313041,579755,137448
5,COAHUILA,30,SALTILLO,PVEM_NUAL_SI_PJ,0,307241,145,5655,313041,579755,18752
5,COAHUILA,30,SALTILLO,PVEM_NUAL_SI_PRC,0,307241,145,5655,313041,579755,11770
5,COAHUILA,30,SALTILLO,PVEM_NUAL_SI_PCP,0,307241,145,5655,313041,579755,14127
5,COAHUILA,30,SALTILLO,PVEM_NUAL_PJ_PRC,0,307241,145,5655,313041,579755,18041
5,COAHUILA,30,SALTILLO,PVEM_NUAL_PJ_PCP,0,307241,145,5655,313041,579755,20398
5,COAHUILA,30,SALTILLO,PVEM_NUAL_PRC_PCP,3,307241,145,5655,313041,579755,13419
5,COAHUILA,30,SALTILLO,PVEM_SI_PJ_PRC,0,307241,145,5655,313041,579755,15135
5,COAHUILA,30,SALTILLO,PVEM_SI_PJ_PCP,2,307241,145,5655,313041,579755,17494
5,COAHUILA,30,SALTILLO,PVEM_SI_PRC_PCP,0,307241,145,5655,313041,579755,10510
5,COAHUILA,30,SALTILLO,PVEM_PJ_PRC_PCP,0,307241,145,5655,313041,579755,16781
5,COAHUILA,30,SALTILLO,NUAL_SI_PJ_PRC,0,307241,145,5655,313041,579755,13738
5,COAHUILA,30,SALTILLO,NUAL_SI_PJ_PCP,1,307241,145,5655,313041,579755,16096
5,COAHUILA,30,SALTILLO,NUAL_SI_PRC_PCP,2,307241,145,5655,313041,579755,9115
5,COAHUILA,30,SALTILLO,NUAL_PJ_PRC_PCP,0,307241,145,5655,313041,579755,15384
5,COAHUILA,30,SALTILLO,SI_PJ_PRC_PCP,0,307241,145,5655,313041,579755,12478
5,COAHUILA,30,SALTILLO,PRI_PVEM_NUAL,46,307241,145,5655,313041,579755,136178
5,COAHUILA,30,SALTILLO,PRI_PVEM_SI,18,307241,145,5655,313041,579755,133244
5,COAHUILA,30,SALTILLO,PRI_PVEM_PJ,20,307241,145,5655,313041,579755,139517
5,COAHUILA,30,SALTILLO,PRI_PVEM_PRC,8,307241,145,5655,313041,579755,132523
5,COAHUILA,30,SALTILLO,PRI_PVEM_PCP,5,307241,145,5655,313041,579755,134877
5,COAHUILA,30,SALTILLO,PRI_NUAL_SI,6,307241,145,5655,313041,579755,131835
5,COAHUILA,30,SALTILLO,PRI_NUAL_PJ,12,307241,145,5655,313041,579755,138112
5,COAHUILA,30,SALTILLO,PRI_NUAL_PRC,21,307241,145,5655,313041,579755,131139
5,COAHUILA,30,SALTILLO,PRI_NUAL_PCP,0,307241,145,5655,313041,579755,133475
5,COAHUILA,30,SALTILLO,PRI_SI_PJ,5,307241,145,5655,313041,579755,135199
5,COAHUILA,30,SALTILLO,PRI_SI_PRC,3,307241,145,5655,313041,579755,128215
5,COAHUILA,30,SALTILLO,PRI_SI_PCP,3,307241,145,5655,313041,579755,130572
5,COAHUILA,30,SALTILLO,PRI_PJ_PRC,3,307241,145,5655,313041,579755,134486
5,COAHUILA,30,SALTILLO,PRI_PJ_PCP,4,307241,145,5655,313041,579755,136844
5,COAHUILA,30,SALTILLO,PRI_PRC_PCP,2,307241,145,5655,313041,579755,129860
5,COAHUILA,30,SALTILLO,PVEM_NUAL_SI,2,307241,145,5655,313041,579755,11165
5,COAHUILA,30,SALTILLO,PVEM_NUAL_PJ,0,307241,145,5655,313041,579755,17434
5,COAHUILA,30,SALTILLO,PVEM_NUAL_PRC,0,307241,145,5655,313041,579755,10452
5,COAHUILA,30,SALTILLO,PVEM_NUAL_PCP,1,307241,145,5655,313041,579755,12810
5,COAHUILA,30,SALTILLO,PVEM_SI_PJ,2,307241,145,5655,313041,579755,14530
5,COAHUILA,30,SALTILLO,PVEM_SI_PRC,0,307241,145,5655,313041,579755,7546
5,COAHUILA,30,SALTILLO,PVEM_SI_PCP,1,307241,145,5655,313041,579755,9904
5,COAHUILA,30,SALTILLO,PVEM_PJ_PRC,0,307241,145,5655,313041,579755,13817
5,COAHUILA,30,SALTILLO,PVEM_PJ_PCP,2,307241,145,5655,313041,579755,16176
5,COAHUILA,30,SALTILLO,PVEM_PRC_PCP,0,307241,145,5655,313041,579755,9192
5,COAHUILA,30,SALTILLO,NUAL_SI_PJ,0,307241,145,5655,313041,579755,13131
5,COAHUILA,30,SALTILLO,NUAL_SI_PRC,0,307241,145,5655,313041,579755,6149
5,COAHUILA,30,SALTILLO,NUAL_SI_PCP,1,307241,145,5655,313041,579755,8507
5,COAHUILA,30,SALTILLO,NUAL_PJ_PRC,2,307241,145,5655,313041,579755,12422
5,COAHUILA,30,SALTILLO,NUAL_PJ_PCP,0,307241,145,5655,313041,579755,14777
5,COAHUILA,30,SALTILLO,NUAL_PRC_PCP,1,307241,145,5655,313041,579755,7796
5,COAHUILA,30,SALTILLO,SI_PJ_PRC,0,307241,145,5655,313041,579755,9514
5,COAHUILA,30,SALTILLO,SI_PJ_PCP,1,307241,145,5655,313041,579755,11872
5,COAHUILA,30,SALTILLO,SI_PRC_PCP,0,307241,145,5655,313041,579755,4889
5,COAHUILA,30,SALTILLO,PJ_PRC_PCP,0,307241,145,5655,313041,579755,11160
5,COAHUILA,30,SALTILLO,PRI_PVEM,234,307241,145,5655,313041,579755,132142
5,COAHUILA,30,SALTILLO,PRI_NUAL,109,307241,145,5655,313041,579755,130620
5,COAHUILA,30,SALTILLO,PRI_SI,37,307241,145,5655,313041,579755,127642
5,COAHUILA,30,SALTILLO,PRI_PJ,201,307241,145,5655,313041,579755,134077
5,COAHUILA,30,SALTILLO,PRI_PRC,21,307241,145,5655,313041,579755,126915
5,COAHUILA,30,SALTILLO,PRI_PCP,29,307241,145,5655,313041,579755,129280
5,COAHUILA,30,SALTILLO,PVEM_NUAL,15,307241,145,5655,313041,579755,9860
5,COAHUILA,30,SALTILLO,PVEM_SI,5,307241,145,5655,313041,579755,6944
5,COAHUILA,30,SALTILLO,PVEM_PJ,4,307241,145,5655,313041,579755,13214
5,COAHUILA,30,SALTILLO,PVEM_PRC,4,307241,145,5655,313041,579755,6232
5,COAHUILA,30,SALTILLO,PVEM_PCP,4,307241,145,5655,313041,579755,8589
5,COAHUILA,30,SALTILLO,NUAL_SI,2,307241,145,5655,313041,579755,5544
5,COAHUILA,30,SALTILLO,NUAL_PJ,7,307241,145,5655,313041,579755,11820
5,COAHUILA,30,SALTILLO,NUAL_PRC,1,307241,145,5655,313041,579755,4832
5,COAHUILA,30,SALTILLO,NUAL_PCP,2,307241,145,5655,313041,579755,7190
5,COAHUILA,30,SALTILLO,SI_PJ,9,307241,145,5655,313041,579755,8916
5,COAHUILA,30,SALTILLO,SI_PRC,3,307241,145,5655,313041,579755,1928
5,COAHUILA,30,SALTILLO,SI_PCP,1,307241,145,5655,313041,579755,4283
5,COAHUILA,30,SALTILLO,PJ_PRC,5,307241,145,5655,313041,579755,8201
5,COAHUILA,30,SALTILLO,PJ_PCP,5,307241,145,5655,313041,579755,10558
5,COAHUILA,30,SALTILLO,PRC_PCP,9,307241,145,5655,313041,579755,3580
5,COAHUILA,30,SALTILLO,CAND_IND6,NA,307241,145,5655,313041,579755,0
5,COAHUILA,30,SALTILLO,CAND_IND7,NA,307241,145,5655,313041,579755,0
5,COAHUILA,30,SALTILLO,CAND_IND8,NA,307241,145,5655,313041,579755,0
5,COAHUILA,30,SALTILLO,CAND_IND9,NA,307241,145,5655,313041,579755,0
5,COAHUILA,30,SALTILLO,CAND_IND10,NA,307241,145,5655,313041,579755,0
5,COAHUILA,30,SALTILLO,CAND_IND11,NA,307241,145,5655,313041,579755,0
5,COAHUILA,30,SALTILLO,CAND_IND12,NA,307241,145,5655,313041,579755,0
5,COAHUILA,30,SALTILLO,CAND_IND13,NA,307241,145,5655,313041,579755,0
5,COAHUILA,30,SALTILLO,CAND_IND14,NA,307241,145,5655,313041,579755,0
5,COAHUILA,30,SALTILLO,CAND_IND15,NA,307241,145,5655,313041,579755,0
5,COAHUILA,30,SALTILLO,CAND_IND16,NA,307241,145,5655,313041,579755,0
5,COAHUILA,30,SALTILLO,CAND_IND17,NA,307241,145,5655,313041,579755,0
5,COAHUILA,30,SALTILLO,CAND_IND18,10372,307241,145,5655,313041,579755,10372
5,COAHUILA,30,SALTILLO,CAND_IND19,7908,307241,145,5655,313041,579755,7908
5,COAHUILA,31,SAN BUENAVENTURA,PAN,2318,11128,3,116,11247,18207,2318
5,COAHUILA,31,SAN BUENAVENTURA,PRI,4638,11128,3,116,11247,18207,4638
5,COAHUILA,31,SAN BUENAVENTURA,PRD,96,11128,3,116,11247,18207,96
5,COAHUILA,31,SAN BUENAVENTURA,PT,299,11128,3,116,11247,18207,299
5,COAHUILA,31,SAN BUENAVENTURA,PVEM,0,11128,3,116,11247,18207,0
5,COAHUILA,31,SAN BUENAVENTURA,UDC,34,11128,3,116,11247,18207,34
5,COAHUILA,31,SAN BUENAVENTURA,MC,0,11128,3,116,11247,18207,0
5,COAHUILA,31,SAN BUENAVENTURA,NUAL,2006,11128,3,116,11247,18207,2006
5,COAHUILA,31,SAN BUENAVENTURA,SI,0,11128,3,116,11247,18207,0
5,COAHUILA,31,SAN BUENAVENTURA,PPC,55,11128,3,116,11247,18207,55
5,COAHUILA,31,SAN BUENAVENTURA,PJ,0,11128,3,116,11247,18207,0
5,COAHUILA,31,SAN BUENAVENTURA,PRC,0,11128,3,116,11247,18207,0
5,COAHUILA,31,SAN BUENAVENTURA,PCP,0,11128,3,116,11247,18207,0
5,COAHUILA,31,SAN BUENAVENTURA,MORENA,1584,11128,3,116,11247,18207,1584
5,COAHUILA,31,SAN BUENAVENTURA,ES,78,11128,3,116,11247,18207,78
5,COAHUILA,31,SAN BUENAVENTURA,PAN_UDC_PPC_ES,7,11128,3,116,11247,18207,2492
5,COAHUILA,31,SAN BUENAVENTURA,PAN_UDC_PPC,2,11128,3,116,11247,18207,2409
5,COAHUILA,31,SAN BUENAVENTURA,PAN_UDC_ES,2,11128,3,116,11247,18207,2432
5,COAHUILA,31,SAN BUENAVENTURA,PAN_PPC_ES,1,11128,3,116,11247,18207,2452
5,COAHUILA,31,SAN BUENAVENTURA,UDC_PPC_ES,1,11128,3,116,11247,18207,168
5,COAHUILA,31,SAN BUENAVENTURA,PAN_UDC,3,11128,3,116,11247,18207,2355
5,COAHUILA,31,SAN BUENAVENTURA,PAN_PPC,0,11128,3,116,11247,18207,2373
5,COAHUILA,31,SAN BUENAVENTURA,PAN_ES,3,11128,3,116,11247,18207,2399
5,COAHUILA,31,SAN BUENAVENTURA,UDC_PPC,0,11128,3,116,11247,18207,89
5,COAHUILA,31,SAN BUENAVENTURA,UDC_ES,1,11128,3,116,11247,18207,113
5,COAHUILA,31,SAN BUENAVENTURA,PPC_ES,0,11128,3,116,11247,18207,133
5,COAHUILA,31,SAN BUENAVENTURA,PRI_PVEM_NUAL_SI_PJ_PRC_PCP,0,11128,3,116,11247,18207,6644
5,COAHUILA,31,SAN BUENAVENTURA,PRI_PVEM_NUAL_SI_PJ_PRC,0,11128,3,116,11247,18207,6644
5,COAHUILA,31,SAN BUENAVENTURA,PRI_PVEM_NUAL_SI_PJ_PCP,0,11128,3,116,11247,18207,6644
5,COAHUILA,31,SAN BUENAVENTURA,PRI_PVEM_NUAL_SI_PRC_PCP,0,11128,3,116,11247,18207,6644
5,COAHUILA,31,SAN BUENAVENTURA,PRI_PVEM_NUAL_PJ_PRC_PCP,0,11128,3,116,11247,18207,6644
5,COAHUILA,31,SAN BUENAVENTURA,PRI_PVEM_SI_PJ_PRC_PCP,0,11128,3,116,11247,18207,4638
5,COAHUILA,31,SAN BUENAVENTURA,PRI_NUAL_SI_PJ_PRC_PCP,0,11128,3,116,11247,18207,6644
5,COAHUILA,31,SAN BUENAVENTURA,PVEM_NUAL_SI_PJ_PRC_PCP,0,11128,3,116,11247,18207,2006
5,COAHUILA,31,SAN BUENAVENTURA,PRI_PVEM_NUAL_SI_PJ,0,11128,3,116,11247,18207,6644
5,COAHUILA,31,SAN BUENAVENTURA,PRI_PVEM_NUAL_SI_PRC,0,11128,3,116,11247,18207,6644
5,COAHUILA,31,SAN BUENAVENTURA,PRI_PVEM_NUAL_SI_PCP,0,11128,3,116,11247,18207,6644
5,COAHUILA,31,SAN BUENAVENTURA,PRI_PVEM_NUAL_PJ_PRC,0,11128,3,116,11247,18207,6644
5,COAHUILA,31,SAN BUENAVENTURA,PRI_PVEM_NUAL_PJ_PCP,0,11128,3,116,11247,18207,6644
5,COAHUILA,31,SAN BUENAVENTURA,PRI_PVEM_NUAL_PRC_PCP,0,11128,3,116,11247,18207,6644
5,COAHUILA,31,SAN BUENAVENTURA,PRI_PVEM_SI_PJ_PRC,0,11128,3,116,11247,18207,4638
5,COAHUILA,31,SAN BUENAVENTURA,PRI_PVEM_SI_PJ_PCP,0,11128,3,116,11247,18207,4638
5,COAHUILA,31,SAN BUENAVENTURA,PRI_PVEM_SI_PRC_PCP,0,11128,3,116,11247,18207,4638
5,COAHUILA,31,SAN BUENAVENTURA,PRI_PVEM_PJ_PRC_PCP,0,11128,3,116,11247,18207,4638
5,COAHUILA,31,SAN BUENAVENTURA,PRI_NUAL_SI_PJ_PRC,0,11128,3,116,11247,18207,6644
5,COAHUILA,31,SAN BUENAVENTURA,PRI_NUAL_SI_PJ_PCP,0,11128,3,116,11247,18207,6644
5,COAHUILA,31,SAN BUENAVENTURA,PRI_NUAL_SI_PRC_PCP,0,11128,3,116,11247,18207,6644
5,COAHUILA,31,SAN BUENAVENTURA,PRI_NUAL_PJ_PRC_PCP,0,11128,3,116,11247,18207,6644
5,COAHUILA,31,SAN BUENAVENTURA,PRI_SI_PJ_PRC_PCP,0,11128,3,116,11247,18207,4638
5,COAHUILA,31,SAN BUENAVENTURA,PVEM_NUAL_SI_PJ_PRC,0,11128,3,116,11247,18207,2006
5,COAHUILA,31,SAN BUENAVENTURA,PVEM_NUAL_SI_PJ_PCP,0,11128,3,116,11247,18207,2006
5,COAHUILA,31,SAN BUENAVENTURA,PVEM_NUAL_SI_PRC_PCP,0,11128,3,116,11247,18207,2006
5,COAHUILA,31,SAN BUENAVENTURA,PVEM_NUAL_PJ_PRC_PCP,0,11128,3,116,11247,18207,2006
5,COAHUILA,31,SAN BUENAVENTURA,PVEM_SI_PJ_PRC_PCP,0,11128,3,116,11247,18207,0
5,COAHUILA,31,SAN BUENAVENTURA,NUAL_SI_PJ_PRC_PCP,0,11128,3,116,11247,18207,2006
5,COAHUILA,31,SAN BUENAVENTURA,PRI_PVEM_NUAL_SI,0,11128,3,116,11247,18207,6644
5,COAHUILA,31,SAN BUENAVENTURA,PRI_PVEM_NUAL_PJ,0,11128,3,116,11247,18207,6644
5,COAHUILA,31,SAN BUENAVENTURA,PRI_PVEM_NUAL_PRC,0,11128,3,116,11247,18207,6644
5,COAHUILA,31,SAN BUENAVENTURA,PRI_PVEM_NUAL_PCP,0,11128,3,116,11247,18207,6644
5,COAHUILA,31,SAN BUENAVENTURA,PRI_PVEM_SI_PJ,0,11128,3,116,11247,18207,4638
5,COAHUILA,31,SAN BUENAVENTURA,PRI_PVEM_SI_PRC,0,11128,3,116,11247,18207,4638
5,COAHUILA,31,SAN BUENAVENTURA,PRI_PVEM_SI_PCP,0,11128,3,116,11247,18207,4638
5,COAHUILA,31,SAN BUENAVENTURA,PRI_PVEM_PJ_PRC,0,11128,3,116,11247,18207,4638
5,COAHUILA,31,SAN BUENAVENTURA,PRI_PVEM_PJ_PCP,0,11128,3,116,11247,18207,4638
5,COAHUILA,31,SAN BUENAVENTURA,PRI_PVEM_PRC_PCP,0,11128,3,116,11247,18207,4638
5,COAHUILA,31,SAN BUENAVENTURA,PRI_NUAL_SI_PJ,0,11128,3,116,11247,18207,6644
5,COAHUILA,31,SAN BUENAVENTURA,PRI_NUAL_SI_PRC,0,11128,3,116,11247,18207,6644
5,COAHUILA,31,SAN BUENAVENTURA,PRI_NUAL_SI_PCP,0,11128,3,116,11247,18207,6644
5,COAHUILA,31,SAN BUENAVENTURA,PRI_NUAL_PJ_PRC,0,11128,3,116,11247,18207,6644
5,COAHUILA,31,SAN BUENAVENTURA,PRI_NUAL_PJ_PCP,0,11128,3,116,11247,18207,6644
5,COAHUILA,31,SAN BUENAVENTURA,PRI_NUAL_PRC_PCP,0,11128,3,116,11247,18207,6644
5,COAHUILA,31,SAN BUENAVENTURA,PRI_SI_PJ_PRC,0,11128,3,116,11247,18207,4638
5,COAHUILA,31,SAN BUENAVENTURA,PRI_SI_PJ_PCP,0,11128,3,116,11247,18207,4638
5,COAHUILA,31,SAN BUENAVENTURA,PRI_SI_PRC_PCP,0,11128,3,116,11247,18207,4638
5,COAHUILA,31,SAN BUENAVENTURA,PRI_PJ_PRC_PCP,0,11128,3,116,11247,18207,4638
5,COAHUILA,31,SAN BUENAVENTURA,PVEM_NUAL_SI_PJ,0,11128,3,116,11247,18207,2006
5,COAHUILA,31,SAN BUENAVENTURA,PVEM_NUAL_SI_PRC,0,11128,3,116,11247,18207,2006
5,COAHUILA,31,SAN BUENAVENTURA,PVEM_NUAL_SI_PCP,0,11128,3,116,11247,18207,2006
5,COAHUILA,31,SAN BUENAVENTURA,PVEM_NUAL_PJ_PRC,0,11128,3,116,11247,18207,2006
5,COAHUILA,31,SAN BUENAVENTURA,PVEM_NUAL_PJ_PCP,0,11128,3,116,11247,18207,2006
5,COAHUILA,31,SAN BUENAVENTURA,PVEM_NUAL_PRC_PCP,0,11128,3,116,11247,18207,2006
5,COAHUILA,31,SAN BUENAVENTURA,PVEM_SI_PJ_PRC,0,11128,3,116,11247,18207,0
5,COAHUILA,31,SAN BUENAVENTURA,PVEM_SI_PJ_PCP,0,11128,3,116,11247,18207,0
5,COAHUILA,31,SAN BUENAVENTURA,PVEM_SI_PRC_PCP,0,11128,3,116,11247,18207,0
5,COAHUILA,31,SAN BUENAVENTURA,PVEM_PJ_PRC_PCP,0,11128,3,116,11247,18207,0
5,COAHUILA,31,SAN BUENAVENTURA,NUAL_SI_PJ_PRC,0,11128,3,116,11247,18207,2006
5,COAHUILA,31,SAN BUENAVENTURA,NUAL_SI_PJ_PCP,0,11128,3,116,11247,18207,2006
5,COAHUILA,31,SAN BUENAVENTURA,NUAL_SI_PRC_PCP,0,11128,3,116,11247,18207,2006
5,COAHUILA,31,SAN BUENAVENTURA,NUAL_PJ_PRC_PCP,0,11128,3,116,11247,18207,2006
5,COAHUILA,31,SAN BUENAVENTURA,SI_PJ_PRC_PCP,0,11128,3,116,11247,18207,0
5,COAHUILA,31,SAN BUENAVENTURA,PRI_PVEM_NUAL,0,11128,3,116,11247,18207,6644
5,COAHUILA,31,SAN BUENAVENTURA,PRI_PVEM_SI,0,11128,3,116,11247,18207,4638
5,COAHUILA,31,SAN BUENAVENTURA,PRI_PVEM_PJ,0,11128,3,116,11247,18207,4638
5,COAHUILA,31,SAN BUENAVENTURA,PRI_PVEM_PRC,0,11128,3,116,11247,18207,4638
5,COAHUILA,31,SAN BUENAVENTURA,PRI_PVEM_PCP,0,11128,3,116,11247,18207,4638
5,COAHUILA,31,SAN BUENAVENTURA,PRI_NUAL_SI,0,11128,3,116,11247,18207,6644
5,COAHUILA,31,SAN BUENAVENTURA,PRI_NUAL_PJ,0,11128,3,116,11247,18207,6644
5,COAHUILA,31,SAN BUENAVENTURA,PRI_NUAL_PRC,0,11128,3,116,11247,18207,6644
5,COAHUILA,31,SAN BUENAVENTURA,PRI_NUAL_PCP,0,11128,3,116,11247,18207,6644
5,COAHUILA,31,SAN BUENAVENTURA,PRI_SI_PJ,0,11128,3,116,11247,18207,4638
5,COAHUILA,31,SAN BUENAVENTURA,PRI_SI_PRC,0,11128,3,116,11247,18207,4638
5,COAHUILA,31,SAN BUENAVENTURA,PRI_SI_PCP,0,11128,3,116,11247,18207,4638
5,COAHUILA,31,SAN BUENAVENTURA,PRI_PJ_PRC,0,11128,3,116,11247,18207,4638
5,COAHUILA,31,SAN BUENAVENTURA,PRI_PJ_PCP,0,11128,3,116,11247,18207,4638
5,COAHUILA,31,SAN BUENAVENTURA,PRI_PRC_PCP,0,11128,3,116,11247,18207,4638
5,COAHUILA,31,SAN BUENAVENTURA,PVEM_NUAL_SI,0,11128,3,116,11247,18207,2006
5,COAHUILA,31,SAN BUENAVENTURA,PVEM_NUAL_PJ,0,11128,3,116,11247,18207,2006
5,COAHUILA,31,SAN BUENAVENTURA,PVEM_NUAL_PRC,0,11128,3,116,11247,18207,2006
5,COAHUILA,31,SAN BUENAVENTURA,PVEM_NUAL_PCP,0,11128,3,116,11247,18207,2006
5,COAHUILA,31,SAN BUENAVENTURA,PVEM_SI_PJ,0,11128,3,116,11247,18207,0
5,COAHUILA,31,SAN BUENAVENTURA,PVEM_SI_PRC,0,11128,3,116,11247,18207,0
5,COAHUILA,31,SAN BUENAVENTURA,PVEM_SI_PCP,0,11128,3,116,11247,18207,0
5,COAHUILA,31,SAN BUENAVENTURA,PVEM_PJ_PRC,0,11128,3,116,11247,18207,0
5,COAHUILA,31,SAN BUENAVENTURA,PVEM_PJ_PCP,0,11128,3,116,11247,18207,0
5,COAHUILA,31,SAN BUENAVENTURA,PVEM_PRC_PCP,0,11128,3,116,11247,18207,0
5,COAHUILA,31,SAN BUENAVENTURA,NUAL_SI_PJ,0,11128,3,116,11247,18207,2006
5,COAHUILA,31,SAN BUENAVENTURA,NUAL_SI_PRC,0,11128,3,116,11247,18207,2006
5,COAHUILA,31,SAN BUENAVENTURA,NUAL_SI_PCP,0,11128,3,116,11247,18207,2006
5,COAHUILA,31,SAN BUENAVENTURA,NUAL_PJ_PRC,0,11128,3,116,11247,18207,2006
5,COAHUILA,31,SAN BUENAVENTURA,NUAL_PJ_PCP,0,11128,3,116,11247,18207,2006
5,COAHUILA,31,SAN BUENAVENTURA,NUAL_PRC_PCP,0,11128,3,116,11247,18207,2006
5,COAHUILA,31,SAN BUENAVENTURA,SI_PJ_PRC,0,11128,3,116,11247,18207,0
5,COAHUILA,31,SAN BUENAVENTURA,SI_PJ_PCP,0,11128,3,116,11247,18207,0
5,COAHUILA,31,SAN BUENAVENTURA,SI_PRC_PCP,0,11128,3,116,11247,18207,0
5,COAHUILA,31,SAN BUENAVENTURA,PJ_PRC_PCP,0,11128,3,116,11247,18207,0
5,COAHUILA,31,SAN BUENAVENTURA,PRI_PVEM,0,11128,3,116,11247,18207,4638
5,COAHUILA,31,SAN BUENAVENTURA,PRI_NUAL,0,11128,3,116,11247,18207,6644
5,COAHUILA,31,SAN BUENAVENTURA,PRI_SI,0,11128,3,116,11247,18207,4638
5,COAHUILA,31,SAN BUENAVENTURA,PRI_PJ,0,11128,3,116,11247,18207,4638
5,COAHUILA,31,SAN BUENAVENTURA,PRI_PRC,0,11128,3,116,11247,18207,4638
5,COAHUILA,31,SAN BUENAVENTURA,PRI_PCP,0,11128,3,116,11247,18207,4638
5,COAHUILA,31,SAN BUENAVENTURA,PVEM_NUAL,0,11128,3,116,11247,18207,2006
5,COAHUILA,31,SAN BUENAVENTURA,PVEM_SI,0,11128,3,116,11247,18207,0
5,COAHUILA,31,SAN BUENAVENTURA,PVEM_PJ,0,11128,3,116,11247,18207,0
5,COAHUILA,31,SAN BUENAVENTURA,PVEM_PRC,0,11128,3,116,11247,18207,0
5,COAHUILA,31,SAN BUENAVENTURA,PVEM_PCP,0,11128,3,116,11247,18207,0
5,COAHUILA,31,SAN BUENAVENTURA,NUAL_SI,0,11128,3,116,11247,18207,2006
5,COAHUILA,31,SAN BUENAVENTURA,NUAL_PJ,0,11128,3,116,11247,18207,2006
5,COAHUILA,31,SAN BUENAVENTURA,NUAL_PRC,0,11128,3,116,11247,18207,2006
5,COAHUILA,31,SAN BUENAVENTURA,NUAL_PCP,0,11128,3,116,11247,18207,2006
5,COAHUILA,31,SAN BUENAVENTURA,SI_PJ,0,11128,3,116,11247,18207,0
5,COAHUILA,31,SAN BUENAVENTURA,SI_PRC,0,11128,3,116,11247,18207,0
5,COAHUILA,31,SAN BUENAVENTURA,SI_PCP,0,11128,3,116,11247,18207,0
5,COAHUILA,31,SAN BUENAVENTURA,PJ_PRC,0,11128,3,116,11247,18207,0
5,COAHUILA,31,SAN BUENAVENTURA,PJ_PCP,0,11128,3,116,11247,18207,0
5,COAHUILA,31,SAN BUENAVENTURA,PRC_PCP,0,11128,3,116,11247,18207,0
5,COAHUILA,31,SAN BUENAVENTURA,CAND_IND6,NA,11128,3,116,11247,18207,0
5,COAHUILA,31,SAN BUENAVENTURA,CAND_IND7,NA,11128,3,116,11247,18207,0
5,COAHUILA,31,SAN BUENAVENTURA,CAND_IND8,NA,11128,3,116,11247,18207,0
5,COAHUILA,31,SAN BUENAVENTURA,CAND_IND9,NA,11128,3,116,11247,18207,0
5,COAHUILA,31,SAN BUENAVENTURA,CAND_IND10,NA,11128,3,116,11247,18207,0
5,COAHUILA,31,SAN BUENAVENTURA,CAND_IND11,NA,11128,3,116,11247,18207,0
5,COAHUILA,31,SAN BUENAVENTURA,CAND_IND12,NA,11128,3,116,11247,18207,0
5,COAHUILA,31,SAN BUENAVENTURA,CAND_IND13,NA,11128,3,116,11247,18207,0
5,COAHUILA,31,SAN BUENAVENTURA,CAND_IND14,NA,11128,3,116,11247,18207,0
5,COAHUILA,31,SAN BUENAVENTURA,CAND_IND15,NA,11128,3,116,11247,18207,0
5,COAHUILA,31,SAN BUENAVENTURA,CAND_IND16,NA,11128,3,116,11247,18207,0
5,COAHUILA,31,SAN BUENAVENTURA,CAND_IND17,NA,11128,3,116,11247,18207,0
5,COAHUILA,31,SAN BUENAVENTURA,CAND_IND18,NA,11128,3,116,11247,18207,0
5,COAHUILA,31,SAN BUENAVENTURA,CAND_IND19,NA,11128,3,116,11247,18207,0
5,COAHUILA,32,SAN JUAN DE SABINAS,PAN,11609,20699,0,274,20973,35176,11609
5,COAHUILA,32,SAN JUAN DE SABINAS,PRI,6863,20699,0,274,20973,35176,6863
5,COAHUILA,32,SAN JUAN DE SABINAS,PRD,39,20699,0,274,20973,35176,39
5,COAHUILA,32,SAN JUAN DE SABINAS,PT,200,20699,0,274,20973,35176,200
5,COAHUILA,32,SAN JUAN DE SABINAS,PVEM,69,20699,0,274,20973,35176,69
5,COAHUILA,32,SAN JUAN DE SABINAS,UDC,138,20699,0,274,20973,35176,138
5,COAHUILA,32,SAN JUAN DE SABINAS,MC,236,20699,0,274,20973,35176,236
5,COAHUILA,32,SAN JUAN DE SABINAS,NUAL,114,20699,0,274,20973,35176,114
5,COAHUILA,32,SAN JUAN DE SABINAS,SI,43,20699,0,274,20973,35176,43
5,COAHUILA,32,SAN JUAN DE SABINAS,PPC,49,20699,0,274,20973,35176,49
5,COAHUILA,32,SAN JUAN DE SABINAS,PJ,44,20699,0,274,20973,35176,44
5,COAHUILA,32,SAN JUAN DE SABINAS,PRC,11,20699,0,274,20973,35176,11
5,COAHUILA,32,SAN JUAN DE SABINAS,PCP,15,20699,0,274,20973,35176,15
5,COAHUILA,32,SAN JUAN DE SABINAS,MORENA,1100,20699,0,274,20973,35176,1100
5,COAHUILA,32,SAN JUAN DE SABINAS,ES,33,20699,0,274,20973,35176,33
5,COAHUILA,32,SAN JUAN DE SABINAS,PAN_UDC_PPC_ES,33,20699,0,274,20973,35176,11862
5,COAHUILA,32,SAN JUAN DE SABINAS,PAN_UDC_PPC,10,20699,0,274,20973,35176,11806
5,COAHUILA,32,SAN JUAN DE SABINAS,PAN_UDC_ES,7,20699,0,274,20973,35176,11787
5,COAHUILA,32,SAN JUAN DE SABINAS,PAN_PPC_ES,4,20699,0,274,20973,35176,11695
5,COAHUILA,32,SAN JUAN DE SABINAS,UDC_PPC_ES,1,20699,0,274,20973,35176,221
5,COAHUILA,32,SAN JUAN DE SABINAS,PAN_UDC,30,20699,0,274,20973,35176,11777
5,COAHUILA,32,SAN JUAN DE SABINAS,PAN_PPC,5,20699,0,274,20973,35176,11663
5,COAHUILA,32,SAN JUAN DE SABINAS,PAN_ES,9,20699,0,274,20973,35176,11651
5,COAHUILA,32,SAN JUAN DE SABINAS,UDC_PPC,2,20699,0,274,20973,35176,189
5,COAHUILA,32,SAN JUAN DE SABINAS,UDC_ES,0,20699,0,274,20973,35176,171
5,COAHUILA,32,SAN JUAN DE SABINAS,PPC_ES,0,20699,0,274,20973,35176,82
5,COAHUILA,32,SAN JUAN DE SABINAS,PRI_PVEM_NUAL_SI_PJ_PRC_PCP,5,20699,0,274,20973,35176,7164
5,COAHUILA,32,SAN JUAN DE SABINAS,PRI_PVEM_NUAL_SI_PJ_PRC,0,20699,0,274,20973,35176,7144
5,COAHUILA,32,SAN JUAN DE SABINAS,PRI_PVEM_NUAL_SI_PJ_PCP,0,20699,0,274,20973,35176,7148
5,COAHUILA,32,SAN JUAN DE SABINAS,PRI_PVEM_NUAL_SI_PRC_PCP,0,20699,0,274,20973,35176,7115
5,COAHUILA,32,SAN JUAN DE SABINAS,PRI_PVEM_NUAL_PJ_PRC_PCP,0,20699,0,274,20973,35176,7116
5,COAHUILA,32,SAN JUAN DE SABINAS,PRI_PVEM_SI_PJ_PRC_PCP,1,20699,0,274,20973,35176,7046
5,COAHUILA,32,SAN JUAN DE SABINAS,PRI_NUAL_SI_PJ_PRC_PCP,0,20699,0,274,20973,35176,7090
5,COAHUILA,32,SAN JUAN DE SABINAS,PVEM_NUAL_SI_PJ_PRC_PCP,0,20699,0,274,20973,35176,296
5,COAHUILA,32,SAN JUAN DE SABINAS,PRI_PVEM_NUAL_SI_PJ,1,20699,0,274,20973,35176,7134
5,COAHUILA,32,SAN JUAN DE SABINAS,PRI_PVEM_NUAL_SI_PRC,0,20699,0,274,20973,35176,7100
5,COAHUILA,32,SAN JUAN DE SABINAS,PRI_PVEM_NUAL_SI_PCP,0,20699,0,274,20973,35176,7104
5,COAHUILA,32,SAN JUAN DE SABINAS,PRI_PVEM_NUAL_PJ_PRC,0,20699,0,274,20973,35176,7101
5,COAHUILA,32,SAN JUAN DE SABINAS,PRI_PVEM_NUAL_PJ_PCP,0,20699,0,274,20973,35176,7105
5,COAHUILA,32,SAN JUAN DE SABINAS,PRI_PVEM_NUAL_PRC_PCP,0,20699,0,274,20973,35176,7072
5,COAHUILA,32,SAN JUAN DE SABINAS,PRI_PVEM_SI_PJ_PRC,2,20699,0,274,20973,35176,7032
5,COAHUILA,32,SAN JUAN DE SABINAS,PRI_PVEM_SI_PJ_PCP,1,20699,0,274,20973,35176,7035
5,COAHUILA,32,SAN JUAN DE SABINAS,PRI_PVEM_SI_PRC_PCP,0,20699,0,274,20973,35176,7001
5,COAHUILA,32,SAN JUAN DE SABINAS,PRI_PVEM_PJ_PRC_PCP,0,20699,0,274,20973,35176,7002
5,COAHUILA,32,SAN JUAN DE SABINAS,PRI_NUAL_SI_PJ_PRC,0,20699,0,274,20973,35176,7075
5,COAHUILA,32,SAN JUAN DE SABINAS,PRI_NUAL_SI_PJ_PCP,0,20699,0,274,20973,35176,7079
5,COAHUILA,32,SAN JUAN DE SABINAS,PRI_NUAL_SI_PRC_PCP,0,20699,0,274,20973,35176,7046
5,COAHUILA,32,SAN JUAN DE SABINAS,PRI_NUAL_PJ_PRC_PCP,0,20699,0,274,20973,35176,7047
5,COAHUILA,32,SAN JUAN DE SABINAS,PRI_SI_PJ_PRC_PCP,0,20699,0,274,20973,35176,6976
5,COAHUILA,32,SAN JUAN DE SABINAS,PVEM_NUAL_SI_PJ_PRC,0,20699,0,274,20973,35176,281
5,COAHUILA,32,SAN JUAN DE SABINAS,PVEM_NUAL_SI_PJ_PCP,0,20699,0,274,20973,35176,285
5,COAHUILA,32,SAN JUAN DE SABINAS,PVEM_NUAL_SI_PRC_PCP,0,20699,0,274,20973,35176,252
5,COAHUILA,32,SAN JUAN DE SABINAS,PVEM_NUAL_PJ_PRC_PCP,0,20699,0,274,20973,35176,253
5,COAHUILA,32,SAN JUAN DE SABINAS,PVEM_SI_PJ_PRC_PCP,0,20699,0,274,20973,35176,182
5,COAHUILA,32,SAN JUAN DE SABINAS,NUAL_SI_PJ_PRC_PCP,0,20699,0,274,20973,35176,227
5,COAHUILA,32,SAN JUAN DE SABINAS,PRI_PVEM_NUAL_SI,0,20699,0,274,20973,35176,7089
5,COAHUILA,32,SAN JUAN DE SABINAS,PRI_PVEM_NUAL_PJ,1,20699,0,274,20973,35176,7091
5,COAHUILA,32,SAN JUAN DE SABINAS,PRI_PVEM_NUAL_PRC,0,20699,0,274,20973,35176,7057
5,COAHUILA,32,SAN JUAN DE SABINAS,PRI_PVEM_NUAL_PCP,0,20699,0,274,20973,35176,7061
5,COAHUILA,32,SAN JUAN DE SABINAS,PRI_PVEM_SI_PJ,0,20699,0,274,20973,35176,7019
5,COAHUILA,32,SAN JUAN DE SABINAS,PRI_PVEM_SI_PRC,0,20699,0,274,20973,35176,6986
5,COAHUILA,32,SAN JUAN DE SABINAS,PRI_PVEM_SI_PCP,1,20699,0,274,20973,35176,6991
5,COAHUILA,32,SAN JUAN DE SABINAS,PRI_PVEM_PJ_PRC,0,20699,0,274,20973,35176,6987
5,COAHUILA,32,SAN JUAN DE SABINAS,PRI_PVEM_PJ_PCP,0,20699,0,274,20973,35176,6991
5,COAHUILA,32,SAN JUAN DE SABINAS,PRI_PVEM_PRC_PCP,0,20699,0,274,20973,35176,6958
5,COAHUILA,32,SAN JUAN DE SABINAS,PRI_NUAL_SI_PJ,0,20699,0,274,20973,35176,7064
5,COAHUILA,32,SAN JUAN DE SABINAS,PRI_NUAL_SI_PRC,0,20699,0,274,20973,35176,7031
5,COAHUILA,32,SAN JUAN DE SABINAS,PRI_NUAL_SI_PCP,0,20699,0,274,20973,35176,7035
5,COAHUILA,32,SAN JUAN DE SABINAS,PRI_NUAL_PJ_PRC,0,20699,0,274,20973,35176,7032
5,COAHUILA,32,SAN JUAN DE SABINAS,PRI_NUAL_PJ_PCP,0,20699,0,274,20973,35176,7036
5,COAHUILA,32,SAN JUAN DE SABINAS,PRI_NUAL_PRC_PCP,0,20699,0,274,20973,35176,7003
5,COAHUILA,32,SAN JUAN DE SABINAS,PRI_SI_PJ_PRC,1,20699,0,274,20973,35176,6962
5,COAHUILA,32,SAN JUAN DE SABINAS,PRI_SI_PJ_PCP,0,20699,0,274,20973,35176,6965
5,COAHUILA,32,SAN JUAN DE SABINAS,PRI_SI_PRC_PCP,0,20699,0,274,20973,35176,6932
5,COAHUILA,32,SAN JUAN DE SABINAS,PRI_PJ_PRC_PCP,0,20699,0,274,20973,35176,6933
5,COAHUILA,32,SAN JUAN DE SABINAS,PVEM_NUAL_SI_PJ,0,20699,0,274,20973,35176,270
5,COAHUILA,32,SAN JUAN DE SABINAS,PVEM_NUAL_SI_PRC,0,20699,0,274,20973,35176,237
5,COAHUILA,32,SAN JUAN DE SABINAS,PVEM_NUAL_SI_PCP,0,20699,0,274,20973,35176,241
5,COAHUILA,32,SAN JUAN DE SABINAS,PVEM_NUAL_PJ_PRC,0,20699,0,274,20973,35176,238
5,COAHUILA,32,SAN JUAN DE SABINAS,PVEM_NUAL_PJ_PCP,0,20699,0,274,20973,35176,242
5,COAHUILA,32,SAN JUAN DE SABINAS,PVEM_NUAL_PRC_PCP,0,20699,0,274,20973,35176,209
5,COAHUILA,32,SAN JUAN DE SABINAS,PVEM_SI_PJ_PRC,0,20699,0,274,20973,35176,167
5,COAHUILA,32,SAN JUAN DE SABINAS,PVEM_SI_PJ_PCP,0,20699,0,274,20973,35176,171
5,COAHUILA,32,SAN JUAN DE SABINAS,PVEM_SI_PRC_PCP,0,20699,0,274,20973,35176,138
5,COAHUILA,32,SAN JUAN DE SABINAS,PVEM_PJ_PRC_PCP,0,20699,0,274,20973,35176,139
5,COAHUILA,32,SAN JUAN DE SABINAS,NUAL_SI_PJ_PRC,0,20699,0,274,20973,35176,212
5,COAHUILA,32,SAN JUAN DE SABINAS,NUAL_SI_PJ_PCP,0,20699,0,274,20973,35176,216
5,COAHUILA,32,SAN JUAN DE SABINAS,NUAL_SI_PRC_PCP,0,20699,0,274,20973,35176,183
5,COAHUILA,32,SAN JUAN DE SABINAS,NUAL_PJ_PRC_PCP,0,20699,0,274,20973,35176,184
5,COAHUILA,32,SAN JUAN DE SABINAS,SI_PJ_PRC_PCP,0,20699,0,274,20973,35176,113
5,COAHUILA,32,SAN JUAN DE SABINAS,PRI_PVEM_NUAL,2,20699,0,274,20973,35176,7048
5,COAHUILA,32,SAN JUAN DE SABINAS,PRI_PVEM_SI,0,20699,0,274,20973,35176,6975
5,COAHUILA,32,SAN JUAN DE SABINAS,PRI_PVEM_PJ,1,20699,0,274,20973,35176,6977
5,COAHUILA,32,SAN JUAN DE SABINAS,PRI_PVEM_PRC,0,20699,0,274,20973,35176,6943
5,COAHUILA,32,SAN JUAN DE SABINAS,PRI_PVEM_PCP,0,20699,0,274,20973,35176,6947
5,COAHUILA,32,SAN JUAN DE SABINAS,PRI_NUAL_SI,0,20699,0,274,20973,35176,7020
5,COAHUILA,32,SAN JUAN DE SABINAS,PRI_NUAL_PJ,0,20699,0,274,20973,35176,7021
5,COAHUILA,32,SAN JUAN DE SABINAS,PRI_NUAL_PRC,1,20699,0,274,20973,35176,6989
5,COAHUILA,32,SAN JUAN DE SABINAS,PRI_NUAL_PCP,0,20699,0,274,20973,35176,6992
5,COAHUILA,32,SAN JUAN DE SABINAS,PRI_SI_PJ,0,20699,0,274,20973,35176,6950
5,COAHUILA,32,SAN JUAN DE SABINAS,PRI_SI_PRC,0,20699,0,274,20973,35176,6917
5,COAHUILA,32,SAN JUAN DE SABINAS,PRI_SI_PCP,0,20699,0,274,20973,35176,6921
5,COAHUILA,32,SAN JUAN DE SABINAS,PRI_PJ_PRC,0,20699,0,274,20973,35176,6918
5,COAHUILA,32,SAN JUAN DE SABINAS,PRI_PJ_PCP,0,20699,0,274,20973,35176,6922
5,COAHUILA,32,SAN JUAN DE SABINAS,PRI_PRC_PCP,0,20699,0,274,20973,35176,6889
5,COAHUILA,32,SAN JUAN DE SABINAS,PVEM_NUAL_SI,0,20699,0,274,20973,35176,226
5,COAHUILA,32,SAN JUAN DE SABINAS,PVEM_NUAL_PJ,0,20699,0,274,20973,35176,227
5,COAHUILA,32,SAN JUAN DE SABINAS,PVEM_NUAL_PRC,0,20699,0,274,20973,35176,194
5,COAHUILA,32,SAN JUAN DE SABINAS,PVEM_NUAL_PCP,0,20699,0,274,20973,35176,198
5,COAHUILA,32,SAN JUAN DE SABINAS,PVEM_SI_PJ,0,20699,0,274,20973,35176,156
5,COAHUILA,32,SAN JUAN DE SABINAS,PVEM_SI_PRC,0,20699,0,274,20973,35176,123
5,COAHUILA,32,SAN JUAN DE SABINAS,PVEM_SI_PCP,0,20699,0,274,20973,35176,127
5,COAHUILA,32,SAN JUAN DE SABINAS,PVEM_PJ_PRC,0,20699,0,274,20973,35176,124
5,COAHUILA,32,SAN JUAN DE SABINAS,PVEM_PJ_PCP,0,20699,0,274,20973,35176,128
5,COAHUILA,32,SAN JUAN DE SABINAS,PVEM_PRC_PCP,0,20699,0,274,20973,35176,95
5,COAHUILA,32,SAN JUAN DE SABINAS,NUAL_SI_PJ,0,20699,0,274,20973,35176,201
5,COAHUILA,32,SAN JUAN DE SABINAS,NUAL_SI_PRC,0,20699,0,274,20973,35176,168
5,COAHUILA,32,SAN JUAN DE SABINAS,NUAL_SI_PCP,0,20699,0,274,20973,35176,172
5,COAHUILA,32,SAN JUAN DE SABINAS,NUAL_PJ_PRC,0,20699,0,274,20973,35176,169
5,COAHUILA,32,SAN JUAN DE SABINAS,NUAL_PJ_PCP,0,20699,0,274,20973,35176,173
5,COAHUILA,32,SAN JUAN DE SABINAS,NUAL_PRC_PCP,0,20699,0,274,20973,35176,140
5,COAHUILA,32,SAN JUAN DE SABINAS,SI_PJ_PRC,0,20699,0,274,20973,35176,98
5,COAHUILA,32,SAN JUAN DE SABINAS,SI_PJ_PCP,0,20699,0,274,20973,35176,102
5,COAHUILA,32,SAN JUAN DE SABINAS,SI_PRC_PCP,0,20699,0,274,20973,35176,69
5,COAHUILA,32,SAN JUAN DE SABINAS,PJ_PRC_PCP,0,20699,0,274,20973,35176,70
5,COAHUILA,32,SAN JUAN DE SABINAS,PRI_PVEM,6,20699,0,274,20973,35176,6938
5,COAHUILA,32,SAN JUAN DE SABINAS,PRI_NUAL,3,20699,0,274,20973,35176,6980
5,COAHUILA,32,SAN JUAN DE SABINAS,PRI_SI,2,20699,0,274,20973,35176,6908
5,COAHUILA,32,SAN JUAN DE SABINAS,PRI_PJ,3,20699,0,274,20973,35176,6910
5,COAHUILA,32,SAN JUAN DE SABINAS,PRI_PRC,1,20699,0,274,20973,35176,6875
5,COAHUILA,32,SAN JUAN DE SABINAS,PRI_PCP,1,20699,0,274,20973,35176,6879
5,COAHUILA,32,SAN JUAN DE SABINAS,PVEM_NUAL,0,20699,0,274,20973,35176,183
5,COAHUILA,32,SAN JUAN DE SABINAS,PVEM_SI,1,20699,0,274,20973,35176,113
5,COAHUILA,32,SAN JUAN DE SABINAS,PVEM_PJ,1,20699,0,274,20973,35176,114
5,COAHUILA,32,SAN JUAN DE SABINAS,PVEM_PRC,0,20699,0,274,20973,35176,80
5,COAHUILA,32,SAN JUAN DE SABINAS,PVEM_PCP,0,20699,0,274,20973,35176,84
5,COAHUILA,32,SAN JUAN DE SABINAS,NUAL_SI,0,20699,0,274,20973,35176,157
5,COAHUILA,32,SAN JUAN DE SABINAS,NUAL_PJ,0,20699,0,274,20973,35176,158
5,COAHUILA,32,SAN JUAN DE SABINAS,NUAL_PRC,0,20699,0,274,20973,35176,125
5,COAHUILA,32,SAN JUAN DE SABINAS,NUAL_PCP,0,20699,0,274,20973,35176,129
5,COAHUILA,32,SAN JUAN DE SABINAS,SI_PJ,0,20699,0,274,20973,35176,87
5,COAHUILA,32,SAN JUAN DE SABINAS,SI_PRC,0,20699,0,274,20973,35176,54
5,COAHUILA,32,SAN JUAN DE SABINAS,SI_PCP,0,20699,0,274,20973,35176,58
5,COAHUILA,32,SAN JUAN DE SABINAS,PJ_PRC,0,20699,0,274,20973,35176,55
5,COAHUILA,32,SAN JUAN DE SABINAS,PJ_PCP,0,20699,0,274,20973,35176,59
5,COAHUILA,32,SAN JUAN DE SABINAS,PRC_PCP,0,20699,0,274,20973,35176,26
5,COAHUILA,32,SAN JUAN DE SABINAS,CAND_IND6,NA,20699,0,274,20973,35176,0
5,COAHUILA,32,SAN JUAN DE SABINAS,CAND_IND7,NA,20699,0,274,20973,35176,0
5,COAHUILA,32,SAN JUAN DE SABINAS,CAND_IND8,NA,20699,0,274,20973,35176,0
5,COAHUILA,32,SAN JUAN DE SABINAS,CAND_IND9,NA,20699,0,274,20973,35176,0
5,COAHUILA,32,SAN JUAN DE SABINAS,CAND_IND10,NA,20699,0,274,20973,35176,0
5,COAHUILA,32,SAN JUAN DE SABINAS,CAND_IND11,NA,20699,0,274,20973,35176,0
5,COAHUILA,32,SAN JUAN DE SABINAS,CAND_IND12,NA,20699,0,274,20973,35176,0
5,COAHUILA,32,SAN JUAN DE SABINAS,CAND_IND13,NA,20699,0,274,20973,35176,0
5,COAHUILA,32,SAN JUAN DE SABINAS,CAND_IND14,NA,20699,0,274,20973,35176,0
5,COAHUILA,32,SAN JUAN DE SABINAS,CAND_IND15,NA,20699,0,274,20973,35176,0
5,COAHUILA,32,SAN JUAN DE SABINAS,CAND_IND16,NA,20699,0,274,20973,35176,0
5,COAHUILA,32,SAN JUAN DE SABINAS,CAND_IND17,NA,20699,0,274,20973,35176,0
5,COAHUILA,32,SAN JUAN DE SABINAS,CAND_IND18,NA,20699,0,274,20973,35176,0
5,COAHUILA,32,SAN JUAN DE SABINAS,CAND_IND19,NA,20699,0,274,20973,35176,0
5,COAHUILA,33,SAN PEDRO,PAN,11670,45884,16,1240,47140,75444,11670
5,COAHUILA,33,SAN PEDRO,PRI,16177,45884,16,1240,47140,75444,16177
5,COAHUILA,33,SAN PEDRO,PRD,1364,45884,16,1240,47140,75444,1364
5,COAHUILA,33,SAN PEDRO,PT,1021,45884,16,1240,47140,75444,1021
5,COAHUILA,33,SAN PEDRO,PVEM,504,45884,16,1240,47140,75444,504
5,COAHUILA,33,SAN PEDRO,UDC,3345,45884,16,1240,47140,75444,3345
5,COAHUILA,33,SAN PEDRO,MC,4615,45884,16,1240,47140,75444,4615
5,COAHUILA,33,SAN PEDRO,NUAL,644,45884,16,1240,47140,75444,644
5,COAHUILA,33,SAN PEDRO,SI,275,45884,16,1240,47140,75444,275
5,COAHUILA,33,SAN PEDRO,PPC,1400,45884,16,1240,47140,75444,1400
5,COAHUILA,33,SAN PEDRO,PJ,688,45884,16,1240,47140,75444,688
5,COAHUILA,33,SAN PEDRO,PRC,196,45884,16,1240,47140,75444,196
5,COAHUILA,33,SAN PEDRO,PCP,215,45884,16,1240,47140,75444,215
5,COAHUILA,33,SAN PEDRO,MORENA,2632,45884,16,1240,47140,75444,2632
5,COAHUILA,33,SAN PEDRO,ES,511,45884,16,1240,47140,75444,511
5,COAHUILA,33,SAN PEDRO,PAN_UDC_PPC_ES,92,45884,16,1240,47140,75444,17018
5,COAHUILA,33,SAN PEDRO,PAN_UDC_PPC,106,45884,16,1240,47140,75444,16521
5,COAHUILA,33,SAN PEDRO,PAN_UDC_ES,10,45884,16,1240,47140,75444,15536
5,COAHUILA,33,SAN PEDRO,PAN_PPC_ES,7,45884,16,1240,47140,75444,13588
5,COAHUILA,33,SAN PEDRO,UDC_PPC_ES,3,45884,16,1240,47140,75444,5259
5,COAHUILA,33,SAN PEDRO,PAN_UDC,169,45884,16,1240,47140,75444,15184
5,COAHUILA,33,SAN PEDRO,PAN_PPC,56,45884,16,1240,47140,75444,13126
5,COAHUILA,33,SAN PEDRO,PAN_ES,15,45884,16,1240,47140,75444,12196
5,COAHUILA,33,SAN PEDRO,UDC_PPC,20,45884,16,1240,47140,75444,4765
5,COAHUILA,33,SAN PEDRO,UDC_ES,5,45884,16,1240,47140,75444,3861
5,COAHUILA,33,SAN PEDRO,PPC_ES,4,45884,16,1240,47140,75444,1915
5,COAHUILA,33,SAN PEDRO,PRI_PVEM_NUAL_SI_PJ_PRC_PCP,11,45884,16,1240,47140,75444,18710
5,COAHUILA,33,SAN PEDRO,PRI_PVEM_NUAL_SI_PJ_PRC,1,45884,16,1240,47140,75444,18485
5,COAHUILA,33,SAN PEDRO,PRI_PVEM_NUAL_SI_PJ_PCP,0,45884,16,1240,47140,75444,18503
5,COAHUILA,33,SAN PEDRO,PRI_PVEM_NUAL_SI_PRC_PCP,0,45884,16,1240,47140,75444,18011
5,COAHUILA,33,SAN PEDRO,PRI_PVEM_NUAL_PJ_PRC_PCP,0,45884,16,1240,47140,75444,18424
5,COAHUILA,33,SAN PEDRO,PRI_PVEM_SI_PJ_PRC_PCP,1,45884,16,1240,47140,75444,18056
5,COAHUILA,33,SAN PEDRO,PRI_NUAL_SI_PJ_PRC_PCP,2,45884,16,1240,47140,75444,18197
5,COAHUILA,33,SAN PEDRO,PVEM_NUAL_SI_PJ_PRC_PCP,0,45884,16,1240,47140,75444,2522
5,COAHUILA,33,SAN PEDRO,PRI_PVEM_NUAL_SI_PJ,1,45884,16,1240,47140,75444,18289
5,COAHUILA,33,SAN PEDRO,PRI_PVEM_NUAL_SI_PRC,1,45884,16,1240,47140,75444,17797
5,COAHUILA,33,SAN PEDRO,PRI_PVEM_NUAL_SI_PCP,1,45884,16,1240,47140,75444,17816
5,COAHUILA,33,SAN PEDRO,PRI_PVEM_NUAL_PJ_PRC,0,45884,16,1240,47140,75444,18209
5,COAHUILA,33,SAN PEDRO,PRI_PVEM_NUAL_PJ_PCP,0,45884,16,1240,47140,75444,18228
5,COAHUILA,33,SAN PEDRO,PRI_PVEM_NUAL_PRC_PCP,0,45884,16,1240,47140,75444,17736
5,COAHUILA,33,SAN PEDRO,PRI_PVEM_SI_PJ_PRC,0,45884,16,1240,47140,75444,17840
5,COAHUILA,33,SAN PEDRO,PRI_PVEM_SI_PJ_PCP,0,45884,16,1240,47140,75444,17859
5,COAHUILA,33,SAN PEDRO,PRI_PVEM_SI_PRC_PCP,0,45884,16,1240,47140,75444,17367
5,COAHUILA,33,SAN PEDRO,PRI_PVEM_PJ_PRC_PCP,1,45884,16,1240,47140,75444,17781
5,COAHUILA,33,SAN PEDRO,PRI_NUAL_SI_PJ_PRC,0,45884,16,1240,47140,75444,17980
5,COAHUILA,33,SAN PEDRO,PRI_NUAL_SI_PJ_PCP,0,45884,16,1240,47140,75444,17999
5,COAHUILA,33,SAN PEDRO,PRI_NUAL_SI_PRC_PCP,0,45884,16,1240,47140,75444,17507
5,COAHUILA,33,SAN PEDRO,PRI_NUAL_PJ_PRC_PCP,0,45884,16,1240,47140,75444,17920
5,COAHUILA,33,SAN PEDRO,PRI_SI_PJ_PRC_PCP,0,45884,16,1240,47140,75444,17551
5,COAHUILA,33,SAN PEDRO,PVEM_NUAL_SI_PJ_PRC,0,45884,16,1240,47140,75444,2307
5,COAHUILA,33,SAN PEDRO,PVEM_NUAL_SI_PJ_PCP,0,45884,16,1240,47140,75444,2326
5,COAHUILA,33,SAN PEDRO,PVEM_NUAL_SI_PRC_PCP,0,45884,16,1240,47140,75444,1834
5,COAHUILA,33,SAN PEDRO,PVEM_NUAL_PJ_PRC_PCP,0,45884,16,1240,47140,75444,2247
5,COAHUILA,33,SAN PEDRO,PVEM_SI_PJ_PRC_PCP,0,45884,16,1240,47140,75444,1878
5,COAHUILA,33,SAN PEDRO,NUAL_SI_PJ_PRC_PCP,0,45884,16,1240,47140,75444,2018
5,COAHUILA,33,SAN PEDRO,PRI_PVEM_NUAL_SI,4,45884,16,1240,47140,75444,17604
5,COAHUILA,33,SAN PEDRO,PRI_PVEM_NUAL_PJ,0,45884,16,1240,47140,75444,18013
5,COAHUILA,33,SAN PEDRO,PRI_PVEM_NUAL_PRC,0,45884,16,1240,47140,75444,17521
5,COAHUILA,33,SAN PEDRO,PRI_PVEM_NUAL_PCP,1,45884,16,1240,47140,75444,17541
5,COAHUILA,33,SAN PEDRO,PRI_PVEM_SI_PJ,2,45884,16,1240,47140,75444,17646
5,COAHUILA,33,SAN PEDRO,PRI_PVEM_SI_PRC,0,45884,16,1240,47140,75444,17152
5,COAHUILA,33,SAN PEDRO,PRI_PVEM_SI_PCP,0,45884,16,1240,47140,75444,17171
5,COAHUILA,33,SAN PEDRO,PRI_PVEM_PJ_PRC,0,45884,16,1240,47140,75444,17565
5,COAHUILA,33,SAN PEDRO,PRI_PVEM_PJ_PCP,1,45884,16,1240,47140,75444,17585
5,COAHUILA,33,SAN PEDRO,PRI_PVEM_PRC_PCP,0,45884,16,1240,47140,75444,17092
5,COAHUILA,33,SAN PEDRO,PRI_NUAL_SI_PJ,0,45884,16,1240,47140,75444,17784
5,COAHUILA,33,SAN PEDRO,PRI_NUAL_SI_PRC,0,45884,16,1240,47140,75444,17292
5,COAHUILA,33,SAN PEDRO,PRI_NUAL_SI_PCP,0,45884,16,1240,47140,75444,17311
5,COAHUILA,33,SAN PEDRO,PRI_NUAL_PJ_PRC,0,45884,16,1240,47140,75444,17705
5,COAHUILA,33,SAN PEDRO,PRI_NUAL_PJ_PCP,0,45884,16,1240,47140,75444,17724
5,COAHUILA,33,SAN PEDRO,PRI_NUAL_PRC_PCP,0,45884,16,1240,47140,75444,17232
5,COAHUILA,33,SAN PEDRO,PRI_SI_PJ_PRC,2,45884,16,1240,47140,75444,17338
5,COAHUILA,33,SAN PEDRO,PRI_SI_PJ_PCP,0,45884,16,1240,47140,75444,17355
5,COAHUILA,33,SAN PEDRO,PRI_SI_PRC_PCP,0,45884,16,1240,47140,75444,16863
5,COAHUILA,33,SAN PEDRO,PRI_PJ_PRC_PCP,0,45884,16,1240,47140,75444,17276
5,COAHUILA,33,SAN PEDRO,PVEM_NUAL_SI_PJ,0,45884,16,1240,47140,75444,2111
5,COAHUILA,33,SAN PEDRO,PVEM_NUAL_SI_PRC,0,45884,16,1240,47140,75444,1619
5,COAHUILA,33,SAN PEDRO,PVEM_NUAL_SI_PCP,0,45884,16,1240,47140,75444,1638
5,COAHUILA,33,SAN PEDRO,PVEM_NUAL_PJ_PRC,0,45884,16,1240,47140,75444,2032
5,COAHUILA,33,SAN PEDRO,PVEM_NUAL_PJ_PCP,0,45884,16,1240,47140,75444,2051
5,COAHUILA,33,SAN PEDRO,PVEM_NUAL_PRC_PCP,0,45884,16,1240,47140,75444,1559
5,COAHUILA,33,SAN PEDRO,PVEM_SI_PJ_PRC,0,45884,16,1240,47140,75444,1663
5,COAHUILA,33,SAN PEDRO,PVEM_SI_PJ_PCP,0,45884,16,1240,47140,75444,1682
5,COAHUILA,33,SAN PEDRO,PVEM_SI_PRC_PCP,0,45884,16,1240,47140,75444,1190
5,COAHUILA,33,SAN PEDRO,PVEM_PJ_PRC_PCP,0,45884,16,1240,47140,75444,1603
5,COAHUILA,33,SAN PEDRO,NUAL_SI_PJ_PRC,0,45884,16,1240,47140,75444,1803
5,COAHUILA,33,SAN PEDRO,NUAL_SI_PJ_PCP,0,45884,16,1240,47140,75444,1822
5,COAHUILA,33,SAN PEDRO,NUAL_SI_PRC_PCP,0,45884,16,1240,47140,75444,1330
5,COAHUILA,33,SAN PEDRO,NUAL_PJ_PRC_PCP,0,45884,16,1240,47140,75444,1743
5,COAHUILA,33,SAN PEDRO,SI_PJ_PRC_PCP,0,45884,16,1240,47140,75444,1374
5,COAHUILA,33,SAN PEDRO,PRI_PVEM_NUAL,6,45884,16,1240,47140,75444,17331
5,COAHUILA,33,SAN PEDRO,PRI_PVEM_SI,3,45884,16,1240,47140,75444,16959
5,COAHUILA,33,SAN PEDRO,PRI_PVEM_PJ,4,45884,16,1240,47140,75444,17373
5,COAHUILA,33,SAN PEDRO,PRI_PVEM_PRC,1,45884,16,1240,47140,75444,16878
5,COAHUILA,33,SAN PEDRO,PRI_PVEM_PCP,0,45884,16,1240,47140,75444,16896
5,COAHUILA,33,SAN PEDRO,PRI_NUAL_SI,0,45884,16,1240,47140,75444,17096
5,COAHUILA,33,SAN PEDRO,PRI_NUAL_PJ,1,45884,16,1240,47140,75444,17510
5,COAHUILA,33,SAN PEDRO,PRI_NUAL_PRC,2,45884,16,1240,47140,75444,17019
5,COAHUILA,33,SAN PEDRO,PRI_NUAL_PCP,0,45884,16,1240,47140,75444,17036
5,COAHUILA,33,SAN PEDRO,PRI_SI_PJ,3,45884,16,1240,47140,75444,17143
5,COAHUILA,33,SAN PEDRO,PRI_SI_PRC,1,45884,16,1240,47140,75444,16649
5,COAHUILA,33,SAN PEDRO,PRI_SI_PCP,0,45884,16,1240,47140,75444,16667
5,COAHUILA,33,SAN PEDRO,PRI_PJ_PRC,0,45884,16,1240,47140,75444,17061
5,COAHUILA,33,SAN PEDRO,PRI_PJ_PCP,0,45884,16,1240,47140,75444,17080
5,COAHUILA,33,SAN PEDRO,PRI_PRC_PCP,0,45884,16,1240,47140,75444,16588
5,COAHUILA,33,SAN PEDRO,PVEM_NUAL_SI,0,45884,16,1240,47140,75444,1423
5,COAHUILA,33,SAN PEDRO,PVEM_NUAL_PJ,0,45884,16,1240,47140,75444,1836
5,COAHUILA,33,SAN PEDRO,PVEM_NUAL_PRC,0,45884,16,1240,47140,75444,1344
5,COAHUILA,33,SAN PEDRO,PVEM_NUAL_PCP,0,45884,16,1240,47140,75444,1363
5,COAHUILA,33,SAN PEDRO,PVEM_SI_PJ,1,45884,16,1240,47140,75444,1468
5,COAHUILA,33,SAN PEDRO,PVEM_SI_PRC,0,45884,16,1240,47140,75444,975
5,COAHUILA,33,SAN PEDRO,PVEM_SI_PCP,0,45884,16,1240,47140,75444,994
5,COAHUILA,33,SAN PEDRO,PVEM_PJ_PRC,0,45884,16,1240,47140,75444,1388
5,COAHUILA,33,SAN PEDRO,PVEM_PJ_PCP,0,45884,16,1240,47140,75444,1407
5,COAHUILA,33,SAN PEDRO,PVEM_PRC_PCP,0,45884,16,1240,47140,75444,915
5,COAHUILA,33,SAN PEDRO,NUAL_SI_PJ,2,45884,16,1240,47140,75444,1609
5,COAHUILA,33,SAN PEDRO,NUAL_SI_PRC,0,45884,16,1240,47140,75444,1115
5,COAHUILA,33,SAN PEDRO,NUAL_SI_PCP,0,45884,16,1240,47140,75444,1134
5,COAHUILA,33,SAN PEDRO,NUAL_PJ_PRC,0,45884,16,1240,47140,75444,1528
5,COAHUILA,33,SAN PEDRO,NUAL_PJ_PCP,0,45884,16,1240,47140,75444,1547
5,COAHUILA,33,SAN PEDRO,NUAL_PRC_PCP,0,45884,16,1240,47140,75444,1055
5,COAHUILA,33,SAN PEDRO,SI_PJ_PRC,0,45884,16,1240,47140,75444,1159
5,COAHUILA,33,SAN PEDRO,SI_PJ_PCP,0,45884,16,1240,47140,75444,1178
5,COAHUILA,33,SAN PEDRO,SI_PRC_PCP,0,45884,16,1240,47140,75444,686
5,COAHUILA,33,SAN PEDRO,PJ_PRC_PCP,0,45884,16,1240,47140,75444,1099
5,COAHUILA,33,SAN PEDRO,PRI_PVEM,31,45884,16,1240,47140,75444,16712
5,COAHUILA,33,SAN PEDRO,PRI_NUAL,13,45884,16,1240,47140,75444,16834
5,COAHUILA,33,SAN PEDRO,PRI_SI,7,45884,16,1240,47140,75444,16459
5,COAHUILA,33,SAN PEDRO,PRI_PJ,12,45884,16,1240,47140,75444,16877
5,COAHUILA,33,SAN PEDRO,PRI_PRC,4,45884,16,1240,47140,75444,16377
5,COAHUILA,33,SAN PEDRO,PRI_PCP,4,45884,16,1240,47140,75444,16396
5,COAHUILA,33,SAN PEDRO,PVEM_NUAL,2,45884,16,1240,47140,75444,1150
5,COAHUILA,33,SAN PEDRO,PVEM_SI,2,45884,16,1240,47140,75444,781
5,COAHUILA,33,SAN PEDRO,PVEM_PJ,2,45884,16,1240,47140,75444,1194
5,COAHUILA,33,SAN PEDRO,PVEM_PRC,1,45884,16,1240,47140,75444,701
5,COAHUILA,33,SAN PEDRO,PVEM_PCP,0,45884,16,1240,47140,75444,719
5,COAHUILA,33,SAN PEDRO,NUAL_SI,0,45884,16,1240,47140,75444,919
5,COAHUILA,33,SAN PEDRO,NUAL_PJ,2,45884,16,1240,47140,75444,1334
5,COAHUILA,33,SAN PEDRO,NUAL_PRC,3,45884,16,1240,47140,75444,843
5,COAHUILA,33,SAN PEDRO,NUAL_PCP,1,45884,16,1240,47140,75444,860
5,COAHUILA,33,SAN PEDRO,SI_PJ,1,45884,16,1240,47140,75444,964
5,COAHUILA,33,SAN PEDRO,SI_PRC,0,45884,16,1240,47140,75444,471
5,COAHUILA,33,SAN PEDRO,SI_PCP,0,45884,16,1240,47140,75444,490
5,COAHUILA,33,SAN PEDRO,PJ_PRC,0,45884,16,1240,47140,75444,884
5,COAHUILA,33,SAN PEDRO,PJ_PCP,1,45884,16,1240,47140,75444,904
5,COAHUILA,33,SAN PEDRO,PRC_PCP,1,45884,16,1240,47140,75444,412
5,COAHUILA,33,SAN PEDRO,CAND_IND6,NA,45884,16,1240,47140,75444,0
5,COAHUILA,33,SAN PEDRO,CAND_IND7,NA,45884,16,1240,47140,75444,0
5,COAHUILA,33,SAN PEDRO,CAND_IND8,NA,45884,16,1240,47140,75444,0
5,COAHUILA,33,SAN PEDRO,CAND_IND9,NA,45884,16,1240,47140,75444,0
5,COAHUILA,33,SAN PEDRO,CAND_IND10,NA,45884,16,1240,47140,75444,0
5,COAHUILA,33,SAN PEDRO,CAND_IND11,NA,45884,16,1240,47140,75444,0
5,COAHUILA,33,SAN PEDRO,CAND_IND12,NA,45884,16,1240,47140,75444,0
5,COAHUILA,33,SAN PEDRO,CAND_IND13,NA,45884,16,1240,47140,75444,0
5,COAHUILA,33,SAN PEDRO,CAND_IND14,NA,45884,16,1240,47140,75444,0
5,COAHUILA,33,SAN PEDRO,CAND_IND15,NA,45884,16,1240,47140,75444,0
5,COAHUILA,33,SAN PEDRO,CAND_IND16,NA,45884,16,1240,47140,75444,0
5,COAHUILA,33,SAN PEDRO,CAND_IND17,NA,45884,16,1240,47140,75444,0
5,COAHUILA,33,SAN PEDRO,CAND_IND18,NA,45884,16,1240,47140,75444,0
5,COAHUILA,33,SAN PEDRO,CAND_IND19,NA,45884,16,1240,47140,75444,0
5,COAHUILA,34,SIERRA MOJADA,PAN,313,2099,0,31,2130,4140,313
5,COAHUILA,34,SIERRA MOJADA,PRI,803,2099,0,31,2130,4140,803
5,COAHUILA,34,SIERRA MOJADA,PRD,0,2099,0,31,2130,4140,0
5,COAHUILA,34,SIERRA MOJADA,PT,0,2099,0,31,2130,4140,0
5,COAHUILA,34,SIERRA MOJADA,PVEM,4,2099,0,31,2130,4140,4
5,COAHUILA,34,SIERRA MOJADA,UDC,23,2099,0,31,2130,4140,23
5,COAHUILA,34,SIERRA MOJADA,MC,283,2099,0,31,2130,4140,283
5,COAHUILA,34,SIERRA MOJADA,NUAL,1,2099,0,31,2130,4140,1
5,COAHUILA,34,SIERRA MOJADA,SI,0,2099,0,31,2130,4140,0
5,COAHUILA,34,SIERRA MOJADA,PPC,484,2099,0,31,2130,4140,484
5,COAHUILA,34,SIERRA MOJADA,PJ,0,2099,0,31,2130,4140,0
5,COAHUILA,34,SIERRA MOJADA,PRC,4,2099,0,31,2130,4140,4
5,COAHUILA,34,SIERRA MOJADA,PCP,1,2099,0,31,2130,4140,1
5,COAHUILA,34,SIERRA MOJADA,MORENA,133,2099,0,31,2130,4140,133
5,COAHUILA,34,SIERRA MOJADA,ES,3,2099,0,31,2130,4140,3
5,COAHUILA,34,SIERRA MOJADA,PAN_UDC_PPC_ES,6,2099,0,31,2130,4140,829
5,COAHUILA,34,SIERRA MOJADA,PAN_UDC_PPC,1,2099,0,31,2130,4140,821
5,COAHUILA,34,SIERRA MOJADA,PAN_UDC_ES,0,2099,0,31,2130,4140,339
5,COAHUILA,34,SIERRA MOJADA,PAN_PPC_ES,1,2099,0,31,2130,4140,801
5,COAHUILA,34,SIERRA MOJADA,UDC_PPC_ES,0,2099,0,31,2130,4140,510
5,COAHUILA,34,SIERRA MOJADA,PAN_UDC,4,2099,0,31,2130,4140,340
5,COAHUILA,34,SIERRA MOJADA,PAN_PPC,17,2099,0,31,2130,4140,814
5,COAHUILA,34,SIERRA MOJADA,PAN_ES,1,2099,0,31,2130,4140,317
5,COAHUILA,34,SIERRA MOJADA,UDC_PPC,3,2099,0,31,2130,4140,510
5,COAHUILA,34,SIERRA MOJADA,UDC_ES,0,2099,0,31,2130,4140,26
5,COAHUILA,34,SIERRA MOJADA,PPC_ES,0,2099,0,31,2130,4140,487
5,COAHUILA,34,SIERRA MOJADA,PRI_PVEM_NUAL_SI_PJ_PRC_PCP,3,2099,0,31,2130,4140,816
5,COAHUILA,34,SIERRA MOJADA,PRI_PVEM_NUAL_SI_PJ_PRC,0,2099,0,31,2130,4140,812
5,COAHUILA,34,SIERRA MOJADA,PRI_PVEM_NUAL_SI_PJ_PCP,0,2099,0,31,2130,4140,809
5,COAHUILA,34,SIERRA MOJADA,PRI_PVEM_NUAL_SI_PRC_PCP,0,2099,0,31,2130,4140,813
5,COAHUILA,34,SIERRA MOJADA,PRI_PVEM_NUAL_PJ_PRC_PCP,0,2099,0,31,2130,4140,813
5,COAHUILA,34,SIERRA MOJADA,PRI_PVEM_SI_PJ_PRC_PCP,0,2099,0,31,2130,4140,812
5,COAHUILA,34,SIERRA MOJADA,PRI_NUAL_SI_PJ_PRC_PCP,0,2099,0,31,2130,4140,809
5,COAHUILA,34,SIERRA MOJADA,PVEM_NUAL_SI_PJ_PRC_PCP,0,2099,0,31,2130,4140,10
5,COAHUILA,34,SIERRA MOJADA,PRI_PVEM_NUAL_SI_PJ,1,2099,0,31,2130,4140,809
5,COAHUILA,34,SIERRA MOJADA,PRI_PVEM_NUAL_SI_PRC,1,2099,0,31,2130,4140,813
5,COAHUILA,34,SIERRA MOJADA,PRI_PVEM_NUAL_SI_PCP,1,2099,0,31,2130,4140,810
5,COAHUILA,34,SIERRA MOJADA,PRI_PVEM_NUAL_PJ_PRC,0,2099,0,31,2130,4140,812
5,COAHUILA,34,SIERRA MOJADA,PRI_PVEM_NUAL_PJ_PCP,0,2099,0,31,2130,4140,809
5,COAHUILA,34,SIERRA MOJADA,PRI_PVEM_NUAL_PRC_PCP,0,2099,0,31,2130,4140,813
5,COAHUILA,34,SIERRA MOJADA,PRI_PVEM_SI_PJ_PRC,0,2099,0,31,2130,4140,811
5,COAHUILA,34,SIERRA MOJADA,PRI_PVEM_SI_PJ_PCP,0,2099,0,31,2130,4140,808
5,COAHUILA,34,SIERRA MOJADA,PRI_PVEM_SI_PRC_PCP,0,2099,0,31,2130,4140,812
5,COAHUILA,34,SIERRA MOJADA,PRI_PVEM_PJ_PRC_PCP,0,2099,0,31,2130,4140,812
5,COAHUILA,34,SIERRA MOJADA,PRI_NUAL_SI_PJ_PRC,0,2099,0,31,2130,4140,808
5,COAHUILA,34,SIERRA MOJADA,PRI_NUAL_SI_PJ_PCP,0,2099,0,31,2130,4140,805
5,COAHUILA,34,SIERRA MOJADA,PRI_NUAL_SI_PRC_PCP,0,2099,0,31,2130,4140,809
5,COAHUILA,34,SIERRA MOJADA,PRI_NUAL_PJ_PRC_PCP,0,2099,0,31,2130,4140,809
5,COAHUILA,34,SIERRA MOJADA,PRI_SI_PJ_PRC_PCP,0,2099,0,31,2130,4140,808
5,COAHUILA,34,SIERRA MOJADA,PVEM_NUAL_SI_PJ_PRC,0,2099,0,31,2130,4140,9
5,COAHUILA,34,SIERRA MOJADA,PVEM_NUAL_SI_PJ_PCP,0,2099,0,31,2130,4140,6
5,COAHUILA,34,SIERRA MOJADA,PVEM_NUAL_SI_PRC_PCP,0,2099,0,31,2130,4140,10
5,COAHUILA,34,SIERRA MOJADA,PVEM_NUAL_PJ_PRC_PCP,0,2099,0,31,2130,4140,10
5,COAHUILA,34,SIERRA MOJADA,PVEM_SI_PJ_PRC_PCP,0,2099,0,31,2130,4140,9
5,COAHUILA,34,SIERRA MOJADA,NUAL_SI_PJ_PRC_PCP,0,2099,0,31,2130,4140,6
5,COAHUILA,34,SIERRA MOJADA,PRI_PVEM_NUAL_SI,0,2099,0,31,2130,4140,808
5,COAHUILA,34,SIERRA MOJADA,PRI_PVEM_NUAL_PJ,0,2099,0,31,2130,4140,808
5,COAHUILA,34,SIERRA MOJADA,PRI_PVEM_NUAL_PRC,0,2099,0,31,2130,4140,812
5,COAHUILA,34,SIERRA MOJADA,PRI_PVEM_NUAL_PCP,0,2099,0,31,2130,4140,809
5,COAHUILA,34,SIERRA MOJADA,PRI_PVEM_SI_PJ,0,2099,0,31,2130,4140,807
5,COAHUILA,34,SIERRA MOJADA,PRI_PVEM_SI_PRC,0,2099,0,31,2130,4140,811
5,COAHUILA,34,SIERRA MOJADA,PRI_PVEM_SI_PCP,0,2099,0,31,2130,4140,808
5,COAHUILA,34,SIERRA MOJADA,PRI_PVEM_PJ_PRC,0,2099,0,31,2130,4140,811
5,COAHUILA,34,SIERRA MOJADA,PRI_PVEM_PJ_PCP,0,2099,0,31,2130,4140,808
5,COAHUILA,34,SIERRA MOJADA,PRI_PVEM_PRC_PCP,0,2099,0,31,2130,4140,812
5,COAHUILA,34,SIERRA MOJADA,PRI_NUAL_SI_PJ,0,2099,0,31,2130,4140,804
5,COAHUILA,34,SIERRA MOJADA,PRI_NUAL_SI_PRC,0,2099,0,31,2130,4140,808
5,COAHUILA,34,SIERRA MOJADA,PRI_NUAL_SI_PCP,0,2099,0,31,2130,4140,805
5,COAHUILA,34,SIERRA MOJADA,PRI_NUAL_PJ_PRC,0,2099,0,31,2130,4140,808
5,COAHUILA,34,SIERRA MOJADA,PRI_NUAL_PJ_PCP,1,2099,0,31,2130,4140,806
5,COAHUILA,34,SIERRA MOJADA,PRI_NUAL_PRC_PCP,0,2099,0,31,2130,4140,809
5,COAHUILA,34,SIERRA MOJADA,PRI_SI_PJ_PRC,0,2099,0,31,2130,4140,807
5,COAHUILA,34,SIERRA MOJADA,PRI_SI_PJ_PCP,0,2099,0,31,2130,4140,804
5,COAHUILA,34,SIERRA MOJADA,PRI_SI_PRC_PCP,0,2099,0,31,2130,4140,808
5,COAHUILA,34,SIERRA MOJADA,PRI_PJ_PRC_PCP,0,2099,0,31,2130,4140,808
5,COAHUILA,34,SIERRA MOJADA,PVEM_NUAL_SI_PJ,0,2099,0,31,2130,4140,5
5,COAHUILA,34,SIERRA MOJADA,PVEM_NUAL_SI_PRC,0,2099,0,31,2130,4140,9
5,COAHUILA,34,SIERRA MOJADA,PVEM_NUAL_SI_PCP,0,2099,0,31,2130,4140,6
5,COAHUILA,34,SIERRA MOJADA,PVEM_NUAL_PJ_PRC,0,2099,0,31,2130,4140,9
5,COAHUILA,34,SIERRA MOJADA,PVEM_NUAL_PJ_PCP,0,2099,0,31,2130,4140,6
5,COAHUILA,34,SIERRA MOJADA,PVEM_NUAL_PRC_PCP,0,2099,0,31,2130,4140,10
5,COAHUILA,34,SIERRA MOJADA,PVEM_SI_PJ_PRC,0,2099,0,31,2130,4140,8
5,COAHUILA,34,SIERRA MOJADA,PVEM_SI_PJ_PCP,0,2099,0,31,2130,4140,5
5,COAHUILA,34,SIERRA MOJADA,PVEM_SI_PRC_PCP,0,2099,0,31,2130,4140,9
5,COAHUILA,34,SIERRA MOJADA,PVEM_PJ_PRC_PCP,0,2099,0,31,2130,4140,9
5,COAHUILA,34,SIERRA MOJADA,NUAL_SI_PJ_PRC,0,2099,0,31,2130,4140,5
5,COAHUILA,34,SIERRA MOJADA,NUAL_SI_PJ_PCP,0,2099,0,31,2130,4140,2
5,COAHUILA,34,SIERRA MOJADA,NUAL_SI_PRC_PCP,0,2099,0,31,2130,4140,6
5,COAHUILA,34,SIERRA MOJADA,NUAL_PJ_PRC_PCP,0,2099,0,31,2130,4140,6
5,COAHUILA,34,SIERRA MOJADA,SI_PJ_PRC_PCP,0,2099,0,31,2130,4140,5
5,COAHUILA,34,SIERRA MOJADA,PRI_PVEM_NUAL,0,2099,0,31,2130,4140,808
5,COAHUILA,34,SIERRA MOJADA,PRI_PVEM_SI,0,2099,0,31,2130,4140,807
5,COAHUILA,34,SIERRA MOJADA,PRI_PVEM_PJ,0,2099,0,31,2130,4140,807
5,COAHUILA,34,SIERRA MOJADA,PRI_PVEM_PRC,0,2099,0,31,2130,4140,811
5,COAHUILA,34,SIERRA MOJADA,PRI_PVEM_PCP,0,2099,0,31,2130,4140,808
5,COAHUILA,34,SIERRA MOJADA,PRI_NUAL_SI,0,2099,0,31,2130,4140,804
5,COAHUILA,34,SIERRA MOJADA,PRI_NUAL_PJ,0,2099,0,31,2130,4140,804
5,COAHUILA,34,SIERRA MOJADA,PRI_NUAL_PRC,0,2099,0,31,2130,4140,808
5,COAHUILA,34,SIERRA MOJADA,PRI_NUAL_PCP,0,2099,0,31,2130,4140,805
5,COAHUILA,34,SIERRA MOJADA,PRI_SI_PJ,0,2099,0,31,2130,4140,803
5,COAHUILA,34,SIERRA MOJADA,PRI_SI_PRC,0,2099,0,31,2130,4140,807
5,COAHUILA,34,SIERRA MOJADA,PRI_SI_PCP,0,2099,0,31,2130,4140,804
5,COAHUILA,34,SIERRA MOJADA,PRI_PJ_PRC,0,2099,0,31,2130,4140,807
5,COAHUILA,34,SIERRA MOJADA,PRI_PJ_PCP,0,2099,0,31,2130,4140,804
5,COAHUILA,34,SIERRA MOJADA,PRI_PRC_PCP,1,2099,0,31,2130,4140,809
5,COAHUILA,34,SIERRA MOJADA,PVEM_NUAL_SI,0,2099,0,31,2130,4140,5
5,COAHUILA,34,SIERRA MOJADA,PVEM_NUAL_PJ,0,2099,0,31,2130,4140,5
5,COAHUILA,34,SIERRA MOJADA,PVEM_NUAL_PRC,0,2099,0,31,2130,4140,9
5,COAHUILA,34,SIERRA MOJADA,PVEM_NUAL_PCP,0,2099,0,31,2130,4140,6
5,COAHUILA,34,SIERRA MOJADA,PVEM_SI_PJ,0,2099,0,31,2130,4140,4
5,COAHUILA,34,SIERRA MOJADA,PVEM_SI_PRC,0,2099,0,31,2130,4140,8
5,COAHUILA,34,SIERRA MOJADA,PVEM_SI_PCP,0,2099,0,31,2130,4140,5
5,COAHUILA,34,SIERRA MOJADA,PVEM_PJ_PRC,0,2099,0,31,2130,4140,8
5,COAHUILA,34,SIERRA MOJADA,PVEM_PJ_PCP,0,2099,0,31,2130,4140,5
5,COAHUILA,34,SIERRA MOJADA,PVEM_PRC_PCP,0,2099,0,31,2130,4140,9
5,COAHUILA,34,SIERRA MOJADA,NUAL_SI_PJ,0,2099,0,31,2130,4140,1
5,COAHUILA,34,SIERRA MOJADA,NUAL_SI_PRC,0,2099,0,31,2130,4140,5
5,COAHUILA,34,SIERRA MOJADA,NUAL_SI_PCP,0,2099,0,31,2130,4140,2
5,COAHUILA,34,SIERRA MOJADA,NUAL_PJ_PRC,0,2099,0,31,2130,4140,5
5,COAHUILA,34,SIERRA MOJADA,NUAL_PJ_PCP,0,2099,0,31,2130,4140,2
5,COAHUILA,34,SIERRA MOJADA,NUAL_PRC_PCP,0,2099,0,31,2130,4140,6
5,COAHUILA,34,SIERRA MOJADA,SI_PJ_PRC,0,2099,0,31,2130,4140,4
5,COAHUILA,34,SIERRA MOJADA,SI_PJ_PCP,0,2099,0,31,2130,4140,1
5,COAHUILA,34,SIERRA MOJADA,SI_PRC_PCP,0,2099,0,31,2130,4140,5
5,COAHUILA,34,SIERRA MOJADA,PJ_PRC_PCP,0,2099,0,31,2130,4140,5
5,COAHUILA,34,SIERRA MOJADA,PRI_PVEM,2,2099,0,31,2130,4140,809
5,COAHUILA,34,SIERRA MOJADA,PRI_NUAL,1,2099,0,31,2130,4140,805
5,COAHUILA,34,SIERRA MOJADA,PRI_SI,1,2099,0,31,2130,4140,804
5,COAHUILA,34,SIERRA MOJADA,PRI_PJ,2,2099,0,31,2130,4140,805
5,COAHUILA,34,SIERRA MOJADA,PRI_PRC,0,2099,0,31,2130,4140,807
5,COAHUILA,34,SIERRA MOJADA,PRI_PCP,0,2099,0,31,2130,4140,804
5,COAHUILA,34,SIERRA MOJADA,PVEM_NUAL,0,2099,0,31,2130,4140,5
5,COAHUILA,34,SIERRA MOJADA,PVEM_SI,0,2099,0,31,2130,4140,4
5,COAHUILA,34,SIERRA MOJADA,PVEM_PJ,0,2099,0,31,2130,4140,4
5,COAHUILA,34,SIERRA MOJADA,PVEM_PRC,0,2099,0,31,2130,4140,8
5,COAHUILA,34,SIERRA MOJADA,PVEM_PCP,0,2099,0,31,2130,4140,5
5,COAHUILA,34,SIERRA MOJADA,NUAL_SI,0,2099,0,31,2130,4140,1
5,COAHUILA,34,SIERRA MOJADA,NUAL_PJ,0,2099,0,31,2130,4140,1
5,COAHUILA,34,SIERRA MOJADA,NUAL_PRC,0,2099,0,31,2130,4140,5
5,COAHUILA,34,SIERRA MOJADA,NUAL_PCP,0,2099,0,31,2130,4140,2
5,COAHUILA,34,SIERRA MOJADA,SI_PJ,0,2099,0,31,2130,4140,0
5,COAHUILA,34,SIERRA MOJADA,SI_PRC,0,2099,0,31,2130,4140,4
5,COAHUILA,34,SIERRA MOJADA,SI_PCP,0,2099,0,31,2130,4140,1
5,COAHUILA,34,SIERRA MOJADA,PJ_PRC,0,2099,0,31,2130,4140,4
5,COAHUILA,34,SIERRA MOJADA,PJ_PCP,0,2099,0,31,2130,4140,1
5,COAHUILA,34,SIERRA MOJADA,PRC_PCP,0,2099,0,31,2130,4140,5
5,COAHUILA,34,SIERRA MOJADA,CAND_IND6,NA,2099,0,31,2130,4140,0
5,COAHUILA,34,SIERRA MOJADA,CAND_IND7,NA,2099,0,31,2130,4140,0
5,COAHUILA,34,SIERRA MOJADA,CAND_IND8,NA,2099,0,31,2130,4140,0
5,COAHUILA,34,SIERRA MOJADA,CAND_IND9,NA,2099,0,31,2130,4140,0
5,COAHUILA,34,SIERRA MOJADA,CAND_IND10,NA,2099,0,31,2130,4140,0
5,COAHUILA,34,SIERRA MOJADA,CAND_IND11,NA,2099,0,31,2130,4140,0
5,COAHUILA,34,SIERRA MOJADA,CAND_IND12,NA,2099,0,31,2130,4140,0
5,COAHUILA,34,SIERRA MOJADA,CAND_IND13,NA,2099,0,31,2130,4140,0
5,COAHUILA,34,SIERRA MOJADA,CAND_IND14,NA,2099,0,31,2130,4140,0
5,COAHUILA,34,SIERRA MOJADA,CAND_IND15,NA,2099,0,31,2130,4140,0
5,COAHUILA,34,SIERRA MOJADA,CAND_IND16,NA,2099,0,31,2130,4140,0
5,COAHUILA,34,SIERRA MOJADA,CAND_IND17,NA,2099,0,31,2130,4140,0
5,COAHUILA,34,SIERRA MOJADA,CAND_IND18,NA,2099,0,31,2130,4140,0
5,COAHUILA,34,SIERRA MOJADA,CAND_IND19,NA,2099,0,31,2130,4140,0
5,COAHUILA,35,TORREON,PAN,133619,291194,104,4249,295547,509526,133619
5,COAHUILA,35,TORREON,PRI,98218,291194,104,4249,295547,509526,98218
5,COAHUILA,35,TORREON,PRD,7994,291194,104,4249,295547,509526,7994
5,COAHUILA,35,TORREON,PT,4013,291194,104,4249,295547,509526,4013
5,COAHUILA,35,TORREON,PVEM,5033,291194,104,4249,295547,509526,5033
5,COAHUILA,35,TORREON,UDC,795,291194,104,4249,295547,509526,795
5,COAHUILA,35,TORREON,MC,1868,291194,104,4249,295547,509526,1868
5,COAHUILA,35,TORREON,NUAL,3139,291194,104,4249,295547,509526,3139
5,COAHUILA,35,TORREON,SI,1698,291194,104,4249,295547,509526,1698
5,COAHUILA,35,TORREON,PPC,1575,291194,104,4249,295547,509526,1575
5,COAHUILA,35,TORREON,PJ,1148,291194,104,4249,295547,509526,1148
5,COAHUILA,35,TORREON,PRC,1069,291194,104,4249,295547,509526,1069
5,COAHUILA,35,TORREON,PCP,376,291194,104,4249,295547,509526,376
5,COAHUILA,35,TORREON,MORENA,27493,291194,104,4249,295547,509526,27493
5,COAHUILA,35,TORREON,ES,1399,291194,104,4249,295547,509526,1399
5,COAHUILA,35,TORREON,PAN_UDC_PPC_ES,432,291194,104,4249,295547,509526,137820
5,COAHUILA,35,TORREON,PAN_UDC_PPC,139,291194,104,4249,295547,509526,136128
5,COAHUILA,35,TORREON,PAN_UDC_ES,49,291194,104,4249,295547,509526,135862
5,COAHUILA,35,TORREON,PAN_PPC_ES,50,291194,104,4249,295547,509526,136643
5,COAHUILA,35,TORREON,UDC_PPC_ES,1,291194,104,4249,295547,509526,3770
5,COAHUILA,35,TORREON,PAN_UDC,110,291194,104,4249,295547,509526,134524
5,COAHUILA,35,TORREON,PAN_PPC,67,291194,104,4249,295547,509526,135261
5,COAHUILA,35,TORREON,PAN_ES,80,291194,104,4249,295547,509526,135098
5,COAHUILA,35,TORREON,UDC_PPC,7,291194,104,4249,295547,509526,2377
5,COAHUILA,35,TORREON,UDC_ES,5,291194,104,4249,295547,509526,2199
5,COAHUILA,35,TORREON,PPC_ES,0,291194,104,4249,295547,509526,2974
5,COAHUILA,35,TORREON,PRI_PVEM_NUAL_SI_PJ_PRC_PCP,122,291194,104,4249,295547,509526,110803
5,COAHUILA,35,TORREON,PRI_PVEM_NUAL_SI_PJ_PRC,6,291194,104,4249,295547,509526,110311
5,COAHUILA,35,TORREON,PRI_PVEM_NUAL_SI_PJ_PCP,6,291194,104,4249,295547,509526,109618
5,COAHUILA,35,TORREON,PRI_PVEM_NUAL_SI_PRC_PCP,15,291194,104,4249,295547,509526,109548
5,COAHUILA,35,TORREON,PRI_PVEM_NUAL_PJ_PRC_PCP,2,291194,104,4249,295547,509526,108985
5,COAHUILA,35,TORREON,PRI_PVEM_SI_PJ_PRC_PCP,4,291194,104,4249,295547,509526,107546
5,COAHUILA,35,TORREON,PRI_NUAL_SI_PJ_PRC_PCP,4,291194,104,4249,295547,509526,105652
5,COAHUILA,35,TORREON,PVEM_NUAL_SI_PJ_PRC_PCP,2,291194,104,4249,295547,509526,12465
5,COAHUILA,35,TORREON,PRI_PVEM_NUAL_SI_PJ,1,291194,104,4249,295547,509526,109237
5,COAHUILA,35,TORREON,PRI_PVEM_NUAL_SI_PRC,4,291194,104,4249,295547,509526,109161
5,COAHUILA,35,TORREON,PRI_PVEM_NUAL_SI_PCP,1,291194,104,4249,295547,509526,108465
5,COAHUILA,35,TORREON,PRI_PVEM_NUAL_PJ_PRC,2,291194,104,4249,295547,509526,108609
5,COAHUILA,35,TORREON,PRI_PVEM_NUAL_PJ_PCP,0,291194,104,4249,295547,509526,107914
5,COAHUILA,35,TORREON,PRI_PVEM_NUAL_PRC_PCP,1,291194,104,4249,295547,509526,107836
5,COAHUILA,35,TORREON,PRI_PVEM_SI_PJ_PRC,3,291194,104,4249,295547,509526,107169
5,COAHUILA,35,TORREON,PRI_PVEM_SI_PJ_PCP,1,291194,104,4249,295547,509526,106474
5,COAHUILA,35,TORREON,PRI_PVEM_SI_PRC_PCP,1,291194,104,4249,295547,509526,106395
5,COAHUILA,35,TORREON,PRI_PVEM_PJ_PRC_PCP,3,291194,104,4249,295547,509526,105847
5,COAHUILA,35,TORREON,PRI_NUAL_SI_PJ_PRC,0,291194,104,4249,295547,509526,105272
5,COAHUILA,35,TORREON,PRI_NUAL_SI_PJ_PCP,2,291194,104,4249,295547,509526,104581
5,COAHUILA,35,TORREON,PRI_NUAL_SI_PRC_PCP,1,291194,104,4249,295547,509526,104501
5,COAHUILA,35,TORREON,PRI_NUAL_PJ_PRC_PCP,0,291194,104,4249,295547,509526,103950
5,COAHUILA,35,TORREON,PRI_SI_PJ_PRC_PCP,0,291194,104,4249,295547,509526,102509
5,COAHUILA,35,TORREON,PVEM_NUAL_SI_PJ_PRC,0,291194,104,4249,295547,509526,12087
5,COAHUILA,35,TORREON,PVEM_NUAL_SI_PJ_PCP,0,291194,104,4249,295547,509526,11394
5,COAHUILA,35,TORREON,PVEM_NUAL_SI_PRC_PCP,0,291194,104,4249,295547,509526,11315
5,COAHUILA,35,TORREON,PVEM_NUAL_PJ_PRC_PCP,0,291194,104,4249,295547,509526,10765
5,COAHUILA,35,TORREON,PVEM_SI_PJ_PRC_PCP,1,291194,104,4249,295547,509526,9325
5,COAHUILA,35,TORREON,NUAL_SI_PJ_PRC_PCP,0,291194,104,4249,295547,509526,7430
5,COAHUILA,35,TORREON,PRI_PVEM_NUAL_SI,10,291194,104,4249,295547,509526,108098
5,COAHUILA,35,TORREON,PRI_PVEM_NUAL_PJ,2,291194,104,4249,295547,509526,107540
5,COAHUILA,35,TORREON,PRI_PVEM_NUAL_PRC,3,291194,104,4249,295547,509526,107462
5,COAHUILA,35,TORREON,PRI_PVEM_NUAL_PCP,1,291194,104,4249,295547,509526,106767
5,COAHUILA,35,TORREON,PRI_PVEM_SI_PJ,3,291194,104,4249,295547,509526,106100
5,COAHUILA,35,TORREON,PRI_PVEM_SI_PRC,0,291194,104,4249,295547,509526,106018
5,COAHUILA,35,TORREON,PRI_PVEM_SI_PCP,2,291194,104,4249,295547,509526,105327
5,COAHUILA,35,TORREON,PRI_PVEM_PJ_PRC,1,291194,104,4249,295547,509526,105469
5,COAHUILA,35,TORREON,PRI_PVEM_PJ_PCP,0,291194,104,4249,295547,509526,104775
5,COAHUILA,35,TORREON,PRI_PVEM_PRC_PCP,1,291194,104,4249,295547,509526,104697
5,COAHUILA,35,TORREON,PRI_NUAL_SI_PJ,0,291194,104,4249,295547,509526,104203
5,COAHUILA,35,TORREON,PRI_NUAL_SI_PRC,1,291194,104,4249,295547,509526,104125
5,COAHUILA,35,TORREON,PRI_NUAL_SI_PCP,2,291194,104,4249,295547,509526,103433
5,COAHUILA,35,TORREON,PRI_NUAL_PJ_PRC,0,291194,104,4249,295547,509526,103574
5,COAHUILA,35,TORREON,PRI_NUAL_PJ_PCP,1,291194,104,4249,295547,509526,102882
5,COAHUILA,35,TORREON,PRI_NUAL_PRC_PCP,1,291194,104,4249,295547,509526,102803
5,COAHUILA,35,TORREON,PRI_SI_PJ_PRC,1,291194,104,4249,295547,509526,102134
5,COAHUILA,35,TORREON,PRI_SI_PJ_PCP,0,291194,104,4249,295547,509526,101440
5,COAHUILA,35,TORREON,PRI_SI_PRC_PCP,1,291194,104,4249,295547,509526,101362
5,COAHUILA,35,TORREON,PRI_PJ_PRC_PCP,0,291194,104,4249,295547,509526,100811
5,COAHUILA,35,TORREON,PVEM_NUAL_SI_PJ,0,291194,104,4249,295547,509526,11018
5,COAHUILA,35,TORREON,PVEM_NUAL_SI_PRC,0,291194,104,4249,295547,509526,10939
5,COAHUILA,35,TORREON,PVEM_NUAL_SI_PCP,0,291194,104,4249,295547,509526,10246
5,COAHUILA,35,TORREON,PVEM_NUAL_PJ_PRC,0,291194,104,4249,295547,509526,10389
5,COAHUILA,35,TORREON,PVEM_NUAL_PJ_PCP,0,291194,104,4249,295547,509526,9696
5,COAHUILA,35,TORREON,PVEM_NUAL_PRC_PCP,0,291194,104,4249,295547,509526,9617
5,COAHUILA,35,TORREON,PVEM_SI_PJ_PRC,1,291194,104,4249,295547,509526,8949
5,COAHUILA,35,TORREON,PVEM_SI_PJ_PCP,0,291194,104,4249,295547,509526,8255
5,COAHUILA,35,TORREON,PVEM_SI_PRC_PCP,0,291194,104,4249,295547,509526,8176
5,COAHUILA,35,TORREON,PVEM_PJ_PRC_PCP,0,291194,104,4249,295547,509526,7626
5,COAHUILA,35,TORREON,NUAL_SI_PJ_PRC,0,291194,104,4249,295547,509526,7054
5,COAHUILA,35,TORREON,NUAL_SI_PJ_PCP,0,291194,104,4249,295547,509526,6361
5,COAHUILA,35,TORREON,NUAL_SI_PRC_PCP,0,291194,104,4249,295547,509526,6282
5,COAHUILA,35,TORREON,NUAL_PJ_PRC_PCP,0,291194,104,4249,295547,509526,5732
5,COAHUILA,35,TORREON,SI_PJ_PRC_PCP,0,291194,104,4249,295547,509526,4291
5,COAHUILA,35,TORREON,PRI_PVEM_NUAL,43,291194,104,4249,295547,509526,106433
5,COAHUILA,35,TORREON,PRI_PVEM_SI,10,291194,104,4249,295547,509526,104959
5,COAHUILA,35,TORREON,PRI_PVEM_PJ,10,291194,104,4249,295547,509526,104409
5,COAHUILA,35,TORREON,PRI_PVEM_PRC,7,291194,104,4249,295547,509526,104327
5,COAHUILA,35,TORREON,PRI_PVEM_PCP,5,291194,104,4249,295547,509526,103632
5,COAHUILA,35,TORREON,PRI_NUAL_SI,5,291194,104,4249,295547,509526,103060
5,COAHUILA,35,TORREON,PRI_NUAL_PJ,2,291194,104,4249,295547,509526,102507
5,COAHUILA,35,TORREON,PRI_NUAL_PRC,16,291194,104,4249,295547,509526,102442
5,COAHUILA,35,TORREON,PRI_NUAL_PCP,2,291194,104,4249,295547,509526,101735
5,COAHUILA,35,TORREON,PRI_SI_PJ,1,291194,104,4249,295547,509526,101065
5,COAHUILA,35,TORREON,PRI_SI_PRC,2,291194,104,4249,295547,509526,100987
5,COAHUILA,35,TORREON,PRI_SI_PCP,0,291194,104,4249,295547,509526,100292
5,COAHUILA,35,TORREON,PRI_PJ_PRC,3,291194,104,4249,295547,509526,100438
5,COAHUILA,35,TORREON,PRI_PJ_PCP,0,291194,104,4249,295547,509526,99742
5,COAHUILA,35,TORREON,PRI_PRC_PCP,2,291194,104,4249,295547,509526,99665
5,COAHUILA,35,TORREON,PVEM_NUAL_SI,1,291194,104,4249,295547,509526,9871
5,COAHUILA,35,TORREON,PVEM_NUAL_PJ,0,291194,104,4249,295547,509526,9320
5,COAHUILA,35,TORREON,PVEM_NUAL_PRC,0,291194,104,4249,295547,509526,9241
5,COAHUILA,35,TORREON,PVEM_NUAL_PCP,0,291194,104,4249,295547,509526,8548
5,COAHUILA,35,TORREON,PVEM_SI_PJ,1,291194,104,4249,295547,509526,7880
5,COAHUILA,35,TORREON,PVEM_SI_PRC,0,291194,104,4249,295547,509526,7800
5,COAHUILA,35,TORREON,PVEM_SI_PCP,0,291194,104,4249,295547,509526,7107
5,COAHUILA,35,TORREON,PVEM_PJ_PRC,1,291194,104,4249,295547,509526,7251
5,COAHUILA,35,TORREON,PVEM_PJ_PCP,0,291194,104,4249,295547,509526,6557
5,COAHUILA,35,TORREON,PVEM_PRC_PCP,1,291194,104,4249,295547,509526,6479
5,COAHUILA,35,TORREON,NUAL_SI_PJ,0,291194,104,4249,295547,509526,5985
5,COAHUILA,35,TORREON,NUAL_SI_PRC,0,291194,104,4249,295547,509526,5906
5,COAHUILA,35,TORREON,NUAL_SI_PCP,0,291194,104,4249,295547,509526,5213
5,COAHUILA,35,TORREON,NUAL_PJ_PRC,0,291194,104,4249,295547,509526,5356
5,COAHUILA,35,TORREON,NUAL_PJ_PCP,0,291194,104,4249,295547,509526,4663
5,COAHUILA,35,TORREON,NUAL_PRC_PCP,0,291194,104,4249,295547,509526,4584
5,COAHUILA,35,TORREON,SI_PJ_PRC,0,291194,104,4249,295547,509526,3915
5,COAHUILA,35,TORREON,SI_PJ_PCP,0,291194,104,4249,295547,509526,3222
5,COAHUILA,35,TORREON,SI_PRC_PCP,1,291194,104,4249,295547,509526,3144
5,COAHUILA,35,TORREON,PJ_PRC_PCP,0,291194,104,4249,295547,509526,2593
5,COAHUILA,35,TORREON,PRI_PVEM,319,291194,104,4249,295547,509526,103570
5,COAHUILA,35,TORREON,PRI_NUAL,47,291194,104,4249,295547,509526,101404
5,COAHUILA,35,TORREON,PRI_SI,32,291194,104,4249,295547,509526,99948
5,COAHUILA,35,TORREON,PRI_PJ,18,291194,104,4249,295547,509526,99384
5,COAHUILA,35,TORREON,PRI_PRC,26,291194,104,4249,295547,509526,99313
5,COAHUILA,35,TORREON,PRI_PCP,8,291194,104,4249,295547,509526,98602
5,COAHUILA,35,TORREON,PVEM_NUAL,14,291194,104,4249,295547,509526,8186
5,COAHUILA,35,TORREON,PVEM_SI,2,291194,104,4249,295547,509526,6733
5,COAHUILA,35,TORREON,PVEM_PJ,5,291194,104,4249,295547,509526,6186
5,COAHUILA,35,TORREON,PVEM_PRC,3,291194,104,4249,295547,509526,6105
5,COAHUILA,35,TORREON,PVEM_PCP,0,291194,104,4249,295547,509526,5409
5,COAHUILA,35,TORREON,NUAL_SI,2,291194,104,4249,295547,509526,4839
5,COAHUILA,35,TORREON,NUAL_PJ,2,291194,104,4249,295547,509526,4289
5,COAHUILA,35,TORREON,NUAL_PRC,1,291194,104,4249,295547,509526,4209
5,COAHUILA,35,TORREON,NUAL_PCP,0,291194,104,4249,295547,509526,3515
5,COAHUILA,35,TORREON,SI_PJ,3,291194,104,4249,295547,509526,2849
5,COAHUILA,35,TORREON,SI_PRC,1,291194,104,4249,295547,509526,2768
5,COAHUILA,35,TORREON,SI_PCP,1,291194,104,4249,295547,509526,2075
5,COAHUILA,35,TORREON,PJ_PRC,0,291194,104,4249,295547,509526,2217
5,COAHUILA,35,TORREON,PJ_PCP,3,291194,104,4249,295547,509526,1527
5,COAHUILA,35,TORREON,PRC_PCP,4,291194,104,4249,295547,509526,1449
5,COAHUILA,35,TORREON,CAND_IND6,NA,291194,104,4249,295547,509526,0
5,COAHUILA,35,TORREON,CAND_IND7,NA,291194,104,4249,295547,509526,0
5,COAHUILA,35,TORREON,CAND_IND8,NA,291194,104,4249,295547,509526,0
5,COAHUILA,35,TORREON,CAND_IND9,NA,291194,104,4249,295547,509526,0
5,COAHUILA,35,TORREON,CAND_IND10,NA,291194,104,4249,295547,509526,0
5,COAHUILA,35,TORREON,CAND_IND11,NA,291194,104,4249,295547,509526,0
5,COAHUILA,35,TORREON,CAND_IND12,NA,291194,104,4249,295547,509526,0
5,COAHUILA,35,TORREON,CAND_IND13,NA,291194,104,4249,295547,509526,0
5,COAHUILA,35,TORREON,CAND_IND14,NA,291194,104,4249,295547,509526,0
5,COAHUILA,35,TORREON,CAND_IND15,NA,291194,104,4249,295547,509526,0
5,COAHUILA,35,TORREON,CAND_IND16,NA,291194,104,4249,295547,509526,0
5,COAHUILA,35,TORREON,CAND_IND17,NA,291194,104,4249,295547,509526,0
5,COAHUILA,35,TORREON,CAND_IND18,NA,291194,104,4249,295547,509526,0
5,COAHUILA,35,TORREON,CAND_IND19,NA,291194,104,4249,295547,509526,0
5,COAHUILA,36,VIESCA,PAN,950,10174,0,205,10379,15628,950
5,COAHUILA,36,VIESCA,PRI,4502,10174,0,205,10379,15628,4502
5,COAHUILA,36,VIESCA,PRD,750,10174,0,205,10379,15628,750
5,COAHUILA,36,VIESCA,PT,0,10174,0,205,10379,15628,0
5,COAHUILA,36,VIESCA,PVEM,80,10174,0,205,10379,15628,80
5,COAHUILA,36,VIESCA,UDC,179,10174,0,205,10379,15628,179
5,COAHUILA,36,VIESCA,MC,0,10174,0,205,10379,15628,0
5,COAHUILA,36,VIESCA,NUAL,173,10174,0,205,10379,15628,173
5,COAHUILA,36,VIESCA,SI,55,10174,0,205,10379,15628,55
5,COAHUILA,36,VIESCA,PPC,1931,10174,0,205,10379,15628,1931
5,COAHUILA,36,VIESCA,PJ,440,10174,0,205,10379,15628,440
5,COAHUILA,36,VIESCA,PRC,619,10174,0,205,10379,15628,619
5,COAHUILA,36,VIESCA,PCP,33,10174,0,205,10379,15628,33
5,COAHUILA,36,VIESCA,MORENA,359,10174,0,205,10379,15628,359
5,COAHUILA,36,VIESCA,ES,14,10174,0,205,10379,15628,14
5,COAHUILA,36,VIESCA,PAN_UDC_PPC_ES,10,10174,0,205,10379,15628,3084
5,COAHUILA,36,VIESCA,PAN_UDC_PPC,17,10174,0,205,10379,15628,3077
5,COAHUILA,36,VIESCA,PAN_UDC_ES,0,10174,0,205,10379,15628,1143
5,COAHUILA,36,VIESCA,PAN_PPC_ES,3,10174,0,205,10379,15628,2898
5,COAHUILA,36,VIESCA,UDC_PPC_ES,0,10174,0,205,10379,15628,2124
5,COAHUILA,36,VIESCA,PAN_UDC,4,10174,0,205,10379,15628,1133
5,COAHUILA,36,VIESCA,PAN_PPC,51,10174,0,205,10379,15628,2932
5,COAHUILA,36,VIESCA,PAN_ES,0,10174,0,205,10379,15628,964
5,COAHUILA,36,VIESCA,UDC_PPC,4,10174,0,205,10379,15628,2114
5,COAHUILA,36,VIESCA,UDC_ES,0,10174,0,205,10379,15628,193
5,COAHUILA,36,VIESCA,PPC_ES,0,10174,0,205,10379,15628,1945
5,COAHUILA,36,VIESCA,PRI_PVEM_NUAL_SI_PJ_PRC_PCP,0,10174,0,205,10379,15628,5902
5,COAHUILA,36,VIESCA,PRI_PVEM_NUAL_SI_PJ_PRC,0,10174,0,205,10379,15628,5869
5,COAHUILA,36,VIESCA,PRI_PVEM_NUAL_SI_PJ_PCP,0,10174,0,205,10379,15628,5283
5,COAHUILA,36,VIESCA,PRI_PVEM_NUAL_SI_PRC_PCP,0,10174,0,205,10379,15628,5462
5,COAHUILA,36,VIESCA,PRI_PVEM_NUAL_PJ_PRC_PCP,0,10174,0,205,10379,15628,5847
5,COAHUILA,36,VIESCA,PRI_PVEM_SI_PJ_PRC_PCP,0,10174,0,205,10379,15628,5729
5,COAHUILA,36,VIESCA,PRI_NUAL_SI_PJ_PRC_PCP,0,10174,0,205,10379,15628,5822
5,COAHUILA,36,VIESCA,PVEM_NUAL_SI_PJ_PRC_PCP,0,10174,0,205,10379,15628,1400
5,COAHUILA,36,VIESCA,PRI_PVEM_NUAL_SI_PJ,0,10174,0,205,10379,15628,5250
5,COAHUILA,36,VIESCA,PRI_PVEM_NUAL_SI_PRC,0,10174,0,205,10379,15628,5429
5,COAHUILA,36,VIESCA,PRI_PVEM_NUAL_SI_PCP,0,10174,0,205,10379,15628,4843
5,COAHUILA,36,VIESCA,PRI_PVEM_NUAL_PJ_PRC,0,10174,0,205,10379,15628,5814
5,COAHUILA,36,VIESCA,PRI_PVEM_NUAL_PJ_PCP,0,10174,0,205,10379,15628,5228
5,COAHUILA,36,VIESCA,PRI_PVEM_NUAL_PRC_PCP,0,10174,0,205,10379,15628,5407
5,COAHUILA,36,VIESCA,PRI_PVEM_SI_PJ_PRC,0,10174,0,205,10379,15628,5696
5,COAHUILA,36,VIESCA,PRI_PVEM_SI_PJ_PCP,0,10174,0,205,10379,15628,5110
5,COAHUILA,36,VIESCA,PRI_PVEM_SI_PRC_PCP,0,10174,0,205,10379,15628,5289
5,COAHUILA,36,VIESCA,PRI_PVEM_PJ_PRC_PCP,0,10174,0,205,10379,15628,5674
5,COAHUILA,36,VIESCA,PRI_NUAL_SI_PJ_PRC,0,10174,0,205,10379,15628,5789
5,COAHUILA,36,VIESCA,PRI_NUAL_SI_PJ_PCP,0,10174,0,205,10379,15628,5203
5,COAHUILA,36,VIESCA,PRI_NUAL_SI_PRC_PCP,0,10174,0,205,10379,15628,5382
5,COAHUILA,36,VIESCA,PRI_NUAL_PJ_PRC_PCP,0,10174,0,205,10379,15628,5767
5,COAHUILA,36,VIESCA,PRI_SI_PJ_PRC_PCP,0,10174,0,205,10379,15628,5649
5,COAHUILA,36,VIESCA,PVEM_NUAL_SI_PJ_PRC,0,10174,0,205,10379,15628,1367
5,COAHUILA,36,VIESCA,PVEM_NUAL_SI_PJ_PCP,0,10174,0,205,10379,15628,781
5,COAHUILA,36,VIESCA,PVEM_NUAL_SI_PRC_PCP,0,10174,0,205,10379,15628,960
5,COAHUILA,36,VIESCA,PVEM_NUAL_PJ_PRC_PCP,0,10174,0,205,10379,15628,1345
5,COAHUILA,36,VIESCA,PVEM_SI_PJ_PRC_PCP,0,10174,0,205,10379,15628,1227
5,COAHUILA,36,VIESCA,NUAL_SI_PJ_PRC_PCP,0,10174,0,205,10379,15628,1320
5,COAHUILA,36,VIESCA,PRI_PVEM_NUAL_SI,0,10174,0,205,10379,15628,4810
5,COAHUILA,36,VIESCA,PRI_PVEM_NUAL_PJ,0,10174,0,205,10379,15628,5195
5,COAHUILA,36,VIESCA,PRI_PVEM_NUAL_PRC,0,10174,0,205,10379,15628,5374
5,COAHUILA,36,VIESCA,PRI_PVEM_NUAL_PCP,0,10174,0,205,10379,15628,4788
5,COAHUILA,36,VIESCA,PRI_PVEM_SI_PJ,0,10174,0,205,10379,15628,5077
5,COAHUILA,36,VIESCA,PRI_PVEM_SI_PRC,0,10174,0,205,10379,15628,5256
5,COAHUILA,36,VIESCA,PRI_PVEM_SI_PCP,0,10174,0,205,10379,15628,4670
5,COAHUILA,36,VIESCA,PRI_PVEM_PJ_PRC,0,10174,0,205,10379,15628,5641
5,COAHUILA,36,VIESCA,PRI_PVEM_PJ_PCP,0,10174,0,205,10379,15628,5055
5,COAHUILA,36,VIESCA,PRI_PVEM_PRC_PCP,0,10174,0,205,10379,15628,5234
5,COAHUILA,36,VIESCA,PRI_NUAL_SI_PJ,0,10174,0,205,10379,15628,5170
5,COAHUILA,36,VIESCA,PRI_NUAL_SI_PRC,0,10174,0,205,10379,15628,5349
5,COAHUILA,36,VIESCA,PRI_NUAL_SI_PCP,0,10174,0,205,10379,15628,4763
5,COAHUILA,36,VIESCA,PRI_NUAL_PJ_PRC,0,10174,0,205,10379,15628,5734
5,COAHUILA,36,VIESCA,PRI_NUAL_PJ_PCP,0,10174,0,205,10379,15628,5148
5,COAHUILA,36,VIESCA,PRI_NUAL_PRC_PCP,0,10174,0,205,10379,15628,5327
5,COAHUILA,36,VIESCA,PRI_SI_PJ_PRC,0,10174,0,205,10379,15628,5616
5,COAHUILA,36,VIESCA,PRI_SI_PJ_PCP,0,10174,0,205,10379,15628,5030
5,COAHUILA,36,VIESCA,PRI_SI_PRC_PCP,0,10174,0,205,10379,15628,5209
5,COAHUILA,36,VIESCA,PRI_PJ_PRC_PCP,0,10174,0,205,10379,15628,5594
5,COAHUILA,36,VIESCA,PVEM_NUAL_SI_PJ,0,10174,0,205,10379,15628,748
5,COAHUILA,36,VIESCA,PVEM_NUAL_SI_PRC,0,10174,0,205,10379,15628,927
5,COAHUILA,36,VIESCA,PVEM_NUAL_SI_PCP,0,10174,0,205,10379,15628,341
5,COAHUILA,36,VIESCA,PVEM_NUAL_PJ_PRC,0,10174,0,205,10379,15628,1312
5,COAHUILA,36,VIESCA,PVEM_NUAL_PJ_PCP,0,10174,0,205,10379,15628,726
5,COAHUILA,36,VIESCA,PVEM_NUAL_PRC_PCP,0,10174,0,205,10379,15628,905
5,COAHUILA,36,VIESCA,PVEM_SI_PJ_PRC,0,10174,0,205,10379,15628,1194
5,COAHUILA,36,VIESCA,PVEM_SI_PJ_PCP,0,10174,0,205,10379,15628,608
5,COAHUILA,36,VIESCA,PVEM_SI_PRC_PCP,0,10174,0,205,10379,15628,787
5,COAHUILA,36,VIESCA,PVEM_PJ_PRC_PCP,0,10174,0,205,10379,15628,1172
5,COAHUILA,36,VIESCA,NUAL_SI_PJ_PRC,0,10174,0,205,10379,15628,1287
5,COAHUILA,36,VIESCA,NUAL_SI_PJ_PCP,0,10174,0,205,10379,15628,701
5,COAHUILA,36,VIESCA,NUAL_SI_PRC_PCP,0,10174,0,205,10379,15628,880
5,COAHUILA,36,VIESCA,NUAL_PJ_PRC_PCP,0,10174,0,205,10379,15628,1265
5,COAHUILA,36,VIESCA,SI_PJ_PRC_PCP,0,10174,0,205,10379,15628,1147
5,COAHUILA,36,VIESCA,PRI_PVEM_NUAL,0,10174,0,205,10379,15628,4755
5,COAHUILA,36,VIESCA,PRI_PVEM_SI,0,10174,0,205,10379,15628,4637
5,COAHUILA,36,VIESCA,PRI_PVEM_PJ,0,10174,0,205,10379,15628,5022
5,COAHUILA,36,VIESCA,PRI_PVEM_PRC,0,10174,0,205,10379,15628,5201
5,COAHUILA,36,VIESCA,PRI_PVEM_PCP,0,10174,0,205,10379,15628,4615
5,COAHUILA,36,VIESCA,PRI_NUAL_SI,0,10174,0,205,10379,15628,4730
5,COAHUILA,36,VIESCA,PRI_NUAL_PJ,0,10174,0,205,10379,15628,5115
5,COAHUILA,36,VIESCA,PRI_NUAL_PRC,0,10174,0,205,10379,15628,5294
5,COAHUILA,36,VIESCA,PRI_NUAL_PCP,0,10174,0,205,10379,15628,4708
5,COAHUILA,36,VIESCA,PRI_SI_PJ,0,10174,0,205,10379,15628,4997
5,COAHUILA,36,VIESCA,PRI_SI_PRC,0,10174,0,205,10379,15628,5176
5,COAHUILA,36,VIESCA,PRI_SI_PCP,0,10174,0,205,10379,15628,4590
5,COAHUILA,36,VIESCA,PRI_PJ_PRC,0,10174,0,205,10379,15628,5561
5,COAHUILA,36,VIESCA,PRI_PJ_PCP,0,10174,0,205,10379,15628,4975
5,COAHUILA,36,VIESCA,PRI_PRC_PCP,0,10174,0,205,10379,15628,5154
5,COAHUILA,36,VIESCA,PVEM_NUAL_SI,0,10174,0,205,10379,15628,308
5,COAHUILA,36,VIESCA,PVEM_NUAL_PJ,0,10174,0,205,10379,15628,693
5,COAHUILA,36,VIESCA,PVEM_NUAL_PRC,0,10174,0,205,10379,15628,872
5,COAHUILA,36,VIESCA,PVEM_NUAL_PCP,0,10174,0,205,10379,15628,286
5,COAHUILA,36,VIESCA,PVEM_SI_PJ,0,10174,0,205,10379,15628,575
5,COAHUILA,36,VIESCA,PVEM_SI_PRC,0,10174,0,205,10379,15628,754
5,COAHUILA,36,VIESCA,PVEM_SI_PCP,0,10174,0,205,10379,15628,168
5,COAHUILA,36,VIESCA,PVEM_PJ_PRC,0,10174,0,205,10379,15628,1139
5,COAHUILA,36,VIESCA,PVEM_PJ_PCP,0,10174,0,205,10379,15628,553
5,COAHUILA,36,VIESCA,PVEM_PRC_PCP,0,10174,0,205,10379,15628,732
5,COAHUILA,36,VIESCA,NUAL_SI_PJ,0,10174,0,205,10379,15628,668
5,COAHUILA,36,VIESCA,NUAL_SI_PRC,0,10174,0,205,10379,15628,847
5,COAHUILA,36,VIESCA,NUAL_SI_PCP,0,10174,0,205,10379,15628,261
5,COAHUILA,36,VIESCA,NUAL_PJ_PRC,0,10174,0,205,10379,15628,1232
5,COAHUILA,36,VIESCA,NUAL_PJ_PCP,0,10174,0,205,10379,15628,646
5,COAHUILA,36,VIESCA,NUAL_PRC_PCP,0,10174,0,205,10379,15628,825
5,COAHUILA,36,VIESCA,SI_PJ_PRC,0,10174,0,205,10379,15628,1114
5,COAHUILA,36,VIESCA,SI_PJ_PCP,0,10174,0,205,10379,15628,528
5,COAHUILA,36,VIESCA,SI_PRC_PCP,0,10174,0,205,10379,15628,707
5,COAHUILA,36,VIESCA,PJ_PRC_PCP,0,10174,0,205,10379,15628,1092
5,COAHUILA,36,VIESCA,PRI_PVEM,0,10174,0,205,10379,15628,4582
5,COAHUILA,36,VIESCA,PRI_NUAL,0,10174,0,205,10379,15628,4675
5,COAHUILA,36,VIESCA,PRI_SI,0,10174,0,205,10379,15628,4557
5,COAHUILA,36,VIESCA,PRI_PJ,0,10174,0,205,10379,15628,4942
5,COAHUILA,36,VIESCA,PRI_PRC,0,10174,0,205,10379,15628,5121
5,COAHUILA,36,VIESCA,PRI_PCP,0,10174,0,205,10379,15628,4535
5,COAHUILA,36,VIESCA,PVEM_NUAL,0,10174,0,205,10379,15628,253
5,COAHUILA,36,VIESCA,PVEM_SI,0,10174,0,205,10379,15628,135
5,COAHUILA,36,VIESCA,PVEM_PJ,0,10174,0,205,10379,15628,520
5,COAHUILA,36,VIESCA,PVEM_PRC,0,10174,0,205,10379,15628,699
5,COAHUILA,36,VIESCA,PVEM_PCP,0,10174,0,205,10379,15628,113
5,COAHUILA,36,VIESCA,NUAL_SI,0,10174,0,205,10379,15628,228
5,COAHUILA,36,VIESCA,NUAL_PJ,0,10174,0,205,10379,15628,613
5,COAHUILA,36,VIESCA,NUAL_PRC,0,10174,0,205,10379,15628,792
5,COAHUILA,36,VIESCA,NUAL_PCP,0,10174,0,205,10379,15628,206
5,COAHUILA,36,VIESCA,SI_PJ,0,10174,0,205,10379,15628,495
5,COAHUILA,36,VIESCA,SI_PRC,0,10174,0,205,10379,15628,674
5,COAHUILA,36,VIESCA,SI_PCP,0,10174,0,205,10379,15628,88
5,COAHUILA,36,VIESCA,PJ_PRC,0,10174,0,205,10379,15628,1059
5,COAHUILA,36,VIESCA,PJ_PCP,0,10174,0,205,10379,15628,473
5,COAHUILA,36,VIESCA,PRC_PCP,0,10174,0,205,10379,15628,652
5,COAHUILA,36,VIESCA,CAND_IND6,NA,10174,0,205,10379,15628,0
5,COAHUILA,36,VIESCA,CAND_IND7,NA,10174,0,205,10379,15628,0
5,COAHUILA,36,VIESCA,CAND_IND8,NA,10174,0,205,10379,15628,0
5,COAHUILA,36,VIESCA,CAND_IND9,NA,10174,0,205,10379,15628,0
5,COAHUILA,36,VIESCA,CAND_IND10,NA,10174,0,205,10379,15628,0
5,COAHUILA,36,VIESCA,CAND_IND11,NA,10174,0,205,10379,15628,0
5,COAHUILA,36,VIESCA,CAND_IND12,NA,10174,0,205,10379,15628,0
5,COAHUILA,36,VIESCA,CAND_IND13,NA,10174,0,205,10379,15628,0
5,COAHUILA,36,VIESCA,CAND_IND14,NA,10174,0,205,10379,15628,0
5,COAHUILA,36,VIESCA,CAND_IND15,NA,10174,0,205,10379,15628,0
5,COAHUILA,36,VIESCA,CAND_IND16,NA,10174,0,205,10379,15628,0
5,COAHUILA,36,VIESCA,CAND_IND17,NA,10174,0,205,10379,15628,0
5,COAHUILA,36,VIESCA,CAND_IND18,NA,10174,0,205,10379,15628,0
5,COAHUILA,36,VIESCA,CAND_IND19,NA,10174,0,205,10379,15628,0
5,COAHUILA,37,VILLA UNION,PAN,1074,3087,2,90,3179,5317,1074
5,COAHUILA,37,VILLA UNION,PRI,1331,3087,2,90,3179,5317,1331
5,COAHUILA,37,VILLA UNION,PRD,518,3087,2,90,3179,5317,518
5,COAHUILA,37,VILLA UNION,PT,0,3087,2,90,3179,5317,0
5,COAHUILA,37,VILLA UNION,PVEM,3,3087,2,90,3179,5317,3
5,COAHUILA,37,VILLA UNION,UDC,16,3087,2,90,3179,5317,16
5,COAHUILA,37,VILLA UNION,MC,0,3087,2,90,3179,5317,0
5,COAHUILA,37,VILLA UNION,NUAL,6,3087,2,90,3179,5317,6
5,COAHUILA,37,VILLA UNION,SI,2,3087,2,90,3179,5317,2
5,COAHUILA,37,VILLA UNION,PPC,4,3087,2,90,3179,5317,4
5,COAHUILA,37,VILLA UNION,PJ,5,3087,2,90,3179,5317,5
5,COAHUILA,37,VILLA UNION,PRC,8,3087,2,90,3179,5317,8
5,COAHUILA,37,VILLA UNION,PCP,1,3087,2,90,3179,5317,1
5,COAHUILA,37,VILLA UNION,MORENA,57,3087,2,90,3179,5317,57
5,COAHUILA,37,VILLA UNION,ES,1,3087,2,90,3179,5317,1
5,COAHUILA,37,VILLA UNION,PAN_UDC_PPC_ES,10,3087,2,90,3179,5317,1105
5,COAHUILA,37,VILLA UNION,PAN_UDC_PPC,3,3087,2,90,3179,5317,1097
5,COAHUILA,37,VILLA UNION,PAN_UDC_ES,3,3087,2,90,3179,5317,1094
5,COAHUILA,37,VILLA UNION,PAN_PPC_ES,2,3087,2,90,3179,5317,1081
5,COAHUILA,37,VILLA UNION,UDC_PPC_ES,0,3087,2,90,3179,5317,21
5,COAHUILA,37,VILLA UNION,PAN_UDC,9,3087,2,90,3179,5317,1099
5,COAHUILA,37,VILLA UNION,PAN_PPC,3,3087,2,90,3179,5317,1081
5,COAHUILA,37,VILLA UNION,PAN_ES,3,3087,2,90,3179,5317,1078
5,COAHUILA,37,VILLA UNION,UDC_PPC,1,3087,2,90,3179,5317,21
5,COAHUILA,37,VILLA UNION,UDC_ES,0,3087,2,90,3179,5317,17
5,COAHUILA,37,VILLA UNION,PPC_ES,0,3087,2,90,3179,5317,5
5,COAHUILA,37,VILLA UNION,PRI_PVEM_NUAL_SI_PJ_PRC_PCP,7,3087,2,90,3179,5317,1363
5,COAHUILA,37,VILLA UNION,PRI_PVEM_NUAL_SI_PJ_PRC,0,3087,2,90,3179,5317,1355
5,COAHUILA,37,VILLA UNION,PRI_PVEM_NUAL_SI_PJ_PCP,1,3087,2,90,3179,5317,1349
5,COAHUILA,37,VILLA UNION,PRI_PVEM_NUAL_SI_PRC_PCP,0,3087,2,90,3179,5317,1351
5,COAHUILA,37,VILLA UNION,PRI_PVEM_NUAL_PJ_PRC_PCP,2,3087,2,90,3179,5317,1356
5,COAHUILA,37,VILLA UNION,PRI_PVEM_SI_PJ_PRC_PCP,0,3087,2,90,3179,5317,1350
5,COAHUILA,37,VILLA UNION,PRI_NUAL_SI_PJ_PRC_PCP,0,3087,2,90,3179,5317,1353
5,COAHUILA,37,VILLA UNION,PVEM_NUAL_SI_PJ_PRC_PCP,0,3087,2,90,3179,5317,25
5,COAHUILA,37,VILLA UNION,PRI_PVEM_NUAL_SI_PJ,0,3087,2,90,3179,5317,1347
5,COAHUILA,37,VILLA UNION,PRI_PVEM_NUAL_SI_PRC,0,3087,2,90,3179,5317,1350
5,COAHUILA,37,VILLA UNION,PRI_PVEM_NUAL_SI_PCP,0,3087,2,90,3179,5317,1343
5,COAHUILA,37,VILLA UNION,PRI_PVEM_NUAL_PJ_PRC,0,3087,2,90,3179,5317,1353
5,COAHUILA,37,VILLA UNION,PRI_PVEM_NUAL_PJ_PCP,0,3087,2,90,3179,5317,1346
5,COAHUILA,37,VILLA UNION,PRI_PVEM_NUAL_PRC_PCP,0,3087,2,90,3179,5317,1349
5,COAHUILA,37,VILLA UNION,PRI_PVEM_SI_PJ_PRC,0,3087,2,90,3179,5317,1349
5,COAHUILA,37,VILLA UNION,PRI_PVEM_SI_PJ_PCP,0,3087,2,90,3179,5317,1342
5,COAHUILA,37,VILLA UNION,PRI_PVEM_SI_PRC_PCP,0,3087,2,90,3179,5317,1345
5,COAHUILA,37,VILLA UNION,PRI_PVEM_PJ_PRC_PCP,0,3087,2,90,3179,5317,1348
5,COAHUILA,37,VILLA UNION,PRI_NUAL_SI_PJ_PRC,0,3087,2,90,3179,5317,1352
5,COAHUILA,37,VILLA UNION,PRI_NUAL_SI_PJ_PCP,0,3087,2,90,3179,5317,1345
5,COAHUILA,37,VILLA UNION,PRI_NUAL_SI_PRC_PCP,1,3087,2,90,3179,5317,1349
5,COAHUILA,37,VILLA UNION,PRI_NUAL_PJ_PRC_PCP,0,3087,2,90,3179,5317,1351
5,COAHUILA,37,VILLA UNION,PRI_SI_PJ_PRC_PCP,0,3087,2,90,3179,5317,1347
5,COAHUILA,37,VILLA UNION,PVEM_NUAL_SI_PJ_PRC,0,3087,2,90,3179,5317,24
5,COAHUILA,37,VILLA UNION,PVEM_NUAL_SI_PJ_PCP,0,3087,2,90,3179,5317,17
5,COAHUILA,37,VILLA UNION,PVEM_NUAL_SI_PRC_PCP,0,3087,2,90,3179,5317,20
5,COAHUILA,37,VILLA UNION,PVEM_NUAL_PJ_PRC_PCP,0,3087,2,90,3179,5317,23
5,COAHUILA,37,VILLA UNION,PVEM_SI_PJ_PRC_PCP,0,3087,2,90,3179,5317,19
5,COAHUILA,37,VILLA UNION,NUAL_SI_PJ_PRC_PCP,0,3087,2,90,3179,5317,22
5,COAHUILA,37,VILLA UNION,PRI_PVEM_NUAL_SI,0,3087,2,90,3179,5317,1342
5,COAHUILA,37,VILLA UNION,PRI_PVEM_NUAL_PJ,0,3087,2,90,3179,5317,1345
5,COAHUILA,37,VILLA UNION,PRI_PVEM_NUAL_PRC,0,3087,2,90,3179,5317,1348
5,COAHUILA,37,VILLA UNION,PRI_PVEM_NUAL_PCP,0,3087,2,90,3179,5317,1341
5,COAHUILA,37,VILLA UNION,PRI_PVEM_SI_PJ,0,3087,2,90,3179,5317,1341
5,COAHUILA,37,VILLA UNION,PRI_PVEM_SI_PRC,0,3087,2,90,3179,5317,1344
5,COAHUILA,37,VILLA UNION,PRI_PVEM_SI_PCP,0,3087,2,90,3179,5317,1337
5,COAHUILA,37,VILLA UNION,PRI_PVEM_PJ_PRC,0,3087,2,90,3179,5317,1347
5,COAHUILA,37,VILLA UNION,PRI_PVEM_PJ_PCP,0,3087,2,90,3179,5317,1340
5,COAHUILA,37,VILLA UNION,PRI_PVEM_PRC_PCP,1,3087,2,90,3179,5317,1344
5,COAHUILA,37,VILLA UNION,PRI_NUAL_SI_PJ,0,3087,2,90,3179,5317,1344
5,COAHUILA,37,VILLA UNION,PRI_NUAL_SI_PRC,0,3087,2,90,3179,5317,1347
5,COAHUILA,37,VILLA UNION,PRI_NUAL_SI_PCP,0,3087,2,90,3179,5317,1340
5,COAHUILA,37,VILLA UNION,PRI_NUAL_PJ_PRC,0,3087,2,90,3179,5317,1350
5,COAHUILA,37,VILLA UNION,PRI_NUAL_PJ_PCP,0,3087,2,90,3179,5317,1343
5,COAHUILA,37,VILLA UNION,PRI_NUAL_PRC_PCP,0,3087,2,90,3179,5317,1346
5,COAHUILA,37,VILLA UNION,PRI_SI_PJ_PRC,0,3087,2,90,3179,5317,1346
5,COAHUILA,37,VILLA UNION,PRI_SI_PJ_PCP,0,3087,2,90,3179,5317,1339
5,COAHUILA,37,VILLA UNION,PRI_SI_PRC_PCP,0,3087,2,90,3179,5317,1342
5,COAHUILA,37,VILLA UNION,PRI_PJ_PRC_PCP,0,3087,2,90,3179,5317,1345
5,COAHUILA,37,VILLA UNION,PVEM_NUAL_SI_PJ,0,3087,2,90,3179,5317,16
5,COAHUILA,37,VILLA UNION,PVEM_NUAL_SI_PRC,0,3087,2,90,3179,5317,19
5,COAHUILA,37,VILLA UNION,PVEM_NUAL_SI_PCP,0,3087,2,90,3179,5317,12
5,COAHUILA,37,VILLA UNION,PVEM_NUAL_PJ_PRC,0,3087,2,90,3179,5317,22
5,COAHUILA,37,VILLA UNION,PVEM_NUAL_PJ_PCP,0,3087,2,90,3179,5317,15
5,COAHUILA,37,VILLA UNION,PVEM_NUAL_PRC_PCP,0,3087,2,90,3179,5317,18
5,COAHUILA,37,VILLA UNION,PVEM_SI_PJ_PRC,0,3087,2,90,3179,5317,18
5,COAHUILA,37,VILLA UNION,PVEM_SI_PJ_PCP,0,3087,2,90,3179,5317,11
5,COAHUILA,37,VILLA UNION,PVEM_SI_PRC_PCP,0,3087,2,90,3179,5317,14
5,COAHUILA,37,VILLA UNION,PVEM_PJ_PRC_PCP,0,3087,2,90,3179,5317,17
5,COAHUILA,37,VILLA UNION,NUAL_SI_PJ_PRC,0,3087,2,90,3179,5317,21
5,COAHUILA,37,VILLA UNION,NUAL_SI_PJ_PCP,0,3087,2,90,3179,5317,14
5,COAHUILA,37,VILLA UNION,NUAL_SI_PRC_PCP,0,3087,2,90,3179,5317,17
5,COAHUILA,37,VILLA UNION,NUAL_PJ_PRC_PCP,0,3087,2,90,3179,5317,20
5,COAHUILA,37,VILLA UNION,SI_PJ_PRC_PCP,0,3087,2,90,3179,5317,16
5,COAHUILA,37,VILLA UNION,PRI_PVEM_NUAL,2,3087,2,90,3179,5317,1342
5,COAHUILA,37,VILLA UNION,PRI_PVEM_SI,0,3087,2,90,3179,5317,1336
5,COAHUILA,37,VILLA UNION,PRI_PVEM_PJ,0,3087,2,90,3179,5317,1339
5,COAHUILA,37,VILLA UNION,PRI_PVEM_PRC,0,3087,2,90,3179,5317,1342
5,COAHUILA,37,VILLA UNION,PRI_PVEM_PCP,0,3087,2,90,3179,5317,1335
5,COAHUILA,37,VILLA UNION,PRI_NUAL_SI,0,3087,2,90,3179,5317,1339
5,COAHUILA,37,VILLA UNION,PRI_NUAL_PJ,0,3087,2,90,3179,5317,1342
5,COAHUILA,37,VILLA UNION,PRI_NUAL_PRC,0,3087,2,90,3179,5317,1345
5,COAHUILA,37,VILLA UNION,PRI_NUAL_PCP,0,3087,2,90,3179,5317,1338
5,COAHUILA,37,VILLA UNION,PRI_SI_PJ,1,3087,2,90,3179,5317,1339
5,COAHUILA,37,VILLA UNION,PRI_SI_PRC,0,3087,2,90,3179,5317,1341
5,COAHUILA,37,VILLA UNION,PRI_SI_PCP,0,3087,2,90,3179,5317,1334
5,COAHUILA,37,VILLA UNION,PRI_PJ_PRC,0,3087,2,90,3179,5317,1344
5,COAHUILA,37,VILLA UNION,PRI_PJ_PCP,0,3087,2,90,3179,5317,1337
5,COAHUILA,37,VILLA UNION,PRI_PRC_PCP,0,3087,2,90,3179,5317,1340
5,COAHUILA,37,VILLA UNION,PVEM_NUAL_SI,0,3087,2,90,3179,5317,11
5,COAHUILA,37,VILLA UNION,PVEM_NUAL_PJ,0,3087,2,90,3179,5317,14
5,COAHUILA,37,VILLA UNION,PVEM_NUAL_PRC,0,3087,2,90,3179,5317,17
5,COAHUILA,37,VILLA UNION,PVEM_NUAL_PCP,0,3087,2,90,3179,5317,10
5,COAHUILA,37,VILLA UNION,PVEM_SI_PJ,0,3087,2,90,3179,5317,10
5,COAHUILA,37,VILLA UNION,PVEM_SI_PRC,0,3087,2,90,3179,5317,13
5,COAHUILA,37,VILLA UNION,PVEM_SI_PCP,0,3087,2,90,3179,5317,6
5,COAHUILA,37,VILLA UNION,PVEM_PJ_PRC,0,3087,2,90,3179,5317,16
5,COAHUILA,37,VILLA UNION,PVEM_PJ_PCP,0,3087,2,90,3179,5317,9
5,COAHUILA,37,VILLA UNION,PVEM_PRC_PCP,0,3087,2,90,3179,5317,12
5,COAHUILA,37,VILLA UNION,NUAL_SI_PJ,0,3087,2,90,3179,5317,13
5,COAHUILA,37,VILLA UNION,NUAL_SI_PRC,0,3087,2,90,3179,5317,16
5,COAHUILA,37,VILLA UNION,NUAL_SI_PCP,0,3087,2,90,3179,5317,9
5,COAHUILA,37,VILLA UNION,NUAL_PJ_PRC,0,3087,2,90,3179,5317,19
5,COAHUILA,37,VILLA UNION,NUAL_PJ_PCP,0,3087,2,90,3179,5317,12
5,COAHUILA,37,VILLA UNION,NUAL_PRC_PCP,0,3087,2,90,3179,5317,15
5,COAHUILA,37,VILLA UNION,SI_PJ_PRC,0,3087,2,90,3179,5317,15
5,COAHUILA,37,VILLA UNION,SI_PJ_PCP,0,3087,2,90,3179,5317,8
5,COAHUILA,37,VILLA UNION,SI_PRC_PCP,0,3087,2,90,3179,5317,11
5,COAHUILA,37,VILLA UNION,PJ_PRC_PCP,0,3087,2,90,3179,5317,14
5,COAHUILA,37,VILLA UNION,PRI_PVEM,3,3087,2,90,3179,5317,1337
5,COAHUILA,37,VILLA UNION,PRI_NUAL,1,3087,2,90,3179,5317,1338
5,COAHUILA,37,VILLA UNION,PRI_SI,6,3087,2,90,3179,5317,1339
5,COAHUILA,37,VILLA UNION,PRI_PJ,0,3087,2,90,3179,5317,1336
5,COAHUILA,37,VILLA UNION,PRI_PRC,0,3087,2,90,3179,5317,1339
5,COAHUILA,37,VILLA UNION,PRI_PCP,2,3087,2,90,3179,5317,1334
5,COAHUILA,37,VILLA UNION,PVEM_NUAL,0,3087,2,90,3179,5317,9
5,COAHUILA,37,VILLA UNION,PVEM_SI,0,3087,2,90,3179,5317,5
5,COAHUILA,37,VILLA UNION,PVEM_PJ,0,3087,2,90,3179,5317,8
5,COAHUILA,37,VILLA UNION,PVEM_PRC,0,3087,2,90,3179,5317,11
5,COAHUILA,37,VILLA UNION,PVEM_PCP,0,3087,2,90,3179,5317,4
5,COAHUILA,37,VILLA UNION,NUAL_SI,0,3087,2,90,3179,5317,8
5,COAHUILA,37,VILLA UNION,NUAL_PJ,0,3087,2,90,3179,5317,11
5,COAHUILA,37,VILLA UNION,NUAL_PRC,0,3087,2,90,3179,5317,14
5,COAHUILA,37,VILLA UNION,NUAL_PCP,0,3087,2,90,3179,5317,7
5,COAHUILA,37,VILLA UNION,SI_PJ,0,3087,2,90,3179,5317,7
5,COAHUILA,37,VILLA UNION,SI_PRC,0,3087,2,90,3179,5317,10
5,COAHUILA,37,VILLA UNION,SI_PCP,0,3087,2,90,3179,5317,3
5,COAHUILA,37,VILLA UNION,PJ_PRC,0,3087,2,90,3179,5317,13
5,COAHUILA,37,VILLA UNION,PJ_PCP,0,3087,2,90,3179,5317,6
5,COAHUILA,37,VILLA UNION,PRC_PCP,0,3087,2,90,3179,5317,9
5,COAHUILA,37,VILLA UNION,CAND_IND6,NA,3087,2,90,3179,5317,0
5,COAHUILA,37,VILLA UNION,CAND_IND7,NA,3087,2,90,3179,5317,0
5,COAHUILA,37,VILLA UNION,CAND_IND8,NA,3087,2,90,3179,5317,0
5,COAHUILA,37,VILLA UNION,CAND_IND9,NA,3087,2,90,3179,5317,0
5,COAHUILA,37,VILLA UNION,CAND_IND10,NA,3087,2,90,3179,5317,0
5,COAHUILA,37,VILLA UNION,CAND_IND11,NA,3087,2,90,3179,5317,0
5,COAHUILA,37,VILLA UNION,CAND_IND12,NA,3087,2,90,3179,5317,0
5,COAHUILA,37,VILLA UNION,CAND_IND13,NA,3087,2,90,3179,5317,0
5,COAHUILA,37,VILLA UNION,CAND_IND14,NA,3087,2,90,3179,5317,0
5,COAHUILA,37,VILLA UNION,CAND_IND15,NA,3087,2,90,3179,5317,0
5,COAHUILA,37,VILLA UNION,CAND_IND16,NA,3087,2,90,3179,5317,0
5,COAHUILA,37,VILLA UNION,CAND_IND17,NA,3087,2,90,3179,5317,0
5,COAHUILA,37,VILLA UNION,CAND_IND18,NA,3087,2,90,3179,5317,0
5,COAHUILA,37,VILLA UNION,CAND_IND19,NA,3087,2,90,3179,5317,0
5,COAHUILA,38,ZARAGOZA,PAN,1668,6263,3,142,6408,10695,1668
5,COAHUILA,38,ZARAGOZA,PRI,2401,6263,3,142,6408,10695,2401
5,COAHUILA,38,ZARAGOZA,PRD,1628,6263,3,142,6408,10695,1628
5,COAHUILA,38,ZARAGOZA,PT,0,6263,3,142,6408,10695,0
5,COAHUILA,38,ZARAGOZA,PVEM,0,6263,3,142,6408,10695,0
5,COAHUILA,38,ZARAGOZA,UDC,69,6263,3,142,6408,10695,69
5,COAHUILA,38,ZARAGOZA,MC,0,6263,3,142,6408,10695,0
5,COAHUILA,38,ZARAGOZA,NUAL,74,6263,3,142,6408,10695,74
5,COAHUILA,38,ZARAGOZA,SI,50,6263,3,142,6408,10695,50
5,COAHUILA,38,ZARAGOZA,PPC,10,6263,3,142,6408,10695,10
5,COAHUILA,38,ZARAGOZA,PJ,23,6263,3,142,6408,10695,23
5,COAHUILA,38,ZARAGOZA,PRC,0,6263,3,142,6408,10695,0
5,COAHUILA,38,ZARAGOZA,PCP,0,6263,3,142,6408,10695,0
5,COAHUILA,38,ZARAGOZA,MORENA,271,6263,3,142,6408,10695,271
5,COAHUILA,38,ZARAGOZA,ES,19,6263,3,142,6408,10695,19
5,COAHUILA,38,ZARAGOZA,PAN_UDC_PPC_ES,8,6263,3,142,6408,10695,1774
5,COAHUILA,38,ZARAGOZA,PAN_UDC_PPC,7,6263,3,142,6408,10695,1754
5,COAHUILA,38,ZARAGOZA,PAN_UDC_ES,2,6263,3,142,6408,10695,1758
5,COAHUILA,38,ZARAGOZA,PAN_PPC_ES,0,6263,3,142,6408,10695,1697
5,COAHUILA,38,ZARAGOZA,UDC_PPC_ES,0,6263,3,142,6408,10695,98
5,COAHUILA,38,ZARAGOZA,PAN_UDC,29,6263,3,142,6408,10695,1766
5,COAHUILA,38,ZARAGOZA,PAN_PPC,3,6263,3,142,6408,10695,1681
5,COAHUILA,38,ZARAGOZA,PAN_ES,0,6263,3,142,6408,10695,1687
5,COAHUILA,38,ZARAGOZA,UDC_PPC,1,6263,3,142,6408,10695,80
5,COAHUILA,38,ZARAGOZA,UDC_ES,0,6263,3,142,6408,10695,88
5,COAHUILA,38,ZARAGOZA,PPC_ES,0,6263,3,142,6408,10695,29
5,COAHUILA,38,ZARAGOZA,PRI_PVEM_NUAL_SI_PJ_PRC_PCP,0,6263,3,142,6408,10695,2548
5,COAHUILA,38,ZARAGOZA,PRI_PVEM_NUAL_SI_PJ_PRC,0,6263,3,142,6408,10695,2548
5,COAHUILA,38,ZARAGOZA,PRI_PVEM_NUAL_SI_PJ_PCP,0,6263,3,142,6408,10695,2548
5,COAHUILA,38,ZARAGOZA,PRI_PVEM_NUAL_SI_PRC_PCP,0,6263,3,142,6408,10695,2525
5,COAHUILA,38,ZARAGOZA,PRI_PVEM_NUAL_PJ_PRC_PCP,0,6263,3,142,6408,10695,2498
5,COAHUILA,38,ZARAGOZA,PRI_PVEM_SI_PJ_PRC_PCP,0,6263,3,142,6408,10695,2474
5,COAHUILA,38,ZARAGOZA,PRI_NUAL_SI_PJ_PRC_PCP,0,6263,3,142,6408,10695,2548
5,COAHUILA,38,ZARAGOZA,PVEM_NUAL_SI_PJ_PRC_PCP,0,6263,3,142,6408,10695,147
5,COAHUILA,38,ZARAGOZA,PRI_PVEM_NUAL_SI_PJ,0,6263,3,142,6408,10695,2548
5,COAHUILA,38,ZARAGOZA,PRI_PVEM_NUAL_SI_PRC,0,6263,3,142,6408,10695,2525
5,COAHUILA,38,ZARAGOZA,PRI_PVEM_NUAL_SI_PCP,0,6263,3,142,6408,10695,2525
5,COAHUILA,38,ZARAGOZA,PRI_PVEM_NUAL_PJ_PRC,0,6263,3,142,6408,10695,2498
5,COAHUILA,38,ZARAGOZA,PRI_PVEM_NUAL_PJ_PCP,0,6263,3,142,6408,10695,2498
5,COAHUILA,38,ZARAGOZA,PRI_PVEM_NUAL_PRC_PCP,0,6263,3,142,6408,10695,2475
5,COAHUILA,38,ZARAGOZA,PRI_PVEM_SI_PJ_PRC,0,6263,3,142,6408,10695,2474
5,COAHUILA,38,ZARAGOZA,PRI_PVEM_SI_PJ_PCP,0,6263,3,142,6408,10695,2474
5,COAHUILA,38,ZARAGOZA,PRI_PVEM_SI_PRC_PCP,0,6263,3,142,6408,10695,2451
5,COAHUILA,38,ZARAGOZA,PRI_PVEM_PJ_PRC_PCP,0,6263,3,142,6408,10695,2424
5,COAHUILA,38,ZARAGOZA,PRI_NUAL_SI_PJ_PRC,0,6263,3,142,6408,10695,2548
5,COAHUILA,38,ZARAGOZA,PRI_NUAL_SI_PJ_PCP,0,6263,3,142,6408,10695,2548
5,COAHUILA,38,ZARAGOZA,PRI_NUAL_SI_PRC_PCP,0,6263,3,142,6408,10695,2525
5,COAHUILA,38,ZARAGOZA,PRI_NUAL_PJ_PRC_PCP,0,6263,3,142,6408,10695,2498
5,COAHUILA,38,ZARAGOZA,PRI_SI_PJ_PRC_PCP,0,6263,3,142,6408,10695,2474
5,COAHUILA,38,ZARAGOZA,PVEM_NUAL_SI_PJ_PRC,0,6263,3,142,6408,10695,147
5,COAHUILA,38,ZARAGOZA,PVEM_NUAL_SI_PJ_PCP,0,6263,3,142,6408,10695,147
5,COAHUILA,38,ZARAGOZA,PVEM_NUAL_SI_PRC_PCP,0,6263,3,142,6408,10695,124
5,COAHUILA,38,ZARAGOZA,PVEM_NUAL_PJ_PRC_PCP,0,6263,3,142,6408,10695,97
5,COAHUILA,38,ZARAGOZA,PVEM_SI_PJ_PRC_PCP,0,6263,3,142,6408,10695,73
5,COAHUILA,38,ZARAGOZA,NUAL_SI_PJ_PRC_PCP,0,6263,3,142,6408,10695,147
5,COAHUILA,38,ZARAGOZA,PRI_PVEM_NUAL_SI,0,6263,3,142,6408,10695,2525
5,COAHUILA,38,ZARAGOZA,PRI_PVEM_NUAL_PJ,0,6263,3,142,6408,10695,2498
5,COAHUILA,38,ZARAGOZA,PRI_PVEM_NUAL_PRC,0,6263,3,142,6408,10695,2475
5,COAHUILA,38,ZARAGOZA,PRI_PVEM_NUAL_PCP,0,6263,3,142,6408,10695,2475
5,COAHUILA,38,ZARAGOZA,PRI_PVEM_SI_PJ,0,6263,3,142,6408,10695,2474
5,COAHUILA,38,ZARAGOZA,PRI_PVEM_SI_PRC,0,6263,3,142,6408,10695,2451
5,COAHUILA,38,ZARAGOZA,PRI_PVEM_SI_PCP,0,6263,3,142,6408,10695,2451
5,COAHUILA,38,ZARAGOZA,PRI_PVEM_PJ_PRC,0,6263,3,142,6408,10695,2424
5,COAHUILA,38,ZARAGOZA,PRI_PVEM_PJ_PCP,0,6263,3,142,6408,10695,2424
5,COAHUILA,38,ZARAGOZA,PRI_PVEM_PRC_PCP,0,6263,3,142,6408,10695,2401
5,COAHUILA,38,ZARAGOZA,PRI_NUAL_SI_PJ,0,6263,3,142,6408,10695,2548
5,COAHUILA,38,ZARAGOZA,PRI_NUAL_SI_PRC,0,6263,3,142,6408,10695,2525
5,COAHUILA,38,ZARAGOZA,PRI_NUAL_SI_PCP,0,6263,3,142,6408,10695,2525
5,COAHUILA,38,ZARAGOZA,PRI_NUAL_PJ_PRC,0,6263,3,142,6408,10695,2498
5,COAHUILA,38,ZARAGOZA,PRI_NUAL_PJ_PCP,0,6263,3,142,6408,10695,2498
5,COAHUILA,38,ZARAGOZA,PRI_NUAL_PRC_PCP,0,6263,3,142,6408,10695,2475
5,COAHUILA,38,ZARAGOZA,PRI_SI_PJ_PRC,0,6263,3,142,6408,10695,2474
5,COAHUILA,38,ZARAGOZA,PRI_SI_PJ_PCP,0,6263,3,142,6408,10695,2474
5,COAHUILA,38,ZARAGOZA,PRI_SI_PRC_PCP,0,6263,3,142,6408,10695,2451
5,COAHUILA,38,ZARAGOZA,PRI_PJ_PRC_PCP,0,6263,3,142,6408,10695,2424
5,COAHUILA,38,ZARAGOZA,PVEM_NUAL_SI_PJ,0,6263,3,142,6408,10695,147
5,COAHUILA,38,ZARAGOZA,PVEM_NUAL_SI_PRC,0,6263,3,142,6408,10695,124
5,COAHUILA,38,ZARAGOZA,PVEM_NUAL_SI_PCP,0,6263,3,142,6408,10695,124
5,COAHUILA,38,ZARAGOZA,PVEM_NUAL_PJ_PRC,0,6263,3,142,6408,10695,97
5,COAHUILA,38,ZARAGOZA,PVEM_NUAL_PJ_PCP,0,6263,3,142,6408,10695,97
5,COAHUILA,38,ZARAGOZA,PVEM_NUAL_PRC_PCP,0,6263,3,142,6408,10695,74
5,COAHUILA,38,ZARAGOZA,PVEM_SI_PJ_PRC,0,6263,3,142,6408,10695,73
5,COAHUILA,38,ZARAGOZA,PVEM_SI_PJ_PCP,0,6263,3,142,6408,10695,73
5,COAHUILA,38,ZARAGOZA,PVEM_SI_PRC_PCP,0,6263,3,142,6408,10695,50
5,COAHUILA,38,ZARAGOZA,PVEM_PJ_PRC_PCP,0,6263,3,142,6408,10695,23
5,COAHUILA,38,ZARAGOZA,NUAL_SI_PJ_PRC,0,6263,3,142,6408,10695,147
5,COAHUILA,38,ZARAGOZA,NUAL_SI_PJ_PCP,0,6263,3,142,6408,10695,147
5,COAHUILA,38,ZARAGOZA,NUAL_SI_PRC_PCP,0,6263,3,142,6408,10695,124
5,COAHUILA,38,ZARAGOZA,NUAL_PJ_PRC_PCP,0,6263,3,142,6408,10695,97
5,COAHUILA,38,ZARAGOZA,SI_PJ_PRC_PCP,0,6263,3,142,6408,10695,73
5,COAHUILA,38,ZARAGOZA,PRI_PVEM_NUAL,0,6263,3,142,6408,10695,2475
5,COAHUILA,38,ZARAGOZA,PRI_PVEM_SI,0,6263,3,142,6408,10695,2451
5,COAHUILA,38,ZARAGOZA,PRI_PVEM_PJ,0,6263,3,142,6408,10695,2424
5,COAHUILA,38,ZARAGOZA,PRI_PVEM_PRC,0,6263,3,142,6408,10695,2401
5,COAHUILA,38,ZARAGOZA,PRI_PVEM_PCP,0,6263,3,142,6408,10695,2401
5,COAHUILA,38,ZARAGOZA,PRI_NUAL_SI,0,6263,3,142,6408,10695,2525
5,COAHUILA,38,ZARAGOZA,PRI_NUAL_PJ,0,6263,3,142,6408,10695,2498
5,COAHUILA,38,ZARAGOZA,PRI_NUAL_PRC,0,6263,3,142,6408,10695,2475
5,COAHUILA,38,ZARAGOZA,PRI_NUAL_PCP,0,6263,3,142,6408,10695,2475
5,COAHUILA,38,ZARAGOZA,PRI_SI_PJ,0,6263,3,142,6408,10695,2474
5,COAHUILA,38,ZARAGOZA,PRI_SI_PRC,0,6263,3,142,6408,10695,2451
5,COAHUILA,38,ZARAGOZA,PRI_SI_PCP,0,6263,3,142,6408,10695,2451
5,COAHUILA,38,ZARAGOZA,PRI_PJ_PRC,0,6263,3,142,6408,10695,2424
5,COAHUILA,38,ZARAGOZA,PRI_PJ_PCP,0,6263,3,142,6408,10695,2424
5,COAHUILA,38,ZARAGOZA,PRI_PRC_PCP,0,6263,3,142,6408,10695,2401
5,COAHUILA,38,ZARAGOZA,PVEM_NUAL_SI,0,6263,3,142,6408,10695,124
5,COAHUILA,38,ZARAGOZA,PVEM_NUAL_PJ,0,6263,3,142,6408,10695,97
5,COAHUILA,38,ZARAGOZA,PVEM_NUAL_PRC,0,6263,3,142,6408,10695,74
5,COAHUILA,38,ZARAGOZA,PVEM_NUAL_PCP,0,6263,3,142,6408,10695,74
5,COAHUILA,38,ZARAGOZA,PVEM_SI_PJ,0,6263,3,142,6408,10695,73
5,COAHUILA,38,ZARAGOZA,PVEM_SI_PRC,0,6263,3,142,6408,10695,50
5,COAHUILA,38,ZARAGOZA,PVEM_SI_PCP,0,6263,3,142,6408,10695,50
5,COAHUILA,38,ZARAGOZA,PVEM_PJ_PRC,0,6263,3,142,6408,10695,23
5,COAHUILA,38,ZARAGOZA,PVEM_PJ_PCP,0,6263,3,142,6408,10695,23
5,COAHUILA,38,ZARAGOZA,PVEM_PRC_PCP,0,6263,3,142,6408,10695,0
5,COAHUILA,38,ZARAGOZA,NUAL_SI_PJ,0,6263,3,142,6408,10695,147
5,COAHUILA,38,ZARAGOZA,NUAL_SI_PRC,0,6263,3,142,6408,10695,124
5,COAHUILA,38,ZARAGOZA,NUAL_SI_PCP,0,6263,3,142,6408,10695,124
5,COAHUILA,38,ZARAGOZA,NUAL_PJ_PRC,0,6263,3,142,6408,10695,97
5,COAHUILA,38,ZARAGOZA,NUAL_PJ_PCP,0,6263,3,142,6408,10695,97
5,COAHUILA,38,ZARAGOZA,NUAL_PRC_PCP,0,6263,3,142,6408,10695,74
5,COAHUILA,38,ZARAGOZA,SI_PJ_PRC,0,6263,3,142,6408,10695,73
5,COAHUILA,38,ZARAGOZA,SI_PJ_PCP,0,6263,3,142,6408,10695,73
5,COAHUILA,38,ZARAGOZA,SI_PRC_PCP,0,6263,3,142,6408,10695,50
5,COAHUILA,38,ZARAGOZA,PJ_PRC_PCP,0,6263,3,142,6408,10695,23
5,COAHUILA,38,ZARAGOZA,PRI_PVEM,0,6263,3,142,6408,10695,2401
5,COAHUILA,38,ZARAGOZA,PRI_NUAL,0,6263,3,142,6408,10695,2475
5,COAHUILA,38,ZARAGOZA,PRI_SI,0,6263,3,142,6408,10695,2451
5,COAHUILA,38,ZARAGOZA,PRI_PJ,0,6263,3,142,6408,10695,2424
5,COAHUILA,38,ZARAGOZA,PRI_PRC,0,6263,3,142,6408,10695,2401
5,COAHUILA,38,ZARAGOZA,PRI_PCP,0,6263,3,142,6408,10695,2401
5,COAHUILA,38,ZARAGOZA,PVEM_NUAL,0,6263,3,142,6408,10695,74
5,COAHUILA,38,ZARAGOZA,PVEM_SI,0,6263,3,142,6408,10695,50
5,COAHUILA,38,ZARAGOZA,PVEM_PJ,0,6263,3,142,6408,10695,23
5,COAHUILA,38,ZARAGOZA,PVEM_PRC,0,6263,3,142,6408,10695,0
5,COAHUILA,38,ZARAGOZA,PVEM_PCP,0,6263,3,142,6408,10695,0
5,COAHUILA,38,ZARAGOZA,NUAL_SI,0,6263,3,142,6408,10695,124
5,COAHUILA,38,ZARAGOZA,NUAL_PJ,0,6263,3,142,6408,10695,97
5,COAHUILA,38,ZARAGOZA,NUAL_PRC,0,6263,3,142,6408,10695,74
5,COAHUILA,38,ZARAGOZA,NUAL_PCP,0,6263,3,142,6408,10695,74
5,COAHUILA,38,ZARAGOZA,SI_PJ,0,6263,3,142,6408,10695,73
5,COAHUILA,38,ZARAGOZA,SI_PRC,0,6263,3,142,6408,10695,50
5,COAHUILA,38,ZARAGOZA,SI_PCP,0,6263,3,142,6408,10695,50
5,COAHUILA,38,ZARAGOZA,PJ_PRC,0,6263,3,142,6408,10695,23
5,COAHUILA,38,ZARAGOZA,PJ_PCP,0,6263,3,142,6408,10695,23
5,COAHUILA,38,ZARAGOZA,PRC_PCP,0,6263,3,142,6408,10695,0
5,COAHUILA,38,ZARAGOZA,CAND_IND6,NA,6263,3,142,6408,10695,0
5,COAHUILA,38,ZARAGOZA,CAND_IND7,NA,6263,3,142,6408,10695,0
5,COAHUILA,38,ZARAGOZA,CAND_IND8,NA,6263,3,142,6408,10695,0
5,COAHUILA,38,ZARAGOZA,CAND_IND9,NA,6263,3,142,6408,10695,0
5,COAHUILA,38,ZARAGOZA,CAND_IND10,NA,6263,3,142,6408,10695,0
5,COAHUILA,38,ZARAGOZA,CAND_IND11,NA,6263,3,142,6408,10695,0
5,COAHUILA,38,ZARAGOZA,CAND_IND12,NA,6263,3,142,6408,10695,0
5,COAHUILA,38,ZARAGOZA,CAND_IND13,NA,6263,3,142,6408,10695,0
5,COAHUILA,38,ZARAGOZA,CAND_IND14,NA,6263,3,142,6408,10695,0
5,COAHUILA,38,ZARAGOZA,CAND_IND15,NA,6263,3,142,6408,10695,0
5,COAHUILA,38,ZARAGOZA,CAND_IND16,NA,6263,3,142,6408,10695,0
5,COAHUILA,38,ZARAGOZA,CAND_IND17,NA,6263,3,142,6408,10695,0
5,COAHUILA,38,ZARAGOZA,CAND_IND18,NA,6263,3,142,6408,10695,0
5,COAHUILA,38,ZARAGOZA,CAND_IND19,NA,6263,3,142,6408,10695,0
18,NAYARIT,1,ACAPONETA,PAN,780,17150,3,803,17956,25837,780
18,NAYARIT,1,ACAPONETA,PRI,4704,17150,3,803,17956,25837,4704
18,NAYARIT,1,ACAPONETA,PRD,2012,17150,3,803,17956,25837,2012
18,NAYARIT,1,ACAPONETA,PT,112,17150,3,803,17956,25837,112
18,NAYARIT,1,ACAPONETA,PVEM,570,17150,3,803,17956,25837,570
18,NAYARIT,1,ACAPONETA,PRS,61,17150,3,803,17956,25837,61
18,NAYARIT,1,ACAPONETA,MC,348,17150,3,803,17956,25837,348
18,NAYARIT,1,ACAPONETA,NUAL,175,17150,3,803,17956,25837,175
18,NAYARIT,1,ACAPONETA,MORENA,7090,17150,3,803,17956,25837,7090
18,NAYARIT,1,ACAPONETA,ES,302,17150,3,803,17956,25837,302
18,NAYARIT,1,ACAPONETA,PAN_PRD_PT_PRS,49,17150,3,803,17956,25837,3014
18,NAYARIT,1,ACAPONETA,PAN_PRD_PT,16,17150,3,803,17956,25837,2920
18,NAYARIT,1,ACAPONETA,PAN_PRD_PRS,1,17150,3,803,17956,25837,2854
18,NAYARIT,1,ACAPONETA,PAN_PT_PRS,3,17150,3,803,17956,25837,956
18,NAYARIT,1,ACAPONETA,PRD_PT_PRS,3,17150,3,803,17956,25837,2188
18,NAYARIT,1,ACAPONETA,PAN_PRD,64,17150,3,803,17956,25837,2856
18,NAYARIT,1,ACAPONETA,PAN_PT,1,17150,3,803,17956,25837,893
18,NAYARIT,1,ACAPONETA,PAN_PRS,1,17150,3,803,17956,25837,842
18,NAYARIT,1,ACAPONETA,PRD_PT,17,17150,3,803,17956,25837,2141
18,NAYARIT,1,ACAPONETA,PRD_PRS,1,17150,3,803,17956,25837,2074
18,NAYARIT,1,ACAPONETA,PT_PRS,5,17150,3,803,17956,25837,178
18,NAYARIT,1,ACAPONETA,CAND_IND38,835,17150,3,803,17956,25837,835
18,NAYARIT,1,ACAPONETA,CAND_IND39,NA,17150,3,803,17956,25837,0
18,NAYARIT,1,ACAPONETA,CAND_IND40,NA,17150,3,803,17956,25837,0
18,NAYARIT,1,ACAPONETA,CAND_IND41,NA,17150,3,803,17956,25837,0
18,NAYARIT,1,ACAPONETA,CAND_IND42,NA,17150,3,803,17956,25837,0
18,NAYARIT,1,ACAPONETA,CAND_IND43,NA,17150,3,803,17956,25837,0
18,NAYARIT,1,ACAPONETA,CAND_IND44,NA,17150,3,803,17956,25837,0
18,NAYARIT,1,ACAPONETA,CAND_IND45,NA,17150,3,803,17956,25837,0
18,NAYARIT,1,ACAPONETA,CAND_IND46,NA,17150,3,803,17956,25837,0
18,NAYARIT,1,ACAPONETA,CAND_IND47,NA,17150,3,803,17956,25837,0
18,NAYARIT,1,ACAPONETA,CAND_IND48,NA,17150,3,803,17956,25837,0
18,NAYARIT,1,ACAPONETA,CAND_IND49,NA,17150,3,803,17956,25837,0
18,NAYARIT,1,ACAPONETA,CAND_IND50,NA,17150,3,803,17956,25837,0
18,NAYARIT,1,ACAPONETA,CAND_IND51,NA,17150,3,803,17956,25837,0
18,NAYARIT,1,ACAPONETA,CAND_IND52,NA,17150,3,803,17956,25837,0
18,NAYARIT,1,ACAPONETA,CAND_IND53,NA,17150,3,803,17956,25837,0
18,NAYARIT,1,ACAPONETA,CAND_IND54,NA,17150,3,803,17956,25837,0
18,NAYARIT,1,ACAPONETA,CAND_IND55,NA,17150,3,803,17956,25837,0
18,NAYARIT,1,ACAPONETA,CAND_IND56,NA,17150,3,803,17956,25837,0
18,NAYARIT,1,ACAPONETA,CAND_IND57,NA,17150,3,803,17956,25837,0
18,NAYARIT,1,ACAPONETA,CAND_IND58,NA,17150,3,803,17956,25837,0
18,NAYARIT,1,ACAPONETA,CAND_IND59,NA,17150,3,803,17956,25837,0
18,NAYARIT,1,ACAPONETA,CAND_IND60,NA,17150,3,803,17956,25837,0
18,NAYARIT,1,ACAPONETA,CAND_IND61,NA,17150,3,803,17956,25837,0
18,NAYARIT,2,AHUACATLAN,PAN,1877,8133,1,211,8345,11841,1877
18,NAYARIT,2,AHUACATLAN,PRI,3012,8133,1,211,8345,11841,3012
18,NAYARIT,2,AHUACATLAN,PRD,43,8133,1,211,8345,11841,43
18,NAYARIT,2,AHUACATLAN,PT,73,8133,1,211,8345,11841,73
18,NAYARIT,2,AHUACATLAN,PVEM,0,8133,1,211,8345,11841,0
18,NAYARIT,2,AHUACATLAN,PRS,43,8133,1,211,8345,11841,43
18,NAYARIT,2,AHUACATLAN,MC,2169,8133,1,211,8345,11841,2169
18,NAYARIT,2,AHUACATLAN,NUAL,30,8133,1,211,8345,11841,30
18,NAYARIT,2,AHUACATLAN,MORENA,231,8133,1,211,8345,11841,231
18,NAYARIT,2,AHUACATLAN,ES,0,8133,1,211,8345,11841,0
18,NAYARIT,2,AHUACATLAN,PAN_PRD_PT_PRS,21,8133,1,211,8345,11841,2057
18,NAYARIT,2,AHUACATLAN,PAN_PRD_PT,5,8133,1,211,8345,11841,1998
18,NAYARIT,2,AHUACATLAN,PAN_PRD_PRS,4,8133,1,211,8345,11841,1967
18,NAYARIT,2,AHUACATLAN,PAN_PT_PRS,2,8133,1,211,8345,11841,1995
18,NAYARIT,2,AHUACATLAN,PRD_PT_PRS,0,8133,1,211,8345,11841,159
18,NAYARIT,2,AHUACATLAN,PAN_PRD,4,8133,1,211,8345,11841,1924
18,NAYARIT,2,AHUACATLAN,PAN_PT,11,8133,1,211,8345,11841,1961
18,NAYARIT,2,AHUACATLAN,PAN_PRS,1,8133,1,211,8345,11841,1921
18,NAYARIT,2,AHUACATLAN,PRD_PT,0,8133,1,211,8345,11841,116
18,NAYARIT,2,AHUACATLAN,PRD_PRS,0,8133,1,211,8345,11841,86
18,NAYARIT,2,AHUACATLAN,PT_PRS,1,8133,1,211,8345,11841,117
18,NAYARIT,2,AHUACATLAN,CAND_IND38,NA,8133,1,211,8345,11841,0
18,NAYARIT,2,AHUACATLAN,CAND_IND39,606,8133,1,211,8345,11841,606
18,NAYARIT,2,AHUACATLAN,CAND_IND40,NA,8133,1,211,8345,11841,0
18,NAYARIT,2,AHUACATLAN,CAND_IND41,NA,8133,1,211,8345,11841,0
18,NAYARIT,2,AHUACATLAN,CAND_IND42,NA,8133,1,211,8345,11841,0
18,NAYARIT,2,AHUACATLAN,CAND_IND43,NA,8133,1,211,8345,11841,0
18,NAYARIT,2,AHUACATLAN,CAND_IND44,NA,8133,1,211,8345,11841,0
18,NAYARIT,2,AHUACATLAN,CAND_IND45,NA,8133,1,211,8345,11841,0
18,NAYARIT,2,AHUACATLAN,CAND_IND46,NA,8133,1,211,8345,11841,0
18,NAYARIT,2,AHUACATLAN,CAND_IND47,NA,8133,1,211,8345,11841,0
18,NAYARIT,2,AHUACATLAN,CAND_IND48,NA,8133,1,211,8345,11841,0
18,NAYARIT,2,AHUACATLAN,CAND_IND49,NA,8133,1,211,8345,11841,0
18,NAYARIT,2,AHUACATLAN,CAND_IND50,NA,8133,1,211,8345,11841,0
18,NAYARIT,2,AHUACATLAN,CAND_IND51,NA,8133,1,211,8345,11841,0
18,NAYARIT,2,AHUACATLAN,CAND_IND52,NA,8133,1,211,8345,11841,0
18,NAYARIT,2,AHUACATLAN,CAND_IND53,NA,8133,1,211,8345,11841,0
18,NAYARIT,2,AHUACATLAN,CAND_IND54,NA,8133,1,211,8345,11841,0
18,NAYARIT,2,AHUACATLAN,CAND_IND55,NA,8133,1,211,8345,11841,0
18,NAYARIT,2,AHUACATLAN,CAND_IND56,NA,8133,1,211,8345,11841,0
18,NAYARIT,2,AHUACATLAN,CAND_IND57,NA,8133,1,211,8345,11841,0
18,NAYARIT,2,AHUACATLAN,CAND_IND58,NA,8133,1,211,8345,11841,0
18,NAYARIT,2,AHUACATLAN,CAND_IND59,NA,8133,1,211,8345,11841,0
18,NAYARIT,2,AHUACATLAN,CAND_IND60,NA,8133,1,211,8345,11841,0
18,NAYARIT,2,AHUACATLAN,CAND_IND61,NA,8133,1,211,8345,11841,0
18,NAYARIT,3,AMATLAN DE CAÑAS,PAN,1018,6405,0,221,6626,9290,1018
18,NAYARIT,3,AMATLAN DE CAÑAS,PRI,1531,6405,0,221,6626,9290,1531
18,NAYARIT,3,AMATLAN DE CAÑAS,PRD,392,6405,0,221,6626,9290,392
18,NAYARIT,3,AMATLAN DE CAÑAS,PT,65,6405,0,221,6626,9290,65
18,NAYARIT,3,AMATLAN DE CAÑAS,PVEM,0,6405,0,221,6626,9290,0
18,NAYARIT,3,AMATLAN DE CAÑAS,PRS,14,6405,0,221,6626,9290,14
18,NAYARIT,3,AMATLAN DE CAÑAS,MC,191,6405,0,221,6626,9290,191
18,NAYARIT,3,AMATLAN DE CAÑAS,NUAL,756,6405,0,221,6626,9290,756
18,NAYARIT,3,AMATLAN DE CAÑAS,MORENA,493,6405,0,221,6626,9290,493
18,NAYARIT,3,AMATLAN DE CAÑAS,ES,1913,6405,0,221,6626,9290,1913
18,NAYARIT,3,AMATLAN DE CAÑAS,PAN_PRD_PT_PRS,10,6405,0,221,6626,9290,1499
18,NAYARIT,3,AMATLAN DE CAÑAS,PAN_PRD_PT,3,6405,0,221,6626,9290,1478
18,NAYARIT,3,AMATLAN DE CAÑAS,PAN_PRD_PRS,1,6405,0,221,6626,9290,1425
18,NAYARIT,3,AMATLAN DE CAÑAS,PAN_PT_PRS,0,6405,0,221,6626,9290,1097
18,NAYARIT,3,AMATLAN DE CAÑAS,PRD_PT_PRS,0,6405,0,221,6626,9290,471
18,NAYARIT,3,AMATLAN DE CAÑAS,PAN_PRD,4,6405,0,221,6626,9290,1414
18,NAYARIT,3,AMATLAN DE CAÑAS,PAN_PT,9,6405,0,221,6626,9290,1092
18,NAYARIT,3,AMATLAN DE CAÑAS,PAN_PRS,1,6405,0,221,6626,9290,1033
18,NAYARIT,3,AMATLAN DE CAÑAS,PRD_PT,1,6405,0,221,6626,9290,458
18,NAYARIT,3,AMATLAN DE CAÑAS,PRD_PRS,1,6405,0,221,6626,9290,407
18,NAYARIT,3,AMATLAN DE CAÑAS,PT_PRS,2,6405,0,221,6626,9290,81
18,NAYARIT,3,AMATLAN DE CAÑAS,CAND_IND38,NA,6405,0,221,6626,9290,0
18,NAYARIT,3,AMATLAN DE CAÑAS,CAND_IND39,NA,6405,0,221,6626,9290,0
18,NAYARIT,3,AMATLAN DE CAÑAS,CAND_IND40,NA,6405,0,221,6626,9290,0
18,NAYARIT,3,AMATLAN DE CAÑAS,CAND_IND41,NA,6405,0,221,6626,9290,0
18,NAYARIT,3,AMATLAN DE CAÑAS,CAND_IND42,NA,6405,0,221,6626,9290,0
18,NAYARIT,3,AMATLAN DE CAÑAS,CAND_IND43,NA,6405,0,221,6626,9290,0
18,NAYARIT,3,AMATLAN DE CAÑAS,CAND_IND44,NA,6405,0,221,6626,9290,0
18,NAYARIT,3,AMATLAN DE CAÑAS,CAND_IND45,NA,6405,0,221,6626,9290,0
18,NAYARIT,3,AMATLAN DE CAÑAS,CAND_IND46,NA,6405,0,221,6626,9290,0
18,NAYARIT,3,AMATLAN DE CAÑAS,CAND_IND47,NA,6405,0,221,6626,9290,0
18,NAYARIT,3,AMATLAN DE CAÑAS,CAND_IND48,NA,6405,0,221,6626,9290,0
18,NAYARIT,3,AMATLAN DE CAÑAS,CAND_IND49,NA,6405,0,221,6626,9290,0
18,NAYARIT,3,AMATLAN DE CAÑAS,CAND_IND50,NA,6405,0,221,6626,9290,0
18,NAYARIT,3,AMATLAN DE CAÑAS,CAND_IND51,NA,6405,0,221,6626,9290,0
18,NAYARIT,3,AMATLAN DE CAÑAS,CAND_IND52,NA,6405,0,221,6626,9290,0
18,NAYARIT,3,AMATLAN DE CAÑAS,CAND_IND53,NA,6405,0,221,6626,9290,0
18,NAYARIT,3,AMATLAN DE CAÑAS,CAND_IND54,NA,6405,0,221,6626,9290,0
18,NAYARIT,3,AMATLAN DE CAÑAS,CAND_IND55,NA,6405,0,221,6626,9290,0
18,NAYARIT,3,AMATLAN DE CAÑAS,CAND_IND56,NA,6405,0,221,6626,9290,0
18,NAYARIT,3,AMATLAN DE CAÑAS,CAND_IND57,NA,6405,0,221,6626,9290,0
18,NAYARIT,3,AMATLAN DE CAÑAS,CAND_IND58,NA,6405,0,221,6626,9290,0
18,NAYARIT,3,AMATLAN DE CAÑAS,CAND_IND59,NA,6405,0,221,6626,9290,0
18,NAYARIT,3,AMATLAN DE CAÑAS,CAND_IND60,NA,6405,0,221,6626,9290,0
18,NAYARIT,3,AMATLAN DE CAÑAS,CAND_IND61,NA,6405,0,221,6626,9290,0
18,NAYARIT,4,BAHIA DE BANDERAS,PAN,13486,46493,5,1475,47973,96718,13486
18,NAYARIT,4,BAHIA DE BANDERAS,PRI,13747,46493,5,1475,47973,96718,13747
18,NAYARIT,4,BAHIA DE BANDERAS,PRD,1094,46493,5,1475,47973,96718,1094
18,NAYARIT,4,BAHIA DE BANDERAS,PT,2042,46493,5,1475,47973,96718,2042
18,NAYARIT,4,BAHIA DE BANDERAS,PVEM,327,46493,5,1475,47973,96718,327
18,NAYARIT,4,BAHIA DE BANDERAS,PRS,432,46493,5,1475,47973,96718,432
18,NAYARIT,4,BAHIA DE BANDERAS,MC,4263,46493,5,1475,47973,96718,4263
18,NAYARIT,4,BAHIA DE BANDERAS,NUAL,590,46493,5,1475,47973,96718,590
18,NAYARIT,4,BAHIA DE BANDERAS,MORENA,1389,46493,5,1475,47973,96718,1389
18,NAYARIT,4,BAHIA DE BANDERAS,ES,0,46493,5,1475,47973,96718,0
18,NAYARIT,4,BAHIA DE BANDERAS,PAN_PRD_PT_PRS,550,46493,5,1475,47973,96718,17604
18,NAYARIT,4,BAHIA DE BANDERAS,PAN_PRD_PT,106,46493,5,1475,47973,96718,16728
18,NAYARIT,4,BAHIA DE BANDERAS,PAN_PRD_PRS,13,46493,5,1475,47973,96718,15025
18,NAYARIT,4,BAHIA DE BANDERAS,PAN_PT_PRS,11,46493,5,1475,47973,96718,15971
18,NAYARIT,4,BAHIA DE BANDERAS,PRD_PT_PRS,4,46493,5,1475,47973,96718,3572
18,NAYARIT,4,BAHIA DE BANDERAS,PAN_PRD,105,46493,5,1475,47973,96718,14685
18,NAYARIT,4,BAHIA DE BANDERAS,PAN_PT,67,46493,5,1475,47973,96718,15595
18,NAYARIT,4,BAHIA DE BANDERAS,PAN_PRS,11,46493,5,1475,47973,96718,13929
18,NAYARIT,4,BAHIA DE BANDERAS,PRD_PT,32,46493,5,1475,47973,96718,3168
18,NAYARIT,4,BAHIA DE BANDERAS,PRD_PRS,1,46493,5,1475,47973,96718,1527
18,NAYARIT,4,BAHIA DE BANDERAS,PT_PRS,9,46493,5,1475,47973,96718,2483
18,NAYARIT,4,BAHIA DE BANDERAS,CAND_IND38,NA,46493,5,1475,47973,96718,0
18,NAYARIT,4,BAHIA DE BANDERAS,CAND_IND39,NA,46493,5,1475,47973,96718,0
18,NAYARIT,4,BAHIA DE BANDERAS,CAND_IND40,8214,46493,5,1475,47973,96718,8214
18,NAYARIT,4,BAHIA DE BANDERAS,CAND_IND41,NA,46493,5,1475,47973,96718,0
18,NAYARIT,4,BAHIA DE BANDERAS,CAND_IND42,NA,46493,5,1475,47973,96718,0
18,NAYARIT,4,BAHIA DE BANDERAS,CAND_IND43,NA,46493,5,1475,47973,96718,0
18,NAYARIT,4,BAHIA DE BANDERAS,CAND_IND44,NA,46493,5,1475,47973,96718,0
18,NAYARIT,4,BAHIA DE BANDERAS,CAND_IND45,NA,46493,5,1475,47973,96718,0
18,NAYARIT,4,BAHIA DE BANDERAS,CAND_IND46,NA,46493,5,1475,47973,96718,0
18,NAYARIT,4,BAHIA DE BANDERAS,CAND_IND47,NA,46493,5,1475,47973,96718,0
18,NAYARIT,4,BAHIA DE BANDERAS,CAND_IND48,NA,46493,5,1475,47973,96718,0
18,NAYARIT,4,BAHIA DE BANDERAS,CAND_IND49,NA,46493,5,1475,47973,96718,0
18,NAYARIT,4,BAHIA DE BANDERAS,CAND_IND50,NA,46493,5,1475,47973,96718,0
18,NAYARIT,4,BAHIA DE BANDERAS,CAND_IND51,NA,46493,5,1475,47973,96718,0
18,NAYARIT,4,BAHIA DE BANDERAS,CAND_IND52,NA,46493,5,1475,47973,96718,0
18,NAYARIT,4,BAHIA DE BANDERAS,CAND_IND53,NA,46493,5,1475,47973,96718,0
18,NAYARIT,4,BAHIA DE BANDERAS,CAND_IND54,NA,46493,5,1475,47973,96718,0
18,NAYARIT,4,BAHIA DE BANDERAS,CAND_IND55,NA,46493,5,1475,47973,96718,0
18,NAYARIT,4,BAHIA DE BANDERAS,CAND_IND56,NA,46493,5,1475,47973,96718,0
18,NAYARIT,4,BAHIA DE BANDERAS,CAND_IND57,NA,46493,5,1475,47973,96718,0
18,NAYARIT,4,BAHIA DE BANDERAS,CAND_IND58,NA,46493,5,1475,47973,96718,0
18,NAYARIT,4,BAHIA DE BANDERAS,CAND_IND59,NA,46493,5,1475,47973,96718,0
18,NAYARIT,4,BAHIA DE BANDERAS,CAND_IND60,NA,46493,5,1475,47973,96718,0
18,NAYARIT,4,BAHIA DE BANDERAS,CAND_IND61,NA,46493,5,1475,47973,96718,0
18,NAYARIT,5,COMPOSTELA,PAN,10044,30730,9,1223,31962,54393,10044
18,NAYARIT,5,COMPOSTELA,PRI,8440,30730,9,1223,31962,54393,8440
18,NAYARIT,5,COMPOSTELA,PRD,552,30730,9,1223,31962,54393,552
18,NAYARIT,5,COMPOSTELA,PT,945,30730,9,1223,31962,54393,945
18,NAYARIT,5,COMPOSTELA,PVEM,431,30730,9,1223,31962,54393,431
18,NAYARIT,5,COMPOSTELA,PRS,301,30730,9,1223,31962,54393,301
18,NAYARIT,5,COMPOSTELA,MC,2416,30730,9,1223,31962,54393,2416
18,NAYARIT,5,COMPOSTELA,NUAL,337,30730,9,1223,31962,54393,337
18,NAYARIT,5,COMPOSTELA,MORENA,3603,30730,9,1223,31962,54393,3603
18,NAYARIT,5,COMPOSTELA,ES,501,30730,9,1223,31962,54393,501
18,NAYARIT,5,COMPOSTELA,PAN_PRD_PT_PRS,101,30730,9,1223,31962,54393,11943
18,NAYARIT,5,COMPOSTELA,PAN_PRD_PT,37,30730,9,1223,31962,54393,11578
18,NAYARIT,5,COMPOSTELA,PAN_PRD_PRS,7,30730,9,1223,31962,54393,10904
18,NAYARIT,5,COMPOSTELA,PAN_PT_PRS,8,30730,9,1223,31962,54393,11298
18,NAYARIT,5,COMPOSTELA,PRD_PT_PRS,2,30730,9,1223,31962,54393,1800
18,NAYARIT,5,COMPOSTELA,PAN_PRD,37,30730,9,1223,31962,54393,10633
18,NAYARIT,5,COMPOSTELA,PAN_PT,52,30730,9,1223,31962,54393,11041
18,NAYARIT,5,COMPOSTELA,PAN_PRS,11,30730,9,1223,31962,54393,10356
18,NAYARIT,5,COMPOSTELA,PRD_PT,13,30730,9,1223,31962,54393,1510
18,NAYARIT,5,COMPOSTELA,PRD_PRS,1,30730,9,1223,31962,54393,854
18,NAYARIT,5,COMPOSTELA,PT_PRS,6,30730,9,1223,31962,54393,1252
18,NAYARIT,5,COMPOSTELA,CAND_IND38,NA,30730,9,1223,31962,54393,0
18,NAYARIT,5,COMPOSTELA,CAND_IND39,NA,30730,9,1223,31962,54393,0
18,NAYARIT,5,COMPOSTELA,CAND_IND40,NA,30730,9,1223,31962,54393,0
18,NAYARIT,5,COMPOSTELA,CAND_IND41,2885,30730,9,1223,31962,54393,2885
18,NAYARIT,5,COMPOSTELA,CAND_IND42,NA,30730,9,1223,31962,54393,0
18,NAYARIT,5,COMPOSTELA,CAND_IND43,NA,30730,9,1223,31962,54393,0
18,NAYARIT,5,COMPOSTELA,CAND_IND44,NA,30730,9,1223,31962,54393,0
18,NAYARIT,5,COMPOSTELA,CAND_IND45,NA,30730,9,1223,31962,54393,0
18,NAYARIT,5,COMPOSTELA,CAND_IND46,NA,30730,9,1223,31962,54393,0
18,NAYARIT,5,COMPOSTELA,CAND_IND47,NA,30730,9,1223,31962,54393,0
18,NAYARIT,5,COMPOSTELA,CAND_IND48,NA,30730,9,1223,31962,54393,0
18,NAYARIT,5,COMPOSTELA,CAND_IND49,NA,30730,9,1223,31962,54393,0
18,NAYARIT,5,COMPOSTELA,CAND_IND50,NA,30730,9,1223,31962,54393,0
18,NAYARIT,5,COMPOSTELA,CAND_IND51,NA,30730,9,1223,31962,54393,0
18,NAYARIT,5,COMPOSTELA,CAND_IND52,NA,30730,9,1223,31962,54393,0
18,NAYARIT,5,COMPOSTELA,CAND_IND53,NA,30730,9,1223,31962,54393,0
18,NAYARIT,5,COMPOSTELA,CAND_IND54,NA,30730,9,1223,31962,54393,0
18,NAYARIT,5,COMPOSTELA,CAND_IND55,NA,30730,9,1223,31962,54393,0
18,NAYARIT,5,COMPOSTELA,CAND_IND56,NA,30730,9,1223,31962,54393,0
18,NAYARIT,5,COMPOSTELA,CAND_IND57,NA,30730,9,1223,31962,54393,0
18,NAYARIT,5,COMPOSTELA,CAND_IND58,NA,30730,9,1223,31962,54393,0
18,NAYARIT,5,COMPOSTELA,CAND_IND59,NA,30730,9,1223,31962,54393,0
18,NAYARIT,5,COMPOSTELA,CAND_IND60,NA,30730,9,1223,31962,54393,0
18,NAYARIT,5,COMPOSTELA,CAND_IND61,NA,30730,9,1223,31962,54393,0
18,NAYARIT,6,HUAJICORI,PAN,111,5871,0,222,6093,7764,111
18,NAYARIT,6,HUAJICORI,PRI,2597,5871,0,222,6093,7764,2597
18,NAYARIT,6,HUAJICORI,PRD,751,5871,0,222,6093,7764,751
18,NAYARIT,6,HUAJICORI,PT,23,5871,0,222,6093,7764,23
18,NAYARIT,6,HUAJICORI,PVEM,0,5871,0,222,6093,7764,0
18,NAYARIT,6,HUAJICORI,PRS,17,5871,0,222,6093,7764,17
18,NAYARIT,6,HUAJICORI,MC,39,5871,0,222,6093,7764,39
18,NAYARIT,6,HUAJICORI,NUAL,40,5871,0,222,6093,7764,40
18,NAYARIT,6,HUAJICORI,MORENA,2252,5871,0,222,6093,7764,2252
18,NAYARIT,6,HUAJICORI,ES,0,5871,0,222,6093,7764,0
18,NAYARIT,6,HUAJICORI,PAN_PRD_PT_PRS,11,5871,0,222,6093,7764,913
18,NAYARIT,6,HUAJICORI,PAN_PRD_PT,2,5871,0,222,6093,7764,887
18,NAYARIT,6,HUAJICORI,PAN_PRD_PRS,0,5871,0,222,6093,7764,879
18,NAYARIT,6,HUAJICORI,PAN_PT_PRS,1,5871,0,222,6093,7764,152
18,NAYARIT,6,HUAJICORI,PRD_PT_PRS,1,5871,0,222,6093,7764,792
18,NAYARIT,6,HUAJICORI,PAN_PRD,17,5871,0,222,6093,7764,879
18,NAYARIT,6,HUAJICORI,PAN_PT,1,5871,0,222,6093,7764,135
18,NAYARIT,6,HUAJICORI,PAN_PRS,1,5871,0,222,6093,7764,129
18,NAYARIT,6,HUAJICORI,PRD_PT,7,5871,0,222,6093,7764,781
18,NAYARIT,6,HUAJICORI,PRD_PRS,0,5871,0,222,6093,7764,768
18,NAYARIT,6,HUAJICORI,PT_PRS,0,5871,0,222,6093,7764,40
18,NAYARIT,6,HUAJICORI,CAND_IND38,NA,5871,0,222,6093,7764,0
18,NAYARIT,6,HUAJICORI,CAND_IND39,NA,5871,0,222,6093,7764,0
18,NAYARIT,6,HUAJICORI,CAND_IND40,NA,5871,0,222,6093,7764,0
18,NAYARIT,6,HUAJICORI,CAND_IND41,NA,5871,0,222,6093,7764,0
18,NAYARIT,6,HUAJICORI,CAND_IND42,NA,5871,0,222,6093,7764,0
18,NAYARIT,6,HUAJICORI,CAND_IND43,NA,5871,0,222,6093,7764,0
18,NAYARIT,6,HUAJICORI,CAND_IND44,NA,5871,0,222,6093,7764,0
18,NAYARIT,6,HUAJICORI,CAND_IND45,NA,5871,0,222,6093,7764,0
18,NAYARIT,6,HUAJICORI,CAND_IND46,NA,5871,0,222,6093,7764,0
18,NAYARIT,6,HUAJICORI,CAND_IND47,NA,5871,0,222,6093,7764,0
18,NAYARIT,6,HUAJICORI,CAND_IND48,NA,5871,0,222,6093,7764,0
18,NAYARIT,6,HUAJICORI,CAND_IND49,NA,5871,0,222,6093,7764,0
18,NAYARIT,6,HUAJICORI,CAND_IND50,NA,5871,0,222,6093,7764,0
18,NAYARIT,6,HUAJICORI,CAND_IND51,NA,5871,0,222,6093,7764,0
18,NAYARIT,6,HUAJICORI,CAND_IND52,NA,5871,0,222,6093,7764,0
18,NAYARIT,6,HUAJICORI,CAND_IND53,NA,5871,0,222,6093,7764,0
18,NAYARIT,6,HUAJICORI,CAND_IND54,NA,5871,0,222,6093,7764,0
18,NAYARIT,6,HUAJICORI,CAND_IND55,NA,5871,0,222,6093,7764,0
18,NAYARIT,6,HUAJICORI,CAND_IND56,NA,5871,0,222,6093,7764,0
18,NAYARIT,6,HUAJICORI,CAND_IND57,NA,5871,0,222,6093,7764,0
18,NAYARIT,6,HUAJICORI,CAND_IND58,NA,5871,0,222,6093,7764,0
18,NAYARIT,6,HUAJICORI,CAND_IND59,NA,5871,0,222,6093,7764,0
18,NAYARIT,6,HUAJICORI,CAND_IND60,NA,5871,0,222,6093,7764,0
18,NAYARIT,6,HUAJICORI,CAND_IND61,NA,5871,0,222,6093,7764,0
18,NAYARIT,7,IXTLAN DEL RIO,PAN,3464,12768,3,535,13306,20223,3464
18,NAYARIT,7,IXTLAN DEL RIO,PRI,1552,12768,3,535,13306,20223,1552
18,NAYARIT,7,IXTLAN DEL RIO,PRD,84,12768,3,535,13306,20223,84
18,NAYARIT,7,IXTLAN DEL RIO,PT,285,12768,3,535,13306,20223,285
18,NAYARIT,7,IXTLAN DEL RIO,PVEM,1842,12768,3,535,13306,20223,1842
18,NAYARIT,7,IXTLAN DEL RIO,PRS,25,12768,3,535,13306,20223,25
18,NAYARIT,7,IXTLAN DEL RIO,MC,4443,12768,3,535,13306,20223,4443
18,NAYARIT,7,IXTLAN DEL RIO,NUAL,44,12768,3,535,13306,20223,44
18,NAYARIT,7,IXTLAN DEL RIO,MORENA,253,12768,3,535,13306,20223,253
18,NAYARIT,7,IXTLAN DEL RIO,ES,180,12768,3,535,13306,20223,180
18,NAYARIT,7,IXTLAN DEL RIO,PAN_PRD_PT_PRS,30,12768,3,535,13306,20223,3888
18,NAYARIT,7,IXTLAN DEL RIO,PAN_PRD_PT,9,12768,3,535,13306,20223,3842
18,NAYARIT,7,IXTLAN DEL RIO,PAN_PRD_PRS,1,12768,3,535,13306,20223,3574
18,NAYARIT,7,IXTLAN DEL RIO,PAN_PT_PRS,0,12768,3,535,13306,20223,3774
18,NAYARIT,7,IXTLAN DEL RIO,PRD_PT_PRS,1,12768,3,535,13306,20223,395
18,NAYARIT,7,IXTLAN DEL RIO,PAN_PRD,4,12768,3,535,13306,20223,3552
18,NAYARIT,7,IXTLAN DEL RIO,PAN_PT,30,12768,3,535,13306,20223,3779
18,NAYARIT,7,IXTLAN DEL RIO,PAN_PRS,1,12768,3,535,13306,20223,3490
18,NAYARIT,7,IXTLAN DEL RIO,PRD_PT,5,12768,3,535,13306,20223,374
18,NAYARIT,7,IXTLAN DEL RIO,PRD_PRS,0,12768,3,535,13306,20223,109
18,NAYARIT,7,IXTLAN DEL RIO,PT_PRS,0,12768,3,535,13306,20223,310
18,NAYARIT,7,IXTLAN DEL RIO,CAND_IND38,NA,12768,3,535,13306,20223,0
18,NAYARIT,7,IXTLAN DEL RIO,CAND_IND39,NA,12768,3,535,13306,20223,0
18,NAYARIT,7,IXTLAN DEL RIO,CAND_IND40,NA,12768,3,535,13306,20223,0
18,NAYARIT,7,IXTLAN DEL RIO,CAND_IND41,NA,12768,3,535,13306,20223,0
18,NAYARIT,7,IXTLAN DEL RIO,CAND_IND42,515,12768,3,535,13306,20223,515
18,NAYARIT,7,IXTLAN DEL RIO,CAND_IND43,NA,12768,3,535,13306,20223,0
18,NAYARIT,7,IXTLAN DEL RIO,CAND_IND44,NA,12768,3,535,13306,20223,0
18,NAYARIT,7,IXTLAN DEL RIO,CAND_IND45,NA,12768,3,535,13306,20223,0
18,NAYARIT,7,IXTLAN DEL RIO,CAND_IND46,NA,12768,3,535,13306,20223,0
18,NAYARIT,7,IXTLAN DEL RIO,CAND_IND47,NA,12768,3,535,13306,20223,0
18,NAYARIT,7,IXTLAN DEL RIO,CAND_IND48,NA,12768,3,535,13306,20223,0
18,NAYARIT,7,IXTLAN DEL RIO,CAND_IND49,NA,12768,3,535,13306,20223,0
18,NAYARIT,7,IXTLAN DEL RIO,CAND_IND50,NA,12768,3,535,13306,20223,0
18,NAYARIT,7,IXTLAN DEL RIO,CAND_IND51,NA,12768,3,535,13306,20223,0
18,NAYARIT,7,IXTLAN DEL RIO,CAND_IND52,NA,12768,3,535,13306,20223,0
18,NAYARIT,7,IXTLAN DEL RIO,CAND_IND53,NA,12768,3,535,13306,20223,0
18,NAYARIT,7,IXTLAN DEL RIO,CAND_IND54,NA,12768,3,535,13306,20223,0
18,NAYARIT,7,IXTLAN DEL RIO,CAND_IND55,NA,12768,3,535,13306,20223,0
18,NAYARIT,7,IXTLAN DEL RIO,CAND_IND56,NA,12768,3,535,13306,20223,0
18,NAYARIT,7,IXTLAN DEL RIO,CAND_IND57,NA,12768,3,535,13306,20223,0
18,NAYARIT,7,IXTLAN DEL RIO,CAND_IND58,NA,12768,3,535,13306,20223,0
18,NAYARIT,7,IXTLAN DEL RIO,CAND_IND59,NA,12768,3,535,13306,20223,0
18,NAYARIT,7,IXTLAN DEL RIO,CAND_IND60,NA,12768,3,535,13306,20223,0
18,NAYARIT,7,IXTLAN DEL RIO,CAND_IND61,NA,12768,3,535,13306,20223,0
18,NAYARIT,8,JALA,PAN,3299,9463,0,282,9745,12805,3299
18,NAYARIT,8,JALA,PRI,3472,9463,0,282,9745,12805,3472
18,NAYARIT,8,JALA,PRD,38,9463,0,282,9745,12805,38
18,NAYARIT,8,JALA,PT,15,9463,0,282,9745,12805,15
18,NAYARIT,8,JALA,PVEM,66,9463,0,282,9745,12805,66
18,NAYARIT,8,JALA,PRS,5,9463,0,282,9745,12805,5
18,NAYARIT,8,JALA,MC,733,9463,0,282,9745,12805,733
18,NAYARIT,8,JALA,NUAL,1251,9463,0,282,9745,12805,1251
18,NAYARIT,8,JALA,MORENA,251,9463,0,282,9745,12805,251
18,NAYARIT,8,JALA,ES,48,9463,0,282,9745,12805,48
18,NAYARIT,8,JALA,PAN_PRD_PT_PRS,15,9463,0,282,9745,12805,3372
18,NAYARIT,8,JALA,PAN_PRD_PT,3,9463,0,282,9745,12805,3355
18,NAYARIT,8,JALA,PAN_PRD_PRS,2,9463,0,282,9745,12805,3344
18,NAYARIT,8,JALA,PAN_PT_PRS,1,9463,0,282,9745,12805,3320
18,NAYARIT,8,JALA,PRD_PT_PRS,0,9463,0,282,9745,12805,58
18,NAYARIT,8,JALA,PAN_PRD,8,9463,0,282,9745,12805,3345
18,NAYARIT,8,JALA,PAN_PT,2,9463,0,282,9745,12805,3316
18,NAYARIT,8,JALA,PAN_PRS,2,9463,0,282,9745,12805,3306
18,NAYARIT,8,JALA,PRD_PT,0,9463,0,282,9745,12805,53
18,NAYARIT,8,JALA,PRD_PRS,0,9463,0,282,9745,12805,43
18,NAYARIT,8,JALA,PT_PRS,1,9463,0,282,9745,12805,21
18,NAYARIT,8,JALA,CAND_IND38,NA,9463,0,282,9745,12805,0
18,NAYARIT,8,JALA,CAND_IND39,NA,9463,0,282,9745,12805,0
18,NAYARIT,8,JALA,CAND_IND40,NA,9463,0,282,9745,12805,0
18,NAYARIT,8,JALA,CAND_IND41,NA,9463,0,282,9745,12805,0
18,NAYARIT,8,JALA,CAND_IND42,NA,9463,0,282,9745,12805,0
18,NAYARIT,8,JALA,CAND_IND43,251,9463,0,282,9745,12805,251
18,NAYARIT,8,JALA,CAND_IND44,NA,9463,0,282,9745,12805,0
18,NAYARIT,8,JALA,CAND_IND45,NA,9463,0,282,9745,12805,0
18,NAYARIT,8,JALA,CAND_IND46,NA,9463,0,282,9745,12805,0
18,NAYARIT,8,JALA,CAND_IND47,NA,9463,0,282,9745,12805,0
18,NAYARIT,8,JALA,CAND_IND48,NA,9463,0,282,9745,12805,0
18,NAYARIT,8,JALA,CAND_IND49,NA,9463,0,282,9745,12805,0
18,NAYARIT,8,JALA,CAND_IND50,NA,9463,0,282,9745,12805,0
18,NAYARIT,8,JALA,CAND_IND51,NA,9463,0,282,9745,12805,0
18,NAYARIT,8,JALA,CAND_IND52,NA,9463,0,282,9745,12805,0
18,NAYARIT,8,JALA,CAND_IND53,NA,9463,0,282,9745,12805,0
18,NAYARIT,8,JALA,CAND_IND54,NA,9463,0,282,9745,12805,0
18,NAYARIT,8,JALA,CAND_IND55,NA,9463,0,282,9745,12805,0
18,NAYARIT,8,JALA,CAND_IND56,NA,9463,0,282,9745,12805,0
18,NAYARIT,8,JALA,CAND_IND57,NA,9463,0,282,9745,12805,0
18,NAYARIT,8,JALA,CAND_IND58,NA,9463,0,282,9745,12805,0
18,NAYARIT,8,JALA,CAND_IND59,NA,9463,0,282,9745,12805,0
18,NAYARIT,8,JALA,CAND_IND60,NA,9463,0,282,9745,12805,0
18,NAYARIT,8,JALA,CAND_IND61,NA,9463,0,282,9745,12805,0
18,NAYARIT,9,DEL NAYAR,PAN,7101,15185,0,1137,16322,24778,7101
18,NAYARIT,9,DEL NAYAR,PRI,2694,15185,0,1137,16322,24778,2694
18,NAYARIT,9,DEL NAYAR,PRD,588,15185,0,1137,16322,24778,588
18,NAYARIT,9,DEL NAYAR,PT,116,15185,0,1137,16322,24778,116
18,NAYARIT,9,DEL NAYAR,PVEM,496,15185,0,1137,16322,24778,496
18,NAYARIT,9,DEL NAYAR,PRS,82,15185,0,1137,16322,24778,82
18,NAYARIT,9,DEL NAYAR,MC,756,15185,0,1137,16322,24778,756
18,NAYARIT,9,DEL NAYAR,NUAL,226,15185,0,1137,16322,24778,226
18,NAYARIT,9,DEL NAYAR,MORENA,879,15185,0,1137,16322,24778,879
18,NAYARIT,9,DEL NAYAR,ES,350,15185,0,1137,16322,24778,350
18,NAYARIT,9,DEL NAYAR,PAN_PRD_PT_PRS,87,15185,0,1137,16322,24778,7974
18,NAYARIT,9,DEL NAYAR,PAN_PRD_PT,14,15185,0,1137,16322,24778,7819
18,NAYARIT,9,DEL NAYAR,PAN_PRD_PRS,4,15185,0,1137,16322,24778,7775
18,NAYARIT,9,DEL NAYAR,PAN_PT_PRS,2,15185,0,1137,16322,24778,7301
18,NAYARIT,9,DEL NAYAR,PRD_PT_PRS,0,15185,0,1137,16322,24778,786
18,NAYARIT,9,DEL NAYAR,PAN_PRD,54,15185,0,1137,16322,24778,7743
18,NAYARIT,9,DEL NAYAR,PAN_PT,14,15185,0,1137,16322,24778,7231
18,NAYARIT,9,DEL NAYAR,PAN_PRS,15,15185,0,1137,16322,24778,7198
18,NAYARIT,9,DEL NAYAR,PRD_PT,7,15185,0,1137,16322,24778,711
18,NAYARIT,9,DEL NAYAR,PRD_PRS,2,15185,0,1137,16322,24778,672
18,NAYARIT,9,DEL NAYAR,PT_PRS,0,15185,0,1137,16322,24778,198
18,NAYARIT,9,DEL NAYAR,CAND_IND38,NA,15185,0,1137,16322,24778,0
18,NAYARIT,9,DEL NAYAR,CAND_IND39,NA,15185,0,1137,16322,24778,0
18,NAYARIT,9,DEL NAYAR,CAND_IND40,NA,15185,0,1137,16322,24778,0
18,NAYARIT,9,DEL NAYAR,CAND_IND41,NA,15185,0,1137,16322,24778,0
18,NAYARIT,9,DEL NAYAR,CAND_IND42,NA,15185,0,1137,16322,24778,0
18,NAYARIT,9,DEL NAYAR,CAND_IND43,NA,15185,0,1137,16322,24778,0
18,NAYARIT,9,DEL NAYAR,CAND_IND44,1553,15185,0,1137,16322,24778,1553
18,NAYARIT,9,DEL NAYAR,CAND_IND45,145,15185,0,1137,16322,24778,145
18,NAYARIT,9,DEL NAYAR,CAND_IND46,NA,15185,0,1137,16322,24778,0
18,NAYARIT,9,DEL NAYAR,CAND_IND47,NA,15185,0,1137,16322,24778,0
18,NAYARIT,9,DEL NAYAR,CAND_IND48,NA,15185,0,1137,16322,24778,0
18,NAYARIT,9,DEL NAYAR,CAND_IND49,NA,15185,0,1137,16322,24778,0
18,NAYARIT,9,DEL NAYAR,CAND_IND50,NA,15185,0,1137,16322,24778,0
18,NAYARIT,9,DEL NAYAR,CAND_IND51,NA,15185,0,1137,16322,24778,0
18,NAYARIT,9,DEL NAYAR,CAND_IND52,NA,15185,0,1137,16322,24778,0
18,NAYARIT,9,DEL NAYAR,CAND_IND53,NA,15185,0,1137,16322,24778,0
18,NAYARIT,9,DEL NAYAR,CAND_IND54,NA,15185,0,1137,16322,24778,0
18,NAYARIT,9,DEL NAYAR,CAND_IND55,NA,15185,0,1137,16322,24778,0
18,NAYARIT,9,DEL NAYAR,CAND_IND56,NA,15185,0,1137,16322,24778,0
18,NAYARIT,9,DEL NAYAR,CAND_IND57,NA,15185,0,1137,16322,24778,0
18,NAYARIT,9,DEL NAYAR,CAND_IND58,NA,15185,0,1137,16322,24778,0
18,NAYARIT,9,DEL NAYAR,CAND_IND59,NA,15185,0,1137,16322,24778,0
18,NAYARIT,9,DEL NAYAR,CAND_IND60,NA,15185,0,1137,16322,24778,0
18,NAYARIT,9,DEL NAYAR,CAND_IND61,NA,15185,0,1137,16322,24778,0
18,NAYARIT,10,ROSAMORADA,PAN,2307,17196,0,686,17882,25130,2307
18,NAYARIT,10,ROSAMORADA,PRI,4433,17196,0,686,17882,25130,4433
18,NAYARIT,10,ROSAMORADA,PRD,756,17196,0,686,17882,25130,756
18,NAYARIT,10,ROSAMORADA,PT,1164,17196,0,686,17882,25130,1164
18,NAYARIT,10,ROSAMORADA,PVEM,155,17196,0,686,17882,25130,155
18,NAYARIT,10,ROSAMORADA,PRS,78,17196,0,686,17882,25130,78
18,NAYARIT,10,ROSAMORADA,MC,258,17196,0,686,17882,25130,258
18,NAYARIT,10,ROSAMORADA,NUAL,4363,17196,0,686,17882,25130,4363
18,NAYARIT,10,ROSAMORADA,MORENA,2293,17196,0,686,17882,25130,2293
18,NAYARIT,10,ROSAMORADA,ES,138,17196,0,686,17882,25130,138
18,NAYARIT,10,ROSAMORADA,PAN_PRD_PT_PRS,76,17196,0,686,17882,25130,4381
18,NAYARIT,10,ROSAMORADA,PAN_PRD_PT,15,17196,0,686,17882,25130,4242
18,NAYARIT,10,ROSAMORADA,PAN_PRD_PRS,2,17196,0,686,17882,25130,3143
18,NAYARIT,10,ROSAMORADA,PAN_PT_PRS,7,17196,0,686,17882,25130,3556
18,NAYARIT,10,ROSAMORADA,PRD_PT_PRS,2,17196,0,686,17882,25130,2000
18,NAYARIT,10,ROSAMORADA,PAN_PRD,28,17196,0,686,17882,25130,3091
18,NAYARIT,10,ROSAMORADA,PAN_PT,30,17196,0,686,17882,25130,3501
18,NAYARIT,10,ROSAMORADA,PAN_PRS,3,17196,0,686,17882,25130,2388
18,NAYARIT,10,ROSAMORADA,PRD_PT,15,17196,0,686,17882,25130,1935
18,NAYARIT,10,ROSAMORADA,PRD_PRS,2,17196,0,686,17882,25130,836
18,NAYARIT,10,ROSAMORADA,PT_PRS,3,17196,0,686,17882,25130,1245
18,NAYARIT,10,ROSAMORADA,CAND_IND38,NA,17196,0,686,17882,25130,0
18,NAYARIT,10,ROSAMORADA,CAND_IND39,NA,17196,0,686,17882,25130,0
18,NAYARIT,10,ROSAMORADA,CAND_IND40,NA,17196,0,686,17882,25130,0
18,NAYARIT,10,ROSAMORADA,CAND_IND41,NA,17196,0,686,17882,25130,0
18,NAYARIT,10,ROSAMORADA,CAND_IND42,NA,17196,0,686,17882,25130,0
18,NAYARIT,10,ROSAMORADA,CAND_IND43,NA,17196,0,686,17882,25130,0
18,NAYARIT,10,ROSAMORADA,CAND_IND44,NA,17196,0,686,17882,25130,0
18,NAYARIT,10,ROSAMORADA,CAND_IND45,NA,17196,0,686,17882,25130,0
18,NAYARIT,10,ROSAMORADA,CAND_IND46,1068,17196,0,686,17882,25130,1068
18,NAYARIT,10,ROSAMORADA,CAND_IND47,NA,17196,0,686,17882,25130,0
18,NAYARIT,10,ROSAMORADA,CAND_IND48,NA,17196,0,686,17882,25130,0
18,NAYARIT,10,ROSAMORADA,CAND_IND49,NA,17196,0,686,17882,25130,0
18,NAYARIT,10,ROSAMORADA,CAND_IND50,NA,17196,0,686,17882,25130,0
18,NAYARIT,10,ROSAMORADA,CAND_IND51,NA,17196,0,686,17882,25130,0
18,NAYARIT,10,ROSAMORADA,CAND_IND52,NA,17196,0,686,17882,25130,0
18,NAYARIT,10,ROSAMORADA,CAND_IND53,NA,17196,0,686,17882,25130,0
18,NAYARIT,10,ROSAMORADA,CAND_IND54,NA,17196,0,686,17882,25130,0
18,NAYARIT,10,ROSAMORADA,CAND_IND55,NA,17196,0,686,17882,25130,0
18,NAYARIT,10,ROSAMORADA,CAND_IND56,NA,17196,0,686,17882,25130,0
18,NAYARIT,10,ROSAMORADA,CAND_IND57,NA,17196,0,686,17882,25130,0
18,NAYARIT,10,ROSAMORADA,CAND_IND58,NA,17196,0,686,17882,25130,0
18,NAYARIT,10,ROSAMORADA,CAND_IND59,NA,17196,0,686,17882,25130,0
18,NAYARIT,10,ROSAMORADA,CAND_IND60,NA,17196,0,686,17882,25130,0
18,NAYARIT,10,ROSAMORADA,CAND_IND61,NA,17196,0,686,17882,25130,0
18,NAYARIT,11,RUIZ,PAN,6390,11442,3,317,11762,16748,6390
18,NAYARIT,11,RUIZ,PRI,3475,11442,3,317,11762,16748,3475
18,NAYARIT,11,RUIZ,PRD,126,11442,3,317,11762,16748,126
18,NAYARIT,11,RUIZ,PT,122,11442,3,317,11762,16748,122
18,NAYARIT,11,RUIZ,PVEM,0,11442,3,317,11762,16748,0
18,NAYARIT,11,RUIZ,PRS,31,11442,3,317,11762,16748,31
18,NAYARIT,11,RUIZ,MC,673,11442,3,317,11762,16748,673
18,NAYARIT,11,RUIZ,NUAL,0,11442,3,317,11762,16748,0
18,NAYARIT,11,RUIZ,MORENA,289,11442,3,317,11762,16748,289
18,NAYARIT,11,RUIZ,ES,72,11442,3,317,11762,16748,72
18,NAYARIT,11,RUIZ,PAN_PRD_PT_PRS,60,11442,3,317,11762,16748,6729
18,NAYARIT,11,RUIZ,PAN_PRD_PT,16,11442,3,317,11762,16748,6654
18,NAYARIT,11,RUIZ,PAN_PRD_PRS,8,11442,3,317,11762,16748,6555
18,NAYARIT,11,RUIZ,PAN_PT_PRS,1,11442,3,317,11762,16748,6544
18,NAYARIT,11,RUIZ,PRD_PT_PRS,0,11442,3,317,11762,16748,279
18,NAYARIT,11,RUIZ,PAN_PRD,26,11442,3,317,11762,16748,6542
18,NAYARIT,11,RUIZ,PAN_PT,6,11442,3,317,11762,16748,6518
18,NAYARIT,11,RUIZ,PAN_PRS,9,11442,3,317,11762,16748,6430
18,NAYARIT,11,RUIZ,PRD_PT,2,11442,3,317,11762,16748,250
18,NAYARIT,11,RUIZ,PRD_PRS,0,11442,3,317,11762,16748,157
18,NAYARIT,11,RUIZ,PT_PRS,3,11442,3,317,11762,16748,156
18,NAYARIT,11,RUIZ,CAND_IND38,NA,11442,3,317,11762,16748,0
18,NAYARIT,11,RUIZ,CAND_IND39,NA,11442,3,317,11762,16748,0
18,NAYARIT,11,RUIZ,CAND_IND40,NA,11442,3,317,11762,16748,0
18,NAYARIT,11,RUIZ,CAND_IND41,NA,11442,3,317,11762,16748,0
18,NAYARIT,11,RUIZ,CAND_IND42,NA,11442,3,317,11762,16748,0
18,NAYARIT,11,RUIZ,CAND_IND43,NA,11442,3,317,11762,16748,0
18,NAYARIT,11,RUIZ,CAND_IND44,NA,11442,3,317,11762,16748,0
18,NAYARIT,11,RUIZ,CAND_IND45,NA,11442,3,317,11762,16748,0
18,NAYARIT,11,RUIZ,CAND_IND46,NA,11442,3,317,11762,16748,0
18,NAYARIT,11,RUIZ,CAND_IND47,133,11442,3,317,11762,16748,133
18,NAYARIT,11,RUIZ,CAND_IND48,NA,11442,3,317,11762,16748,0
18,NAYARIT,11,RUIZ,CAND_IND49,NA,11442,3,317,11762,16748,0
18,NAYARIT,11,RUIZ,CAND_IND50,NA,11442,3,317,11762,16748,0
18,NAYARIT,11,RUIZ,CAND_IND51,NA,11442,3,317,11762,16748,0
18,NAYARIT,11,RUIZ,CAND_IND52,NA,11442,3,317,11762,16748,0
18,NAYARIT,11,RUIZ,CAND_IND53,NA,11442,3,317,11762,16748,0
18,NAYARIT,11,RUIZ,CAND_IND54,NA,11442,3,317,11762,16748,0
18,NAYARIT,11,RUIZ,CAND_IND55,NA,11442,3,317,11762,16748,0
18,NAYARIT,11,RUIZ,CAND_IND56,NA,11442,3,317,11762,16748,0
18,NAYARIT,11,RUIZ,CAND_IND57,NA,11442,3,317,11762,16748,0
18,NAYARIT,11,RUIZ,CAND_IND58,NA,11442,3,317,11762,16748,0
18,NAYARIT,11,RUIZ,CAND_IND59,NA,11442,3,317,11762,16748,0
18,NAYARIT,11,RUIZ,CAND_IND60,NA,11442,3,317,11762,16748,0
18,NAYARIT,11,RUIZ,CAND_IND61,NA,11442,3,317,11762,16748,0
18,NAYARIT,12,SAN BLAS,PAN,3205,17689,4,1042,18735,28811,3205
18,NAYARIT,12,SAN BLAS,PRI,4387,17689,4,1042,18735,28811,4387
18,NAYARIT,12,SAN BLAS,PRD,491,17689,4,1042,18735,28811,491
18,NAYARIT,12,SAN BLAS,PT,176,17689,4,1042,18735,28811,176
18,NAYARIT,12,SAN BLAS,PVEM,357,17689,4,1042,18735,28811,357
18,NAYARIT,12,SAN BLAS,PRS,123,17689,4,1042,18735,28811,123
18,NAYARIT,12,SAN BLAS,MC,779,17689,4,1042,18735,28811,779
18,NAYARIT,12,SAN BLAS,NUAL,2621,17689,4,1042,18735,28811,2621
18,NAYARIT,12,SAN BLAS,MORENA,1338,17689,4,1042,18735,28811,1338
18,NAYARIT,12,SAN BLAS,ES,253,17689,4,1042,18735,28811,253
18,NAYARIT,12,SAN BLAS,PAN_PRD_PT_PRS,28,17689,4,1042,18735,28811,4023
18,NAYARIT,12,SAN BLAS,PAN_PRD_PT,9,17689,4,1042,18735,28811,3881
18,NAYARIT,12,SAN BLAS,PAN_PRD_PRS,4,17689,4,1042,18735,28811,3823
18,NAYARIT,12,SAN BLAS,PAN_PT_PRS,1,17689,4,1042,18735,28811,3505
18,NAYARIT,12,SAN BLAS,PRD_PT_PRS,1,17689,4,1042,18735,28811,791
18,NAYARIT,12,SAN BLAS,PAN_PRD,25,17689,4,1042,18735,28811,3721
18,NAYARIT,12,SAN BLAS,PAN_PT,15,17689,4,1042,18735,28811,3396
18,NAYARIT,12,SAN BLAS,PAN_PRS,3,17689,4,1042,18735,28811,3331
18,NAYARIT,12,SAN BLAS,PRD_PT,4,17689,4,1042,18735,28811,671
18,NAYARIT,12,SAN BLAS,PRD_PRS,2,17689,4,1042,18735,28811,616
18,NAYARIT,12,SAN BLAS,PT_PRS,3,17689,4,1042,18735,28811,302
18,NAYARIT,12,SAN BLAS,CAND_IND38,NA,17689,4,1042,18735,28811,0
18,NAYARIT,12,SAN BLAS,CAND_IND39,NA,17689,4,1042,18735,28811,0
18,NAYARIT,12,SAN BLAS,CAND_IND40,NA,17689,4,1042,18735,28811,0
18,NAYARIT,12,SAN BLAS,CAND_IND41,NA,17689,4,1042,18735,28811,0
18,NAYARIT,12,SAN BLAS,CAND_IND42,NA,17689,4,1042,18735,28811,0
18,NAYARIT,12,SAN BLAS,CAND_IND43,NA,17689,4,1042,18735,28811,0
18,NAYARIT,12,SAN BLAS,CAND_IND44,NA,17689,4,1042,18735,28811,0
18,NAYARIT,12,SAN BLAS,CAND_IND45,NA,17689,4,1042,18735,28811,0
18,NAYARIT,12,SAN BLAS,CAND_IND46,NA,17689,4,1042,18735,28811,0
18,NAYARIT,12,SAN BLAS,CAND_IND47,NA,17689,4,1042,18735,28811,0
18,NAYARIT,12,SAN BLAS,CAND_IND48,326,17689,4,1042,18735,28811,326
18,NAYARIT,12,SAN BLAS,CAND_IND49,3538,17689,4,1042,18735,28811,3538
18,NAYARIT,12,SAN BLAS,CAND_IND50,NA,17689,4,1042,18735,28811,0
18,NAYARIT,12,SAN BLAS,CAND_IND51,NA,17689,4,1042,18735,28811,0
18,NAYARIT,12,SAN BLAS,CAND_IND52,NA,17689,4,1042,18735,28811,0
18,NAYARIT,12,SAN BLAS,CAND_IND53,NA,17689,4,1042,18735,28811,0
18,NAYARIT,12,SAN BLAS,CAND_IND54,NA,17689,4,1042,18735,28811,0
18,NAYARIT,12,SAN BLAS,CAND_IND55,NA,17689,4,1042,18735,28811,0
18,NAYARIT,12,SAN BLAS,CAND_IND56,NA,17689,4,1042,18735,28811,0
18,NAYARIT,12,SAN BLAS,CAND_IND57,NA,17689,4,1042,18735,28811,0
18,NAYARIT,12,SAN BLAS,CAND_IND58,NA,17689,4,1042,18735,28811,0
18,NAYARIT,12,SAN BLAS,CAND_IND59,NA,17689,4,1042,18735,28811,0
18,NAYARIT,12,SAN BLAS,CAND_IND60,NA,17689,4,1042,18735,28811,0
18,NAYARIT,12,SAN BLAS,CAND_IND61,NA,17689,4,1042,18735,28811,0
18,NAYARIT,13,SAN PEDRO LAGUNILLAS,PAN,1620,4258,0,160,4418,6216,1620
18,NAYARIT,13,SAN PEDRO LAGUNILLAS,PRI,986,4258,0,160,4418,6216,986
18,NAYARIT,13,SAN PEDRO LAGUNILLAS,PRD,82,4258,0,160,4418,6216,82
18,NAYARIT,13,SAN PEDRO LAGUNILLAS,PT,25,4258,0,160,4418,6216,25
18,NAYARIT,13,SAN PEDRO LAGUNILLAS,PVEM,616,4258,0,160,4418,6216,616
18,NAYARIT,13,SAN PEDRO LAGUNILLAS,PRS,9,4258,0,160,4418,6216,9
18,NAYARIT,13,SAN PEDRO LAGUNILLAS,MC,56,4258,0,160,4418,6216,56
18,NAYARIT,13,SAN PEDRO LAGUNILLAS,NUAL,14,4258,0,160,4418,6216,14
18,NAYARIT,13,SAN PEDRO LAGUNILLAS,MORENA,374,4258,0,160,4418,6216,374
18,NAYARIT,13,SAN PEDRO LAGUNILLAS,ES,0,4258,0,160,4418,6216,0
18,NAYARIT,13,SAN PEDRO LAGUNILLAS,PAN_PRD_PT_PRS,15,4258,0,160,4418,6216,1751
18,NAYARIT,13,SAN PEDRO LAGUNILLAS,PAN_PRD_PT,3,4258,0,160,4418,6216,1730
18,NAYARIT,13,SAN PEDRO LAGUNILLAS,PAN_PRD_PRS,1,4258,0,160,4418,6216,1712
18,NAYARIT,13,SAN PEDRO LAGUNILLAS,PAN_PT_PRS,0,4258,0,160,4418,6216,1654
18,NAYARIT,13,SAN PEDRO LAGUNILLAS,PRD_PT_PRS,0,4258,0,160,4418,6216,116
18,NAYARIT,13,SAN PEDRO LAGUNILLAS,PAN_PRD,11,4258,0,160,4418,6216,1713
18,NAYARIT,13,SAN PEDRO LAGUNILLAS,PAN_PT,4,4258,0,160,4418,6216,1649
18,NAYARIT,13,SAN PEDRO LAGUNILLAS,PAN_PRS,1,4258,0,160,4418,6216,1630
18,NAYARIT,13,SAN PEDRO LAGUNILLAS,PRD_PT,1,4258,0,160,4418,6216,108
18,NAYARIT,13,SAN PEDRO LAGUNILLAS,PRD_PRS,0,4258,0,160,4418,6216,91
18,NAYARIT,13,SAN PEDRO LAGUNILLAS,PT_PRS,3,4258,0,160,4418,6216,37
18,NAYARIT,13,SAN PEDRO LAGUNILLAS,CAND_IND38,NA,4258,0,160,4418,6216,0
18,NAYARIT,13,SAN PEDRO LAGUNILLAS,CAND_IND39,NA,4258,0,160,4418,6216,0
18,NAYARIT,13,SAN PEDRO LAGUNILLAS,CAND_IND40,NA,4258,0,160,4418,6216,0
18,NAYARIT,13,SAN PEDRO LAGUNILLAS,CAND_IND41,NA,4258,0,160,4418,6216,0
18,NAYARIT,13,SAN PEDRO LAGUNILLAS,CAND_IND42,NA,4258,0,160,4418,6216,0
18,NAYARIT,13,SAN PEDRO LAGUNILLAS,CAND_IND43,NA,4258,0,160,4418,6216,0
18,NAYARIT,13,SAN PEDRO LAGUNILLAS,CAND_IND44,NA,4258,0,160,4418,6216,0
18,NAYARIT,13,SAN PEDRO LAGUNILLAS,CAND_IND45,NA,4258,0,160,4418,6216,0
18,NAYARIT,13,SAN PEDRO LAGUNILLAS,CAND_IND46,NA,4258,0,160,4418,6216,0
18,NAYARIT,13,SAN PEDRO LAGUNILLAS,CAND_IND47,NA,4258,0,160,4418,6216,0
18,NAYARIT,13,SAN PEDRO LAGUNILLAS,CAND_IND48,NA,4258,0,160,4418,6216,0
18,NAYARIT,13,SAN PEDRO LAGUNILLAS,CAND_IND49,NA,4258,0,160,4418,6216,0
18,NAYARIT,13,SAN PEDRO LAGUNILLAS,CAND_IND50,437,4258,0,160,4418,6216,437
18,NAYARIT,13,SAN PEDRO LAGUNILLAS,CAND_IND51,NA,4258,0,160,4418,6216,0
18,NAYARIT,13,SAN PEDRO LAGUNILLAS,CAND_IND52,NA,4258,0,160,4418,6216,0
18,NAYARIT,13,SAN PEDRO LAGUNILLAS,CAND_IND53,NA,4258,0,160,4418,6216,0
18,NAYARIT,13,SAN PEDRO LAGUNILLAS,CAND_IND54,NA,4258,0,160,4418,6216,0
18,NAYARIT,13,SAN PEDRO LAGUNILLAS,CAND_IND55,NA,4258,0,160,4418,6216,0
18,NAYARIT,13,SAN PEDRO LAGUNILLAS,CAND_IND56,NA,4258,0,160,4418,6216,0
18,NAYARIT,13,SAN PEDRO LAGUNILLAS,CAND_IND57,NA,4258,0,160,4418,6216,0
18,NAYARIT,13,SAN PEDRO LAGUNILLAS,CAND_IND58,NA,4258,0,160,4418,6216,0
18,NAYARIT,13,SAN PEDRO LAGUNILLAS,CAND_IND59,NA,4258,0,160,4418,6216,0
18,NAYARIT,13,SAN PEDRO LAGUNILLAS,CAND_IND60,NA,4258,0,160,4418,6216,0
18,NAYARIT,13,SAN PEDRO LAGUNILLAS,CAND_IND61,NA,4258,0,160,4418,6216,0
18,NAYARIT,14,SANTA MARIA DEL ORO,PAN,1040,11401,3,623,12027,17397,1040
18,NAYARIT,14,SANTA MARIA DEL ORO,PRI,3411,11401,3,623,12027,17397,3411
18,NAYARIT,14,SANTA MARIA DEL ORO,PRD,700,11401,3,623,12027,17397,700
18,NAYARIT,14,SANTA MARIA DEL ORO,PT,680,11401,3,623,12027,17397,680
18,NAYARIT,14,SANTA MARIA DEL ORO,PVEM,471,11401,3,623,12027,17397,471
18,NAYARIT,14,SANTA MARIA DEL ORO,PRS,50,11401,3,623,12027,17397,50
18,NAYARIT,14,SANTA MARIA DEL ORO,MC,1259,11401,3,623,12027,17397,1259
18,NAYARIT,14,SANTA MARIA DEL ORO,NUAL,2426,11401,3,623,12027,17397,2426
18,NAYARIT,14,SANTA MARIA DEL ORO,MORENA,1271,11401,3,623,12027,17397,1271
18,NAYARIT,14,SANTA MARIA DEL ORO,ES,0,11401,3,623,12027,17397,0
18,NAYARIT,14,SANTA MARIA DEL ORO,PAN_PRD_PT_PRS,21,11401,3,623,12027,17397,2491
18,NAYARIT,14,SANTA MARIA DEL ORO,PAN_PRD_PT,14,11401,3,623,12027,17397,2434
18,NAYARIT,14,SANTA MARIA DEL ORO,PAN_PRD_PRS,1,11401,3,623,12027,17397,1791
18,NAYARIT,14,SANTA MARIA DEL ORO,PAN_PT_PRS,2,11401,3,623,12027,17397,1772
18,NAYARIT,14,SANTA MARIA DEL ORO,PRD_PT_PRS,1,11401,3,623,12027,17397,1431
18,NAYARIT,14,SANTA MARIA DEL ORO,PAN_PRD,15,11401,3,623,12027,17397,1755
18,NAYARIT,14,SANTA MARIA DEL ORO,PAN_PT,15,11401,3,623,12027,17397,1735
18,NAYARIT,14,SANTA MARIA DEL ORO,PAN_PRS,2,11401,3,623,12027,17397,1092
18,NAYARIT,14,SANTA MARIA DEL ORO,PRD_PT,18,11401,3,623,12027,17397,1398
18,NAYARIT,14,SANTA MARIA DEL ORO,PRD_PRS,3,11401,3,623,12027,17397,753
18,NAYARIT,14,SANTA MARIA DEL ORO,PT_PRS,1,11401,3,623,12027,17397,731
18,NAYARIT,14,SANTA MARIA DEL ORO,CAND_IND38,NA,11401,3,623,12027,17397,0
18,NAYARIT,14,SANTA MARIA DEL ORO,CAND_IND39,NA,11401,3,623,12027,17397,0
18,NAYARIT,14,SANTA MARIA DEL ORO,CAND_IND40,NA,11401,3,623,12027,17397,0
18,NAYARIT,14,SANTA MARIA DEL ORO,CAND_IND41,NA,11401,3,623,12027,17397,0
18,NAYARIT,14,SANTA MARIA DEL ORO,CAND_IND42,NA,11401,3,623,12027,17397,0
18,NAYARIT,14,SANTA MARIA DEL ORO,CAND_IND43,NA,11401,3,623,12027,17397,0
18,NAYARIT,14,SANTA MARIA DEL ORO,CAND_IND44,NA,11401,3,623,12027,17397,0
18,NAYARIT,14,SANTA MARIA DEL ORO,CAND_IND45,NA,11401,3,623,12027,17397,0
18,NAYARIT,14,SANTA MARIA DEL ORO,CAND_IND46,NA,11401,3,623,12027,17397,0
18,NAYARIT,14,SANTA MARIA DEL ORO,CAND_IND47,NA,11401,3,623,12027,17397,0
18,NAYARIT,14,SANTA MARIA DEL ORO,CAND_IND48,NA,11401,3,623,12027,17397,0
18,NAYARIT,14,SANTA MARIA DEL ORO,CAND_IND49,NA,11401,3,623,12027,17397,0
18,NAYARIT,14,SANTA MARIA DEL ORO,CAND_IND50,NA,11401,3,623,12027,17397,0
18,NAYARIT,14,SANTA MARIA DEL ORO,CAND_IND51,NA,11401,3,623,12027,17397,0
18,NAYARIT,14,SANTA MARIA DEL ORO,CAND_IND52,NA,11401,3,623,12027,17397,0
18,NAYARIT,14,SANTA MARIA DEL ORO,CAND_IND53,NA,11401,3,623,12027,17397,0
18,NAYARIT,14,SANTA MARIA DEL ORO,CAND_IND54,NA,11401,3,623,12027,17397,0
18,NAYARIT,14,SANTA MARIA DEL ORO,CAND_IND55,NA,11401,3,623,12027,17397,0
18,NAYARIT,14,SANTA MARIA DEL ORO,CAND_IND56,NA,11401,3,623,12027,17397,0
18,NAYARIT,14,SANTA MARIA DEL ORO,CAND_IND57,NA,11401,3,623,12027,17397,0
18,NAYARIT,14,SANTA MARIA DEL ORO,CAND_IND58,NA,11401,3,623,12027,17397,0
18,NAYARIT,14,SANTA MARIA DEL ORO,CAND_IND59,NA,11401,3,623,12027,17397,0
18,NAYARIT,14,SANTA MARIA DEL ORO,CAND_IND60,NA,11401,3,623,12027,17397,0
18,NAYARIT,14,SANTA MARIA DEL ORO,CAND_IND61,NA,11401,3,623,12027,17397,0
18,NAYARIT,15,SANTIAGO IXCUINTLA,PAN,9329,42698,7,1691,44396,69121,9329
18,NAYARIT,15,SANTIAGO IXCUINTLA,PRI,12551,42698,7,1691,44396,69121,12551
18,NAYARIT,15,SANTIAGO IXCUINTLA,PRD,9858,42698,7,1691,44396,69121,9858
18,NAYARIT,15,SANTIAGO IXCUINTLA,PT,1918,42698,7,1691,44396,69121,1918
18,NAYARIT,15,SANTIAGO IXCUINTLA,PVEM,797,42698,7,1691,44396,69121,797
18,NAYARIT,15,SANTIAGO IXCUINTLA,PRS,653,42698,7,1691,44396,69121,653
18,NAYARIT,15,SANTIAGO IXCUINTLA,MC,1078,42698,7,1691,44396,69121,1078
18,NAYARIT,15,SANTIAGO IXCUINTLA,NUAL,549,42698,7,1691,44396,69121,549
18,NAYARIT,15,SANTIAGO IXCUINTLA,MORENA,2956,42698,7,1691,44396,69121,2956
18,NAYARIT,15,SANTIAGO IXCUINTLA,ES,321,42698,7,1691,44396,69121,321
18,NAYARIT,15,SANTIAGO IXCUINTLA,PAN_PRD_PT_PRS,392,42698,7,1691,44396,69121,22150
18,NAYARIT,15,SANTIAGO IXCUINTLA,PAN_PRD_PT,125,42698,7,1691,44396,69121,21230
18,NAYARIT,15,SANTIAGO IXCUINTLA,PAN_PRD_PRS,22,42698,7,1691,44396,69121,19862
18,NAYARIT,15,SANTIAGO IXCUINTLA,PAN_PT_PRS,5,42698,7,1691,44396,69121,11905
18,NAYARIT,15,SANTIAGO IXCUINTLA,PRD_PT_PRS,24,42698,7,1691,44396,69121,12453
18,NAYARIT,15,SANTIAGO IXCUINTLA,PAN_PRD,291,42698,7,1691,44396,69121,19478
18,NAYARIT,15,SANTIAGO IXCUINTLA,PAN_PT,35,42698,7,1691,44396,69121,11282
18,NAYARIT,15,SANTIAGO IXCUINTLA,PAN_PRS,14,42698,7,1691,44396,69121,9996
18,NAYARIT,15,SANTIAGO IXCUINTLA,PRD_PT,91,42698,7,1691,44396,69121,11867
18,NAYARIT,15,SANTIAGO IXCUINTLA,PRD_PRS,15,42698,7,1691,44396,69121,10526
18,NAYARIT,15,SANTIAGO IXCUINTLA,PT_PRS,14,42698,7,1691,44396,69121,2585
18,NAYARIT,15,SANTIAGO IXCUINTLA,CAND_IND38,NA,42698,7,1691,44396,69121,0
18,NAYARIT,15,SANTIAGO IXCUINTLA,CAND_IND39,NA,42698,7,1691,44396,69121,0
18,NAYARIT,15,SANTIAGO IXCUINTLA,CAND_IND40,NA,42698,7,1691,44396,69121,0
18,NAYARIT,15,SANTIAGO IXCUINTLA,CAND_IND41,NA,42698,7,1691,44396,69121,0
18,NAYARIT,15,SANTIAGO IXCUINTLA,CAND_IND42,NA,42698,7,1691,44396,69121,0
18,NAYARIT,15,SANTIAGO IXCUINTLA,CAND_IND43,NA,42698,7,1691,44396,69121,0
18,NAYARIT,15,SANTIAGO IXCUINTLA,CAND_IND44,NA,42698,7,1691,44396,69121,0
18,NAYARIT,15,SANTIAGO IXCUINTLA,CAND_IND45,NA,42698,7,1691,44396,69121,0
18,NAYARIT,15,SANTIAGO IXCUINTLA,CAND_IND46,NA,42698,7,1691,44396,69121,0
18,NAYARIT,15,SANTIAGO IXCUINTLA,CAND_IND47,NA,42698,7,1691,44396,69121,0
18,NAYARIT,15,SANTIAGO IXCUINTLA,CAND_IND48,NA,42698,7,1691,44396,69121,0
18,NAYARIT,15,SANTIAGO IXCUINTLA,CAND_IND49,NA,42698,7,1691,44396,69121,0
18,NAYARIT,15,SANTIAGO IXCUINTLA,CAND_IND50,NA,42698,7,1691,44396,69121,0
18,NAYARIT,15,SANTIAGO IXCUINTLA,CAND_IND51,1660,42698,7,1691,44396,69121,1660
18,NAYARIT,15,SANTIAGO IXCUINTLA,CAND_IND52,NA,42698,7,1691,44396,69121,0
18,NAYARIT,15,SANTIAGO IXCUINTLA,CAND_IND53,NA,42698,7,1691,44396,69121,0
18,NAYARIT,15,SANTIAGO IXCUINTLA,CAND_IND54,NA,42698,7,1691,44396,69121,0
18,NAYARIT,15,SANTIAGO IXCUINTLA,CAND_IND55,NA,42698,7,1691,44396,69121,0
18,NAYARIT,15,SANTIAGO IXCUINTLA,CAND_IND56,NA,42698,7,1691,44396,69121,0
18,NAYARIT,15,SANTIAGO IXCUINTLA,CAND_IND57,NA,42698,7,1691,44396,69121,0
18,NAYARIT,15,SANTIAGO IXCUINTLA,CAND_IND58,NA,42698,7,1691,44396,69121,0
18,NAYARIT,15,SANTIAGO IXCUINTLA,CAND_IND59,NA,42698,7,1691,44396,69121,0
18,NAYARIT,15,SANTIAGO IXCUINTLA,CAND_IND60,NA,42698,7,1691,44396,69121,0
18,NAYARIT,15,SANTIAGO IXCUINTLA,CAND_IND61,NA,42698,7,1691,44396,69121,0
18,NAYARIT,16,TECUALA,PAN,1382,18159,0,842,19001,28594,1382
18,NAYARIT,16,TECUALA,PRI,6006,18159,0,842,19001,28594,6006
18,NAYARIT,16,TECUALA,PRD,2180,18159,0,842,19001,28594,2180
18,NAYARIT,16,TECUALA,PT,118,18159,0,842,19001,28594,118
18,NAYARIT,16,TECUALA,PVEM,447,18159,0,842,19001,28594,447
18,NAYARIT,16,TECUALA,PRS,93,18159,0,842,19001,28594,93
18,NAYARIT,16,TECUALA,MC,740,18159,0,842,19001,28594,740
18,NAYARIT,16,TECUALA,NUAL,462,18159,0,842,19001,28594,462
18,NAYARIT,16,TECUALA,MORENA,985,18159,0,842,19001,28594,985
18,NAYARIT,16,TECUALA,ES,74,18159,0,842,19001,28594,74
18,NAYARIT,16,TECUALA,PAN_PRD_PT_PRS,47,18159,0,842,19001,28594,3820
18,NAYARIT,16,TECUALA,PAN_PRD_PT,13,18159,0,842,19001,28594,3693
18,NAYARIT,16,TECUALA,PAN_PRD_PRS,4,18159,0,842,19001,28594,3659
18,NAYARIT,16,TECUALA,PAN_PT_PRS,2,18159,0,842,19001,28594,1595
18,NAYARIT,16,TECUALA,PRD_PT_PRS,4,18159,0,842,19001,28594,2395
18,NAYARIT,16,TECUALA,PAN_PRD,65,18159,0,842,19001,28594,3627
18,NAYARIT,16,TECUALA,PAN_PT,3,18159,0,842,19001,28594,1503
18,NAYARIT,16,TECUALA,PAN_PRS,2,18159,0,842,19001,28594,1477
18,NAYARIT,16,TECUALA,PRD_PT,17,18159,0,842,19001,28594,2315
18,NAYARIT,16,TECUALA,PRD_PRS,5,18159,0,842,19001,28594,2278
18,NAYARIT,16,TECUALA,PT_PRS,1,18159,0,842,19001,28594,212
18,NAYARIT,16,TECUALA,CAND_IND38,NA,18159,0,842,19001,28594,0
18,NAYARIT,16,TECUALA,CAND_IND39,NA,18159,0,842,19001,28594,0
18,NAYARIT,16,TECUALA,CAND_IND40,NA,18159,0,842,19001,28594,0
18,NAYARIT,16,TECUALA,CAND_IND41,NA,18159,0,842,19001,28594,0
18,NAYARIT,16,TECUALA,CAND_IND42,NA,18159,0,842,19001,28594,0
18,NAYARIT,16,TECUALA,CAND_IND43,NA,18159,0,842,19001,28594,0
18,NAYARIT,16,TECUALA,CAND_IND44,NA,18159,0,842,19001,28594,0
18,NAYARIT,16,TECUALA,CAND_IND45,NA,18159,0,842,19001,28594,0
18,NAYARIT,16,TECUALA,CAND_IND46,NA,18159,0,842,19001,28594,0
18,NAYARIT,16,TECUALA,CAND_IND47,NA,18159,0,842,19001,28594,0
18,NAYARIT,16,TECUALA,CAND_IND48,NA,18159,0,842,19001,28594,0
18,NAYARIT,16,TECUALA,CAND_IND49,NA,18159,0,842,19001,28594,0
18,NAYARIT,16,TECUALA,CAND_IND50,NA,18159,0,842,19001,28594,0
18,NAYARIT,16,TECUALA,CAND_IND51,NA,18159,0,842,19001,28594,0
18,NAYARIT,16,TECUALA,CAND_IND52,5509,18159,0,842,19001,28594,5509
18,NAYARIT,16,TECUALA,CAND_IND53,NA,18159,0,842,19001,28594,0
18,NAYARIT,16,TECUALA,CAND_IND54,NA,18159,0,842,19001,28594,0
18,NAYARIT,16,TECUALA,CAND_IND55,NA,18159,0,842,19001,28594,0
18,NAYARIT,16,TECUALA,CAND_IND56,NA,18159,0,842,19001,28594,0
18,NAYARIT,16,TECUALA,CAND_IND57,NA,18159,0,842,19001,28594,0
18,NAYARIT,16,TECUALA,CAND_IND58,NA,18159,0,842,19001,28594,0
18,NAYARIT,16,TECUALA,CAND_IND59,NA,18159,0,842,19001,28594,0
18,NAYARIT,16,TECUALA,CAND_IND60,NA,18159,0,842,19001,28594,0
18,NAYARIT,16,TECUALA,CAND_IND61,NA,18159,0,842,19001,28594,0
18,NAYARIT,17,TEPIC,PAN,31510,172723,57,4679,177459,290823,31510
18,NAYARIT,17,TEPIC,PRI,28825,172723,57,4679,177459,290823,28825
18,NAYARIT,17,TEPIC,PRD,13823,172723,57,4679,177459,290823,13823
18,NAYARIT,17,TEPIC,PT,3210,172723,57,4679,177459,290823,3210
18,NAYARIT,17,TEPIC,PVEM,3417,172723,57,4679,177459,290823,3417
18,NAYARIT,17,TEPIC,PRS,577,172723,57,4679,177459,290823,577
18,NAYARIT,17,TEPIC,MC,4184,172723,57,4679,177459,290823,4184
18,NAYARIT,17,TEPIC,NUAL,2436,172723,57,4679,177459,290823,2436
18,NAYARIT,17,TEPIC,MORENA,16965,172723,57,4679,177459,290823,16965
18,NAYARIT,17,TEPIC,ES,1360,172723,57,4679,177459,290823,1360
18,NAYARIT,17,TEPIC,PAN_PRD_PT_PRS,1003,172723,57,4679,177459,290823,50123
18,NAYARIT,17,TEPIC,PAN_PRD_PT,322,172723,57,4679,177459,290823,48865
18,NAYARIT,17,TEPIC,PAN_PRD_PRS,29,172723,57,4679,177459,290823,45939
18,NAYARIT,17,TEPIC,PAN_PT_PRS,16,172723,57,4679,177459,290823,35313
18,NAYARIT,17,TEPIC,PRD_PT_PRS,26,172723,57,4679,177459,290823,17636
18,NAYARIT,17,TEPIC,PAN_PRD,705,172723,57,4679,177459,290823,46038
18,NAYARIT,17,TEPIC,PAN_PT,91,172723,57,4679,177459,290823,34811
18,NAYARIT,17,TEPIC,PAN_PRS,26,172723,57,4679,177459,290823,32113
18,NAYARIT,17,TEPIC,PRD_PT,124,172723,57,4679,177459,290823,17157
18,NAYARIT,17,TEPIC,PRD_PRS,11,172723,57,4679,177459,290823,14411
18,NAYARIT,17,TEPIC,PT_PRS,49,172723,57,4679,177459,290823,3836
18,NAYARIT,17,TEPIC,CAND_IND38,NA,172723,57,4679,177459,290823,0
18,NAYARIT,17,TEPIC,CAND_IND39,NA,172723,57,4679,177459,290823,0
18,NAYARIT,17,TEPIC,CAND_IND40,NA,172723,57,4679,177459,290823,0
18,NAYARIT,17,TEPIC,CAND_IND41,NA,172723,57,4679,177459,290823,0
18,NAYARIT,17,TEPIC,CAND_IND42,NA,172723,57,4679,177459,290823,0
18,NAYARIT,17,TEPIC,CAND_IND43,NA,172723,57,4679,177459,290823,0
18,NAYARIT,17,TEPIC,CAND_IND44,NA,172723,57,4679,177459,290823,0
18,NAYARIT,17,TEPIC,CAND_IND45,NA,172723,57,4679,177459,290823,0
18,NAYARIT,17,TEPIC,CAND_IND46,NA,172723,57,4679,177459,290823,0
18,NAYARIT,17,TEPIC,CAND_IND47,NA,172723,57,4679,177459,290823,0
18,NAYARIT,17,TEPIC,CAND_IND48,NA,172723,57,4679,177459,290823,0
18,NAYARIT,17,TEPIC,CAND_IND49,NA,172723,57,4679,177459,290823,0
18,NAYARIT,17,TEPIC,CAND_IND50,NA,172723,57,4679,177459,290823,0
18,NAYARIT,17,TEPIC,CAND_IND51,NA,172723,57,4679,177459,290823,0
18,NAYARIT,17,TEPIC,CAND_IND52,NA,172723,57,4679,177459,290823,0
18,NAYARIT,17,TEPIC,CAND_IND53,26476,172723,57,4679,177459,290823,26476
18,NAYARIT,17,TEPIC,CAND_IND54,2456,172723,57,4679,177459,290823,2456
18,NAYARIT,17,TEPIC,CAND_IND55,35082,172723,57,4679,177459,290823,35082
18,NAYARIT,17,TEPIC,CAND_IND56,NA,172723,57,4679,177459,290823,0
18,NAYARIT,17,TEPIC,CAND_IND57,NA,172723,57,4679,177459,290823,0
18,NAYARIT,17,TEPIC,CAND_IND58,NA,172723,57,4679,177459,290823,0
18,NAYARIT,17,TEPIC,CAND_IND59,NA,172723,57,4679,177459,290823,0
18,NAYARIT,17,TEPIC,CAND_IND60,NA,172723,57,4679,177459,290823,0
18,NAYARIT,17,TEPIC,CAND_IND61,NA,172723,57,4679,177459,290823,0
18,NAYARIT,18,TUXPAN,PAN,4559,14646,4,535,15185,22045,4559
18,NAYARIT,18,TUXPAN,PRI,4993,14646,4,535,15185,22045,4993
18,NAYARIT,18,TUXPAN,PRD,1165,14646,4,535,15185,22045,1165
18,NAYARIT,18,TUXPAN,PT,515,14646,4,535,15185,22045,515
18,NAYARIT,18,TUXPAN,PVEM,94,14646,4,535,15185,22045,94
18,NAYARIT,18,TUXPAN,PRS,86,14646,4,535,15185,22045,86
18,NAYARIT,18,TUXPAN,MC,354,14646,4,535,15185,22045,354
18,NAYARIT,18,TUXPAN,NUAL,957,14646,4,535,15185,22045,957
18,NAYARIT,18,TUXPAN,MORENA,711,14646,4,535,15185,22045,711
18,NAYARIT,18,TUXPAN,ES,362,14646,4,535,15185,22045,362
18,NAYARIT,18,TUXPAN,PAN_PRD_PT_PRS,48,14646,4,535,15185,22045,6373
18,NAYARIT,18,TUXPAN,PAN_PRD_PT,17,14646,4,535,15185,22045,6256
18,NAYARIT,18,TUXPAN,PAN_PRD_PRS,3,14646,4,535,15185,22045,5813
18,NAYARIT,18,TUXPAN,PAN_PT_PRS,0,14646,4,535,15185,22045,5160
18,NAYARIT,18,TUXPAN,PRD_PT_PRS,2,14646,4,535,15185,22045,1768
18,NAYARIT,18,TUXPAN,PAN_PRD,47,14646,4,535,15185,22045,5771
18,NAYARIT,18,TUXPAN,PAN_PT,15,14646,4,535,15185,22045,5089
18,NAYARIT,18,TUXPAN,PAN_PRS,2,14646,4,535,15185,22045,4647
18,NAYARIT,18,TUXPAN,PRD_PT,10,14646,4,535,15185,22045,1690
18,NAYARIT,18,TUXPAN,PRD_PRS,0,14646,4,535,15185,22045,1251
18,NAYARIT,18,TUXPAN,PT_PRS,0,14646,4,535,15185,22045,601
18,NAYARIT,18,TUXPAN,CAND_IND38,NA,14646,4,535,15185,22045,0
18,NAYARIT,18,TUXPAN,CAND_IND39,NA,14646,4,535,15185,22045,0
18,NAYARIT,18,TUXPAN,CAND_IND40,NA,14646,4,535,15185,22045,0
18,NAYARIT,18,TUXPAN,CAND_IND41,NA,14646,4,535,15185,22045,0
18,NAYARIT,18,TUXPAN,CAND_IND42,NA,14646,4,535,15185,22045,0
18,NAYARIT,18,TUXPAN,CAND_IND43,NA,14646,4,535,15185,22045,0
18,NAYARIT,18,TUXPAN,CAND_IND44,NA,14646,4,535,15185,22045,0
18,NAYARIT,18,TUXPAN,CAND_IND45,NA,14646,4,535,15185,22045,0
18,NAYARIT,18,TUXPAN,CAND_IND46,NA,14646,4,535,15185,22045,0
18,NAYARIT,18,TUXPAN,CAND_IND47,NA,14646,4,535,15185,22045,0
18,NAYARIT,18,TUXPAN,CAND_IND48,NA,14646,4,535,15185,22045,0
18,NAYARIT,18,TUXPAN,CAND_IND49,NA,14646,4,535,15185,22045,0
18,NAYARIT,18,TUXPAN,CAND_IND50,NA,14646,4,535,15185,22045,0
18,NAYARIT,18,TUXPAN,CAND_IND51,NA,14646,4,535,15185,22045,0
18,NAYARIT,18,TUXPAN,CAND_IND52,NA,14646,4,535,15185,22045,0
18,NAYARIT,18,TUXPAN,CAND_IND53,NA,14646,4,535,15185,22045,0
18,NAYARIT,18,TUXPAN,CAND_IND54,NA,14646,4,535,15185,22045,0
18,NAYARIT,18,TUXPAN,CAND_IND55,NA,14646,4,535,15185,22045,0
18,NAYARIT,18,TUXPAN,CAND_IND56,423,14646,4,535,15185,22045,423
18,NAYARIT,18,TUXPAN,CAND_IND57,283,14646,4,535,15185,22045,283
18,NAYARIT,18,TUXPAN,CAND_IND58,NA,14646,4,535,15185,22045,0
18,NAYARIT,18,TUXPAN,CAND_IND59,NA,14646,4,535,15185,22045,0
18,NAYARIT,18,TUXPAN,CAND_IND60,NA,14646,4,535,15185,22045,0
18,NAYARIT,18,TUXPAN,CAND_IND61,NA,14646,4,535,15185,22045,0
18,NAYARIT,19,XALISCO,PAN,8362,22448,3,723,23174,37730,8362
18,NAYARIT,19,XALISCO,PRI,4344,22448,3,723,23174,37730,4344
18,NAYARIT,19,XALISCO,PRD,477,22448,3,723,23174,37730,477
18,NAYARIT,19,XALISCO,PT,269,22448,3,723,23174,37730,269
18,NAYARIT,19,XALISCO,PVEM,274,22448,3,723,23174,37730,274
18,NAYARIT,19,XALISCO,PRS,46,22448,3,723,23174,37730,46
18,NAYARIT,19,XALISCO,MC,1007,22448,3,723,23174,37730,1007
18,NAYARIT,19,XALISCO,NUAL,415,22448,3,723,23174,37730,415
18,NAYARIT,19,XALISCO,MORENA,2476,22448,3,723,23174,37730,2476
18,NAYARIT,19,XALISCO,ES,229,22448,3,723,23174,37730,229
18,NAYARIT,19,XALISCO,PAN_PRD_PT_PRS,91,22448,3,723,23174,37730,9245
18,NAYARIT,19,XALISCO,PAN_PRD_PT,26,22448,3,723,23174,37730,9134
18,NAYARIT,19,XALISCO,PAN_PRD_PRS,2,22448,3,723,23174,37730,8887
18,NAYARIT,19,XALISCO,PAN_PT_PRS,1,22448,3,723,23174,37730,8678
18,NAYARIT,19,XALISCO,PRD_PT_PRS,2,22448,3,723,23174,37730,794
18,NAYARIT,19,XALISCO,PAN_PRD,73,22448,3,723,23174,37730,8912
18,NAYARIT,19,XALISCO,PAN_PT,10,22448,3,723,23174,37730,8641
18,NAYARIT,19,XALISCO,PAN_PRS,3,22448,3,723,23174,37730,8411
18,NAYARIT,19,XALISCO,PRD_PT,9,22448,3,723,23174,37730,755
18,NAYARIT,19,XALISCO,PRD_PRS,0,22448,3,723,23174,37730,523
18,NAYARIT,19,XALISCO,PT_PRS,2,22448,3,723,23174,37730,317
18,NAYARIT,19,XALISCO,CAND_IND38,NA,22448,3,723,23174,37730,0
18,NAYARIT,19,XALISCO,CAND_IND39,NA,22448,3,723,23174,37730,0
18,NAYARIT,19,XALISCO,CAND_IND40,NA,22448,3,723,23174,37730,0
18,NAYARIT,19,XALISCO,CAND_IND41,NA,22448,3,723,23174,37730,0
18,NAYARIT,19,XALISCO,CAND_IND42,NA,22448,3,723,23174,37730,0
18,NAYARIT,19,XALISCO,CAND_IND43,NA,22448,3,723,23174,37730,0
18,NAYARIT,19,XALISCO,CAND_IND44,NA,22448,3,723,23174,37730,0
18,NAYARIT,19,XALISCO,CAND_IND45,NA,22448,3,723,23174,37730,0
18,NAYARIT,19,XALISCO,CAND_IND46,NA,22448,3,723,23174,37730,0
18,NAYARIT,19,XALISCO,CAND_IND47,NA,22448,3,723,23174,37730,0
18,NAYARIT,19,XALISCO,CAND_IND48,NA,22448,3,723,23174,37730,0
18,NAYARIT,19,XALISCO,CAND_IND49,NA,22448,3,723,23174,37730,0
18,NAYARIT,19,XALISCO,CAND_IND50,NA,22448,3,723,23174,37730,0
18,NAYARIT,19,XALISCO,CAND_IND51,NA,22448,3,723,23174,37730,0
18,NAYARIT,19,XALISCO,CAND_IND52,NA,22448,3,723,23174,37730,0
18,NAYARIT,19,XALISCO,CAND_IND53,NA,22448,3,723,23174,37730,0
18,NAYARIT,19,XALISCO,CAND_IND54,NA,22448,3,723,23174,37730,0
18,NAYARIT,19,XALISCO,CAND_IND55,NA,22448,3,723,23174,37730,0
18,NAYARIT,19,XALISCO,CAND_IND56,NA,22448,3,723,23174,37730,0
18,NAYARIT,19,XALISCO,CAND_IND57,NA,22448,3,723,23174,37730,0
18,NAYARIT,19,XALISCO,CAND_IND58,610,22448,3,723,23174,37730,610
18,NAYARIT,19,XALISCO,CAND_IND59,3720,22448,3,723,23174,37730,3720
18,NAYARIT,19,XALISCO,CAND_IND60,NA,22448,3,723,23174,37730,0
18,NAYARIT,19,XALISCO,CAND_IND61,NA,22448,3,723,23174,37730,0
18,NAYARIT,20,LA YESCA,PAN,521,5266,0,227,5493,7846,521
18,NAYARIT,20,LA YESCA,PRI,861,5266,0,227,5493,7846,861
18,NAYARIT,20,LA YESCA,PRD,25,5266,0,227,5493,7846,25
18,NAYARIT,20,LA YESCA,PT,115,5266,0,227,5493,7846,115
18,NAYARIT,20,LA YESCA,PVEM,0,5266,0,227,5493,7846,0
18,NAYARIT,20,LA YESCA,PRS,27,5266,0,227,5493,7846,27
18,NAYARIT,20,LA YESCA,MC,1741,5266,0,227,5493,7846,1741
18,NAYARIT,20,LA YESCA,NUAL,0,5266,0,227,5493,7846,0
18,NAYARIT,20,LA YESCA,MORENA,1711,5266,0,227,5493,7846,1711
18,NAYARIT,20,LA YESCA,ES,0,5266,0,227,5493,7846,0
18,NAYARIT,20,LA YESCA,PAN_PRD_PT_PRS,20,5266,0,227,5493,7846,708
18,NAYARIT,20,LA YESCA,PAN_PRD_PT,7,5266,0,227,5493,7846,668
18,NAYARIT,20,LA YESCA,PAN_PRD_PRS,6,5266,0,227,5493,7846,579
18,NAYARIT,20,LA YESCA,PAN_PT_PRS,4,5266,0,227,5493,7846,667
18,NAYARIT,20,LA YESCA,PRD_PT_PRS,0,5266,0,227,5493,7846,167
18,NAYARIT,20,LA YESCA,PAN_PRD,2,5266,0,227,5493,7846,548
18,NAYARIT,20,LA YESCA,PAN_PT,13,5266,0,227,5493,7846,649
18,NAYARIT,20,LA YESCA,PAN_PRS,2,5266,0,227,5493,7846,550
18,NAYARIT,20,LA YESCA,PRD_PT,1,5266,0,227,5493,7846,141
18,NAYARIT,20,LA YESCA,PRD_PRS,1,5266,0,227,5493,7846,53
18,NAYARIT,20,LA YESCA,PT_PRS,0,5266,0,227,5493,7846,142
18,NAYARIT,20,LA YESCA,CAND_IND38,NA,5266,0,227,5493,7846,0
18,NAYARIT,20,LA YESCA,CAND_IND39,NA,5266,0,227,5493,7846,0
18,NAYARIT,20,LA YESCA,CAND_IND40,NA,5266,0,227,5493,7846,0
18,NAYARIT,20,LA YESCA,CAND_IND41,NA,5266,0,227,5493,7846,0
18,NAYARIT,20,LA YESCA,CAND_IND42,NA,5266,0,227,5493,7846,0
18,NAYARIT,20,LA YESCA,CAND_IND43,NA,5266,0,227,5493,7846,0
18,NAYARIT,20,LA YESCA,CAND_IND44,NA,5266,0,227,5493,7846,0
18,NAYARIT,20,LA YESCA,CAND_IND45,NA,5266,0,227,5493,7846,0
18,NAYARIT,20,LA YESCA,CAND_IND46,NA,5266,0,227,5493,7846,0
18,NAYARIT,20,LA YESCA,CAND_IND47,NA,5266,0,227,5493,7846,0
18,NAYARIT,20,LA YESCA,CAND_IND48,NA,5266,0,227,5493,7846,0
18,NAYARIT,20,LA YESCA,CAND_IND49,NA,5266,0,227,5493,7846,0
18,NAYARIT,20,LA YESCA,CAND_IND50,NA,5266,0,227,5493,7846,0
18,NAYARIT,20,LA YESCA,CAND_IND51,NA,5266,0,227,5493,7846,0
18,NAYARIT,20,LA YESCA,CAND_IND52,NA,5266,0,227,5493,7846,0
18,NAYARIT,20,LA YESCA,CAND_IND53,NA,5266,0,227,5493,7846,0
18,NAYARIT,20,LA YESCA,CAND_IND54,NA,5266,0,227,5493,7846,0
18,NAYARIT,20,LA YESCA,CAND_IND55,NA,5266,0,227,5493,7846,0
18,NAYARIT,20,LA YESCA,CAND_IND56,NA,5266,0,227,5493,7846,0
18,NAYARIT,20,LA YESCA,CAND_IND57,NA,5266,0,227,5493,7846,0
18,NAYARIT,20,LA YESCA,CAND_IND58,NA,5266,0,227,5493,7846,0
18,NAYARIT,20,LA YESCA,CAND_IND59,NA,5266,0,227,5493,7846,0
18,NAYARIT,20,LA YESCA,CAND_IND60,108,5266,0,227,5493,7846,108
18,NAYARIT,20,LA YESCA,CAND_IND61,101,5266,0,227,5493,7846,101
